side,feature,coef,se,run,window,window_mid,first_season,last_season,lam,side_name,stat,sign_convention
O,fg3m,0.47857527813340606,0.205628857305613,base,1997-1999,1998.0,1997,1999,7113.8,offense,3PM,positive = good on both sides; total = offense + defense
O,fg3_miss,0.2590578485591373,0.12242864475240443,base,1997-1999,1998.0,1997,1999,7113.8,offense,3P miss,positive = good on both sides; total = offense + defense
O,fg2m,0.6979701737939865,0.0736128785803508,base,1997-1999,1998.0,1997,1999,7113.8,offense,2PM,positive = good on both sides; total = offense + defense
O,fg2_miss,-0.5275827659476495,0.06289369621011817,base,1997-1999,1998.0,1997,1999,7113.8,offense,2P miss,positive = good on both sides; total = offense + defense
O,ftm,0.5733358942555029,0.06920149425623574,base,1997-1999,1998.0,1997,1999,7113.8,offense,FTM,positive = good on both sides; total = offense + defense
O,ft_miss,-0.16387234692719677,0.15403671341721226,base,1997-1999,1998.0,1997,1999,7113.8,offense,FT miss,positive = good on both sides; total = offense + defense
O,orb,0.3186142470272048,0.09645724334805628,base,1997-1999,1998.0,1997,1999,7113.8,offense,ORB,positive = good on both sides; total = offense + defense
O,drb,0.09856849979557077,0.06251084851943028,base,1997-1999,1998.0,1997,1999,7113.8,offense,DRB,positive = good on both sides; total = offense + defense
O,ast,0.4659998830244788,0.05382266327580032,base,1997-1999,1998.0,1997,1999,7113.8,offense,AST,positive = good on both sides; total = offense + defense
O,tov,-0.7560450010717105,0.14437919028827506,base,1997-1999,1998.0,1997,1999,7113.8,offense,TOV,positive = good on both sides; total = offense + defense
O,stl,0.3252164302835521,0.16605939891613822,base,1997-1999,1998.0,1997,1999,7113.8,offense,STL,positive = good on both sides; total = offense + defense
O,blk,0.09485528640530158,0.10896339418640928,base,1997-1999,1998.0,1997,1999,7113.8,offense,BLK,positive = good on both sides; total = offense + defense
O,pf,-0.2961992574532624,0.07081228437671767,base,1997-1999,1998.0,1997,1999,7113.8,offense,PF,positive = good on both sides; total = offense + defense
D,fg3m,-0.3786968365888047,0.21873469358989134,base,1997-1999,1998.0,1997,1999,7113.8,defense,3PM,positive = good on both sides; total = offense + defense
D,fg3_miss,-0.0682182751822545,0.13025621219580114,base,1997-1999,1998.0,1997,1999,7113.8,defense,3P miss,positive = good on both sides; total = offense + defense
D,fg2m,0.24836974351172153,0.07795115824131536,base,1997-1999,1998.0,1997,1999,7113.8,defense,2PM,positive = good on both sides; total = offense + defense
D,fg2_miss,-0.37387758192456855,0.06697806053901806,base,1997-1999,1998.0,1997,1999,7113.8,defense,2P miss,positive = good on both sides; total = offense + defense
D,ftm,0.08364726563132173,0.07406204018962818,base,1997-1999,1998.0,1997,1999,7113.8,defense,FTM,positive = good on both sides; total = offense + defense
D,ft_miss,-0.003252491260159182,0.16419771071556666,base,1997-1999,1998.0,1997,1999,7113.8,defense,FT miss,positive = good on both sides; total = offense + defense
D,orb,-0.28553193986402303,0.10248827470632003,base,1997-1999,1998.0,1997,1999,7113.8,defense,ORB,positive = good on both sides; total = offense + defense
D,drb,0.5573375368421571,0.06562414252298697,base,1997-1999,1998.0,1997,1999,7113.8,defense,DRB,positive = good on both sides; total = offense + defense
D,ast,0.11088709293294383,0.05700852575942321,base,1997-1999,1998.0,1997,1999,7113.8,defense,AST,positive = good on both sides; total = offense + defense
D,tov,-0.6560313364436281,0.15512972545179596,base,1997-1999,1998.0,1997,1999,7113.8,defense,TOV,positive = good on both sides; total = offense + defense
D,stl,1.4034884606426459,0.17883484185217058,base,1997-1999,1998.0,1997,1999,7113.8,defense,STL,positive = good on both sides; total = offense + defense
D,blk,0.7288688403258818,0.11526827861571202,base,1997-1999,1998.0,1997,1999,7113.8,defense,BLK,positive = good on both sides; total = offense + defense
D,pf,0.2411566427491124,0.075281032404173,base,1997-1999,1998.0,1997,1999,7113.8,defense,PF,positive = good on both sides; total = offense + defense
Total,fg3m,0.09987844154460135,0.3018850181484958,base,1997-1999,1998.0,1997,1999,7113.8,total,3PM,positive = good on both sides; total = offense + defense
Total,fg3_miss,0.19083957337688284,0.17966977372420703,base,1997-1999,1998.0,1997,1999,7113.8,total,3P miss,positive = good on both sides; total = offense + defense
Total,fg2m,0.9463399173057081,0.10797717838575181,base,1997-1999,1998.0,1997,1999,7113.8,total,2PM,positive = good on both sides; total = offense + defense
Total,fg2_miss,-0.9014603478722181,0.09219871960708437,base,1997-1999,1998.0,1997,1999,7113.8,total,2P miss,positive = good on both sides; total = offense + defense
Total,ftm,0.6569831598868247,0.10124677582594536,base,1997-1999,1998.0,1997,1999,7113.8,total,FTM,positive = good on both sides; total = offense + defense
Total,ft_miss,-0.16712483818735596,0.224978364481041,base,1997-1999,1998.0,1997,1999,7113.8,total,FT miss,positive = good on both sides; total = offense + defense
Total,orb,0.03308230716318178,0.14103195403251578,base,1997-1999,1998.0,1997,1999,7113.8,total,ORB,positive = good on both sides; total = offense + defense
Total,drb,0.655906036637728,0.0923431057675287,base,1997-1999,1998.0,1997,1999,7113.8,total,DRB,positive = good on both sides; total = offense + defense
Total,ast,0.5768869759574227,0.07897875112695585,base,1997-1999,1998.0,1997,1999,7113.8,total,AST,positive = good on both sides; total = offense + defense
Total,tov,-1.4120763375153387,0.2117643106291317,base,1997-1999,1998.0,1997,1999,7113.8,total,TOV,positive = good on both sides; total = offense + defense
Total,stl,1.728704890926198,0.24574462022163931,base,1997-1999,1998.0,1997,1999,7113.8,total,STL,positive = good on both sides; total = offense + defense
Total,blk,0.8237241267311834,0.16039276455669302,base,1997-1999,1998.0,1997,1999,7113.8,total,BLK,positive = good on both sides; total = offense + defense
Total,pf,-0.055042614704150034,0.10509331848084538,base,1997-1999,1998.0,1997,1999,7113.8,total,PF,positive = good on both sides; total = offense + defense
O,fg3m,0.5013037661690857,0.18582436275172742,lam_x3,1997-1999,1998.0,1997,1999,21341.4,offense,3PM,positive = good on both sides; total = offense + defense
O,fg3_miss,0.23767827452214563,0.11060465590537749,lam_x3,1997-1999,1998.0,1997,1999,21341.4,offense,3P miss,positive = good on both sides; total = offense + defense
O,fg2m,0.7116460242475877,0.06713497730823345,lam_x3,1997-1999,1998.0,1997,1999,21341.4,offense,2PM,positive = good on both sides; total = offense + defense
O,fg2_miss,-0.5384040522450443,0.0567994297156615,lam_x3,1997-1999,1998.0,1997,1999,21341.4,offense,2P miss,positive = good on both sides; total = offense + defense
O,ftm,0.589468345200732,0.06191720418929131,lam_x3,1997-1999,1998.0,1997,1999,21341.4,offense,FTM,positive = good on both sides; total = offense + defense
O,ft_miss,-0.15390561180132156,0.13847103361768323,lam_x3,1997-1999,1998.0,1997,1999,21341.4,offense,FT miss,positive = good on both sides; total = offense + defense
O,orb,0.3157936972929582,0.08761515682251246,lam_x3,1997-1999,1998.0,1997,1999,21341.4,offense,ORB,positive = good on both sides; total = offense + defense
O,drb,0.1119064723127674,0.05781636910506485,lam_x3,1997-1999,1998.0,1997,1999,21341.4,offense,DRB,positive = good on both sides; total = offense + defense
O,ast,0.460777609860324,0.0491548133705649,lam_x3,1997-1999,1998.0,1997,1999,21341.4,offense,AST,positive = good on both sides; total = offense + defense
O,tov,-0.7984098415634816,0.1284339716642042,lam_x3,1997-1999,1998.0,1997,1999,21341.4,offense,TOV,positive = good on both sides; total = offense + defense
O,stl,0.3271668813631921,0.1465947452383571,lam_x3,1997-1999,1998.0,1997,1999,21341.4,offense,STL,positive = good on both sides; total = offense + defense
O,blk,0.06736274562635722,0.0996104247360372,lam_x3,1997-1999,1998.0,1997,1999,21341.4,offense,BLK,positive = good on both sides; total = offense + defense
O,pf,-0.2818210835770589,0.06422339842615792,lam_x3,1997-1999,1998.0,1997,1999,21341.4,offense,PF,positive = good on both sides; total = offense + defense
D,fg3m,-0.36929325651688794,0.19275471649562498,lam_x3,1997-1999,1998.0,1997,1999,21341.4,defense,3PM,positive = good on both sides; total = offense + defense
D,fg3_miss,-0.024629298263960254,0.11469586149776137,lam_x3,1997-1999,1998.0,1997,1999,21341.4,defense,3P miss,positive = good on both sides; total = offense + defense
D,fg2m,0.2425121816669753,0.06930340425417882,lam_x3,1997-1999,1998.0,1997,1999,21341.4,defense,2PM,positive = good on both sides; total = offense + defense
D,fg2_miss,-0.36146797763531113,0.05878155710247394,lam_x3,1997-1999,1998.0,1997,1999,21341.4,defense,2P miss,positive = good on both sides; total = offense + defense
D,ftm,0.075052260502982,0.06444924680405076,lam_x3,1997-1999,1998.0,1997,1999,21341.4,defense,FTM,positive = good on both sides; total = offense + defense
D,ft_miss,0.020682981752459903,0.14384564725146223,lam_x3,1997-1999,1998.0,1997,1999,21341.4,defense,FT miss,positive = good on both sides; total = offense + defense
D,orb,-0.2643315413188556,0.09063563703419512,lam_x3,1997-1999,1998.0,1997,1999,21341.4,defense,ORB,positive = good on both sides; total = offense + defense
D,drb,0.6409456940686187,0.05933315049038143,lam_x3,1997-1999,1998.0,1997,1999,21341.4,defense,DRB,positive = good on both sides; total = offense + defense
D,ast,0.12381446916335132,0.05080767152169746,lam_x3,1997-1999,1998.0,1997,1999,21341.4,defense,AST,positive = good on both sides; total = offense + defense
D,tov,-0.6954345150311475,0.13404878548018243,lam_x3,1997-1999,1998.0,1997,1999,21341.4,defense,TOV,positive = good on both sides; total = offense + defense
D,stl,1.3745926002290192,0.15315973252739148,lam_x3,1997-1999,1998.0,1997,1999,21341.4,defense,STL,positive = good on both sides; total = offense + defense
D,blk,0.654448770973466,0.10281431470212367,lam_x3,1997-1999,1998.0,1997,1999,21341.4,defense,BLK,positive = good on both sides; total = offense + defense
D,pf,0.27437034511842096,0.06650420913174616,lam_x3,1997-1999,1998.0,1997,1999,21341.4,defense,PF,positive = good on both sides; total = offense + defense
Total,fg3m,0.13201050965219774,0.26839078656367477,lam_x3,1997-1999,1998.0,1997,1999,21341.4,total,3PM,positive = good on both sides; total = offense + defense
Total,fg3_miss,0.21304897625818536,0.15967360307339776,lam_x3,1997-1999,1998.0,1997,1999,21341.4,total,3P miss,positive = good on both sides; total = offense + defense
Total,fg2m,0.954158205914563,0.09712586797981264,lam_x3,1997-1999,1998.0,1997,1999,21341.4,total,2PM,positive = good on both sides; total = offense + defense
Total,fg2_miss,-0.8998720298803554,0.08193981487603477,lam_x3,1997-1999,1998.0,1997,1999,21341.4,total,2P miss,positive = good on both sides; total = offense + defense
Total,ftm,0.664520605703714,0.0889996806835653,lam_x3,1997-1999,1998.0,1997,1999,21341.4,total,FTM,positive = good on both sides; total = offense + defense
Total,ft_miss,-0.13322263004886165,0.19878038110438112,lam_x3,1997-1999,1998.0,1997,1999,21341.4,total,FT miss,positive = good on both sides; total = offense + defense
Total,orb,0.051462155974102586,0.12621895358749374,lam_x3,1997-1999,1998.0,1997,1999,21341.4,total,ORB,positive = good on both sides; total = offense + defense
Total,drb,0.7528521663813861,0.08448287100173055,lam_x3,1997-1999,1998.0,1997,1999,21341.4,total,DRB,positive = good on both sides; total = offense + defense
Total,ast,0.5845920790236754,0.07110336202177552,lam_x3,1997-1999,1998.0,1997,1999,21341.4,total,AST,positive = good on both sides; total = offense + defense
Total,tov,-1.493844356594629,0.18498638769204748,lam_x3,1997-1999,1998.0,1997,1999,21341.4,total,TOV,positive = good on both sides; total = offense + defense
Total,stl,1.7017594815922112,0.21353547873222026,lam_x3,1997-1999,1998.0,1997,1999,21341.4,total,STL,positive = good on both sides; total = offense + defense
Total,blk,0.7218115165998232,0.14447164931723003,lam_x3,1997-1999,1998.0,1997,1999,21341.4,total,BLK,positive = good on both sides; total = offense + defense
Total,pf,-0.007450738458637918,0.09411448231131321,lam_x3,1997-1999,1998.0,1997,1999,21341.4,total,PF,positive = good on both sides; total = offense + defense
O,fg3m,0.44891045075882435,0.24150522833607538,lam_div3,1997-1999,1998.0,1997,1999,2371.2666666666664,offense,3PM,positive = good on both sides; total = offense + defense
O,fg3_miss,0.2852324332984038,0.1438398658897997,lam_div3,1997-1999,1998.0,1997,1999,2371.2666666666664,offense,3P miss,positive = good on both sides; total = offense + defense
O,fg2m,0.6783668976013066,0.08583507081242604,lam_div3,1997-1999,1998.0,1997,1999,2371.2666666666664,offense,2PM,positive = good on both sides; total = offense + defense
O,fg2_miss,-0.507682047420376,0.07439271485132824,lam_div3,1997-1999,1998.0,1997,1999,2371.2666666666664,offense,2P miss,positive = good on both sides; total = offense + defense
O,ftm,0.5516939488534811,0.08247191950977657,lam_div3,1997-1999,1998.0,1997,1999,2371.2666666666664,offense,FTM,positive = good on both sides; total = offense + defense
O,ft_miss,-0.17960660834318226,0.18189652286481398,lam_div3,1997-1999,1998.0,1997,1999,2371.2666666666664,offense,FT miss,positive = good on both sides; total = offense + defense
O,orb,0.32327366779070743,0.11320109220171841,lam_div3,1997-1999,1998.0,1997,1999,2371.2666666666664,offense,ORB,positive = good on both sides; total = offense + defense
O,drb,0.08192544910410127,0.07146903789355301,lam_div3,1997-1999,1998.0,1997,1999,2371.2666666666664,offense,DRB,positive = good on both sides; total = offense + defense
O,ast,0.46299909841179754,0.06253793709713949,lam_div3,1997-1999,1998.0,1997,1999,2371.2666666666664,offense,AST,positive = good on both sides; total = offense + defense
O,tov,-0.6963436827674078,0.17319573373262356,lam_div3,1997-1999,1998.0,1997,1999,2371.2666666666664,offense,TOV,positive = good on both sides; total = offense + defense
O,stl,0.3143677325316793,0.2011664498325177,lam_div3,1997-1999,1998.0,1997,1999,2371.2666666666664,offense,STL,positive = good on both sides; total = offense + defense
O,blk,0.13277885295801248,0.12661905849780344,lam_div3,1997-1999,1998.0,1997,1999,2371.2666666666664,offense,BLK,positive = good on both sides; total = offense + defense
O,pf,-0.321466801295635,0.08321601795465734,lam_div3,1997-1999,1998.0,1997,1999,2371.2666666666664,offense,PF,positive = good on both sides; total = offense + defense
D,fg3m,-0.3726268991468705,0.2642929973047356,lam_div3,1997-1999,1998.0,1997,1999,2371.2666666666664,defense,3PM,positive = good on both sides; total = offense + defense
D,fg3_miss,-0.12747541863715184,0.15738639582091365,lam_div3,1997-1999,1998.0,1997,1999,2371.2666666666664,defense,3P miss,positive = good on both sides; total = offense + defense
D,fg2m,0.26394184842436974,0.09371919679302043,lam_div3,1997-1999,1998.0,1997,1999,2371.2666666666664,defense,2PM,positive = good on both sides; total = offense + defense
D,fg2_miss,-0.38599598957281045,0.08170213324969545,lam_div3,1997-1999,1998.0,1997,1999,2371.2666666666664,defense,2P miss,positive = good on both sides; total = offense + defense
D,ftm,0.08868287454522025,0.09090828647888607,lam_div3,1997-1999,1998.0,1997,1999,2371.2666666666664,defense,FTM,positive = good on both sides; total = offense + defense
D,ft_miss,-0.04795656267177108,0.19946003282332583,lam_div3,1997-1999,1998.0,1997,1999,2371.2666666666664,defense,FT miss,positive = good on both sides; total = offense + defense
D,orb,-0.2917286745734653,0.12416837318461608,lam_div3,1997-1999,1998.0,1997,1999,2371.2666666666664,defense,ORB,positive = good on both sides; total = offense + defense
D,drb,0.4696833636877086,0.07736259689016095,lam_div3,1997-1999,1998.0,1997,1999,2371.2666666666664,defense,DRB,positive = good on both sides; total = offense + defense
D,ast,0.09426415352440153,0.06810755343707546,lam_div3,1997-1999,1998.0,1997,1999,2371.2666666666664,defense,AST,positive = good on both sides; total = offense + defense
D,tov,-0.6019514314260647,0.19138726150236898,lam_div3,1997-1999,1998.0,1997,1999,2371.2666666666664,defense,TOV,positive = good on both sides; total = offense + defense
D,stl,1.4399626784878319,0.2231435537727917,lam_div3,1997-1999,1998.0,1997,1999,2371.2666666666664,defense,STL,positive = good on both sides; total = offense + defense
D,blk,0.8174081977308787,0.13840017512654362,lam_div3,1997-1999,1998.0,1997,1999,2371.2666666666664,defense,BLK,positive = good on both sides; total = offense + defense
D,pf,0.20528646853068566,0.09116178270215289,lam_div3,1997-1999,1998.0,1997,1999,2371.2666666666664,defense,PF,positive = good on both sides; total = offense + defense
Total,fg3m,0.07628355161195383,0.3604539863181854,lam_div3,1997-1999,1998.0,1997,1999,2371.2666666666664,total,3PM,positive = good on both sides; total = offense + defense
Total,fg3_miss,0.15775701466125197,0.21457060719485277,lam_div3,1997-1999,1998.0,1997,1999,2371.2666666666664,total,3P miss,positive = good on both sides; total = offense + defense
Total,fg2m,0.9423087460256764,0.12788934807114352,lam_div3,1997-1999,1998.0,1997,1999,2371.2666666666664,total,2PM,positive = good on both sides; total = offense + defense
Total,fg2_miss,-0.8936780369931865,0.1109057806254864,lam_div3,1997-1999,1998.0,1997,1999,2371.2666666666664,total,2P miss,positive = good on both sides; total = offense + defense
Total,ftm,0.6403768233987014,0.12290130180959578,lam_div3,1997-1999,1998.0,1997,1999,2371.2666666666664,total,FTM,positive = good on both sides; total = offense + defense
Total,ft_miss,-0.22756317101495332,0.2704500953635081,lam_div3,1997-1999,1998.0,1997,1999,2371.2666666666664,total,FT miss,positive = good on both sides; total = offense + defense
Total,orb,0.031544993217242134,0.16833040161893628,lam_div3,1997-1999,1998.0,1997,1999,2371.2666666666664,total,ORB,positive = good on both sides; total = offense + defense
Total,drb,0.5516088127918098,0.10705112300593858,lam_div3,1997-1999,1998.0,1997,1999,2371.2666666666664,total,DRB,positive = good on both sides; total = offense + defense
Total,ast,0.5572632519361991,0.09317986535597213,lam_div3,1997-1999,1998.0,1997,1999,2371.2666666666664,total,AST,positive = good on both sides; total = offense + defense
Total,tov,-1.2982951141934724,0.25860898876973915,lam_div3,1997-1999,1998.0,1997,1999,2371.2666666666664,total,TOV,positive = good on both sides; total = offense + defense
Total,stl,1.7543304110195113,0.3023454068396503,lam_div3,1997-1999,1998.0,1997,1999,2371.2666666666664,total,STL,positive = good on both sides; total = offense + defense
Total,blk,0.9501870506888912,0.18959475248631308,lam_div3,1997-1999,1998.0,1997,1999,2371.2666666666664,total,BLK,positive = good on both sides; total = offense + defense
Total,pf,-0.11618033276494932,0.12504769928285006,lam_div3,1997-1999,1998.0,1997,1999,2371.2666666666664,total,PF,positive = good on both sides; total = offense + defense
O,fg3m,0.4997705988557514,0.2071757134533672,gt_half,1997-1999,1998.0,1997,1999,7113.8,offense,3PM,positive = good on both sides; total = offense + defense
O,fg3_miss,0.24374115167658128,0.12341589918459396,gt_half,1997-1999,1998.0,1997,1999,7113.8,offense,3P miss,positive = good on both sides; total = offense + defense
O,fg2m,0.705704160749365,0.07406036751104199,gt_half,1997-1999,1998.0,1997,1999,7113.8,offense,2PM,positive = good on both sides; total = offense + defense
O,fg2_miss,-0.5438359613374263,0.0632559710446814,gt_half,1997-1999,1998.0,1997,1999,7113.8,offense,2P miss,positive = good on both sides; total = offense + defense
O,ftm,0.561485020534809,0.06928997698833628,gt_half,1997-1999,1998.0,1997,1999,7113.8,offense,FTM,positive = good on both sides; total = offense + defense
O,ft_miss,-0.13918953451020674,0.15435681014020686,gt_half,1997-1999,1998.0,1997,1999,7113.8,offense,FT miss,positive = good on both sides; total = offense + defense
O,orb,0.3231943528513477,0.09688159829918638,gt_half,1997-1999,1998.0,1997,1999,7113.8,offense,ORB,positive = good on both sides; total = offense + defense
O,drb,0.09212192509140307,0.06283313017272635,gt_half,1997-1999,1998.0,1997,1999,7113.8,offense,DRB,positive = good on both sides; total = offense + defense
O,ast,0.46769342345789455,0.05400041757245993,gt_half,1997-1999,1998.0,1997,1999,7113.8,offense,AST,positive = good on both sides; total = offense + defense
O,tov,-0.7359456566581375,0.1449087107358147,gt_half,1997-1999,1998.0,1997,1999,7113.8,offense,TOV,positive = good on both sides; total = offense + defense
O,stl,0.34744579329517705,0.16611914007221878,gt_half,1997-1999,1998.0,1997,1999,7113.8,offense,STL,positive = good on both sides; total = offense + defense
O,blk,0.09799847572736317,0.10904381452390204,gt_half,1997-1999,1998.0,1997,1999,7113.8,offense,BLK,positive = good on both sides; total = offense + defense
O,pf,-0.30148008302948043,0.07123665696872168,gt_half,1997-1999,1998.0,1997,1999,7113.8,offense,PF,positive = good on both sides; total = offense + defense
D,fg3m,-0.38201900979743614,0.22042006055637406,gt_half,1997-1999,1998.0,1997,1999,7113.8,defense,3PM,positive = good on both sides; total = offense + defense
D,fg3_miss,-0.07001106582102638,0.1313457608544089,gt_half,1997-1999,1998.0,1997,1999,7113.8,defense,3P miss,positive = good on both sides; total = offense + defense
D,fg2m,0.22920919664212605,0.07844874013582402,gt_half,1997-1999,1998.0,1997,1999,7113.8,defense,2PM,positive = good on both sides; total = offense + defense
D,fg2_miss,-0.35610738948632364,0.06738229119143625,gt_half,1997-1999,1998.0,1997,1999,7113.8,defense,2P miss,positive = good on both sides; total = offense + defense
D,ftm,0.08024509761699863,0.0741636996347767,gt_half,1997-1999,1998.0,1997,1999,7113.8,defense,FTM,positive = good on both sides; total = offense + defense
D,ft_miss,0.005804776057577038,0.16456439759662733,gt_half,1997-1999,1998.0,1997,1999,7113.8,defense,FT miss,positive = good on both sides; total = offense + defense
D,orb,-0.3001028676890133,0.10290863073138813,gt_half,1997-1999,1998.0,1997,1999,7113.8,defense,ORB,positive = good on both sides; total = offense + defense
D,drb,0.5564496661681512,0.06594565434919104,gt_half,1997-1999,1998.0,1997,1999,7113.8,defense,DRB,positive = good on both sides; total = offense + defense
D,ast,0.11923872708156646,0.05719374341013123,gt_half,1997-1999,1998.0,1997,1999,7113.8,defense,AST,positive = good on both sides; total = offense + defense
D,tov,-0.682867281494001,0.15575807891612756,gt_half,1997-1999,1998.0,1997,1999,7113.8,defense,TOV,positive = good on both sides; total = offense + defense
D,stl,1.4111176667298773,0.17891229185236113,gt_half,1997-1999,1998.0,1997,1999,7113.8,defense,STL,positive = good on both sides; total = offense + defense
D,blk,0.7268127799775965,0.11533665911679356,gt_half,1997-1999,1998.0,1997,1999,7113.8,defense,BLK,positive = good on both sides; total = offense + defense
D,pf,0.25156967688768633,0.07569458518649258,gt_half,1997-1999,1998.0,1997,1999,7113.8,defense,PF,positive = good on both sides; total = offense + defense
Total,fg3m,0.11775158905831529,0.30395010337609074,gt_half,1997-1999,1998.0,1997,1999,7113.8,total,3PM,positive = good on both sides; total = offense + defense
Total,fg3_miss,0.17373008585555488,0.18104478684574962,gt_half,1997-1999,1998.0,1997,1999,7113.8,total,3P miss,positive = good on both sides; total = offense + defense
Total,fg2m,0.9349133573914911,0.1086492154756899,gt_half,1997-1999,1998.0,1997,1999,7113.8,total,2PM,positive = good on both sides; total = offense + defense
Total,fg2_miss,-0.89994335082375,0.09275169848467262,gt_half,1997-1999,1998.0,1997,1999,7113.8,total,2P miss,positive = good on both sides; total = offense + defense
Total,ftm,0.6417301181518076,0.1013707474049665,gt_half,1997-1999,1998.0,1997,1999,7113.8,total,FTM,positive = good on both sides; total = offense + defense
Total,ft_miss,-0.1333847584526297,0.22528662476150266,gt_half,1997-1999,1998.0,1997,1999,7113.8,total,FT miss,positive = good on both sides; total = offense + defense
Total,orb,0.02309148516233439,0.14167200125991822,gt_half,1997-1999,1998.0,1997,1999,7113.8,total,ORB,positive = good on both sides; total = offense + defense
Total,drb,0.6485715912595542,0.09279395962490747,gt_half,1997-1999,1998.0,1997,1999,7113.8,total,DRB,positive = good on both sides; total = offense + defense
Total,ast,0.586932150539461,0.07925311940248998,gt_half,1997-1999,1998.0,1997,1999,7113.8,total,AST,positive = good on both sides; total = offense + defense
Total,tov,-1.4188129381521386,0.21251861605312203,gt_half,1997-1999,1998.0,1997,1999,7113.8,total,TOV,positive = good on both sides; total = offense + defense
Total,stl,1.7585634600250544,0.24565787214600612,gt_half,1997-1999,1998.0,1997,1999,7113.8,total,STL,positive = good on both sides; total = offense + defense
Total,blk,0.8248112557049597,0.16051146979239228,gt_half,1997-1999,1998.0,1997,1999,7113.8,total,BLK,positive = good on both sides; total = offense + defense
Total,pf,-0.049910406141794095,0.10570076000425081,gt_half,1997-1999,1998.0,1997,1999,7113.8,total,PF,positive = good on both sides; total = offense + defense
O,fg3m,0.5250100226866228,0.20900144394770281,gt_zero,1997-1999,1998.0,1997,1999,7113.8,offense,3PM,positive = good on both sides; total = offense + defense
O,fg3_miss,0.22591003042035598,0.12457222385939858,gt_zero,1997-1999,1998.0,1997,1999,7113.8,offense,3P miss,positive = good on both sides; total = offense + defense
O,fg2m,0.7143242781532461,0.07458275771902256,gt_zero,1997-1999,1998.0,1997,1999,7113.8,offense,2PM,positive = good on both sides; total = offense + defense
O,fg2_miss,-0.5618934784303751,0.06367950282435746,gt_zero,1997-1999,1998.0,1997,1999,7113.8,offense,2P miss,positive = good on both sides; total = offense + defense
O,ftm,0.5489505900353582,0.06941583022936164,gt_zero,1997-1999,1998.0,1997,1999,7113.8,offense,FTM,positive = good on both sides; total = offense + defense
O,ft_miss,-0.11381650218880668,0.15476878703400263,gt_zero,1997-1999,1998.0,1997,1999,7113.8,offense,FT miss,positive = good on both sides; total = offense + defense
O,orb,0.3284031113841356,0.09739401769775324,gt_zero,1997-1999,1998.0,1997,1999,7113.8,offense,ORB,positive = good on both sides; total = offense + defense
O,drb,0.0845800459244277,0.06322129070636712,gt_zero,1997-1999,1998.0,1997,1999,7113.8,offense,DRB,positive = good on both sides; total = offense + defense
O,ast,0.46950998311757686,0.05421913652417088,gt_zero,1997-1999,1998.0,1997,1999,7113.8,offense,AST,positive = good on both sides; total = offense + defense
O,tov,-0.7133617689573808,0.1455654968241198,gt_zero,1997-1999,1998.0,1997,1999,7113.8,offense,TOV,positive = good on both sides; total = offense + defense
O,stl,0.3721348272307563,0.1662604078693503,gt_zero,1997-1999,1998.0,1997,1999,7113.8,offense,STL,positive = good on both sides; total = offense + defense
O,blk,0.10166339451954459,0.10916877422529316,gt_zero,1997-1999,1998.0,1997,1999,7113.8,offense,BLK,positive = good on both sides; total = offense + defense
O,pf,-0.3074672300267958,0.07174478890449248,gt_zero,1997-1999,1998.0,1997,1999,7113.8,offense,PF,positive = good on both sides; total = offense + defense
D,fg3m,-0.3841332655286971,0.2224519831541358,gt_zero,1997-1999,1998.0,1997,1999,7113.8,defense,3PM,positive = good on both sides; total = offense + defense
D,fg3_miss,-0.07286334886395518,0.1326493242092332,gt_zero,1997-1999,1998.0,1997,1999,7113.8,defense,3P miss,positive = good on both sides; total = offense + defense
D,fg2m,0.2070274344901916,0.07904170690025847,gt_zero,1997-1999,1998.0,1997,1999,7113.8,defense,2PM,positive = good on both sides; total = offense + defense
D,fg2_miss,-0.33548197663958435,0.06786514140517065,gt_zero,1997-1999,1998.0,1997,1999,7113.8,defense,2P miss,positive = good on both sides; total = offense + defense
D,ftm,0.07641014001980742,0.07431615803543974,gt_zero,1997-1999,1998.0,1997,1999,7113.8,defense,FTM,positive = good on both sides; total = offense + defense
D,ft_miss,0.01753335172668885,0.1650490321542343,gt_zero,1997-1999,1998.0,1997,1999,7113.8,defense,FT miss,positive = good on both sides; total = offense + defense
D,orb,-0.31695121139922877,0.10343432277693435,gt_zero,1997-1999,1998.0,1997,1999,7113.8,defense,ORB,positive = good on both sides; total = offense + defense
D,drb,0.5555855923239514,0.0663432312822845,gt_zero,1997-1999,1998.0,1997,1999,7113.8,defense,DRB,positive = good on both sides; total = offense + defense
D,ast,0.12863156497527872,0.05742926664269412,gt_zero,1997-1999,1998.0,1997,1999,7113.8,defense,AST,positive = good on both sides; total = offense + defense
D,tov,-0.7109206860328903,0.15655577981138982,gt_zero,1997-1999,1998.0,1997,1999,7113.8,defense,TOV,positive = good on both sides; total = offense + defense
D,stl,1.4191749799279614,0.1790987753446091,gt_zero,1997-1999,1998.0,1997,1999,7113.8,defense,STL,positive = good on both sides; total = offense + defense
D,blk,0.7248992029789909,0.11546375889089358,gt_zero,1997-1999,1998.0,1997,1999,7113.8,defense,BLK,positive = good on both sides; total = offense + defense
D,pf,0.26329602485108183,0.07620544583792814,gt_zero,1997-1999,1998.0,1997,1999,7113.8,defense,PF,positive = good on both sides; total = offense + defense
Total,fg3m,0.1408767571579257,0.3064131170146423,gt_zero,1997-1999,1998.0,1997,1999,7113.8,total,3PM,positive = good on both sides; total = offense + defense
Total,fg3_miss,0.1530466815564008,0.18266291302530566,gt_zero,1997-1999,1998.0,1997,1999,7113.8,total,3P miss,positive = good on both sides; total = offense + defense
Total,fg2m,0.9213517126434376,0.1094421178848698,gt_zero,1997-1999,1998.0,1997,1999,7113.8,total,2PM,positive = good on both sides; total = offense + defense
Total,fg2_miss,-0.8973754550699594,0.09340767928077552,gt_zero,1997-1999,1998.0,1997,1999,7113.8,total,2P miss,positive = good on both sides; total = offense + defense
Total,ftm,0.6253607300551656,0.10155647788808075,gt_zero,1997-1999,1998.0,1997,1999,7113.8,total,FTM,positive = good on both sides; total = offense + defense
Total,ft_miss,-0.09628315046211783,0.2257115901231438,gt_zero,1997-1999,1998.0,1997,1999,7113.8,total,FT miss,positive = good on both sides; total = offense + defense
Total,orb,0.01145189998490681,0.14245728492266937,gt_zero,1997-1999,1998.0,1997,1999,7113.8,total,ORB,positive = good on both sides; total = offense + defense
Total,drb,0.6401656382483791,0.09335602092066377,gt_zero,1997-1999,1998.0,1997,1999,7113.8,total,DRB,positive = good on both sides; total = offense + defense
Total,ast,0.5981415480928556,0.07960100369393372,gt_zero,1997-1999,1998.0,1997,1999,7113.8,total,AST,positive = good on both sides; total = offense + defense
Total,tov,-1.424282454990271,0.2134775435182161,gt_zero,1997-1999,1998.0,1997,1999,7113.8,total,TOV,positive = good on both sides; total = offense + defense
Total,stl,1.7913098071587177,0.2456611022222158,gt_zero,1997-1999,1998.0,1997,1999,7113.8,total,STL,positive = good on both sides; total = offense + defense
Total,blk,0.8265625974985356,0.16070966653853558,gt_zero,1997-1999,1998.0,1997,1999,7113.8,total,BLK,positive = good on both sides; total = offense + defense
Total,pf,-0.04417120517571399,0.10643197892546599,gt_zero,1997-1999,1998.0,1997,1999,7113.8,total,PF,positive = good on both sides; total = offense + defense
O,fg3m,0.5108296767082414,0.20563646428891458,margin_bins,1997-1999,1998.0,1997,1999,7113.8,offense,3PM,positive = good on both sides; total = offense + defense
O,fg3_miss,0.23622780596410237,0.12246325834206988,margin_bins,1997-1999,1998.0,1997,1999,7113.8,offense,3P miss,positive = good on both sides; total = offense + defense
O,fg2m,0.7031526122700388,0.07362970240486165,margin_bins,1997-1999,1998.0,1997,1999,7113.8,offense,2PM,positive = good on both sides; total = offense + defense
O,fg2_miss,-0.5214765587916754,0.06288267434820563,margin_bins,1997-1999,1998.0,1997,1999,7113.8,offense,2P miss,positive = good on both sides; total = offense + defense
O,ftm,0.5765687586939172,0.06921409766600266,margin_bins,1997-1999,1998.0,1997,1999,7113.8,offense,FTM,positive = good on both sides; total = offense + defense
O,ft_miss,-0.17028186355153913,0.1540617177374773,margin_bins,1997-1999,1998.0,1997,1999,7113.8,offense,FT miss,positive = good on both sides; total = offense + defense
O,orb,0.3259144896630667,0.09647567648428154,margin_bins,1997-1999,1998.0,1997,1999,7113.8,offense,ORB,positive = good on both sides; total = offense + defense
O,drb,0.11115855945376252,0.06255181531598072,margin_bins,1997-1999,1998.0,1997,1999,7113.8,offense,DRB,positive = good on both sides; total = offense + defense
O,ast,0.4725473222893781,0.053854227295403,margin_bins,1997-1999,1998.0,1997,1999,7113.8,offense,AST,positive = good on both sides; total = offense + defense
O,tov,-0.7666728393210611,0.14438612237574763,margin_bins,1997-1999,1998.0,1997,1999,7113.8,offense,TOV,positive = good on both sides; total = offense + defense
O,stl,0.31214763421046443,0.16606068061414944,margin_bins,1997-1999,1998.0,1997,1999,7113.8,offense,STL,positive = good on both sides; total = offense + defense
O,blk,0.1099974774998499,0.10906231251778217,margin_bins,1997-1999,1998.0,1997,1999,7113.8,offense,BLK,positive = good on both sides; total = offense + defense
O,pf,-0.30540992796147204,0.07091880526372973,margin_bins,1997-1999,1998.0,1997,1999,7113.8,offense,PF,positive = good on both sides; total = offense + defense
D,fg3m,-0.38469737864035275,0.21874180448927016,margin_bins,1997-1999,1998.0,1997,1999,7113.8,defense,3PM,positive = good on both sides; total = offense + defense
D,fg3_miss,-0.051412483104532614,0.13029117236935792,margin_bins,1997-1999,1998.0,1997,1999,7113.8,defense,3P miss,positive = good on both sides; total = offense + defense
D,fg2m,0.2350011301438969,0.07796753894978221,margin_bins,1997-1999,1998.0,1997,1999,7113.8,defense,2PM,positive = good on both sides; total = offense + defense
D,fg2_miss,-0.36212256582588664,0.06696693850385786,margin_bins,1997-1999,1998.0,1997,1999,7113.8,defense,2P miss,positive = good on both sides; total = offense + defense
D,ftm,0.08106701034000838,0.07407413481175532,margin_bins,1997-1999,1998.0,1997,1999,7113.8,defense,FTM,positive = good on both sides; total = offense + defense
D,ft_miss,0.011094363398041929,0.1642175371919268,margin_bins,1997-1999,1998.0,1997,1999,7113.8,defense,FT miss,positive = good on both sides; total = offense + defense
D,orb,-0.29292803133895395,0.10250491624054836,margin_bins,1997-1999,1998.0,1997,1999,7113.8,defense,ORB,positive = good on both sides; total = offense + defense
D,drb,0.5470333154366793,0.06566617984252437,margin_bins,1997-1999,1998.0,1997,1999,7113.8,defense,DRB,positive = good on both sides; total = offense + defense
D,ast,0.10959562833782174,0.057043539541318716,margin_bins,1997-1999,1998.0,1997,1999,7113.8,defense,AST,positive = good on both sides; total = offense + defense
D,tov,-0.6497425546616356,0.15513338553580533,margin_bins,1997-1999,1998.0,1997,1999,7113.8,defense,TOV,positive = good on both sides; total = offense + defense
D,stl,1.3956423951387866,0.17884002860979578,margin_bins,1997-1999,1998.0,1997,1999,7113.8,defense,STL,positive = good on both sides; total = offense + defense
D,blk,0.7165413397259549,0.11536512761233092,margin_bins,1997-1999,1998.0,1997,1999,7113.8,defense,BLK,positive = good on both sides; total = offense + defense
D,pf,0.2438220143053057,0.07537273346776663,margin_bins,1997-1999,1998.0,1997,1999,7113.8,defense,PF,positive = good on both sides; total = offense + defense
Total,fg3m,0.12613229806788867,0.30187238397726,margin_bins,1997-1999,1998.0,1997,1999,7113.8,total,3PM,positive = good on both sides; total = offense + defense
Total,fg3_miss,0.18481532285956975,0.1796648377668362,margin_bins,1997-1999,1998.0,1997,1999,7113.8,total,3P miss,positive = good on both sides; total = offense + defense
Total,fg2m,0.9381537424139357,0.10797034098006315,margin_bins,1997-1999,1998.0,1997,1999,7113.8,total,2PM,positive = good on both sides; total = offense + defense
Total,fg2_miss,-0.8835991246175621,0.09215183756365837,margin_bins,1997-1999,1998.0,1997,1999,7113.8,total,2P miss,positive = good on both sides; total = offense + defense
Total,ftm,0.6576357690339256,0.10125026442638507,margin_bins,1997-1999,1998.0,1997,1999,7113.8,total,FTM,positive = good on both sides; total = offense + defense
Total,ft_miss,-0.1591875001534972,0.22498015926198184,margin_bins,1997-1999,1998.0,1997,1999,7113.8,total,FT miss,positive = good on both sides; total = offense + defense
Total,orb,0.03298645832411273,0.14102887854065432,margin_bins,1997-1999,1998.0,1997,1999,7113.8,total,ORB,positive = good on both sides; total = offense + defense
Total,drb,0.6581918748904418,0.0923623353820247,margin_bins,1997-1999,1998.0,1997,1999,7113.8,total,DRB,positive = good on both sides; total = offense + defense
Total,ast,0.5821429506271999,0.07900010359503117,margin_bins,1997-1999,1998.0,1997,1999,7113.8,total,AST,positive = good on both sides; total = offense + defense
Total,tov,-1.4164153939826967,0.21176476051402524,margin_bins,1997-1999,1998.0,1997,1999,7113.8,total,TOV,positive = good on both sides; total = offense + defense
Total,stl,1.7077900293492512,0.24572921240906861,margin_bins,1997-1999,1998.0,1997,1999,7113.8,total,STL,positive = good on both sides; total = offense + defense
Total,blk,0.8265388172258048,0.16036274844370588,margin_bins,1997-1999,1998.0,1997,1999,7113.8,total,BLK,positive = good on both sides; total = offense + defense
Total,pf,-0.06158791365616634,0.10509099175235567,margin_bins,1997-1999,1998.0,1997,1999,7113.8,total,PF,positive = good on both sides; total = offense + defense
O,fg3m,1.2730280540620305,0.209591255622804,base,2000-2002,2001.0,2000,2002,7113.8,offense,3PM,positive = good on both sides; total = offense + defense
O,fg3_miss,-0.06305653356917852,0.12441090344690532,base,2000-2002,2001.0,2000,2002,7113.8,offense,3P miss,positive = good on both sides; total = offense + defense
O,fg2m,0.7650343861954568,0.07121940670920662,base,2000-2002,2001.0,2000,2002,7113.8,offense,2PM,positive = good on both sides; total = offense + defense
O,fg2_miss,-0.4151350944767835,0.0615320991563397,base,2000-2002,2001.0,2000,2002,7113.8,offense,2P miss,positive = good on both sides; total = offense + defense
O,ftm,0.6228191260258888,0.07037859383147067,base,2000-2002,2001.0,2000,2002,7113.8,offense,FTM,positive = good on both sides; total = offense + defense
O,ft_miss,-0.23334005532254706,0.15517320809988971,base,2000-2002,2001.0,2000,2002,7113.8,offense,FT miss,positive = good on both sides; total = offense + defense
O,orb,0.38772884381271533,0.09662457704427467,base,2000-2002,2001.0,2000,2002,7113.8,offense,ORB,positive = good on both sides; total = offense + defense
O,drb,0.05351476331653986,0.06079369515099897,base,2000-2002,2001.0,2000,2002,7113.8,offense,DRB,positive = good on both sides; total = offense + defense
O,ast,0.3615784751309944,0.05167481213707394,base,2000-2002,2001.0,2000,2002,7113.8,offense,AST,positive = good on both sides; total = offense + defense
O,tov,-1.0119985843944743,0.13774857911924474,base,2000-2002,2001.0,2000,2002,7113.8,offense,TOV,positive = good on both sides; total = offense + defense
O,stl,0.522285851045607,0.17930326363067503,base,2000-2002,2001.0,2000,2002,7113.8,offense,STL,positive = good on both sides; total = offense + defense
O,blk,-0.12886839336100242,0.1100474533755316,base,2000-2002,2001.0,2000,2002,7113.8,offense,BLK,positive = good on both sides; total = offense + defense
O,pf,-0.35573299299279804,0.06625152668065912,base,2000-2002,2001.0,2000,2002,7113.8,offense,PF,positive = good on both sides; total = offense + defense
D,fg3m,-0.28973158371695057,0.2221527514539596,base,2000-2002,2001.0,2000,2002,7113.8,defense,3PM,positive = good on both sides; total = offense + defense
D,fg3_miss,-0.030478824939243254,0.1318627963935071,base,2000-2002,2001.0,2000,2002,7113.8,defense,3P miss,positive = good on both sides; total = offense + defense
D,fg2m,0.12758637112989413,0.07593635484998658,base,2000-2002,2001.0,2000,2002,7113.8,defense,2PM,positive = good on both sides; total = offense + defense
D,fg2_miss,-0.3475805978604132,0.06593679914077881,base,2000-2002,2001.0,2000,2002,7113.8,defense,2P miss,positive = good on both sides; total = offense + defense
D,ftm,0.21650442678911386,0.07523814348325551,base,2000-2002,2001.0,2000,2002,7113.8,defense,FTM,positive = good on both sides; total = offense + defense
D,ft_miss,-0.19077451775637047,0.16724389245300725,base,2000-2002,2001.0,2000,2002,7113.8,defense,FT miss,positive = good on both sides; total = offense + defense
D,orb,-0.12366406384199785,0.10286583629638844,base,2000-2002,2001.0,2000,2002,7113.8,defense,ORB,positive = good on both sides; total = offense + defense
D,drb,0.5084919236945701,0.06369306625471079,base,2000-2002,2001.0,2000,2002,7113.8,defense,DRB,positive = good on both sides; total = offense + defense
D,ast,0.05395195332921705,0.054824170183839276,base,2000-2002,2001.0,2000,2002,7113.8,defense,AST,positive = good on both sides; total = offense + defense
D,tov,-0.4570890376688944,0.1490356433330532,base,2000-2002,2001.0,2000,2002,7113.8,defense,TOV,positive = good on both sides; total = offense + defense
D,stl,1.5201322638405177,0.1934274765064846,base,2000-2002,2001.0,2000,2002,7113.8,defense,STL,positive = good on both sides; total = offense + defense
D,blk,0.9652652415170158,0.1165594071619441,base,2000-2002,2001.0,2000,2002,7113.8,defense,BLK,positive = good on both sides; total = offense + defense
D,pf,0.05582687700596161,0.07072528091771148,base,2000-2002,2001.0,2000,2002,7113.8,defense,PF,positive = good on both sides; total = offense + defense
Total,fg3m,0.9832964703450799,0.30578156186453315,base,2000-2002,2001.0,2000,2002,7113.8,total,3PM,positive = good on both sides; total = offense + defense
Total,fg3_miss,-0.09353535850842178,0.1815313215529471,base,2000-2002,2001.0,2000,2002,7113.8,total,3P miss,positive = good on both sides; total = offense + defense
Total,fg2m,0.892620757325351,0.10484929772102503,base,2000-2002,2001.0,2000,2002,7113.8,total,2PM,positive = good on both sides; total = offense + defense
Total,fg2_miss,-0.7627156923371967,0.0905325252953735,base,2000-2002,2001.0,2000,2002,7113.8,total,2P miss,positive = good on both sides; total = offense + defense
Total,ftm,0.8393235528150027,0.10296442320518245,base,2000-2002,2001.0,2000,2002,7113.8,total,FTM,positive = good on both sides; total = offense + defense
Total,ft_miss,-0.42411457307891753,0.2277349198985403,base,2000-2002,2001.0,2000,2002,7113.8,total,FT miss,positive = good on both sides; total = offense + defense
Total,orb,0.2640647799707175,0.14149809654785325,base,2000-2002,2001.0,2000,2002,7113.8,total,ORB,positive = good on both sides; total = offense + defense
Total,drb,0.5620066870111099,0.090190672195201,base,2000-2002,2001.0,2000,2002,7113.8,total,DRB,positive = good on both sides; total = offense + defense
Total,ast,0.41553042846021143,0.07572231757678669,base,2000-2002,2001.0,2000,2002,7113.8,total,AST,positive = good on both sides; total = offense + defense
Total,tov,-1.4690876220633688,0.20211152261151927,base,2000-2002,2001.0,2000,2002,7113.8,total,TOV,positive = good on both sides; total = offense + defense
Total,stl,2.0424181148861247,0.2633157788692722,base,2000-2002,2001.0,2000,2002,7113.8,total,STL,positive = good on both sides; total = offense + defense
Total,blk,0.8363968481560133,0.1611180950772539,base,2000-2002,2001.0,2000,2002,7113.8,total,BLK,positive = good on both sides; total = offense + defense
Total,pf,-0.2999061159868364,0.0986644680932898,base,2000-2002,2001.0,2000,2002,7113.8,total,PF,positive = good on both sides; total = offense + defense
O,fg3m,1.306616599749669,0.1907007392018144,lam_x3,2000-2002,2001.0,2000,2002,21341.4,offense,3PM,positive = good on both sides; total = offense + defense
O,fg3_miss,-0.0889878772148481,0.11287130739989146,lam_x3,2000-2002,2001.0,2000,2002,21341.4,offense,3P miss,positive = good on both sides; total = offense + defense
O,fg2m,0.7907411184172043,0.06404643357013014,lam_x3,2000-2002,2001.0,2000,2002,21341.4,offense,2PM,positive = good on both sides; total = offense + defense
O,fg2_miss,-0.42886795577060877,0.05494567856749817,lam_x3,2000-2002,2001.0,2000,2002,21341.4,offense,2P miss,positive = good on both sides; total = offense + defense
O,ftm,0.625923835465158,0.06305812833347423,lam_x3,2000-2002,2001.0,2000,2002,21341.4,offense,FTM,positive = good on both sides; total = offense + defense
O,ft_miss,-0.2316951838045701,0.13680731445691405,lam_x3,2000-2002,2001.0,2000,2002,21341.4,offense,FT miss,positive = good on both sides; total = offense + defense
O,orb,0.38635763762363007,0.08737556505979625,lam_x3,2000-2002,2001.0,2000,2002,21341.4,offense,ORB,positive = good on both sides; total = offense + defense
O,drb,0.05895819427636827,0.05635246335964622,lam_x3,2000-2002,2001.0,2000,2002,21341.4,offense,DRB,positive = good on both sides; total = offense + defense
O,ast,0.3701598182240867,0.04684664954345324,lam_x3,2000-2002,2001.0,2000,2002,21341.4,offense,AST,positive = good on both sides; total = offense + defense
O,tov,-1.0405684257819572,0.12089412519543093,lam_x3,2000-2002,2001.0,2000,2002,21341.4,offense,TOV,positive = good on both sides; total = offense + defense
O,stl,0.378171194206293,0.15821779145843803,lam_x3,2000-2002,2001.0,2000,2002,21341.4,offense,STL,positive = good on both sides; total = offense + defense
O,blk,-0.13145961652435664,0.10023524454261273,lam_x3,2000-2002,2001.0,2000,2002,21341.4,offense,BLK,positive = good on both sides; total = offense + defense
O,pf,-0.3260411317270123,0.059248451029053975,lam_x3,2000-2002,2001.0,2000,2002,21341.4,offense,PF,positive = good on both sides; total = offense + defense
D,fg3m,-0.35236498366725955,0.1974384131733063,lam_x3,2000-2002,2001.0,2000,2002,21341.4,defense,3PM,positive = good on both sides; total = offense + defense
D,fg3_miss,-0.01742991182202539,0.11682537493079441,lam_x3,2000-2002,2001.0,2000,2002,21341.4,defense,3P miss,positive = good on both sides; total = offense + defense
D,fg2m,0.13232047858257417,0.066493199090305,lam_x3,2000-2002,2001.0,2000,2002,21341.4,defense,2PM,positive = good on both sides; total = offense + defense
D,fg2_miss,-0.3504804476725506,0.05727160677572042,lam_x3,2000-2002,2001.0,2000,2002,21341.4,defense,2P miss,positive = good on both sides; total = offense + defense
D,ftm,0.1921780799869664,0.0656177830300722,lam_x3,2000-2002,2001.0,2000,2002,21341.4,defense,FTM,positive = good on both sides; total = offense + defense
D,ft_miss,-0.12013585851355664,0.14330480313162589,lam_x3,2000-2002,2001.0,2000,2002,21341.4,defense,FT miss,positive = good on both sides; total = offense + defense
D,orb,-0.18935577181357688,0.09062512452814268,lam_x3,2000-2002,2001.0,2000,2002,21341.4,defense,ORB,positive = good on both sides; total = offense + defense
D,drb,0.5794347034107091,0.05778287603020625,lam_x3,2000-2002,2001.0,2000,2002,21341.4,defense,DRB,positive = good on both sides; total = offense + defense
D,ast,0.04439304652157622,0.04846408522465162,lam_x3,2000-2002,2001.0,2000,2002,21341.4,defense,AST,positive = good on both sides; total = offense + defense
D,tov,-0.47460648985177156,0.12677037530135582,lam_x3,2000-2002,2001.0,2000,2002,21341.4,defense,TOV,positive = good on both sides; total = offense + defense
D,stl,1.5920118307619044,0.16572670176499435,lam_x3,2000-2002,2001.0,2000,2002,21341.4,defense,STL,positive = good on both sides; total = offense + defense
D,blk,0.8920519513386536,0.10367490876012882,lam_x3,2000-2002,2001.0,2000,2002,21341.4,defense,BLK,positive = good on both sides; total = offense + defense
D,pf,0.03355317166034488,0.06151222921538277,lam_x3,2000-2002,2001.0,2000,2002,21341.4,defense,PF,positive = good on both sides; total = offense + defense
Total,fg3m,0.9542516160824095,0.27445808670232713,lam_x3,2000-2002,2001.0,2000,2002,21341.4,total,3PM,positive = good on both sides; total = offense + defense
Total,fg3_miss,-0.10641778903687349,0.16259890883904754,lam_x3,2000-2002,2001.0,2000,2002,21341.4,total,3P miss,positive = good on both sides; total = offense + defense
Total,fg2m,0.9230615969997784,0.09321447989565301,lam_x3,2000-2002,2001.0,2000,2002,21341.4,total,2PM,positive = good on both sides; total = offense + defense
Total,fg2_miss,-0.7793484034431594,0.07979436521413448,lam_x3,2000-2002,2001.0,2000,2002,21341.4,total,2P miss,positive = good on both sides; total = offense + defense
Total,ftm,0.8181019154521243,0.09069961453015137,lam_x3,2000-2002,2001.0,2000,2002,21341.4,total,FTM,positive = good on both sides; total = offense + defense
Total,ft_miss,-0.35183104231812673,0.1970479915371871,lam_x3,2000-2002,2001.0,2000,2002,21341.4,total,FT miss,positive = good on both sides; total = offense + defense
Total,orb,0.1970018658100532,0.1260475101778575,lam_x3,2000-2002,2001.0,2000,2002,21341.4,total,ORB,positive = good on both sides; total = offense + defense
Total,drb,0.6383928976870774,0.08281166310154044,lam_x3,2000-2002,2001.0,2000,2002,21341.4,total,DRB,positive = good on both sides; total = offense + defense
Total,ast,0.41455286474566294,0.06753860385015881,lam_x3,2000-2002,2001.0,2000,2002,21341.4,total,AST,positive = good on both sides; total = offense + defense
Total,tov,-1.5151749156337289,0.1737502464107246,lam_x3,2000-2002,2001.0,2000,2002,21341.4,total,TOV,positive = good on both sides; total = offense + defense
Total,stl,1.9701830249681975,0.22789772789113155,lam_x3,2000-2002,2001.0,2000,2002,21341.4,total,STL,positive = good on both sides; total = offense + defense
Total,blk,0.7605923348142969,0.14456838012928902,lam_x3,2000-2002,2001.0,2000,2002,21341.4,total,BLK,positive = good on both sides; total = offense + defense
Total,pf,-0.29248796006666744,0.08696505576755198,lam_x3,2000-2002,2001.0,2000,2002,21341.4,total,PF,positive = good on both sides; total = offense + defense
O,fg3m,1.2237646159670952,0.24378651556767708,lam_div3,2000-2002,2001.0,2000,2002,2371.2666666666664,offense,3PM,positive = good on both sides; total = offense + defense
O,fg3_miss,-0.03642737035283306,0.14502295416688882,lam_div3,2000-2002,2001.0,2000,2002,2371.2666666666664,offense,3P miss,positive = good on both sides; total = offense + defense
O,fg2m,0.7317245924761844,0.08426386280099622,lam_div3,2000-2002,2001.0,2000,2002,2371.2666666666664,offense,2PM,positive = good on both sides; total = offense + defense
O,fg2_miss,-0.3964289475604561,0.07340535132151535,lam_div3,2000-2002,2001.0,2000,2002,2371.2666666666664,offense,2P miss,positive = good on both sides; total = offense + defense
O,ftm,0.6129038094780757,0.08365262957995416,lam_div3,2000-2002,2001.0,2000,2002,2371.2666666666664,offense,FTM,positive = good on both sides; total = offense + defense
O,ft_miss,-0.22823899810600412,0.18752170883734237,lam_div3,2000-2002,2001.0,2000,2002,2371.2666666666664,offense,FT miss,positive = good on both sides; total = offense + defense
O,orb,0.40177240141102843,0.11359425782250299,lam_div3,2000-2002,2001.0,2000,2002,2371.2666666666664,offense,ORB,positive = good on both sides; total = offense + defense
O,drb,0.045554833940763144,0.06923817873613719,lam_div3,2000-2002,2001.0,2000,2002,2371.2666666666664,offense,DRB,positive = good on both sides; total = offense + defense
O,ast,0.34512695149354083,0.06045822459316668,lam_div3,2000-2002,2001.0,2000,2002,2371.2666666666664,offense,AST,positive = good on both sides; total = offense + defense
O,tov,-0.9614129420575139,0.16830093147937533,lam_div3,2000-2002,2001.0,2000,2002,2371.2666666666664,offense,TOV,positive = good on both sides; total = offense + defense
O,stl,0.7252578481806267,0.2173479726817125,lam_div3,2000-2002,2001.0,2000,2002,2371.2666666666664,offense,STL,positive = good on both sides; total = offense + defense
O,blk,-0.12842765225980055,0.12804075190268732,lam_div3,2000-2002,2001.0,2000,2002,2371.2666666666664,offense,BLK,positive = good on both sides; total = offense + defense
O,pf,-0.40526287374042713,0.07904283875489419,lam_div3,2000-2002,2001.0,2000,2002,2371.2666666666664,offense,PF,positive = good on both sides; total = offense + defense
D,fg3m,-0.19892126486883702,0.2659853046777658,lam_div3,2000-2002,2001.0,2000,2002,2371.2666666666664,defense,3PM,positive = good on both sides; total = offense + defense
D,fg3_miss,-0.06688437366413459,0.15807853160539756,lam_div3,2000-2002,2001.0,2000,2002,2371.2666666666664,defense,3P miss,positive = good on both sides; total = offense + defense
D,fg2m,0.12091974123594786,0.0925103251582974,lam_div3,2000-2002,2001.0,2000,2002,2371.2666666666664,defense,2PM,positive = good on both sides; total = offense + defense
D,fg2_miss,-0.3327603990299657,0.08096022306366188,lam_div3,2000-2002,2001.0,2000,2002,2371.2666666666664,defense,2P miss,positive = good on both sides; total = offense + defense
D,ftm,0.22648293278059256,0.09223575164713033,lam_div3,2000-2002,2001.0,2000,2002,2371.2666666666664,defense,FTM,positive = good on both sides; total = offense + defense
D,ft_miss,-0.2637521571929871,0.20795038725478782,lam_div3,2000-2002,2001.0,2000,2002,2371.2666666666664,defense,FT miss,positive = good on both sides; total = offense + defense
D,orb,-0.06588335529983406,0.12470657912895794,lam_div3,2000-2002,2001.0,2000,2002,2371.2666666666664,defense,ORB,positive = good on both sides; total = offense + defense
D,drb,0.44985583249301064,0.07481736856815081,lam_div3,2000-2002,2001.0,2000,2002,2371.2666666666664,defense,DRB,positive = good on both sides; total = offense + defense
D,ast,0.0588804386002482,0.06593771220365069,lam_div3,2000-2002,2001.0,2000,2002,2371.2666666666664,defense,AST,positive = good on both sides; total = offense + defense
D,tov,-0.44525658536592105,0.18767565945848624,lam_div3,2000-2002,2001.0,2000,2002,2371.2666666666664,defense,TOV,positive = good on both sides; total = offense + defense
D,stl,1.4513078481067496,0.24173789664802817,lam_div3,2000-2002,2001.0,2000,2002,2371.2666666666664,defense,STL,positive = good on both sides; total = offense + defense
D,blk,1.0297165361056049,0.13999188427318177,lam_div3,2000-2002,2001.0,2000,2002,2371.2666666666664,defense,BLK,positive = good on both sides; total = offense + defense
D,pf,0.07629301933683576,0.0869673887096579,lam_div3,2000-2002,2001.0,2000,2002,2371.2666666666664,defense,PF,positive = good on both sides; total = offense + defense
Total,fg3m,1.0248433510982582,0.36143254316221635,lam_div3,2000-2002,2001.0,2000,2002,2371.2666666666664,total,3PM,positive = good on both sides; total = offense + defense
Total,fg3_miss,-0.10331174401696766,0.21482551365340183,lam_div3,2000-2002,2001.0,2000,2002,2371.2666666666664,total,3P miss,positive = good on both sides; total = offense + defense
Total,fg2m,0.8526443337121322,0.1257594191735737,lam_div3,2000-2002,2001.0,2000,2002,2371.2666666666664,total,2PM,positive = good on both sides; total = offense + defense
Total,fg2_miss,-0.7291893465904218,0.10959632133019735,lam_div3,2000-2002,2001.0,2000,2002,2371.2666666666664,total,2P miss,positive = good on both sides; total = offense + defense
Total,ftm,0.8393867422586683,0.12458674133180778,lam_div3,2000-2002,2001.0,2000,2002,2371.2666666666664,total,FTM,positive = good on both sides; total = offense + defense
Total,ft_miss,-0.49199115529899123,0.28008228708062705,lam_div3,2000-2002,2001.0,2000,2002,2371.2666666666664,total,FT miss,positive = good on both sides; total = offense + defense
Total,orb,0.33588904611119436,0.16920863939400088,lam_div3,2000-2002,2001.0,2000,2002,2371.2666666666664,total,ORB,positive = good on both sides; total = offense + defense
Total,drb,0.4954106664337738,0.1040681081028022,lam_div3,2000-2002,2001.0,2000,2002,2371.2666666666664,total,DRB,positive = good on both sides; total = offense + defense
Total,ast,0.40400739009378905,0.09008232800399174,lam_div3,2000-2002,2001.0,2000,2002,2371.2666666666664,total,AST,positive = good on both sides; total = offense + defense
Total,tov,-1.406669527423435,0.25174412985387545,lam_div3,2000-2002,2001.0,2000,2002,2371.2666666666664,total,TOV,positive = good on both sides; total = offense + defense
Total,stl,2.1765656962873763,0.3253336311626202,lam_div3,2000-2002,2001.0,2000,2002,2371.2666666666664,total,STL,positive = good on both sides; total = offense + defense
Total,blk,0.9012888838458043,0.1908437256191487,lam_div3,2000-2002,2001.0,2000,2002,2371.2666666666664,total,BLK,positive = good on both sides; total = offense + defense
Total,pf,-0.3289698544035914,0.11919324428602479,lam_div3,2000-2002,2001.0,2000,2002,2371.2666666666664,total,PF,positive = good on both sides; total = offense + defense
O,fg3m,1.2719766692012637,0.21103740868522466,gt_half,2000-2002,2001.0,2000,2002,7113.8,offense,3PM,positive = good on both sides; total = offense + defense
O,fg3_miss,-0.0674353662725174,0.12530897069258282,gt_half,2000-2002,2001.0,2000,2002,7113.8,offense,3P miss,positive = good on both sides; total = offense + defense
O,fg2m,0.7767884142830064,0.0715647798907081,gt_half,2000-2002,2001.0,2000,2002,7113.8,offense,2PM,positive = good on both sides; total = offense + defense
O,fg2_miss,-0.433403632665717,0.061776905326887926,gt_half,2000-2002,2001.0,2000,2002,7113.8,offense,2P miss,positive = good on both sides; total = offense + defense
O,ftm,0.618672736894526,0.07053749735257003,gt_half,2000-2002,2001.0,2000,2002,7113.8,offense,FTM,positive = good on both sides; total = offense + defense
O,ft_miss,-0.19761472236126543,0.1553261845315062,gt_half,2000-2002,2001.0,2000,2002,7113.8,offense,FT miss,positive = good on both sides; total = offense + defense
O,orb,0.3712988999505601,0.09697994237602309,gt_half,2000-2002,2001.0,2000,2002,7113.8,offense,ORB,positive = good on both sides; total = offense + defense
O,drb,0.059568186922997444,0.060999335915245624,gt_half,2000-2002,2001.0,2000,2002,7113.8,offense,DRB,positive = good on both sides; total = offense + defense
O,ast,0.36713983423340807,0.051834392326487747,gt_half,2000-2002,2001.0,2000,2002,7113.8,offense,AST,positive = good on both sides; total = offense + defense
O,tov,-1.024583751914368,0.1380059613513059,gt_half,2000-2002,2001.0,2000,2002,7113.8,offense,TOV,positive = good on both sides; total = offense + defense
O,stl,0.5096421234655537,0.1792707587331943,gt_half,2000-2002,2001.0,2000,2002,7113.8,offense,STL,positive = good on both sides; total = offense + defense
O,blk,-0.13824771017443788,0.11022339098378331,gt_half,2000-2002,2001.0,2000,2002,7113.8,offense,BLK,positive = good on both sides; total = offense + defense
O,pf,-0.35062069505868465,0.0666601145921019,gt_half,2000-2002,2001.0,2000,2002,7113.8,offense,PF,positive = good on both sides; total = offense + defense
D,fg3m,-0.2973392654253254,0.22365093508398365,gt_half,2000-2002,2001.0,2000,2002,7113.8,defense,3PM,positive = good on both sides; total = offense + defense
D,fg3_miss,-0.03470308584997186,0.1327969691233382,gt_half,2000-2002,2001.0,2000,2002,7113.8,defense,3P miss,positive = good on both sides; total = offense + defense
D,fg2m,0.1351734869686978,0.07632097412543427,gt_half,2000-2002,2001.0,2000,2002,7113.8,defense,2PM,positive = good on both sides; total = offense + defense
D,fg2_miss,-0.35697078574964036,0.06621712252966472,gt_half,2000-2002,2001.0,2000,2002,7113.8,defense,2P miss,positive = good on both sides; total = offense + defense
D,ftm,0.2118766047120766,0.075401535410353,gt_half,2000-2002,2001.0,2000,2002,7113.8,defense,FTM,positive = good on both sides; total = offense + defense
D,ft_miss,-0.18893638753300207,0.1674453204916258,gt_half,2000-2002,2001.0,2000,2002,7113.8,defense,FT miss,positive = good on both sides; total = offense + defense
D,orb,-0.1431778332378103,0.10322014192207633,gt_half,2000-2002,2001.0,2000,2002,7113.8,defense,ORB,positive = good on both sides; total = offense + defense
D,drb,0.5190960868855462,0.06388502274976916,gt_half,2000-2002,2001.0,2000,2002,7113.8,defense,DRB,positive = good on both sides; total = offense + defense
D,ast,0.06073771009652151,0.05498427799220623,gt_half,2000-2002,2001.0,2000,2002,7113.8,defense,AST,positive = good on both sides; total = offense + defense
D,tov,-0.47411806214284846,0.14932150965614105,gt_half,2000-2002,2001.0,2000,2002,7113.8,defense,TOV,positive = good on both sides; total = offense + defense
D,stl,1.542839336708798,0.19337639198181195,gt_half,2000-2002,2001.0,2000,2002,7113.8,defense,STL,positive = good on both sides; total = offense + defense
D,blk,0.9617808841450443,0.11672066011333972,gt_half,2000-2002,2001.0,2000,2002,7113.8,defense,BLK,positive = good on both sides; total = offense + defense
D,pf,0.05530627571827266,0.071137599028254,gt_half,2000-2002,2001.0,2000,2002,7113.8,defense,PF,positive = good on both sides; total = offense + defense
Total,fg3m,0.9746374037759383,0.30788782500072365,gt_half,2000-2002,2001.0,2000,2002,7113.8,total,3PM,positive = good on both sides; total = offense + defense
Total,fg3_miss,-0.10213845212248926,0.18283416334626312,gt_half,2000-2002,2001.0,2000,2002,7113.8,total,3P miss,positive = good on both sides; total = offense + defense
Total,fg2m,0.9119619012517042,0.10530004530067127,gt_half,2000-2002,2001.0,2000,2002,7113.8,total,2PM,positive = good on both sides; total = offense + defense
Total,fg2_miss,-0.7903744184153574,0.09090762173286931,gt_half,2000-2002,2001.0,2000,2002,7113.8,total,2P miss,positive = good on both sides; total = offense + defense
Total,ftm,0.8305493416066025,0.10319702825262506,gt_half,2000-2002,2001.0,2000,2002,7113.8,total,FTM,positive = good on both sides; total = offense + defense
Total,ft_miss,-0.3865511098942675,0.22790027031704724,gt_half,2000-2002,2001.0,2000,2002,7113.8,total,FT miss,positive = good on both sides; total = offense + defense
Total,orb,0.2281210667127498,0.14199155119736612,gt_half,2000-2002,2001.0,2000,2002,7113.8,total,ORB,positive = good on both sides; total = offense + defense
Total,drb,0.5786642738085437,0.09049346419573126,gt_half,2000-2002,2001.0,2000,2002,7113.8,total,DRB,positive = good on both sides; total = offense + defense
Total,ast,0.4278775443299296,0.07595969274065124,gt_half,2000-2002,2001.0,2000,2002,7113.8,total,AST,positive = good on both sides; total = offense + defense
Total,tov,-1.4987018140572164,0.2025384237852878,gt_half,2000-2002,2001.0,2000,2002,7113.8,total,TOV,positive = good on both sides; total = offense + defense
Total,stl,2.0524814601743517,0.26333661275115344,gt_half,2000-2002,2001.0,2000,2002,7113.8,total,STL,positive = good on both sides; total = offense + defense
Total,blk,0.8235331739706064,0.16136985354734182,gt_half,2000-2002,2001.0,2000,2002,7113.8,total,BLK,positive = good on both sides; total = offense + defense
Total,pf,-0.29531441934041197,0.09932398311652588,gt_half,2000-2002,2001.0,2000,2002,7113.8,total,PF,positive = good on both sides; total = offense + defense
O,fg3m,1.2707616873685699,0.21271303430151883,gt_zero,2000-2002,2001.0,2000,2002,7113.8,offense,3PM,positive = good on both sides; total = offense + defense
O,fg3_miss,-0.07226248464910273,0.12635367133537348,gt_zero,2000-2002,2001.0,2000,2002,7113.8,offense,3P miss,positive = good on both sides; total = offense + defense
O,fg2m,0.7902466753547299,0.07197112012698795,gt_zero,2000-2002,2001.0,2000,2002,7113.8,offense,2PM,positive = good on both sides; total = offense + defense
O,fg2_miss,-0.4539043870595395,0.062066913189681786,gt_zero,2000-2002,2001.0,2000,2002,7113.8,offense,2P miss,positive = good on both sides; total = offense + defense
O,ftm,0.6143634817908747,0.07073933101658543,gt_zero,2000-2002,2001.0,2000,2002,7113.8,offense,FTM,positive = good on both sides; total = offense + defense
O,ft_miss,-0.15876636169352332,0.15554909379427995,gt_zero,2000-2002,2001.0,2000,2002,7113.8,offense,FT miss,positive = good on both sides; total = offense + defense
O,orb,0.3525347893864328,0.09740179258160529,gt_zero,2000-2002,2001.0,2000,2002,7113.8,offense,ORB,positive = good on both sides; total = offense + defense
O,drb,0.0660478077016536,0.061244458839548,gt_zero,2000-2002,2001.0,2000,2002,7113.8,offense,DRB,positive = good on both sides; total = offense + defense
O,ast,0.37317237826285266,0.052024432085313606,gt_zero,2000-2002,2001.0,2000,2002,7113.8,offense,AST,positive = good on both sides; total = offense + defense
O,tov,-1.03833118772176,0.13833642356344694,gt_zero,2000-2002,2001.0,2000,2002,7113.8,offense,TOV,positive = good on both sides; total = offense + defense
O,stl,0.49713040053188,0.17929200807406798,gt_zero,2000-2002,2001.0,2000,2002,7113.8,offense,STL,positive = good on both sides; total = offense + defense
O,blk,-0.1471954521312414,0.11045166273367842,gt_zero,2000-2002,2001.0,2000,2002,7113.8,offense,BLK,positive = good on both sides; total = offense + defense
O,pf,-0.3456336086480605,0.06715339245178738,gt_zero,2000-2002,2001.0,2000,2002,7113.8,offense,PF,positive = good on both sides; total = offense + defense
D,fg3m,-0.3040115688114303,0.2254284547515076,gt_zero,2000-2002,2001.0,2000,2002,7113.8,defense,3PM,positive = good on both sides; total = offense + defense
D,fg3_miss,-0.040288349271134116,0.13390793936204937,gt_zero,2000-2002,2001.0,2000,2002,7113.8,defense,3P miss,positive = good on both sides; total = offense + defense
D,fg2m,0.14346076489035453,0.07678452204006324,gt_zero,2000-2002,2001.0,2000,2002,7113.8,defense,2PM,positive = good on both sides; total = offense + defense
D,fg2_miss,-0.36758610048875506,0.06655710959630853,gt_zero,2000-2002,2001.0,2000,2002,7113.8,defense,2P miss,positive = good on both sides; total = offense + defense
D,ftm,0.20791033531514286,0.07562070464926891,gt_zero,2000-2002,2001.0,2000,2002,7113.8,defense,FTM,positive = good on both sides; total = offense + defense
D,ft_miss,-0.18780093464389913,0.167747704005882,gt_zero,2000-2002,2001.0,2000,2002,7113.8,defense,FT miss,positive = good on both sides; total = offense + defense
D,orb,-0.16505838587929778,0.10365653742501896,gt_zero,2000-2002,2001.0,2000,2002,7113.8,defense,ORB,positive = good on both sides; total = offense + defense
D,drb,0.5310583195138738,0.0641226124034651,gt_zero,2000-2002,2001.0,2000,2002,7113.8,defense,DRB,positive = good on both sides; total = offense + defense
D,ast,0.06867416512548721,0.05518177469276556,gt_zero,2000-2002,2001.0,2000,2002,7113.8,defense,AST,positive = good on both sides; total = offense + defense
D,tov,-0.4935214522474189,0.1497074566817636,gt_zero,2000-2002,2001.0,2000,2002,7113.8,defense,TOV,positive = good on both sides; total = offense + defense
D,stl,1.5674077767043344,0.1933968709499739,gt_zero,2000-2002,2001.0,2000,2002,7113.8,defense,STL,positive = good on both sides; total = offense + defense
D,blk,0.9585492410124423,0.11694562523076577,gt_zero,2000-2002,2001.0,2000,2002,7113.8,defense,BLK,positive = good on both sides; total = offense + defense
D,pf,0.05427947664735405,0.07164962049445693,gt_zero,2000-2002,2001.0,2000,2002,7113.8,defense,PF,positive = good on both sides; total = offense + defense
Total,fg3m,0.9667501185571395,0.31033972289449147,gt_zero,2000-2002,2001.0,2000,2002,7113.8,total,3PM,positive = good on both sides; total = offense + defense
Total,fg3_miss,-0.11255083392023685,0.18435829716872712,gt_zero,2000-2002,2001.0,2000,2002,7113.8,total,3P miss,positive = good on both sides; total = offense + defense
Total,fg2m,0.9337074402450845,0.10583992517171391,gt_zero,2000-2002,2001.0,2000,2002,7113.8,total,2PM,positive = good on both sides; total = offense + defense
Total,fg2_miss,-0.8214904875482946,0.09135998614983618,gt_zero,2000-2002,2001.0,2000,2002,7113.8,total,2P miss,positive = good on both sides; total = offense + defense
Total,ftm,0.8222738171060175,0.10350622933102878,gt_zero,2000-2002,2001.0,2000,2002,7113.8,total,FTM,positive = good on both sides; total = offense + defense
Total,ft_miss,-0.34656729633742245,0.2281784649182152,gt_zero,2000-2002,2001.0,2000,2002,7113.8,total,FT miss,positive = good on both sides; total = offense + defense
Total,orb,0.18747640350713501,0.14258626875045385,gt_zero,2000-2002,2001.0,2000,2002,7113.8,total,ORB,positive = good on both sides; total = offense + defense
Total,drb,0.5971061272155275,0.09085740047329624,gt_zero,2000-2002,2001.0,2000,2002,7113.8,total,DRB,positive = good on both sides; total = offense + defense
Total,ast,0.44184654338833984,0.07624738413998919,gt_zero,2000-2002,2001.0,2000,2002,7113.8,total,AST,positive = good on both sides; total = offense + defense
Total,tov,-1.531852639969179,0.2030978707708863,gt_zero,2000-2002,2001.0,2000,2002,7113.8,total,TOV,positive = good on both sides; total = offense + defense
Total,stl,2.0645381772362144,0.2634637414171779,gt_zero,2000-2002,2001.0,2000,2002,7113.8,total,STL,positive = good on both sides; total = offense + defense
Total,blk,0.8113537888812009,0.16172208017436346,gt_zero,2000-2002,2001.0,2000,2002,7113.8,total,BLK,positive = good on both sides; total = offense + defense
Total,pf,-0.2913541320007064,0.10013410514447638,gt_zero,2000-2002,2001.0,2000,2002,7113.8,total,PF,positive = good on both sides; total = offense + defense
O,fg3m,1.2869775287113714,0.20959038189493076,margin_bins,2000-2002,2001.0,2000,2002,7113.8,offense,3PM,positive = good on both sides; total = offense + defense
O,fg3_miss,-0.07660325592190441,0.12443134167091754,margin_bins,2000-2002,2001.0,2000,2002,7113.8,offense,3P miss,positive = good on both sides; total = offense + defense
O,fg2m,0.7760458748405937,0.07123349904267003,margin_bins,2000-2002,2001.0,2000,2002,7113.8,offense,2PM,positive = good on both sides; total = offense + defense
O,fg2_miss,-0.4202100602421618,0.06153431091350093,margin_bins,2000-2002,2001.0,2000,2002,7113.8,offense,2P miss,positive = good on both sides; total = offense + defense
O,ftm,0.6289285708346196,0.0703982134300197,margin_bins,2000-2002,2001.0,2000,2002,7113.8,offense,FTM,positive = good on both sides; total = offense + defense
O,ft_miss,-0.23681551370538223,0.15516972132064755,margin_bins,2000-2002,2001.0,2000,2002,7113.8,offense,FT miss,positive = good on both sides; total = offense + defense
O,orb,0.3774451889168352,0.09662591881813251,margin_bins,2000-2002,2001.0,2000,2002,7113.8,offense,ORB,positive = good on both sides; total = offense + defense
O,drb,0.06741409602168075,0.06083852121546635,margin_bins,2000-2002,2001.0,2000,2002,7113.8,offense,DRB,positive = good on both sides; total = offense + defense
O,ast,0.36142149738718987,0.05168903423955846,margin_bins,2000-2002,2001.0,2000,2002,7113.8,offense,AST,positive = good on both sides; total = offense + defense
O,tov,-0.9993968776316066,0.1377376363390913,margin_bins,2000-2002,2001.0,2000,2002,7113.8,offense,TOV,positive = good on both sides; total = offense + defense
O,stl,0.5314706732023851,0.17930775666387502,margin_bins,2000-2002,2001.0,2000,2002,7113.8,offense,STL,positive = good on both sides; total = offense + defense
O,blk,-0.09648405448586825,0.11009392755013626,margin_bins,2000-2002,2001.0,2000,2002,7113.8,offense,BLK,positive = good on both sides; total = offense + defense
O,pf,-0.38383240259452844,0.06632730030463527,margin_bins,2000-2002,2001.0,2000,2002,7113.8,offense,PF,positive = good on both sides; total = offense + defense
D,fg3m,-0.30756870240343054,0.22215067946781059,margin_bins,2000-2002,2001.0,2000,2002,7113.8,defense,3PM,positive = good on both sides; total = offense + defense
D,fg3_miss,-0.019762937855789864,0.13188619761414594,margin_bins,2000-2002,2001.0,2000,2002,7113.8,defense,3P miss,positive = good on both sides; total = offense + defense
D,fg2m,0.11693763252262168,0.07595018867877011,margin_bins,2000-2002,2001.0,2000,2002,7113.8,defense,2PM,positive = good on both sides; total = offense + defense
D,fg2_miss,-0.35052740420300177,0.06593493955543005,margin_bins,2000-2002,2001.0,2000,2002,7113.8,defense,2P miss,positive = good on both sides; total = offense + defense
D,ftm,0.21710559218348202,0.07525896841093181,margin_bins,2000-2002,2001.0,2000,2002,7113.8,defense,FTM,positive = good on both sides; total = offense + defense
D,ft_miss,-0.1903124298076464,0.167241062055522,margin_bins,2000-2002,2001.0,2000,2002,7113.8,defense,FT miss,positive = good on both sides; total = offense + defense
D,orb,-0.12054636638455163,0.10286721641311969,margin_bins,2000-2002,2001.0,2000,2002,7113.8,defense,ORB,positive = good on both sides; total = offense + defense
D,drb,0.4921654578833362,0.06373496805197734,margin_bins,2000-2002,2001.0,2000,2002,7113.8,defense,DRB,positive = good on both sides; total = offense + defense
D,ast,0.047923842742727554,0.05483598553436318,margin_bins,2000-2002,2001.0,2000,2002,7113.8,defense,AST,positive = good on both sides; total = offense + defense
D,tov,-0.4497090737244793,0.1490214919778619,margin_bins,2000-2002,2001.0,2000,2002,7113.8,defense,TOV,positive = good on both sides; total = offense + defense
D,stl,1.5110788427008042,0.19342187221049992,margin_bins,2000-2002,2001.0,2000,2002,7113.8,defense,STL,positive = good on both sides; total = offense + defense
D,blk,0.9655374435977164,0.11660563760645648,margin_bins,2000-2002,2001.0,2000,2002,7113.8,defense,BLK,positive = good on both sides; total = offense + defense
D,pf,0.067729833556466,0.07079572449501446,margin_bins,2000-2002,2001.0,2000,2002,7113.8,defense,PF,positive = good on both sides; total = offense + defense
Total,fg3m,0.9794088263079408,0.3057581348750061,margin_bins,2000-2002,2001.0,2000,2002,7113.8,total,3PM,positive = good on both sides; total = offense + defense
Total,fg3_miss,-0.09636619377769427,0.1815200617693467,margin_bins,2000-2002,2001.0,2000,2002,7113.8,total,3P miss,positive = good on both sides; total = offense + defense
Total,fg2m,0.8929835073632154,0.1048419851038086,margin_bins,2000-2002,2001.0,2000,2002,7113.8,total,2PM,positive = good on both sides; total = offense + defense
Total,fg2_miss,-0.7707374644451636,0.09054214295229707,margin_bins,2000-2002,2001.0,2000,2002,7113.8,total,2P miss,positive = good on both sides; total = offense + defense
Total,ftm,0.8460341630181016,0.10296466006354597,margin_bins,2000-2002,2001.0,2000,2002,7113.8,total,FTM,positive = good on both sides; total = offense + defense
Total,ft_miss,-0.42712794351302863,0.22771759395252472,margin_bins,2000-2002,2001.0,2000,2002,7113.8,total,FT miss,positive = good on both sides; total = offense + defense
Total,orb,0.2568988225322836,0.14148275772036664,margin_bins,2000-2002,2001.0,2000,2002,7113.8,total,ORB,positive = good on both sides; total = offense + defense
Total,drb,0.559579553905017,0.09018959537091827,margin_bins,2000-2002,2001.0,2000,2002,7113.8,total,DRB,positive = good on both sides; total = offense + defense
Total,ast,0.4093453401299174,0.07571338303032064,margin_bins,2000-2002,2001.0,2000,2002,7113.8,total,AST,positive = good on both sides; total = offense + defense
Total,tov,-1.4491059513560858,0.20207947321849978,margin_bins,2000-2002,2001.0,2000,2002,7113.8,total,TOV,positive = good on both sides; total = offense + defense
Total,stl,2.0425495159031892,0.26329690055507615,margin_bins,2000-2002,2001.0,2000,2002,7113.8,total,STL,positive = good on both sides; total = offense + defense
Total,blk,0.8690533891118482,0.1611269793090233,margin_bins,2000-2002,2001.0,2000,2002,7113.8,total,BLK,positive = good on both sides; total = offense + defense
Total,pf,-0.31610256903806244,0.098668384854163,margin_bins,2000-2002,2001.0,2000,2002,7113.8,total,PF,positive = good on both sides; total = offense + defense
O,fg3m,0.9516863072582581,0.21541793181165486,base,2003-2005,2004.0,2003,2005,7113.8,offense,3PM,positive = good on both sides; total = offense + defense
O,fg3_miss,0.14165820437768398,0.1289912854453249,base,2003-2005,2004.0,2003,2005,7113.8,offense,3P miss,positive = good on both sides; total = offense + defense
O,fg2m,0.687571851623962,0.0744574008005515,base,2003-2005,2004.0,2003,2005,7113.8,offense,2PM,positive = good on both sides; total = offense + defense
O,fg2_miss,-0.4394229327209464,0.06264694849315645,base,2003-2005,2004.0,2003,2005,7113.8,offense,2P miss,positive = good on both sides; total = offense + defense
O,ftm,0.6601568662267,0.06214993413055057,base,2003-2005,2004.0,2003,2005,7113.8,offense,FTM,positive = good on both sides; total = offense + defense
O,ft_miss,-0.2814209747760679,0.1475760990248337,base,2003-2005,2004.0,2003,2005,7113.8,offense,FT miss,positive = good on both sides; total = offense + defense
O,orb,0.514384259008227,0.0971215677020779,base,2003-2005,2004.0,2003,2005,7113.8,offense,ORB,positive = good on both sides; total = offense + defense
O,drb,0.03232260069166086,0.06169413354630757,base,2003-2005,2004.0,2003,2005,7113.8,offense,DRB,positive = good on both sides; total = offense + defense
O,ast,0.5131766435391283,0.05457545930742539,base,2003-2005,2004.0,2003,2005,7113.8,offense,AST,positive = good on both sides; total = offense + defense
O,tov,-0.8251622570512278,0.13553555882438645,base,2003-2005,2004.0,2003,2005,7113.8,offense,TOV,positive = good on both sides; total = offense + defense
O,stl,0.2889950341773067,0.17714556570447837,base,2003-2005,2004.0,2003,2005,7113.8,offense,STL,positive = good on both sides; total = offense + defense
O,blk,0.015852429461323182,0.11036160049595256,base,2003-2005,2004.0,2003,2005,7113.8,offense,BLK,positive = good on both sides; total = offense + defense
O,pf,-0.3144107831584708,0.07166493750691635,base,2003-2005,2004.0,2003,2005,7113.8,offense,PF,positive = good on both sides; total = offense + defense
D,fg3m,0.3518322954334736,0.22949565954595688,base,2003-2005,2004.0,2003,2005,7113.8,defense,3PM,positive = good on both sides; total = offense + defense
D,fg3_miss,-0.3795591778414409,0.1371254359513874,base,2003-2005,2004.0,2003,2005,7113.8,defense,3P miss,positive = good on both sides; total = offense + defense
D,fg2m,-0.007958851264899959,0.07905023592055763,base,2003-2005,2004.0,2003,2005,7113.8,defense,2PM,positive = good on both sides; total = offense + defense
D,fg2_miss,-0.28175990713417304,0.06674677132535084,base,2003-2005,2004.0,2003,2005,7113.8,defense,2P miss,positive = good on both sides; total = offense + defense
D,ftm,0.12670905334000687,0.06662853355821251,base,2003-2005,2004.0,2003,2005,7113.8,defense,FTM,positive = good on both sides; total = offense + defense
D,ft_miss,-0.09386337188468015,0.15932184449232265,base,2003-2005,2004.0,2003,2005,7113.8,defense,FT miss,positive = good on both sides; total = offense + defense
D,orb,-0.008986150853742436,0.10325796740128207,base,2003-2005,2004.0,2003,2005,7113.8,defense,ORB,positive = good on both sides; total = offense + defense
D,drb,0.41183857900231646,0.0647370150853703,base,2003-2005,2004.0,2003,2005,7113.8,defense,DRB,positive = good on both sides; total = offense + defense
D,ast,0.09501169583362713,0.057631203459546775,base,2003-2005,2004.0,2003,2005,7113.8,defense,AST,positive = good on both sides; total = offense + defense
D,tov,-0.3541166564748356,0.14714020362821836,base,2003-2005,2004.0,2003,2005,7113.8,defense,TOV,positive = good on both sides; total = offense + defense
D,stl,1.2935212196118244,0.19090632629079268,base,2003-2005,2004.0,2003,2005,7113.8,defense,STL,positive = good on both sides; total = offense + defense
D,blk,0.9412908672494694,0.11668756320650553,base,2003-2005,2004.0,2003,2005,7113.8,defense,BLK,positive = good on both sides; total = offense + defense
D,pf,0.1026226926930291,0.07576604594392666,base,2003-2005,2004.0,2003,2005,7113.8,defense,PF,positive = good on both sides; total = offense + defense
Total,fg3m,1.3035186026917316,0.3137124147032225,base,2003-2005,2004.0,2003,2005,7113.8,total,3PM,positive = good on both sides; total = offense + defense
Total,fg3_miss,-0.2379009734637569,0.18795312479821316,base,2003-2005,2004.0,2003,2005,7113.8,total,3P miss,positive = good on both sides; total = offense + defense
Total,fg2m,0.679613000359062,0.10923557190470785,base,2003-2005,2004.0,2003,2005,7113.8,total,2PM,positive = good on both sides; total = offense + defense
Total,fg2_miss,-0.7211828398551194,0.09103361611318819,base,2003-2005,2004.0,2003,2005,7113.8,total,2P miss,positive = good on both sides; total = offense + defense
Total,ftm,0.7868659195667069,0.09125292137549305,base,2003-2005,2004.0,2003,2005,7113.8,total,FTM,positive = good on both sides; total = offense + defense
Total,ft_miss,-0.37528434666074806,0.21660461687647728,base,2003-2005,2004.0,2003,2005,7113.8,total,FT miss,positive = good on both sides; total = offense + defense
Total,orb,0.5053981081544846,0.1424187154316837,base,2003-2005,2004.0,2003,2005,7113.8,total,ORB,positive = good on both sides; total = offense + defense
Total,drb,0.44416117969397734,0.09047339764309155,base,2003-2005,2004.0,2003,2005,7113.8,total,DRB,positive = good on both sides; total = offense + defense
Total,ast,0.6081883393727554,0.07988743559877359,base,2003-2005,2004.0,2003,2005,7113.8,total,AST,positive = good on both sides; total = offense + defense
Total,tov,-1.1792789135260633,0.19938831766125398,base,2003-2005,2004.0,2003,2005,7113.8,total,TOV,positive = good on both sides; total = offense + defense
Total,stl,1.582516253789131,0.26065900168599837,base,2003-2005,2004.0,2003,2005,7113.8,total,STL,positive = good on both sides; total = offense + defense
Total,blk,0.9571432967107926,0.16135456740604107,base,2003-2005,2004.0,2003,2005,7113.8,total,BLK,positive = good on both sides; total = offense + defense
Total,pf,-0.21178809046544173,0.1057562481483388,base,2003-2005,2004.0,2003,2005,7113.8,total,PF,positive = good on both sides; total = offense + defense
O,fg3m,0.9576228516965775,0.19409852340729172,lam_x3,2003-2005,2004.0,2003,2005,21341.4,offense,3PM,positive = good on both sides; total = offense + defense
O,fg3_miss,0.11854358661522621,0.11642589320518862,lam_x3,2003-2005,2004.0,2003,2005,21341.4,offense,3P miss,positive = good on both sides; total = offense + defense
O,fg2m,0.7010269604089143,0.06743383405356634,lam_x3,2003-2005,2004.0,2003,2005,21341.4,offense,2PM,positive = good on both sides; total = offense + defense
O,fg2_miss,-0.4539378503478213,0.056456522254272945,lam_x3,2003-2005,2004.0,2003,2005,21341.4,offense,2P miss,positive = good on both sides; total = offense + defense
O,ftm,0.6573340716432716,0.05536452457365419,lam_x3,2003-2005,2004.0,2003,2005,21341.4,offense,FTM,positive = good on both sides; total = offense + defense
O,ft_miss,-0.28751905657439986,0.1296217434093422,lam_x3,2003-2005,2004.0,2003,2005,21341.4,offense,FT miss,positive = good on both sides; total = offense + defense
O,orb,0.5221971227718804,0.08793146506941232,lam_x3,2003-2005,2004.0,2003,2005,21341.4,offense,ORB,positive = good on both sides; total = offense + defense
O,drb,0.02711613488461872,0.05712126037780157,lam_x3,2003-2005,2004.0,2003,2005,21341.4,offense,DRB,positive = good on both sides; total = offense + defense
O,ast,0.5096298193167625,0.04989619075202783,lam_x3,2003-2005,2004.0,2003,2005,21341.4,offense,AST,positive = good on both sides; total = offense + defense
O,tov,-0.8511288142399696,0.11833237050105715,lam_x3,2003-2005,2004.0,2003,2005,21341.4,offense,TOV,positive = good on both sides; total = offense + defense
O,stl,0.21320482343310335,0.156806807327174,lam_x3,2003-2005,2004.0,2003,2005,21341.4,offense,STL,positive = good on both sides; total = offense + defense
O,blk,0.001964094853166294,0.10103325577268088,lam_x3,2003-2005,2004.0,2003,2005,21341.4,offense,BLK,positive = good on both sides; total = offense + defense
O,pf,-0.32042545966643726,0.06514123841509215,lam_x3,2003-2005,2004.0,2003,2005,21341.4,offense,PF,positive = good on both sides; total = offense + defense
D,fg3m,0.29950574349170633,0.20165027899207513,lam_x3,2003-2005,2004.0,2003,2005,21341.4,defense,3PM,positive = good on both sides; total = offense + defense
D,fg3_miss,-0.35291547342241714,0.12079615540888851,lam_x3,2003-2005,2004.0,2003,2005,21341.4,defense,3P miss,positive = good on both sides; total = offense + defense
D,fg2m,-0.04489700088750527,0.06974206602884894,lam_x3,2003-2005,2004.0,2003,2005,21341.4,defense,2PM,positive = good on both sides; total = offense + defense
D,fg2_miss,-0.23699477176786438,0.05858479388247093,lam_x3,2003-2005,2004.0,2003,2005,21341.4,defense,2P miss,positive = good on both sides; total = offense + defense
D,ftm,0.10339916965369428,0.05771988545074634,lam_x3,2003-2005,2004.0,2003,2005,21341.4,defense,FTM,positive = good on both sides; total = offense + defense
D,ft_miss,-0.00842066153396846,0.1359027702694679,lam_x3,2003-2005,2004.0,2003,2005,21341.4,defense,FT miss,positive = good on both sides; total = offense + defense
D,orb,-0.09194560417640313,0.09119205732708893,lam_x3,2003-2005,2004.0,2003,2005,21341.4,defense,ORB,positive = good on both sides; total = offense + defense
D,drb,0.4894401419117159,0.05861567069514171,lam_x3,2003-2005,2004.0,2003,2005,21341.4,defense,DRB,positive = good on both sides; total = offense + defense
D,ast,0.11409140276755747,0.05144300956218336,lam_x3,2003-2005,2004.0,2003,2005,21341.4,defense,AST,positive = good on both sides; total = offense + defense
D,tov,-0.4173673919944827,0.12433061856312361,lam_x3,2003-2005,2004.0,2003,2005,21341.4,defense,TOV,positive = good on both sides; total = offense + defense
D,stl,1.3604415788081874,0.16409692103030663,lam_x3,2003-2005,2004.0,2003,2005,21341.4,defense,STL,positive = good on both sides; total = offense + defense
D,blk,0.9413931225967338,0.1042997874141814,lam_x3,2003-2005,2004.0,2003,2005,21341.4,defense,BLK,positive = good on both sides; total = offense + defense
D,pf,0.11547713244549358,0.06714505523651626,lam_x3,2003-2005,2004.0,2003,2005,21341.4,defense,PF,positive = good on both sides; total = offense + defense
Total,fg3m,1.2571285951882838,0.2784027111835955,lam_x3,2003-2005,2004.0,2003,2005,21341.4,total,3PM,positive = good on both sides; total = offense + defense
Total,fg3_miss,-0.23437188680719093,0.1671986306783249,lam_x3,2003-2005,2004.0,2003,2005,21341.4,total,3P miss,positive = good on both sides; total = offense + defense
Total,fg2m,0.6561299595214091,0.09769490330858677,lam_x3,2003-2005,2004.0,2003,2005,21341.4,total,2PM,positive = good on both sides; total = offense + defense
Total,fg2_miss,-0.6909326221156857,0.08062801513902623,lam_x3,2003-2005,2004.0,2003,2005,21341.4,total,2P miss,positive = good on both sides; total = offense + defense
Total,ftm,0.7607332412969658,0.0800870324691462,lam_x3,2003-2005,2004.0,2003,2005,21341.4,total,FTM,positive = good on both sides; total = offense + defense
Total,ft_miss,-0.29593971810836833,0.18689517698547153,lam_x3,2003-2005,2004.0,2003,2005,21341.4,total,FT miss,positive = good on both sides; total = offense + defense
Total,orb,0.4302515185954772,0.1271907335493321,lam_x3,2003-2005,2004.0,2003,2005,21341.4,total,ORB,positive = good on both sides; total = offense + defense
Total,drb,0.5165562767963346,0.082805745726212,lam_x3,2003-2005,2004.0,2003,2005,21341.4,total,DRB,positive = good on both sides; total = offense + defense
Total,ast,0.62372122208432,0.07206184062977851,lam_x3,2003-2005,2004.0,2003,2005,21341.4,total,AST,positive = good on both sides; total = offense + defense
Total,tov,-1.2684962062344523,0.17051522286670423,lam_x3,2003-2005,2004.0,2003,2005,21341.4,total,TOV,positive = good on both sides; total = offense + defense
Total,stl,1.5736464022412908,0.22638570164483524,lam_x3,2003-2005,2004.0,2003,2005,21341.4,total,STL,positive = good on both sides; total = offense + defense
Total,blk,0.9433572174499001,0.1457462892144176,lam_x3,2003-2005,2004.0,2003,2005,21341.4,total,BLK,positive = good on both sides; total = offense + defense
Total,pf,-0.2049483272209437,0.09479925579582855,lam_x3,2003-2005,2004.0,2003,2005,21341.4,total,PF,positive = good on both sides; total = offense + defense
O,fg3m,0.9325374083994021,0.2536849000493552,lam_div3,2003-2005,2004.0,2003,2005,2371.2666666666664,offense,3PM,positive = good on both sides; total = offense + defense
O,fg3_miss,0.17549956948612688,0.15125387712432348,lam_div3,2003-2005,2004.0,2003,2005,2371.2666666666664,offense,3P miss,positive = good on both sides; total = offense + defense
O,fg2m,0.6742110972692433,0.08746622829187418,lam_div3,2003-2005,2004.0,2003,2005,2371.2666666666664,offense,2PM,positive = good on both sides; total = offense + defense
O,fg2_miss,-0.4237811583116704,0.07386450539523012,lam_div3,2003-2005,2004.0,2003,2005,2371.2666666666664,offense,2P miss,positive = good on both sides; total = offense + defense
O,ftm,0.6655969679000597,0.07438761468775681,lam_div3,2003-2005,2004.0,2003,2005,2371.2666666666664,offense,FTM,positive = good on both sides; total = offense + defense
O,ft_miss,-0.2755759561365549,0.17944506918657407,lam_div3,2003-2005,2004.0,2003,2005,2371.2666666666664,offense,FT miss,positive = good on both sides; total = offense + defense
O,orb,0.5025771540190169,0.11368182671548493,lam_div3,2003-2005,2004.0,2003,2005,2371.2666666666664,offense,ORB,positive = good on both sides; total = offense + defense
O,drb,0.040444818228177644,0.07043319670221145,lam_div3,2003-2005,2004.0,2003,2005,2371.2666666666664,offense,DRB,positive = good on both sides; total = offense + defense
O,ast,0.5131907022844747,0.0632527651868651,lam_div3,2003-2005,2004.0,2003,2005,2371.2666666666664,offense,AST,positive = good on both sides; total = offense + defense
O,tov,-0.7879126009586097,0.16679390797711882,lam_div3,2003-2005,2004.0,2003,2005,2371.2666666666664,offense,TOV,positive = good on both sides; total = offense + defense
O,stl,0.3826643731644005,0.2141444781170939,lam_div3,2003-2005,2004.0,2003,2005,2371.2666666666664,offense,STL,positive = good on both sides; total = offense + defense
O,blk,0.036463795360703634,0.12783791982241213,lam_div3,2003-2005,2004.0,2003,2005,2371.2666666666664,offense,BLK,positive = good on both sides; total = offense + defense
O,pf,-0.3111201378806975,0.08377362415747089,lam_div3,2003-2005,2004.0,2003,2005,2371.2666666666664,offense,PF,positive = good on both sides; total = offense + defense
D,fg3m,0.36856091492606524,0.27816638337941946,lam_div3,2003-2005,2004.0,2003,2005,2371.2666666666664,defense,3PM,positive = good on both sides; total = offense + defense
D,fg3_miss,-0.3850578713919331,0.16527576260423266,lam_div3,2003-2005,2004.0,2003,2005,2371.2666666666664,defense,3P miss,positive = good on both sides; total = offense + defense
D,fg2m,0.025132926737757848,0.09581350136850031,lam_div3,2003-2005,2004.0,2003,2005,2371.2666666666664,defense,2PM,positive = good on both sides; total = offense + defense
D,fg2_miss,-0.33527213320746907,0.08112317644537295,lam_div3,2003-2005,2004.0,2003,2005,2371.2666666666664,defense,2P miss,positive = good on both sides; total = offense + defense
D,ftm,0.14938959445678238,0.08225872152998409,lam_div3,2003-2005,2004.0,2003,2005,2371.2666666666664,defense,FTM,positive = good on both sides; total = offense + defense
D,ft_miss,-0.18035558487875616,0.1995384735850663,lam_div3,2003-2005,2004.0,2003,2005,2371.2666666666664,defense,FT miss,positive = good on both sides; total = offense + defense
D,orb,0.07370091639477838,0.1245757043454813,lam_div3,2003-2005,2004.0,2003,2005,2371.2666666666664,defense,ORB,positive = good on both sides; total = offense + defense
D,drb,0.34252488751240606,0.07628798201370728,lam_div3,2003-2005,2004.0,2003,2005,2371.2666666666664,defense,DRB,positive = good on both sides; total = offense + defense
D,ast,0.07065209866461825,0.0687549729580359,lam_div3,2003-2005,2004.0,2003,2005,2371.2666666666664,defense,AST,positive = good on both sides; total = offense + defense
D,tov,-0.2844329265222485,0.18661773008124052,lam_div3,2003-2005,2004.0,2003,2005,2371.2666666666664,defense,TOV,positive = good on both sides; total = offense + defense
D,stl,1.2435425898797945,0.23835766943997916,lam_div3,2003-2005,2004.0,2003,2005,2371.2666666666664,defense,STL,positive = good on both sides; total = offense + defense
D,blk,0.940746713897211,0.13963551678655423,lam_div3,2003-2005,2004.0,2003,2005,2371.2666666666664,defense,BLK,positive = good on both sides; total = offense + defense
D,pf,0.08614416429954248,0.09141431114932888,lam_div3,2003-2005,2004.0,2003,2005,2371.2666666666664,defense,PF,positive = good on both sides; total = offense + defense
Total,fg3m,1.3010983233254674,0.37575731385869804,lam_div3,2003-2005,2004.0,2003,2005,2371.2666666666664,total,3PM,positive = good on both sides; total = offense + defense
Total,fg3_miss,-0.2095583019058062,0.22395689623507423,lam_div3,2003-2005,2004.0,2003,2005,2371.2666666666664,total,3P miss,positive = good on both sides; total = offense + defense
Total,fg2m,0.6993440240070011,0.1303660729604955,lam_div3,2003-2005,2004.0,2003,2005,2371.2666666666664,total,2PM,positive = good on both sides; total = offense + defense
Total,fg2_miss,-0.7590532915191395,0.10947135507043709,lam_div3,2003-2005,2004.0,2003,2005,2371.2666666666664,total,2P miss,positive = good on both sides; total = offense + defense
Total,ftm,0.8149865623568421,0.11099502402235366,lam_div3,2003-2005,2004.0,2003,2005,2371.2666666666664,total,FTM,positive = good on both sides; total = offense + defense
Total,ft_miss,-0.4559315410153111,0.26819022631240047,lam_div3,2003-2005,2004.0,2003,2005,2371.2666666666664,total,FT miss,positive = good on both sides; total = offense + defense
Total,orb,0.5762780704137953,0.16935294818597096,lam_div3,2003-2005,2004.0,2003,2005,2371.2666666666664,total,ORB,positive = good on both sides; total = offense + defense
Total,drb,0.3829697057405837,0.10493323200452666,lam_div3,2003-2005,2004.0,2003,2005,2371.2666666666664,total,DRB,positive = good on both sides; total = offense + defense
Total,ast,0.583842800949093,0.09403025934339455,lam_div3,2003-2005,2004.0,2003,2005,2371.2666666666664,total,AST,positive = good on both sides; total = offense + defense
Total,tov,-1.0723455274808582,0.25010130174013856,lam_div3,2003-2005,2004.0,2003,2005,2371.2666666666664,total,TOV,positive = good on both sides; total = offense + defense
Total,stl,1.6262069630441949,0.321425036142483,lam_div3,2003-2005,2004.0,2003,2005,2371.2666666666664,total,STL,positive = good on both sides; total = offense + defense
Total,blk,0.9772105092579146,0.19028580922209912,lam_div3,2003-2005,2004.0,2003,2005,2371.2666666666664,total,BLK,positive = good on both sides; total = offense + defense
Total,pf,-0.224975973581155,0.1254092278820212,lam_div3,2003-2005,2004.0,2003,2005,2371.2666666666664,total,PF,positive = good on both sides; total = offense + defense
O,fg3m,0.9793417252842391,0.21665106785457383,gt_half,2003-2005,2004.0,2003,2005,7113.8,offense,3PM,positive = good on both sides; total = offense + defense
O,fg3_miss,0.12519410583329954,0.12982861753412803,gt_half,2003-2005,2004.0,2003,2005,7113.8,offense,3P miss,positive = good on both sides; total = offense + defense
O,fg2m,0.7002818990996285,0.07477184461287213,gt_half,2003-2005,2004.0,2003,2005,7113.8,offense,2PM,positive = good on both sides; total = offense + defense
O,fg2_miss,-0.45078934148225325,0.06289911314220684,gt_half,2003-2005,2004.0,2003,2005,7113.8,offense,2P miss,positive = good on both sides; total = offense + defense
O,ftm,0.6566553296725859,0.06206492101175523,gt_half,2003-2005,2004.0,2003,2005,7113.8,offense,FTM,positive = good on both sides; total = offense + defense
O,ft_miss,-0.2918718548550451,0.147389900835716,gt_half,2003-2005,2004.0,2003,2005,7113.8,offense,FT miss,positive = good on both sides; total = offense + defense
O,orb,0.5184206481861139,0.09749751090305943,gt_half,2003-2005,2004.0,2003,2005,7113.8,offense,ORB,positive = good on both sides; total = offense + defense
O,drb,0.024026501782743633,0.061866831123034705,gt_half,2003-2005,2004.0,2003,2005,7113.8,offense,DRB,positive = good on both sides; total = offense + defense
O,ast,0.5206456070732016,0.05473074351145819,gt_half,2003-2005,2004.0,2003,2005,7113.8,offense,AST,positive = good on both sides; total = offense + defense
O,tov,-0.8319128080767211,0.1357069217303219,gt_half,2003-2005,2004.0,2003,2005,7113.8,offense,TOV,positive = good on both sides; total = offense + defense
O,stl,0.29559545550014904,0.17697556765332678,gt_half,2003-2005,2004.0,2003,2005,7113.8,offense,STL,positive = good on both sides; total = offense + defense
O,blk,0.015004573779632102,0.11057153765213269,gt_half,2003-2005,2004.0,2003,2005,7113.8,offense,BLK,positive = good on both sides; total = offense + defense
O,pf,-0.3096818808829299,0.07194263648345474,gt_half,2003-2005,2004.0,2003,2005,7113.8,offense,PF,positive = good on both sides; total = offense + defense
D,fg3m,0.3202698323830443,0.2307668620931633,gt_half,2003-2005,2004.0,2003,2005,7113.8,defense,3PM,positive = good on both sides; total = offense + defense
D,fg3_miss,-0.3798359008231116,0.13801339989484593,gt_half,2003-2005,2004.0,2003,2005,7113.8,defense,3P miss,positive = good on both sides; total = offense + defense
D,fg2m,-0.012271196635377506,0.07937592898173249,gt_half,2003-2005,2004.0,2003,2005,7113.8,defense,2PM,positive = good on both sides; total = offense + defense
D,fg2_miss,-0.28901305562716695,0.06701562625409885,gt_half,2003-2005,2004.0,2003,2005,7113.8,defense,2P miss,positive = good on both sides; total = offense + defense
D,ftm,0.11632020188563388,0.06653620854568948,gt_half,2003-2005,2004.0,2003,2005,7113.8,defense,FTM,positive = good on both sides; total = offense + defense
D,ft_miss,-0.08100883113095553,0.1591175611427388,gt_half,2003-2005,2004.0,2003,2005,7113.8,defense,FT miss,positive = good on both sides; total = offense + defense
D,orb,-0.018400046955752584,0.10361431572253231,gt_half,2003-2005,2004.0,2003,2005,7113.8,defense,ORB,positive = good on both sides; total = offense + defense
D,drb,0.41763385950150955,0.0649004688691663,gt_half,2003-2005,2004.0,2003,2005,7113.8,defense,DRB,positive = good on both sides; total = offense + defense
D,ast,0.09806066751144141,0.05778501458320191,gt_half,2003-2005,2004.0,2003,2005,7113.8,defense,AST,positive = good on both sides; total = offense + defense
D,tov,-0.3372109637486083,0.1473070370912184,gt_half,2003-2005,2004.0,2003,2005,7113.8,defense,TOV,positive = good on both sides; total = offense + defense
D,stl,1.2709568799050457,0.19070855224163827,gt_half,2003-2005,2004.0,2003,2005,7113.8,defense,STL,positive = good on both sides; total = offense + defense
D,blk,0.9252895617748903,0.11687211443625942,gt_half,2003-2005,2004.0,2003,2005,7113.8,defense,BLK,positive = good on both sides; total = offense + defense
D,pf,0.10894131730776824,0.07601905831154741,gt_half,2003-2005,2004.0,2003,2005,7113.8,defense,PF,positive = good on both sides; total = offense + defense
Total,fg3m,1.2996115576672835,0.31552927400554753,gt_half,2003-2005,2004.0,2003,2005,7113.8,total,3PM,positive = good on both sides; total = offense + defense
Total,fg3_miss,-0.25464179498981204,0.18920001572026793,gt_half,2003-2005,2004.0,2003,2005,7113.8,total,3P miss,positive = good on both sides; total = offense + defense
Total,fg2m,0.688010702464251,0.10967644205630392,gt_half,2003-2005,2004.0,2003,2005,7113.8,total,2PM,positive = good on both sides; total = offense + defense
Total,fg2_miss,-0.7398023971094202,0.09140115865780957,gt_half,2003-2005,2004.0,2003,2005,7113.8,total,2P miss,positive = good on both sides; total = offense + defense
Total,ftm,0.7729755315582197,0.09113122639006621,gt_half,2003-2005,2004.0,2003,2005,7113.8,total,FTM,positive = good on both sides; total = offense + defense
Total,ft_miss,-0.3728806859860006,0.216274323317533,gt_half,2003-2005,2004.0,2003,2005,7113.8,total,FT miss,positive = good on both sides; total = offense + defense
Total,orb,0.5000206012303613,0.1429433311157669,gt_half,2003-2005,2004.0,2003,2005,7113.8,total,ORB,positive = good on both sides; total = offense + defense
Total,drb,0.4416603612842532,0.09072300979876724,gt_half,2003-2005,2004.0,2003,2005,7113.8,total,DRB,positive = good on both sides; total = offense + defense
Total,ast,0.618706274584643,0.08011728487520607,gt_half,2003-2005,2004.0,2003,2005,7113.8,total,AST,positive = good on both sides; total = offense + defense
Total,tov,-1.1691237718253293,0.19963033045485223,gt_half,2003-2005,2004.0,2003,2005,7113.8,total,TOV,positive = good on both sides; total = offense + defense
Total,stl,1.5665523354051947,0.26029020511984763,gt_half,2003-2005,2004.0,2003,2005,7113.8,total,STL,positive = good on both sides; total = offense + defense
Total,blk,0.9402941355545225,0.16168813547672004,gt_half,2003-2005,2004.0,2003,2005,7113.8,total,BLK,positive = good on both sides; total = offense + defense
Total,pf,-0.20074056357516168,0.10611297021426554,gt_half,2003-2005,2004.0,2003,2005,7113.8,total,PF,positive = good on both sides; total = offense + defense
O,fg3m,1.0089350877144594,0.2180862843798474,gt_zero,2003-2005,2004.0,2003,2005,7113.8,offense,3PM,positive = good on both sides; total = offense + defense
O,fg3_miss,0.10775442601623086,0.130793621036255,gt_zero,2003-2005,2004.0,2003,2005,7113.8,offense,3P miss,positive = good on both sides; total = offense + defense
O,fg2m,0.7146053862188254,0.07514099439479467,gt_zero,2003-2005,2004.0,2003,2005,7113.8,offense,2PM,positive = good on both sides; total = offense + defense
O,fg2_miss,-0.463293984536786,0.06319319362227276,gt_zero,2003-2005,2004.0,2003,2005,7113.8,offense,2P miss,positive = good on both sides; total = offense + defense
O,ftm,0.6529219993669153,0.061988227489295236,gt_zero,2003-2005,2004.0,2003,2005,7113.8,offense,FTM,positive = good on both sides; total = offense + defense
O,ft_miss,-0.3034477642461772,0.14723186584180958,gt_zero,2003-2005,2004.0,2003,2005,7113.8,offense,FT miss,positive = good on both sides; total = offense + defense
O,orb,0.5221822097262697,0.09793993433827314,gt_zero,2003-2005,2004.0,2003,2005,7113.8,offense,ORB,positive = good on both sides; total = offense + defense
O,drb,0.01531115181485504,0.06207204392451917,gt_zero,2003-2005,2004.0,2003,2005,7113.8,offense,DRB,positive = good on both sides; total = offense + defense
O,ast,0.5286757080701439,0.054914010260733725,gt_zero,2003-2005,2004.0,2003,2005,7113.8,offense,AST,positive = good on both sides; total = offense + defense
O,tov,-0.8399002408671747,0.13593685124708224,gt_zero,2003-2005,2004.0,2003,2005,7113.8,offense,TOV,positive = good on both sides; total = offense + defense
O,stl,0.3037877952286111,0.17685064286819985,gt_zero,2003-2005,2004.0,2003,2005,7113.8,offense,STL,positive = good on both sides; total = offense + defense
O,blk,0.013379734525029371,0.11083020581794159,gt_zero,2003-2005,2004.0,2003,2005,7113.8,offense,BLK,positive = good on both sides; total = offense + defense
O,pf,-0.30415296680257975,0.07227496605932852,gt_zero,2003-2005,2004.0,2003,2005,7113.8,offense,PF,positive = good on both sides; total = offense + defense
D,fg3m,0.28705774546368634,0.23228155147257373,gt_zero,2003-2005,2004.0,2003,2005,7113.8,defense,3PM,positive = good on both sides; total = offense + defense
D,fg3_miss,-0.3807810121863743,0.1390570578898361,gt_zero,2003-2005,2004.0,2003,2005,7113.8,defense,3P miss,positive = good on both sides; total = offense + defense
D,fg2m,-0.017080037716905583,0.07976894830614381,gt_zero,2003-2005,2004.0,2003,2005,7113.8,defense,2PM,positive = good on both sides; total = offense + defense
D,fg2_miss,-0.2964656366988714,0.0673373488337518,gt_zero,2003-2005,2004.0,2003,2005,7113.8,defense,2P miss,positive = good on both sides; total = offense + defense
D,ftm,0.10470598795241126,0.0664570312807404,gt_zero,2003-2005,2004.0,2003,2005,7113.8,defense,FTM,positive = good on both sides; total = offense + defense
D,ft_miss,-0.06732382166711498,0.1589550108003693,gt_zero,2003-2005,2004.0,2003,2005,7113.8,defense,FT miss,positive = good on both sides; total = offense + defense
D,orb,-0.02886525162555742,0.10404895223542164,gt_zero,2003-2005,2004.0,2003,2005,7113.8,defense,ORB,positive = good on both sides; total = offense + defense
D,drb,0.42378105682057265,0.0651025792094813,gt_zero,2003-2005,2004.0,2003,2005,7113.8,defense,DRB,positive = good on both sides; total = offense + defense
D,ast,0.10115591071283343,0.05797292858810894,gt_zero,2003-2005,2004.0,2003,2005,7113.8,defense,AST,positive = good on both sides; total = offense + defense
D,tov,-0.3181590691487899,0.1475502775453359,gt_zero,2003-2005,2004.0,2003,2005,7113.8,defense,TOV,positive = good on both sides; total = offense + defense
D,stl,1.2472711164058747,0.19057397879243876,gt_zero,2003-2005,2004.0,2003,2005,7113.8,defense,STL,positive = good on both sides; total = offense + defense
D,blk,0.9077889213781623,0.11711607148970676,gt_zero,2003-2005,2004.0,2003,2005,7113.8,defense,BLK,positive = good on both sides; total = offense + defense
D,pf,0.1162937011482022,0.07633309059505326,gt_zero,2003-2005,2004.0,2003,2005,7113.8,defense,PF,positive = good on both sides; total = offense + defense
Total,fg3m,1.2959928331781456,0.31766540749811595,gt_zero,2003-2005,2004.0,2003,2005,7113.8,total,3PM,positive = good on both sides; total = offense + defense
Total,fg3_miss,-0.2730265861701434,0.19065031890064865,gt_zero,2003-2005,2004.0,2003,2005,7113.8,total,3P miss,positive = good on both sides; total = offense + defense
Total,fg2m,0.6975253485019198,0.11020202412956367,gt_zero,2003-2005,2004.0,2003,2005,7113.8,total,2PM,positive = good on both sides; total = offense + defense
Total,fg2_miss,-0.7597596212356574,0.09184150756893822,gt_zero,2003-2005,2004.0,2003,2005,7113.8,total,2P miss,positive = good on both sides; total = offense + defense
Total,ftm,0.7576279873193266,0.091023659629415,gt_zero,2003-2005,2004.0,2003,2005,7113.8,total,FTM,positive = good on both sides; total = offense + defense
Total,ft_miss,-0.3707715859132922,0.21598580402195153,gt_zero,2003-2005,2004.0,2003,2005,7113.8,total,FT miss,positive = good on both sides; total = offense + defense
Total,orb,0.4933169581007123,0.14357979444097982,gt_zero,2003-2005,2004.0,2003,2005,7113.8,total,ORB,positive = good on both sides; total = offense + defense
Total,drb,0.4390922086354277,0.09102732819891592,gt_zero,2003-2005,2004.0,2003,2005,7113.8,total,DRB,positive = good on both sides; total = offense + defense
Total,ast,0.6298316187829773,0.08039251090923612,gt_zero,2003-2005,2004.0,2003,2005,7113.8,total,AST,positive = good on both sides; total = offense + defense
Total,tov,-1.1580593100159646,0.19997058009761576,gt_zero,2003-2005,2004.0,2003,2005,7113.8,total,TOV,positive = good on both sides; total = offense + defense
Total,stl,1.551058911634486,0.25998389437373776,gt_zero,2003-2005,2004.0,2003,2005,7113.8,total,STL,positive = good on both sides; total = offense + defense
Total,blk,0.9211686559031916,0.1621101798766224,gt_zero,2003-2005,2004.0,2003,2005,7113.8,total,BLK,positive = good on both sides; total = offense + defense
Total,pf,-0.18785926565437755,0.1065464740557144,gt_zero,2003-2005,2004.0,2003,2005,7113.8,total,PF,positive = good on both sides; total = offense + defense
O,fg3m,0.9441782268019443,0.21543631898151624,margin_bins,2003-2005,2004.0,2003,2005,7113.8,offense,3PM,positive = good on both sides; total = offense + defense
O,fg3_miss,0.14345895969239397,0.12900673982995153,margin_bins,2003-2005,2004.0,2003,2005,7113.8,offense,3P miss,positive = good on both sides; total = offense + defense
O,fg2m,0.6929416752304596,0.07447637355299509,margin_bins,2003-2005,2004.0,2003,2005,7113.8,offense,2PM,positive = good on both sides; total = offense + defense
O,fg2_miss,-0.44315034953391397,0.06265990752086419,margin_bins,2003-2005,2004.0,2003,2005,7113.8,offense,2P miss,positive = good on both sides; total = offense + defense
O,ftm,0.6609887798003611,0.062185709056780857,margin_bins,2003-2005,2004.0,2003,2005,7113.8,offense,FTM,positive = good on both sides; total = offense + defense
O,ft_miss,-0.27573637416106134,0.14760697533811165,margin_bins,2003-2005,2004.0,2003,2005,7113.8,offense,FT miss,positive = good on both sides; total = offense + defense
O,orb,0.5224680996683592,0.09715483719455584,margin_bins,2003-2005,2004.0,2003,2005,7113.8,offense,ORB,positive = good on both sides; total = offense + defense
O,drb,0.04477673274181973,0.061748447997073415,margin_bins,2003-2005,2004.0,2003,2005,7113.8,offense,DRB,positive = good on both sides; total = offense + defense
O,ast,0.5155168497134548,0.0545937250997708,margin_bins,2003-2005,2004.0,2003,2005,7113.8,offense,AST,positive = good on both sides; total = offense + defense
O,tov,-0.8135315918407392,0.1355542467529274,margin_bins,2003-2005,2004.0,2003,2005,7113.8,offense,TOV,positive = good on both sides; total = offense + defense
O,stl,0.27235269356535463,0.1771843844429803,margin_bins,2003-2005,2004.0,2003,2005,7113.8,offense,STL,positive = good on both sides; total = offense + defense
O,blk,0.022689301982745325,0.11038612927186672,margin_bins,2003-2005,2004.0,2003,2005,7113.8,offense,BLK,positive = good on both sides; total = offense + defense
O,pf,-0.3283131291821436,0.07174829353333727,margin_bins,2003-2005,2004.0,2003,2005,7113.8,offense,PF,positive = good on both sides; total = offense + defense
D,fg3m,0.3359515717047612,0.22951977424553177,margin_bins,2003-2005,2004.0,2003,2005,7113.8,defense,3PM,positive = good on both sides; total = offense + defense
D,fg3_miss,-0.3659081726860868,0.13714473580193706,margin_bins,2003-2005,2004.0,2003,2005,7113.8,defense,3P miss,positive = good on both sides; total = offense + defense
D,fg2m,-0.01708757743191147,0.07907686921824848,margin_bins,2003-2005,2004.0,2003,2005,7113.8,defense,2PM,positive = good on both sides; total = offense + defense
D,fg2_miss,-0.27576372880364164,0.06676441822638245,margin_bins,2003-2005,2004.0,2003,2005,7113.8,defense,2P miss,positive = good on both sides; total = offense + defense
D,ftm,0.12170635458158763,0.06666184782667328,margin_bins,2003-2005,2004.0,2003,2005,7113.8,defense,FTM,positive = good on both sides; total = offense + defense
D,ft_miss,-0.07155572332138982,0.1593535951330857,margin_bins,2003-2005,2004.0,2003,2005,7113.8,defense,FT miss,positive = good on both sides; total = offense + defense
D,orb,-0.013255381959556223,0.10328974527088484,margin_bins,2003-2005,2004.0,2003,2005,7113.8,defense,ORB,positive = good on both sides; total = offense + defense
D,drb,0.4029541004063707,0.06479062552354227,margin_bins,2003-2005,2004.0,2003,2005,7113.8,defense,DRB,positive = good on both sides; total = offense + defense
D,ast,0.09281130908491678,0.05764800345578528,margin_bins,2003-2005,2004.0,2003,2005,7113.8,defense,AST,positive = good on both sides; total = offense + defense
D,tov,-0.35374818183050794,0.14715987973937011,margin_bins,2003-2005,2004.0,2003,2005,7113.8,defense,TOV,positive = good on both sides; total = offense + defense
D,stl,1.3015770286548414,0.19094519090071604,margin_bins,2003-2005,2004.0,2003,2005,7113.8,defense,STL,positive = good on both sides; total = offense + defense
D,blk,0.9329145134551058,0.11671346205786609,margin_bins,2003-2005,2004.0,2003,2005,7113.8,defense,BLK,positive = good on both sides; total = offense + defense
D,pf,0.11367319583073408,0.0758434298924423,margin_bins,2003-2005,2004.0,2003,2005,7113.8,defense,PF,positive = good on both sides; total = offense + defense
Total,fg3m,1.2801297985067055,0.31373029738094416,margin_bins,2003-2005,2004.0,2003,2005,7113.8,total,3PM,positive = good on both sides; total = offense + defense
Total,fg3_miss,-0.2224492129936928,0.18796237525890147,margin_bins,2003-2005,2004.0,2003,2005,7113.8,total,3P miss,positive = good on both sides; total = offense + defense
Total,fg2m,0.6758540977985481,0.10924067677008813,margin_bins,2003-2005,2004.0,2003,2005,7113.8,total,2PM,positive = good on both sides; total = offense + defense
Total,fg2_miss,-0.7189140783375556,0.09104263379348407,margin_bins,2003-2005,2004.0,2003,2005,7113.8,total,2P miss,positive = good on both sides; total = offense + defense
Total,ftm,0.7826951343819487,0.0912695025662078,margin_bins,2003-2005,2004.0,2003,2005,7113.8,total,FTM,positive = good on both sides; total = offense + defense
Total,ft_miss,-0.34729209748245116,0.21660104418681556,margin_bins,2003-2005,2004.0,2003,2005,7113.8,total,FT miss,positive = good on both sides; total = offense + defense
Total,orb,0.5092127177088029,0.1424498553560755,margin_bins,2003-2005,2004.0,2003,2005,7113.8,total,ORB,positive = good on both sides; total = offense + defense
Total,drb,0.4477308331481904,0.0905062230952105,margin_bins,2003-2005,2004.0,2003,2005,7113.8,total,DRB,positive = good on both sides; total = offense + defense
Total,ast,0.6083281587983715,0.07990166102900158,margin_bins,2003-2005,2004.0,2003,2005,7113.8,total,AST,positive = good on both sides; total = offense + defense
Total,tov,-1.1672797736712472,0.19939106778540158,margin_bins,2003-2005,2004.0,2003,2005,7113.8,total,TOV,positive = good on both sides; total = offense + defense
Total,stl,1.573929722220196,0.26069050101476743,margin_bins,2003-2005,2004.0,2003,2005,7113.8,total,STL,positive = good on both sides; total = offense + defense
Total,blk,0.9556038154378511,0.1613768136060601,margin_bins,2003-2005,2004.0,2003,2005,7113.8,total,BLK,positive = good on both sides; total = offense + defense
Total,pf,-0.21463993335140952,0.10577489526999378,margin_bins,2003-2005,2004.0,2003,2005,7113.8,total,PF,positive = good on both sides; total = offense + defense
O,fg3m,1.0642508710941643,0.19079912489859413,base,2006-2008,2007.0,2006,2008,7113.8,offense,3PM,positive = good on both sides; total = offense + defense
O,fg3_miss,0.009813365615540706,0.11692592825536696,base,2006-2008,2007.0,2006,2008,7113.8,offense,3P miss,positive = good on both sides; total = offense + defense
O,fg2m,0.7327921864713781,0.07045419086007942,base,2006-2008,2007.0,2006,2008,7113.8,offense,2PM,positive = good on both sides; total = offense + defense
O,fg2_miss,-0.494640594181601,0.061172074520603054,base,2006-2008,2007.0,2006,2008,7113.8,offense,2P miss,positive = good on both sides; total = offense + defense
O,ftm,0.6736907113500874,0.06143018463744332,base,2006-2008,2007.0,2006,2008,7113.8,offense,FTM,positive = good on both sides; total = offense + defense
O,ft_miss,-0.4509963687833528,0.1422566940933429,base,2006-2008,2007.0,2006,2008,7113.8,offense,FT miss,positive = good on both sides; total = offense + defense
O,orb,0.49225719686947944,0.09854201969741544,base,2006-2008,2007.0,2006,2008,7113.8,offense,ORB,positive = good on both sides; total = offense + defense
O,drb,0.07421540882467409,0.05789991503837497,base,2006-2008,2007.0,2006,2008,7113.8,offense,DRB,positive = good on both sides; total = offense + defense
O,ast,0.36244286192374353,0.05138342627556049,base,2006-2008,2007.0,2006,2008,7113.8,offense,AST,positive = good on both sides; total = offense + defense
O,tov,-0.49647516574056694,0.14482337774494977,base,2006-2008,2007.0,2006,2008,7113.8,offense,TOV,positive = good on both sides; total = offense + defense
O,stl,0.8019585748490694,0.19290286332997778,base,2006-2008,2007.0,2006,2008,7113.8,offense,STL,positive = good on both sides; total = offense + defense
O,blk,-0.10153917955228654,0.11398529446499882,base,2006-2008,2007.0,2006,2008,7113.8,offense,BLK,positive = good on both sides; total = offense + defense
O,pf,-0.24148251754393218,0.07082451667617692,base,2006-2008,2007.0,2006,2008,7113.8,offense,PF,positive = good on both sides; total = offense + defense
D,fg3m,0.09399125316039894,0.2025772193984574,base,2006-2008,2007.0,2006,2008,7113.8,defense,3PM,positive = good on both sides; total = offense + defense
D,fg3_miss,-0.17062781090758633,0.12402930901205678,base,2006-2008,2007.0,2006,2008,7113.8,defense,3P miss,positive = good on both sides; total = offense + defense
D,fg2m,-0.02354267451374709,0.0751320045426734,base,2006-2008,2007.0,2006,2008,7113.8,defense,2PM,positive = good on both sides; total = offense + defense
D,fg2_miss,-0.16059429727607322,0.06597293782147515,base,2006-2008,2007.0,2006,2008,7113.8,defense,2P miss,positive = good on both sides; total = offense + defense
D,ftm,0.020378460981196278,0.06584368062917494,base,2006-2008,2007.0,2006,2008,7113.8,defense,FTM,positive = good on both sides; total = offense + defense
D,ft_miss,0.007690647788781511,0.15246957152978563,base,2006-2008,2007.0,2006,2008,7113.8,defense,FT miss,positive = good on both sides; total = offense + defense
D,orb,-0.0610340454988956,0.10511223155423952,base,2006-2008,2007.0,2006,2008,7113.8,defense,ORB,positive = good on both sides; total = offense + defense
D,drb,0.44334906228975635,0.060982790056804244,base,2006-2008,2007.0,2006,2008,7113.8,defense,DRB,positive = good on both sides; total = offense + defense
D,ast,0.20254202821023562,0.054433515476900285,base,2006-2008,2007.0,2006,2008,7113.8,defense,AST,positive = good on both sides; total = offense + defense
D,tov,-0.5206991234208178,0.15573841143344944,base,2006-2008,2007.0,2006,2008,7113.8,defense,TOV,positive = good on both sides; total = offense + defense
D,stl,1.0906597784367613,0.2068233875888246,base,2006-2008,2007.0,2006,2008,7113.8,defense,STL,positive = good on both sides; total = offense + defense
D,blk,0.9463878173803388,0.1206892523038941,base,2006-2008,2007.0,2006,2008,7113.8,defense,BLK,positive = good on both sides; total = offense + defense
D,pf,0.0951016993582359,0.07492821270596753,base,2006-2008,2007.0,2006,2008,7113.8,defense,PF,positive = good on both sides; total = offense + defense
Total,fg3m,1.1582421242545633,0.27764516794013117,base,2006-2008,2007.0,2006,2008,7113.8,total,3PM,positive = good on both sides; total = offense + defense
Total,fg3_miss,-0.16081444529204564,0.17046005223227206,base,2006-2008,2007.0,2006,2008,7113.8,total,3P miss,positive = good on both sides; total = offense + defense
Total,fg2m,0.709249511957631,0.10348128212045746,base,2006-2008,2007.0,2006,2008,7113.8,total,2PM,positive = good on both sides; total = offense + defense
Total,fg2_miss,-0.6552348914576742,0.08954480440185668,base,2006-2008,2007.0,2006,2008,7113.8,total,2P miss,positive = good on both sides; total = offense + defense
Total,ftm,0.6940691723312837,0.08986969076175436,base,2006-2008,2007.0,2006,2008,7113.8,total,FTM,positive = good on both sides; total = offense + defense
Total,ft_miss,-0.4433057209945713,0.2089419457687195,base,2006-2008,2007.0,2006,2008,7113.8,total,FT miss,positive = good on both sides; total = offense + defense
Total,orb,0.43122315137058387,0.14509206380518197,base,2006-2008,2007.0,2006,2008,7113.8,total,ORB,positive = good on both sides; total = offense + defense
Total,drb,0.5175644711144305,0.08530985653202365,base,2006-2008,2007.0,2006,2008,7113.8,total,DRB,positive = good on both sides; total = offense + defense
Total,ast,0.5649848901339791,0.07527286356016594,base,2006-2008,2007.0,2006,2008,7113.8,total,AST,positive = good on both sides; total = offense + defense
Total,tov,-1.0171742891613849,0.21191185922130384,base,2006-2008,2007.0,2006,2008,7113.8,total,TOV,positive = good on both sides; total = offense + defense
Total,stl,1.8926183532858307,0.284723305793365,base,2006-2008,2007.0,2006,2008,7113.8,total,STL,positive = good on both sides; total = offense + defense
Total,blk,0.8448486378280523,0.166576846209629,base,2006-2008,2007.0,2006,2008,7113.8,total,BLK,positive = good on both sides; total = offense + defense
Total,pf,-0.1463808181856963,0.10466535441137421,base,2006-2008,2007.0,2006,2008,7113.8,total,PF,positive = good on both sides; total = offense + defense
O,fg3m,1.0765223715212617,0.17222838013397582,lam_x3,2006-2008,2007.0,2006,2008,21341.4,offense,3PM,positive = good on both sides; total = offense + defense
O,fg3_miss,0.0004484739701663132,0.1057171170493816,lam_x3,2006-2008,2007.0,2006,2008,21341.4,offense,3P miss,positive = good on both sides; total = offense + defense
O,fg2m,0.764078030278334,0.06335761307700535,lam_x3,2006-2008,2007.0,2006,2008,21341.4,offense,2PM,positive = good on both sides; total = offense + defense
O,fg2_miss,-0.5197040823978849,0.05409669642216594,lam_x3,2006-2008,2007.0,2006,2008,21341.4,offense,2P miss,positive = good on both sides; total = offense + defense
O,ftm,0.6653875587083644,0.05476951394774683,lam_x3,2006-2008,2007.0,2006,2008,21341.4,offense,FTM,positive = good on both sides; total = offense + defense
O,ft_miss,-0.4789587117120893,0.12650947308759483,lam_x3,2006-2008,2007.0,2006,2008,21341.4,offense,FT miss,positive = good on both sides; total = offense + defense
O,orb,0.48908636075700807,0.08872853924358873,lam_x3,2006-2008,2007.0,2006,2008,21341.4,offense,ORB,positive = good on both sides; total = offense + defense
O,drb,0.08010871342958203,0.0533069149267103,lam_x3,2006-2008,2007.0,2006,2008,21341.4,offense,DRB,positive = good on both sides; total = offense + defense
O,ast,0.3506302640664418,0.04671768989501994,lam_x3,2006-2008,2007.0,2006,2008,21341.4,offense,AST,positive = good on both sides; total = offense + defense
O,tov,-0.46396048271735424,0.12850133438003603,lam_x3,2006-2008,2007.0,2006,2008,21341.4,offense,TOV,positive = good on both sides; total = offense + defense
O,stl,0.7325667014315482,0.17182511615714666,lam_x3,2006-2008,2007.0,2006,2008,21341.4,offense,STL,positive = good on both sides; total = offense + defense
O,blk,-0.08433244147366653,0.10392025327309057,lam_x3,2006-2008,2007.0,2006,2008,21341.4,offense,BLK,positive = good on both sides; total = offense + defense
O,pf,-0.23595189660854082,0.06466222789428308,lam_x3,2006-2008,2007.0,2006,2008,21341.4,offense,PF,positive = good on both sides; total = offense + defense
D,fg3m,0.1642502907004631,0.1786945075568553,lam_x3,2006-2008,2007.0,2006,2008,21341.4,defense,3PM,positive = good on both sides; total = offense + defense
D,fg3_miss,-0.18399865020732847,0.10967054927549283,lam_x3,2006-2008,2007.0,2006,2008,21341.4,defense,3P miss,positive = good on both sides; total = offense + defense
D,fg2m,-0.0412655651613054,0.06577005802176587,lam_x3,2006-2008,2007.0,2006,2008,21341.4,defense,2PM,positive = good on both sides; total = offense + defense
D,fg2_miss,-0.13659594331572933,0.056644707290077284,lam_x3,2006-2008,2007.0,2006,2008,21341.4,defense,2P miss,positive = good on both sides; total = offense + defense
D,ftm,0.00025145386535378386,0.05711132481274911,lam_x3,2006-2008,2007.0,2006,2008,21341.4,defense,FTM,positive = good on both sides; total = offense + defense
D,ft_miss,0.0625793773874823,0.13198795773194458,lam_x3,2006-2008,2007.0,2006,2008,21341.4,defense,FT miss,positive = good on both sides; total = offense + defense
D,orb,-0.08661780105600765,0.0921414781528839,lam_x3,2006-2008,2007.0,2006,2008,21341.4,defense,ORB,positive = good on both sides; total = offense + defense
D,drb,0.5222251413727252,0.054888986281448005,lam_x3,2006-2008,2007.0,2006,2008,21341.4,defense,DRB,positive = good on both sides; total = offense + defense
D,ast,0.22915476528073525,0.048339666055503584,lam_x3,2006-2008,2007.0,2006,2008,21341.4,defense,AST,positive = good on both sides; total = offense + defense
D,tov,-0.5703436296099591,0.1341498564532574,lam_x3,2006-2008,2007.0,2006,2008,21341.4,defense,TOV,positive = good on both sides; total = offense + defense
D,stl,1.0903657722636988,0.17928285268756997,lam_x3,2006-2008,2007.0,2006,2008,21341.4,defense,STL,positive = good on both sides; total = offense + defense
D,blk,0.9281869901461797,0.1074611727774774,lam_x3,2006-2008,2007.0,2006,2008,21341.4,defense,BLK,positive = good on both sides; total = offense + defense
D,pf,0.10340986335992004,0.06678596849871342,lam_x3,2006-2008,2007.0,2006,2008,21341.4,defense,PF,positive = good on both sides; total = offense + defense
Total,fg3m,1.2407726622217248,0.24698523467832126,lam_x3,2006-2008,2007.0,2006,2008,21341.4,total,3PM,positive = good on both sides; total = offense + defense
Total,fg3_miss,-0.18355017623716216,0.15204012733714142,lam_x3,2006-2008,2007.0,2006,2008,21341.4,total,3P miss,positive = good on both sides; total = offense + defense
Total,fg2m,0.7228124651170286,0.09169050889129453,lam_x3,2006-2008,2007.0,2006,2008,21341.4,total,2PM,positive = good on both sides; total = offense + defense
Total,fg2_miss,-0.6563000257136142,0.07762805528357958,lam_x3,2006-2008,2007.0,2006,2008,21341.4,total,2P miss,positive = good on both sides; total = offense + defense
Total,ftm,0.6656390125737182,0.07874903483981924,lam_x3,2006-2008,2007.0,2006,2008,21341.4,total,FTM,positive = good on both sides; total = offense + defense
Total,ft_miss,-0.416379334324607,0.18310022786420246,lam_x3,2006-2008,2007.0,2006,2008,21341.4,total,FT miss,positive = good on both sides; total = offense + defense
Total,orb,0.40246855970100043,0.12874532031720562,lam_x3,2006-2008,2007.0,2006,2008,21341.4,total,ORB,positive = good on both sides; total = offense + defense
Total,drb,0.6023338548023073,0.07770951262566836,lam_x3,2006-2008,2007.0,2006,2008,21341.4,total,DRB,positive = good on both sides; total = offense + defense
Total,ast,0.5797850293471771,0.06758941083860376,lam_x3,2006-2008,2007.0,2006,2008,21341.4,total,AST,positive = good on both sides; total = offense + defense
Total,tov,-1.0343041123273133,0.1847725373021812,lam_x3,2006-2008,2007.0,2006,2008,21341.4,total,TOV,positive = good on both sides; total = offense + defense
Total,stl,1.822932473695247,0.2491646790499071,lam_x3,2006-2008,2007.0,2006,2008,21341.4,total,STL,positive = good on both sides; total = offense + defense
Total,blk,0.8438545486725131,0.14982663085126557,lam_x3,2006-2008,2007.0,2006,2008,21341.4,total,BLK,positive = good on both sides; total = offense + defense
Total,pf,-0.1325420332486208,0.09441579755898144,lam_x3,2006-2008,2007.0,2006,2008,21341.4,total,PF,positive = good on both sides; total = offense + defense
O,fg3m,1.051539784763654,0.2231133899349992,lam_div3,2006-2008,2007.0,2006,2008,2371.2666666666664,offense,3PM,positive = good on both sides; total = offense + defense
O,fg3_miss,0.014410862354676882,0.1362655150170649,lam_div3,2006-2008,2007.0,2006,2008,2371.2666666666664,offense,3P miss,positive = good on both sides; total = offense + defense
O,fg2m,0.6889925044205258,0.08337494464166852,lam_div3,2006-2008,2007.0,2006,2008,2371.2666666666664,offense,2PM,positive = good on both sides; total = offense + defense
O,fg2_miss,-0.46043217157699884,0.07388106787687687,lam_div3,2006-2008,2007.0,2006,2008,2371.2666666666664,offense,2P miss,positive = good on both sides; total = offense + defense
O,ftm,0.6861631004638408,0.07341779598158493,lam_div3,2006-2008,2007.0,2006,2008,2371.2666666666664,offense,FTM,positive = good on both sides; total = offense + defense
O,ft_miss,-0.4180044145713678,0.17014060882158616,lam_div3,2006-2008,2007.0,2006,2008,2371.2666666666664,offense,FT miss,positive = good on both sides; total = offense + defense
O,orb,0.4925292801519682,0.11653798470115576,lam_div3,2006-2008,2007.0,2006,2008,2371.2666666666664,offense,ORB,positive = good on both sides; total = offense + defense
O,drb,0.0728489032865863,0.06658425550378098,lam_div3,2006-2008,2007.0,2006,2008,2371.2666666666664,offense,DRB,positive = good on both sides; total = offense + defense
O,ast,0.36888325127512245,0.0597988693331825,lam_div3,2006-2008,2007.0,2006,2008,2371.2666666666664,offense,AST,positive = good on both sides; total = offense + defense
O,tov,-0.5216163241093166,0.17464963700655073,lam_div3,2006-2008,2007.0,2006,2008,2371.2666666666664,offense,TOV,positive = good on both sides; total = offense + defense
O,stl,0.8946261338552303,0.23053325030327906,lam_div3,2006-2008,2007.0,2006,2008,2371.2666666666664,offense,STL,positive = good on both sides; total = offense + defense
O,blk,-0.12308198323428758,0.13244600768195156,lam_div3,2006-2008,2007.0,2006,2008,2371.2666666666664,offense,BLK,positive = good on both sides; total = offense + defense
O,pf,-0.2593519022910651,0.08231715467269847,lam_div3,2006-2008,2007.0,2006,2008,2371.2666666666664,offense,PF,positive = good on both sides; total = offense + defense
D,fg3m,0.007006139446969163,0.2432096524125712,lam_div3,2006-2008,2007.0,2006,2008,2371.2666666666664,defense,3PM,positive = good on both sides; total = offense + defense
D,fg3_miss,-0.14940062513610253,0.14824991262688147,lam_div3,2006-2008,2007.0,2006,2008,2371.2666666666664,defense,3P miss,positive = good on both sides; total = offense + defense
D,fg2m,-0.013783604240556725,0.09162219361933943,lam_div3,2006-2008,2007.0,2006,2008,2371.2666666666664,defense,2PM,positive = good on both sides; total = offense + defense
D,fg2_miss,-0.1803263068283099,0.08203706627275503,lam_div3,2006-2008,2007.0,2006,2008,2371.2666666666664,defense,2P miss,positive = good on both sides; total = offense + defense
D,ftm,0.04194220508065698,0.0811240700684767,lam_div3,2006-2008,2007.0,2006,2008,2371.2666666666664,defense,FTM,positive = good on both sides; total = offense + defense
D,ft_miss,-0.054864363547170156,0.18771831172432782,lam_div3,2006-2008,2007.0,2006,2008,2371.2666666666664,defense,FT miss,positive = good on both sides; total = offense + defense
D,orb,-0.03167310873920641,0.12816097541396218,lam_div3,2006-2008,2007.0,2006,2008,2371.2666666666664,defense,ORB,positive = good on both sides; total = offense + defense
D,drb,0.37502455167743665,0.07237675949064534,lam_div3,2006-2008,2007.0,2006,2008,2371.2666666666664,defense,DRB,positive = good on both sides; total = offense + defense
D,ast,0.16862662966113867,0.06514683177554889,lam_div3,2006-2008,2007.0,2006,2008,2371.2666666666664,defense,AST,positive = good on both sides; total = offense + defense
D,tov,-0.48604041548137983,0.19375193830706486,lam_div3,2006-2008,2007.0,2006,2008,2371.2666666666664,defense,TOV,positive = good on both sides; total = offense + defense
D,stl,1.1173832919339863,0.25480681187743814,lam_div3,2006-2008,2007.0,2006,2008,2371.2666666666664,defense,STL,positive = good on both sides; total = offense + defense
D,blk,0.9723836992057742,0.14472763739679573,lam_div3,2006-2008,2007.0,2006,2008,2371.2666666666664,defense,BLK,positive = good on both sides; total = offense + defense
D,pf,0.07520876089902996,0.08990144059819503,lam_div3,2006-2008,2007.0,2006,2008,2371.2666666666664,defense,PF,positive = good on both sides; total = offense + defense
Total,fg3m,1.0585459242106232,0.32994690729278253,lam_div3,2006-2008,2007.0,2006,2008,2371.2666666666664,total,3PM,positive = good on both sides; total = offense + defense
Total,fg3_miss,-0.13498976278142566,0.20157598997994539,lam_div3,2006-2008,2007.0,2006,2008,2371.2666666666664,total,3P miss,positive = good on both sides; total = offense + defense
Total,fg2m,0.6752089001799692,0.12447165091493206,lam_div3,2006-2008,2007.0,2006,2008,2371.2666666666664,total,2PM,positive = good on both sides; total = offense + defense
Total,fg2_miss,-0.6407584784053088,0.11026241742046158,lam_div3,2006-2008,2007.0,2006,2008,2371.2666666666664,total,2P miss,positive = good on both sides; total = offense + defense
Total,ftm,0.7281053055444977,0.10937001248562521,lam_div3,2006-2008,2007.0,2006,2008,2371.2666666666664,total,FTM,positive = good on both sides; total = offense + defense
Total,ft_miss,-0.47286877811853795,0.2538970633400361,lam_div3,2006-2008,2007.0,2006,2008,2371.2666666666664,total,FT miss,positive = good on both sides; total = offense + defense
Total,orb,0.46085617141276175,0.1743045841580765,lam_div3,2006-2008,2007.0,2006,2008,2371.2666666666664,total,ORB,positive = good on both sides; total = offense + defense
Total,drb,0.447873454964023,0.09953201555510913,lam_div3,2006-2008,2007.0,2006,2008,2371.2666666666664,total,DRB,positive = good on both sides; total = offense + defense
Total,ast,0.5375098809362611,0.0889023100752097,lam_div3,2006-2008,2007.0,2006,2008,2371.2666666666664,total,AST,positive = good on both sides; total = offense + defense
Total,tov,-1.0076567395906963,0.2603090411408139,lam_div3,2006-2008,2007.0,2006,2008,2371.2666666666664,total,TOV,positive = good on both sides; total = offense + defense
Total,stl,2.0120094257892167,0.34634861720168175,lam_div3,2006-2008,2007.0,2006,2008,2371.2666666666664,total,STL,positive = good on both sides; total = offense + defense
Total,blk,0.8493017159714866,0.197005693193769,lam_div3,2006-2008,2007.0,2006,2008,2371.2666666666664,total,BLK,positive = good on both sides; total = offense + defense
Total,pf,-0.18414314139203514,0.12335734430625814,lam_div3,2006-2008,2007.0,2006,2008,2371.2666666666664,total,PF,positive = good on both sides; total = offense + defense
O,fg3m,1.1689207072009316,0.19268676917247574,gt_half,2006-2008,2007.0,2006,2008,7113.8,offense,3PM,positive = good on both sides; total = offense + defense
O,fg3_miss,-0.05960955428137836,0.11829956466852311,gt_half,2006-2008,2007.0,2006,2008,7113.8,offense,3P miss,positive = good on both sides; total = offense + defense
O,fg2m,0.7431071017285673,0.07070849456413675,gt_half,2006-2008,2007.0,2006,2008,7113.8,offense,2PM,positive = good on both sides; total = offense + defense
O,fg2_miss,-0.4990098468342209,0.061384175205466136,gt_half,2006-2008,2007.0,2006,2008,7113.8,offense,2P miss,positive = good on both sides; total = offense + defense
O,ftm,0.6722842933033117,0.061446386603969665,gt_half,2006-2008,2007.0,2006,2008,7113.8,offense,FTM,positive = good on both sides; total = offense + defense
O,ft_miss,-0.4598891103180406,0.14242550457634492,gt_half,2006-2008,2007.0,2006,2008,7113.8,offense,FT miss,positive = good on both sides; total = offense + defense
O,orb,0.4861781666675573,0.09880473931665797,gt_half,2006-2008,2007.0,2006,2008,7113.8,offense,ORB,positive = good on both sides; total = offense + defense
O,drb,0.07469920288952472,0.05809416990326894,gt_half,2006-2008,2007.0,2006,2008,7113.8,offense,DRB,positive = good on both sides; total = offense + defense
O,ast,0.36337740575722083,0.05148080708441745,gt_half,2006-2008,2007.0,2006,2008,7113.8,offense,AST,positive = good on both sides; total = offense + defense
O,tov,-0.5120453963524942,0.14501127325115035,gt_half,2006-2008,2007.0,2006,2008,7113.8,offense,TOV,positive = good on both sides; total = offense + defense
O,stl,0.8143233155226831,0.19298823959937345,gt_half,2006-2008,2007.0,2006,2008,7113.8,offense,STL,positive = good on both sides; total = offense + defense
O,blk,-0.0791484915670358,0.11422851732686029,gt_half,2006-2008,2007.0,2006,2008,7113.8,offense,BLK,positive = good on both sides; total = offense + defense
O,pf,-0.24021806859901296,0.07122247279219339,gt_half,2006-2008,2007.0,2006,2008,7113.8,offense,PF,positive = good on both sides; total = offense + defense
D,fg3m,0.04433939889960629,0.20463029892243104,gt_half,2006-2008,2007.0,2006,2008,7113.8,defense,3PM,positive = good on both sides; total = offense + defense
D,fg3_miss,-0.13540867548107505,0.12554715240079142,gt_half,2006-2008,2007.0,2006,2008,7113.8,defense,3P miss,positive = good on both sides; total = offense + defense
D,fg2m,-0.03539305621296697,0.07542389141877329,gt_half,2006-2008,2007.0,2006,2008,7113.8,defense,2PM,positive = good on both sides; total = offense + defense
D,fg2_miss,-0.15420764974233714,0.06621578428214157,gt_half,2006-2008,2007.0,2006,2008,7113.8,defense,2P miss,positive = good on both sides; total = offense + defense
D,ftm,0.014441965707201463,0.06585094291499745,gt_half,2006-2008,2007.0,2006,2008,7113.8,defense,FTM,positive = good on both sides; total = offense + defense
D,ft_miss,0.02515758958188028,0.15267725012463193,gt_half,2006-2008,2007.0,2006,2008,7113.8,defense,FT miss,positive = good on both sides; total = offense + defense
D,orb,-0.06819333685644728,0.10538109742114117,gt_half,2006-2008,2007.0,2006,2008,7113.8,defense,ORB,positive = good on both sides; total = offense + defense
D,drb,0.44927711837825823,0.06116687800033444,gt_half,2006-2008,2007.0,2006,2008,7113.8,defense,DRB,positive = good on both sides; total = offense + defense
D,ast,0.20539126793132784,0.05453249976308417,gt_half,2006-2008,2007.0,2006,2008,7113.8,defense,AST,positive = good on both sides; total = offense + defense
D,tov,-0.533113712642162,0.155948870526174,gt_half,2006-2008,2007.0,2006,2008,7113.8,defense,TOV,positive = good on both sides; total = offense + defense
D,stl,1.0741410044715345,0.2069112619787112,gt_half,2006-2008,2007.0,2006,2008,7113.8,defense,STL,positive = good on both sides; total = offense + defense
D,blk,0.9641827362091699,0.12091617426832138,gt_half,2006-2008,2007.0,2006,2008,7113.8,defense,BLK,positive = good on both sides; total = offense + defense
D,pf,0.0872899334814919,0.0753163225819742,gt_half,2006-2008,2007.0,2006,2008,7113.8,defense,PF,positive = good on both sides; total = offense + defense
Total,fg3m,1.213260106100538,0.2804258351253303,gt_half,2006-2008,2007.0,2006,2008,7113.8,total,3PM,positive = good on both sides; total = offense + defense
Total,fg3_miss,-0.19501822976245342,0.1724987749998529,gt_half,2006-2008,2007.0,2006,2008,7113.8,total,3P miss,positive = good on both sides; total = offense + defense
Total,fg2m,0.7077140455156004,0.10383217466913791,gt_half,2006-2008,2007.0,2006,2008,7113.8,total,2PM,positive = good on both sides; total = offense + defense
Total,fg2_miss,-0.653217496576558,0.089825092043744,gt_half,2006-2008,2007.0,2006,2008,7113.8,total,2P miss,positive = good on both sides; total = offense + defense
Total,ftm,0.6867262590105132,0.08992617184799487,gt_half,2006-2008,2007.0,2006,2008,7113.8,total,FTM,positive = good on both sides; total = offense + defense
Total,ft_miss,-0.4347315207361603,0.20903477534779474,gt_half,2006-2008,2007.0,2006,2008,7113.8,total,FT miss,positive = good on both sides; total = offense + defense
Total,orb,0.41798482981111,0.14546671509840753,gt_half,2006-2008,2007.0,2006,2008,7113.8,total,ORB,positive = good on both sides; total = offense + defense
Total,drb,0.5239763212677829,0.08556593988913587,gt_half,2006-2008,2007.0,2006,2008,7113.8,total,DRB,positive = good on both sides; total = offense + defense
Total,ast,0.5687686736885487,0.07543691796836047,gt_half,2006-2008,2007.0,2006,2008,7113.8,total,AST,positive = good on both sides; total = offense + defense
Total,tov,-1.0451591089946564,0.212132118548076,gt_half,2006-2008,2007.0,2006,2008,7113.8,total,TOV,positive = good on both sides; total = offense + defense
Total,stl,1.8884643199942177,0.2846140814533442,gt_half,2006-2008,2007.0,2006,2008,7113.8,total,STL,positive = good on both sides; total = offense + defense
Total,blk,0.8850342446421342,0.16685870502154915,gt_half,2006-2008,2007.0,2006,2008,7113.8,total,BLK,positive = good on both sides; total = offense + defense
Total,pf,-0.15292813511752107,0.10531122917242129,gt_half,2006-2008,2007.0,2006,2008,7113.8,total,PF,positive = good on both sides; total = offense + defense
O,fg3m,1.2898478596249099,0.1948956580387957,gt_zero,2006-2008,2007.0,2006,2008,7113.8,offense,3PM,positive = good on both sides; total = offense + defense
O,fg3_miss,-0.13903374218044995,0.11990294970216635,gt_zero,2006-2008,2007.0,2006,2008,7113.8,offense,3P miss,positive = good on both sides; total = offense + defense
O,fg2m,0.7541637769068352,0.07101140679035466,gt_zero,2006-2008,2007.0,2006,2008,7113.8,offense,2PM,positive = good on both sides; total = offense + defense
O,fg2_miss,-0.5037358489970063,0.06164103516757571,gt_zero,2006-2008,2007.0,2006,2008,7113.8,offense,2P miss,positive = good on both sides; total = offense + defense
O,ftm,0.6708495972726509,0.06148478509167479,gt_zero,2006-2008,2007.0,2006,2008,7113.8,offense,FTM,positive = good on both sides; total = offense + defense
O,ft_miss,-0.4700240482245326,0.1426609177891428,gt_zero,2006-2008,2007.0,2006,2008,7113.8,offense,FT miss,positive = good on both sides; total = offense + defense
O,orb,0.4798355483951753,0.09912521755753227,gt_zero,2006-2008,2007.0,2006,2008,7113.8,offense,ORB,positive = good on both sides; total = offense + defense
O,drb,0.07469091389642873,0.05832802348978737,gt_zero,2006-2008,2007.0,2006,2008,7113.8,offense,DRB,positive = good on both sides; total = offense + defense
O,ast,0.3641660745519719,0.051601429242211026,gt_zero,2006-2008,2007.0,2006,2008,7113.8,offense,AST,positive = good on both sides; total = offense + defense
O,tov,-0.5270617006725051,0.1452668436323572,gt_zero,2006-2008,2007.0,2006,2008,7113.8,offense,TOV,positive = good on both sides; total = offense + defense
O,stl,0.8306370149398625,0.1931440941653589,gt_zero,2006-2008,2007.0,2006,2008,7113.8,offense,STL,positive = good on both sides; total = offense + defense
O,blk,-0.055551758372990256,0.11453350022974432,gt_zero,2006-2008,2007.0,2006,2008,7113.8,offense,BLK,positive = good on both sides; total = offense + defense
O,pf,-0.23898411010969894,0.07169248822203049,gt_zero,2006-2008,2007.0,2006,2008,7113.8,offense,PF,positive = good on both sides; total = offense + defense
D,fg3m,-0.014103645087496952,0.2070805368937768,gt_zero,2006-2008,2007.0,2006,2008,7113.8,defense,3PM,positive = good on both sides; total = offense + defense
D,fg3_miss,-0.09315999847431095,0.12735314679727483,gt_zero,2006-2008,2007.0,2006,2008,7113.8,defense,3P miss,positive = good on both sides; total = offense + defense
D,fg2m,-0.048961482860794714,0.07578248463614094,gt_zero,2006-2008,2007.0,2006,2008,7113.8,defense,2PM,positive = good on both sides; total = offense + defense
D,fg2_miss,-0.14647083144710454,0.06651902964405834,gt_zero,2006-2008,2007.0,2006,2008,7113.8,defense,2P miss,positive = good on both sides; total = offense + defense
D,ftm,0.007181149617227489,0.06588791966310267,gt_zero,2006-2008,2007.0,2006,2008,7113.8,defense,FTM,positive = good on both sides; total = offense + defense
D,ft_miss,0.04333550400146474,0.15297879517489243,gt_zero,2006-2008,2007.0,2006,2008,7113.8,defense,FT miss,positive = good on both sides; total = offense + defense
D,orb,-0.07561631993003737,0.10572289086442029,gt_zero,2006-2008,2007.0,2006,2008,7113.8,defense,ORB,positive = good on both sides; total = offense + defense
D,drb,0.45498502727505663,0.061397893505738085,gt_zero,2006-2008,2007.0,2006,2008,7113.8,defense,DRB,positive = good on both sides; total = offense + defense
D,ast,0.20828535866307213,0.05466072736803318,gt_zero,2006-2008,2007.0,2006,2008,7113.8,defense,AST,positive = good on both sides; total = offense + defense
D,tov,-0.5447446854105658,0.156249206262402,gt_zero,2006-2008,2007.0,2006,2008,7113.8,defense,TOV,positive = good on both sides; total = offense + defense
D,stl,1.0535414861387122,0.2070948565497505,gt_zero,2006-2008,2007.0,2006,2008,7113.8,defense,STL,positive = good on both sides; total = offense + defense
D,blk,0.9843634858170953,0.12122108107081961,gt_zero,2006-2008,2007.0,2006,2008,7113.8,defense,BLK,positive = good on both sides; total = offense + defense
D,pf,0.07897556254375174,0.07578743466533326,gt_zero,2006-2008,2007.0,2006,2008,7113.8,defense,PF,positive = good on both sides; total = offense + defense
Total,fg3m,1.275744214537413,0.2836936998311736,gt_zero,2006-2008,2007.0,2006,2008,7113.8,total,3PM,positive = good on both sides; total = offense + defense
Total,fg3_miss,-0.2321937406547609,0.17488900137033803,gt_zero,2006-2008,2007.0,2006,2008,7113.8,total,3P miss,positive = good on both sides; total = offense + defense
Total,fg2m,0.7052022940460405,0.10425583137348605,gt_zero,2006-2008,2007.0,2006,2008,7113.8,total,2PM,positive = good on both sides; total = offense + defense
Total,fg2_miss,-0.6502066804441109,0.09017393506786714,gt_zero,2006-2008,2007.0,2006,2008,7113.8,total,2P miss,positive = good on both sides; total = offense + defense
Total,ftm,0.6780307468898784,0.09002952485390131,gt_zero,2006-2008,2007.0,2006,2008,7113.8,total,FTM,positive = good on both sides; total = offense + defense
Total,ft_miss,-0.42668854422306784,0.20921130047567746,gt_zero,2006-2008,2007.0,2006,2008,7113.8,total,FT miss,positive = good on both sides; total = offense + defense
Total,orb,0.4042192284651379,0.14593101545747203,gt_zero,2006-2008,2007.0,2006,2008,7113.8,total,ORB,positive = good on both sides; total = offense + defense
Total,drb,0.5296759411714853,0.08588237430573313,gt_zero,2006-2008,2007.0,2006,2008,7113.8,total,DRB,positive = good on both sides; total = offense + defense
Total,ast,0.5724514332150441,0.07564334106232566,gt_zero,2006-2008,2007.0,2006,2008,7113.8,total,AST,positive = good on both sides; total = offense + defense
Total,tov,-1.0718063860830709,0.2124549552960603,gt_zero,2006-2008,2007.0,2006,2008,7113.8,total,TOV,positive = good on both sides; total = offense + defense
Total,stl,1.8841785010785748,0.2845828958354481,gt_zero,2006-2008,2007.0,2006,2008,7113.8,total,STL,positive = good on both sides; total = offense + defense
Total,blk,0.928811727444105,0.16723626669831015,gt_zero,2006-2008,2007.0,2006,2008,7113.8,total,BLK,positive = good on both sides; total = offense + defense
Total,pf,-0.1600085475659472,0.10608503785775823,gt_zero,2006-2008,2007.0,2006,2008,7113.8,total,PF,positive = good on both sides; total = offense + defense
O,fg3m,1.0595341868207035,0.19083825444449387,margin_bins,2006-2008,2007.0,2006,2008,7113.8,offense,3PM,positive = good on both sides; total = offense + defense
O,fg3_miss,-0.0012375181500425825,0.11695490387727714,margin_bins,2006-2008,2007.0,2006,2008,7113.8,offense,3P miss,positive = good on both sides; total = offense + defense
O,fg2m,0.7375704522821416,0.0704689957058845,margin_bins,2006-2008,2007.0,2006,2008,7113.8,offense,2PM,positive = good on both sides; total = offense + defense
O,fg2_miss,-0.4958510754282255,0.061180643695206094,margin_bins,2006-2008,2007.0,2006,2008,7113.8,offense,2P miss,positive = good on both sides; total = offense + defense
O,ftm,0.6719916283023162,0.061456914944917396,margin_bins,2006-2008,2007.0,2006,2008,7113.8,offense,FTM,positive = good on both sides; total = offense + defense
O,ft_miss,-0.44344822119463034,0.14228318097608314,margin_bins,2006-2008,2007.0,2006,2008,7113.8,offense,FT miss,positive = good on both sides; total = offense + defense
O,orb,0.49987881684682467,0.09856324324172043,margin_bins,2006-2008,2007.0,2006,2008,7113.8,offense,ORB,positive = good on both sides; total = offense + defense
O,drb,0.08209497343223426,0.05793759003696788,margin_bins,2006-2008,2007.0,2006,2008,7113.8,offense,DRB,positive = good on both sides; total = offense + defense
O,ast,0.3613360839216112,0.051409084908112745,margin_bins,2006-2008,2007.0,2006,2008,7113.8,offense,AST,positive = good on both sides; total = offense + defense
O,tov,-0.5065428949534867,0.14485059621487378,margin_bins,2006-2008,2007.0,2006,2008,7113.8,offense,TOV,positive = good on both sides; total = offense + defense
O,stl,0.7843222519207349,0.19295327144498475,margin_bins,2006-2008,2007.0,2006,2008,7113.8,offense,STL,positive = good on both sides; total = offense + defense
O,blk,-0.08885388091758362,0.11400670725525672,margin_bins,2006-2008,2007.0,2006,2008,7113.8,offense,BLK,positive = good on both sides; total = offense + defense
O,pf,-0.24831644499379435,0.07092642658974264,margin_bins,2006-2008,2007.0,2006,2008,7113.8,offense,PF,positive = good on both sides; total = offense + defense
D,fg3m,0.07970228266884527,0.20261062858616036,margin_bins,2006-2008,2007.0,2006,2008,7113.8,defense,3PM,positive = good on both sides; total = offense + defense
D,fg3_miss,-0.15606993811895276,0.12406178145853383,margin_bins,2006-2008,2007.0,2006,2008,7113.8,defense,3P miss,positive = good on both sides; total = offense + defense
D,fg2m,-0.03097700407133941,0.07514527110991596,margin_bins,2006-2008,2007.0,2006,2008,7113.8,defense,2PM,positive = good on both sides; total = offense + defense
D,fg2_miss,-0.1561268073180242,0.06598073155172897,margin_bins,2006-2008,2007.0,2006,2008,7113.8,defense,2P miss,positive = good on both sides; total = offense + defense
D,ftm,0.0258133774110057,0.06587166041941839,margin_bins,2006-2008,2007.0,2006,2008,7113.8,defense,FTM,positive = good on both sides; total = offense + defense
D,ft_miss,0.00815527955788975,0.15249262525584542,margin_bins,2006-2008,2007.0,2006,2008,7113.8,defense,FT miss,positive = good on both sides; total = offense + defense
D,orb,-0.06811742967533974,0.1051318410937352,margin_bins,2006-2008,2007.0,2006,2008,7113.8,defense,ORB,positive = good on both sides; total = offense + defense
D,drb,0.4320853061735892,0.06102228990372943,margin_bins,2006-2008,2007.0,2006,2008,7113.8,defense,DRB,positive = good on both sides; total = offense + defense
D,ast,0.20327074498799608,0.054458067545171567,margin_bins,2006-2008,2007.0,2006,2008,7113.8,defense,AST,positive = good on both sides; total = offense + defense
D,tov,-0.518865168872022,0.15576071488383414,margin_bins,2006-2008,2007.0,2006,2008,7113.8,defense,TOV,positive = good on both sides; total = offense + defense
D,stl,1.1030501525687055,0.20687403022447576,margin_bins,2006-2008,2007.0,2006,2008,7113.8,defense,STL,positive = good on both sides; total = offense + defense
D,blk,0.9392095026512697,0.12071257064536252,margin_bins,2006-2008,2007.0,2006,2008,7113.8,defense,BLK,positive = good on both sides; total = offense + defense
D,pf,0.09967207955590796,0.07502973653905269,margin_bins,2006-2008,2007.0,2006,2008,7113.8,defense,PF,positive = good on both sides; total = offense + defense
Total,fg3m,1.139236469489549,0.27768271867106353,margin_bins,2006-2008,2007.0,2006,2008,7113.8,total,3PM,positive = good on both sides; total = offense + defense
Total,fg3_miss,-0.15730745626899534,0.17047322267481774,margin_bins,2006-2008,2007.0,2006,2008,7113.8,total,3P miss,positive = good on both sides; total = offense + defense
Total,fg2m,0.7065934482108022,0.10348550788184306,margin_bins,2006-2008,2007.0,2006,2008,7113.8,total,2PM,positive = good on both sides; total = offense + defense
Total,fg2_miss,-0.6519778827462497,0.0895539457667435,margin_bins,2006-2008,2007.0,2006,2008,7113.8,total,2P miss,positive = good on both sides; total = offense + defense
Total,ftm,0.6978050057133218,0.08987347538154854,margin_bins,2006-2008,2007.0,2006,2008,7113.8,total,FTM,positive = good on both sides; total = offense + defense
Total,ft_miss,-0.4352929416367406,0.20896955219134156,margin_bins,2006-2008,2007.0,2006,2008,7113.8,total,FT miss,positive = good on both sides; total = offense + defense
Total,orb,0.43176138717148493,0.1451067126877413,margin_bins,2006-2008,2007.0,2006,2008,7113.8,total,ORB,positive = good on both sides; total = offense + defense
Total,drb,0.5141802796058235,0.08532035762121772,margin_bins,2006-2008,2007.0,2006,2008,7113.8,total,DRB,positive = good on both sides; total = offense + defense
Total,ast,0.5646068289096073,0.07528851738232659,margin_bins,2006-2008,2007.0,2006,2008,7113.8,total,AST,positive = good on both sides; total = offense + defense
Total,tov,-1.0254080638255088,0.2119449414235443,margin_bins,2006-2008,2007.0,2006,2008,7113.8,total,TOV,positive = good on both sides; total = offense + defense
Total,stl,1.8873724044894404,0.284754104396722,margin_bins,2006-2008,2007.0,2006,2008,7113.8,total,STL,positive = good on both sides; total = offense + defense
Total,blk,0.8503556217336861,0.1665762702023925,margin_bins,2006-2008,2007.0,2006,2008,7113.8,total,BLK,positive = good on both sides; total = offense + defense
Total,pf,-0.1486443654378864,0.10469073213754328,margin_bins,2006-2008,2007.0,2006,2008,7113.8,total,PF,positive = good on both sides; total = offense + defense
O,fg3m,0.949585889604715,0.18492373199878498,base,2009-2011,2010.0,2009,2011,7113.8,offense,3PM,positive = good on both sides; total = offense + defense
O,fg3_miss,0.11540986514345847,0.11358556436185913,base,2009-2011,2010.0,2009,2011,7113.8,offense,3P miss,positive = good on both sides; total = offense + defense
O,fg2m,0.5743335989046103,0.07218413792074022,base,2009-2011,2010.0,2009,2011,7113.8,offense,2PM,positive = good on both sides; total = offense + defense
O,fg2_miss,-0.45710150034685565,0.06310424867580267,base,2009-2011,2010.0,2009,2011,7113.8,offense,2P miss,positive = good on both sides; total = offense + defense
O,ftm,0.5762629939612751,0.06218602134503057,base,2009-2011,2010.0,2009,2011,7113.8,offense,FTM,positive = good on both sides; total = offense + defense
O,ft_miss,-0.24058796913788175,0.15736922049432808,base,2009-2011,2010.0,2009,2011,7113.8,offense,FT miss,positive = good on both sides; total = offense + defense
O,orb,0.5764443204060397,0.09931920339488506,base,2009-2011,2010.0,2009,2011,7113.8,offense,ORB,positive = good on both sides; total = offense + defense
O,drb,0.05170841646631585,0.05567014023746833,base,2009-2011,2010.0,2009,2011,7113.8,offense,DRB,positive = good on both sides; total = offense + defense
O,ast,0.4634930477289334,0.05293502069486125,base,2009-2011,2010.0,2009,2011,7113.8,offense,AST,positive = good on both sides; total = offense + defense
O,tov,-0.6286441256528197,0.14212560113524214,base,2009-2011,2010.0,2009,2011,7113.8,offense,TOV,positive = good on both sides; total = offense + defense
O,stl,0.4791669081485757,0.19057332284758838,base,2009-2011,2010.0,2009,2011,7113.8,offense,STL,positive = good on both sides; total = offense + defense
O,blk,-0.06840431543105523,0.1302539169040578,base,2009-2011,2010.0,2009,2011,7113.8,offense,BLK,positive = good on both sides; total = offense + defense
O,pf,-0.2743010911623006,0.07076375941250752,base,2009-2011,2010.0,2009,2011,7113.8,offense,PF,positive = good on both sides; total = offense + defense
D,fg3m,0.259208981930134,0.1968487711817122,base,2009-2011,2010.0,2009,2011,7113.8,defense,3PM,positive = good on both sides; total = offense + defense
D,fg3_miss,-0.29669087750448264,0.12082333882898874,base,2009-2011,2010.0,2009,2011,7113.8,defense,3P miss,positive = good on both sides; total = offense + defense
D,fg2m,0.07981034615260338,0.07669563226355332,base,2009-2011,2010.0,2009,2011,7113.8,defense,2PM,positive = good on both sides; total = offense + defense
D,fg2_miss,-0.19385920800258563,0.06780439759058401,base,2009-2011,2010.0,2009,2011,7113.8,defense,2P miss,positive = good on both sides; total = offense + defense
D,ftm,-0.009234277061014293,0.06663316498843733,base,2009-2011,2010.0,2009,2011,7113.8,defense,FTM,positive = good on both sides; total = offense + defense
D,ft_miss,0.29370842759701565,0.16863746639624574,base,2009-2011,2010.0,2009,2011,7113.8,defense,FT miss,positive = good on both sides; total = offense + defense
D,orb,-0.18191936228903116,0.10550030351910249,base,2009-2011,2010.0,2009,2011,7113.8,defense,ORB,positive = good on both sides; total = offense + defense
D,drb,0.48695419085246583,0.05848911730378847,base,2009-2011,2010.0,2009,2011,7113.8,defense,DRB,positive = good on both sides; total = offense + defense
D,ast,0.0867065881001834,0.055819428710587926,base,2009-2011,2010.0,2009,2011,7113.8,defense,AST,positive = good on both sides; total = offense + defense
D,tov,-0.522307436150257,0.1535828379914091,base,2009-2011,2010.0,2009,2011,7113.8,defense,TOV,positive = good on both sides; total = offense + defense
D,stl,1.3932950577664818,0.2056720213986104,base,2009-2011,2010.0,2009,2011,7113.8,defense,STL,positive = good on both sides; total = offense + defense
D,blk,0.6715000172660717,0.13753814792099328,base,2009-2011,2010.0,2009,2011,7113.8,defense,BLK,positive = good on both sides; total = offense + defense
D,pf,-0.02928136196417054,0.07481405217282604,base,2009-2011,2010.0,2009,2011,7113.8,defense,PF,positive = good on both sides; total = offense + defense
Total,fg3m,1.2087948715348489,0.26911014099996683,base,2009-2011,2010.0,2009,2011,7113.8,total,3PM,positive = good on both sides; total = offense + defense
Total,fg3_miss,-0.18128101236102417,0.16532744948429273,base,2009-2011,2010.0,2009,2011,7113.8,total,3P miss,positive = good on both sides; total = offense + defense
Total,fg2m,0.6541439450572137,0.10575647082438293,base,2009-2011,2010.0,2009,2011,7113.8,total,2PM,positive = good on both sides; total = offense + defense
Total,fg2_miss,-0.6509607083494413,0.0928216434544194,base,2009-2011,2010.0,2009,2011,7113.8,total,2P miss,positive = good on both sides; total = offense + defense
Total,ftm,0.5670287169002608,0.09114683199910108,base,2009-2011,2010.0,2009,2011,7113.8,total,FTM,positive = good on both sides; total = offense + defense
Total,ft_miss,0.05312045845913391,0.2305409189307456,base,2009-2011,2010.0,2009,2011,7113.8,total,FT miss,positive = good on both sides; total = offense + defense
Total,orb,0.3945249581170085,0.14579610374673177,base,2009-2011,2010.0,2009,2011,7113.8,total,ORB,positive = good on both sides; total = offense + defense
Total,drb,0.5386626073187817,0.08243306684910777,base,2009-2011,2010.0,2009,2011,7113.8,total,DRB,positive = good on both sides; total = offense + defense
Total,ast,0.5501996358291168,0.07753310238632602,base,2009-2011,2010.0,2009,2011,7113.8,total,AST,positive = good on both sides; total = offense + defense
Total,tov,-1.1509515618030766,0.2083975664142721,base,2009-2011,2010.0,2009,2011,7113.8,total,TOV,positive = good on both sides; total = offense + defense
Total,stl,1.8724619659150574,0.2806844482565652,base,2009-2011,2010.0,2009,2011,7113.8,total,STL,positive = good on both sides; total = offense + defense
Total,blk,0.6030957018350165,0.1901310543250514,base,2009-2011,2010.0,2009,2011,7113.8,total,BLK,positive = good on both sides; total = offense + defense
Total,pf,-0.30358245312647114,0.10481250347158776,base,2009-2011,2010.0,2009,2011,7113.8,total,PF,positive = good on both sides; total = offense + defense
O,fg3m,0.9662537166507235,0.16693668503107656,lam_x3,2009-2011,2010.0,2009,2011,21341.4,offense,3PM,positive = good on both sides; total = offense + defense
O,fg3_miss,0.09787744524044031,0.10276451911710745,lam_x3,2009-2011,2010.0,2009,2011,21341.4,offense,3P miss,positive = good on both sides; total = offense + defense
O,fg2m,0.5783667456482743,0.06540840293624998,lam_x3,2009-2011,2010.0,2009,2011,21341.4,offense,2PM,positive = good on both sides; total = offense + defense
O,fg2_miss,-0.4564212863421113,0.05624525666478945,lam_x3,2009-2011,2010.0,2009,2011,21341.4,offense,2P miss,positive = good on both sides; total = offense + defense
O,ftm,0.5891068000626749,0.05544457609242312,lam_x3,2009-2011,2010.0,2009,2011,21341.4,offense,FTM,positive = good on both sides; total = offense + defense
O,ft_miss,-0.20249451737478985,0.1401371717326996,lam_x3,2009-2011,2010.0,2009,2011,21341.4,offense,FT miss,positive = good on both sides; total = offense + defense
O,orb,0.5683033249934003,0.0900265468476284,lam_x3,2009-2011,2010.0,2009,2011,21341.4,offense,ORB,positive = good on both sides; total = offense + defense
O,drb,0.054006235693936276,0.05146653021079234,lam_x3,2009-2011,2010.0,2009,2011,21341.4,offense,DRB,positive = good on both sides; total = offense + defense
O,ast,0.46721716785168377,0.04853992004309745,lam_x3,2009-2011,2010.0,2009,2011,21341.4,offense,AST,positive = good on both sides; total = offense + defense
O,tov,-0.6611018534299955,0.12495190472342907,lam_x3,2009-2011,2010.0,2009,2011,21341.4,offense,TOV,positive = good on both sides; total = offense + defense
O,stl,0.5057040853554409,0.16830153346786858,lam_x3,2009-2011,2010.0,2009,2011,21341.4,offense,STL,positive = good on both sides; total = offense + defense
O,blk,-0.0645207927677179,0.1196281821956532,lam_x3,2009-2011,2010.0,2009,2011,21341.4,offense,BLK,positive = good on both sides; total = offense + defense
O,pf,-0.25390503661683184,0.06475485025251086,lam_x3,2009-2011,2010.0,2009,2011,21341.4,offense,PF,positive = good on both sides; total = offense + defense
D,fg3m,0.2557986249655681,0.17310040543351293,lam_x3,2009-2011,2010.0,2009,2011,21341.4,defense,3PM,positive = good on both sides; total = offense + defense
D,fg3_miss,-0.2729092597230364,0.10650890637306323,lam_x3,2009-2011,2010.0,2009,2011,21341.4,defense,3P miss,positive = good on both sides; total = offense + defense
D,fg2m,0.05425329162128177,0.06766887495563463,lam_x3,2009-2011,2010.0,2009,2011,21341.4,defense,2PM,positive = good on both sides; total = offense + defense
D,fg2_miss,-0.18444785304475375,0.05868183356855307,lam_x3,2009-2011,2010.0,2009,2011,21341.4,defense,2P miss,positive = good on both sides; total = offense + defense
D,ftm,-0.00947139979250447,0.05777482543533876,lam_x3,2009-2011,2010.0,2009,2011,21341.4,defense,FTM,positive = good on both sides; total = offense + defense
D,ft_miss,0.34096778626513424,0.14611068118007553,lam_x3,2009-2011,2010.0,2009,2011,21341.4,defense,FT miss,positive = good on both sides; total = offense + defense
D,orb,-0.1865560072491673,0.09327920960729598,lam_x3,2009-2011,2010.0,2009,2011,21341.4,defense,ORB,positive = good on both sides; total = offense + defense
D,drb,0.5557977796324746,0.05285312531729162,lam_x3,2009-2011,2010.0,2009,2011,21341.4,defense,DRB,positive = good on both sides; total = offense + defense
D,ast,0.1201122396595964,0.04997971170999027,lam_x3,2009-2011,2010.0,2009,2011,21341.4,defense,AST,positive = good on both sides; total = offense + defense
D,tov,-0.5782533517163437,0.13086179298312475,lam_x3,2009-2011,2010.0,2009,2011,21341.4,defense,TOV,positive = good on both sides; total = offense + defense
D,stl,1.3899081496972219,0.17619826364320915,lam_x3,2009-2011,2010.0,2009,2011,21341.4,defense,STL,positive = good on both sides; total = offense + defense
D,blk,0.6763929832790198,0.12338754226419961,lam_x3,2009-2011,2010.0,2009,2011,21341.4,defense,BLK,positive = good on both sides; total = offense + defense
D,pf,-0.01524655394703123,0.0667153513977814,lam_x3,2009-2011,2010.0,2009,2011,21341.4,defense,PF,positive = good on both sides; total = offense + defense
Total,fg3m,1.2220523416162916,0.23909060029065266,lam_x3,2009-2011,2010.0,2009,2011,21341.4,total,3PM,positive = good on both sides; total = offense + defense
Total,fg3_miss,-0.1750318144825961,0.14716695853921447,lam_x3,2009-2011,2010.0,2009,2011,21341.4,total,3P miss,positive = good on both sides; total = offense + defense
Total,fg2m,0.6326200372695561,0.09431657884100862,lam_x3,2009-2011,2010.0,2009,2011,21341.4,total,2PM,positive = good on both sides; total = offense + defense
Total,fg2_miss,-0.6408691393868651,0.08132443467156326,lam_x3,2009-2011,2010.0,2009,2011,21341.4,total,2P miss,positive = good on both sides; total = offense + defense
Total,ftm,0.5796354002701705,0.0798538955573821,lam_x3,2009-2011,2010.0,2009,2011,21341.4,total,FTM,positive = good on both sides; total = offense + defense
Total,ft_miss,0.1384732688903444,0.20179845884452047,lam_x3,2009-2011,2010.0,2009,2011,21341.4,total,FT miss,positive = good on both sides; total = offense + defense
Total,orb,0.381747317744233,0.13036118551918022,lam_x3,2009-2011,2010.0,2009,2011,21341.4,total,ORB,positive = good on both sides; total = offense + defense
Total,drb,0.6098040153264108,0.07548195870722205,lam_x3,2009-2011,2010.0,2009,2011,21341.4,total,DRB,positive = good on both sides; total = offense + defense
Total,ast,0.5873294075112802,0.07013672578093773,lam_x3,2009-2011,2010.0,2009,2011,21341.4,total,AST,positive = good on both sides; total = offense + defense
Total,tov,-1.2393552051463392,0.1796815552647617,lam_x3,2009-2011,2010.0,2009,2011,21341.4,total,TOV,positive = good on both sides; total = offense + defense
Total,stl,1.8956122350526627,0.2433052271119372,lam_x3,2009-2011,2010.0,2009,2011,21341.4,total,STL,positive = good on both sides; total = offense + defense
Total,blk,0.6118721905113018,0.17227786644732115,lam_x3,2009-2011,2010.0,2009,2011,21341.4,total,BLK,positive = good on both sides; total = offense + defense
Total,pf,-0.26915159056386306,0.09478173071603892,lam_x3,2009-2011,2010.0,2009,2011,21341.4,total,PF,positive = good on both sides; total = offense + defense
O,fg3m,0.9279599899132922,0.21812653306149243,lam_div3,2009-2011,2010.0,2009,2011,2371.2666666666664,offense,3PM,positive = good on both sides; total = offense + defense
O,fg3_miss,0.13363208079131172,0.13354073269108918,lam_div3,2009-2011,2010.0,2009,2011,2371.2666666666664,offense,3P miss,positive = good on both sides; total = offense + defense
O,fg2m,0.5665698275241309,0.08488354216736098,lam_div3,2009-2011,2010.0,2009,2011,2371.2666666666664,offense,2PM,positive = good on both sides; total = offense + defense
O,fg2_miss,-0.45445086163036513,0.07570127637737198,lam_div3,2009-2011,2010.0,2009,2011,2371.2666666666664,offense,2P miss,positive = good on both sides; total = offense + defense
O,ftm,0.5663390869386731,0.07442775441105418,lam_div3,2009-2011,2010.0,2009,2011,2371.2666666666664,offense,FTM,positive = good on both sides; total = offense + defense
O,ft_miss,-0.2990674320747291,0.18818311276774438,lam_div3,2009-2011,2010.0,2009,2011,2371.2666666666664,offense,FT miss,positive = good on both sides; total = offense + defense
O,orb,0.5915794972099426,0.11621018863012225,lam_div3,2009-2011,2010.0,2009,2011,2371.2666666666664,offense,ORB,positive = good on both sides; total = offense + defense
O,drb,0.05441722612202086,0.06382603997295355,lam_div3,2009-2011,2010.0,2009,2011,2371.2666666666664,offense,DRB,positive = good on both sides; total = offense + defense
O,ast,0.45115130608610254,0.06115481025066939,lam_div3,2009-2011,2010.0,2009,2011,2371.2666666666664,offense,AST,positive = good on both sides; total = offense + defense
O,tov,-0.5788359657278714,0.17322083681414377,lam_div3,2009-2011,2010.0,2009,2011,2371.2666666666664,offense,TOV,positive = good on both sides; total = offense + defense
O,stl,0.45380093192747134,0.23129527655836574,lam_div3,2009-2011,2010.0,2009,2011,2371.2666666666664,offense,STL,positive = good on both sides; total = offense + defense
O,blk,-0.0764607532915903,0.150393500380985,lam_div3,2009-2011,2010.0,2009,2011,2371.2666666666664,offense,BLK,positive = good on both sides; total = offense + defense
O,pf,-0.30979168823931275,0.08246493769688472,lam_div3,2009-2011,2010.0,2009,2011,2371.2666666666664,offense,PF,positive = good on both sides; total = offense + defense
D,fg3m,0.28364833751891305,0.239597316329512,lam_div3,2009-2011,2010.0,2009,2011,2371.2666666666664,defense,3PM,positive = good on both sides; total = offense + defense
D,fg3_miss,-0.339469591828444,0.14649319079251671,lam_div3,2009-2011,2010.0,2009,2011,2371.2666666666664,defense,3P miss,positive = good on both sides; total = offense + defense
D,fg2m,0.08881736900904295,0.09309624690242548,lam_div3,2009-2011,2010.0,2009,2011,2371.2666666666664,defense,2PM,positive = good on both sides; total = offense + defense
D,fg2_miss,-0.189996120769598,0.0838575606600697,lam_div3,2009-2011,2010.0,2009,2011,2371.2666666666664,defense,2P miss,positive = good on both sides; total = offense + defense
D,ftm,-0.008699399365567573,0.08228659983778153,lam_div3,2009-2011,2010.0,2009,2011,2371.2666666666664,defense,FTM,positive = good on both sides; total = offense + defense
D,ft_miss,0.2557742728861128,0.20768853219976116,lam_div3,2009-2011,2010.0,2009,2011,2371.2666666666664,defense,FT miss,positive = good on both sides; total = offense + defense
D,orb,-0.16352905614666452,0.12719996503310735,lam_div3,2009-2011,2010.0,2009,2011,2371.2666666666664,defense,ORB,positive = good on both sides; total = offense + defense
D,drb,0.4261262744491999,0.06932717591561788,lam_div3,2009-2011,2010.0,2009,2011,2371.2666666666664,defense,DRB,positive = good on both sides; total = offense + defense
D,ast,0.04630110683530958,0.06640862863509578,lam_div3,2009-2011,2010.0,2009,2011,2371.2666666666664,defense,AST,positive = good on both sides; total = offense + defense
D,tov,-0.447849554198944,0.19285955912924976,lam_div3,2009-2011,2010.0,2009,2011,2371.2666666666664,defense,TOV,positive = good on both sides; total = offense + defense
D,stl,1.4038287755708958,0.2576203684968083,lam_div3,2009-2011,2010.0,2009,2011,2371.2666666666664,defense,STL,positive = good on both sides; total = offense + defense
D,blk,0.6506832828379616,0.16408926605202256,lam_div3,2009-2011,2010.0,2009,2011,2371.2666666666664,defense,BLK,positive = good on both sides; total = offense + defense
D,pf,-0.05913653120438159,0.09020323191739484,lam_div3,2009-2011,2010.0,2009,2011,2371.2666666666664,defense,PF,positive = good on both sides; total = offense + defense
Total,fg3m,1.2116083274322054,0.3231385734087238,lam_div3,2009-2011,2010.0,2009,2011,2371.2666666666664,total,3PM,positive = good on both sides; total = offense + defense
Total,fg3_miss,-0.20583751103713227,0.19786090717777025,lam_div3,2009-2011,2010.0,2009,2011,2371.2666666666664,total,3P miss,positive = good on both sides; total = offense + defense
Total,fg2m,0.6553871965331738,0.12658881248318526,lam_div3,2009-2011,2010.0,2009,2011,2371.2666666666664,total,2PM,positive = good on both sides; total = offense + defense
Total,fg2_miss,-0.6444469823999631,0.11330026076560844,lam_div3,2009-2011,2010.0,2009,2011,2371.2666666666664,total,2P miss,positive = good on both sides; total = offense + defense
Total,ftm,0.5576396875731056,0.11111876305101677,lam_div3,2009-2011,2010.0,2009,2011,2371.2666666666664,total,FTM,positive = good on both sides; total = offense + defense
Total,ft_miss,-0.04329315918861626,0.28042422169022924,lam_div3,2009-2011,2010.0,2009,2011,2371.2666666666664,total,FT miss,positive = good on both sides; total = offense + defense
Total,orb,0.4280504410632781,0.1733198333594671,lam_div3,2009-2011,2010.0,2009,2011,2371.2666666666664,total,ORB,positive = good on both sides; total = offense + defense
Total,drb,0.4805435005712208,0.09581551277313329,lam_div3,2009-2011,2010.0,2009,2011,2371.2666666666664,total,DRB,positive = good on both sides; total = offense + defense
Total,ast,0.4974524129214121,0.09097476017542236,lam_div3,2009-2011,2010.0,2009,2011,2371.2666666666664,total,AST,positive = good on both sides; total = offense + defense
Total,tov,-1.0266855199268154,0.25863644612610237,lam_div3,2009-2011,2010.0,2009,2011,2371.2666666666664,total,TOV,positive = good on both sides; total = offense + defense
Total,stl,1.8576297074983672,0.3470919848962618,lam_div3,2009-2011,2010.0,2009,2011,2371.2666666666664,total,STL,positive = good on both sides; total = offense + defense
Total,blk,0.5742225295463713,0.22343122149311598,lam_div3,2009-2011,2010.0,2009,2011,2371.2666666666664,total,BLK,positive = good on both sides; total = offense + defense
Total,pf,-0.36892821944369436,0.12387432105214957,lam_div3,2009-2011,2010.0,2009,2011,2371.2666666666664,total,PF,positive = good on both sides; total = offense + defense
O,fg3m,0.9288224093861773,0.18611005920755752,gt_half,2009-2011,2010.0,2009,2011,7113.8,offense,3PM,positive = good on both sides; total = offense + defense
O,fg3_miss,0.12281516984090268,0.11444925038463681,gt_half,2009-2011,2010.0,2009,2011,7113.8,offense,3P miss,positive = good on both sides; total = offense + defense
O,fg2m,0.5798353459662926,0.07254928680292777,gt_half,2009-2011,2010.0,2009,2011,7113.8,offense,2PM,positive = good on both sides; total = offense + defense
O,fg2_miss,-0.46656332533561784,0.06332915735233283,gt_half,2009-2011,2010.0,2009,2011,7113.8,offense,2P miss,positive = good on both sides; total = offense + defense
O,ftm,0.5714110798898955,0.062168883875841824,gt_half,2009-2011,2010.0,2009,2011,7113.8,offense,FTM,positive = good on both sides; total = offense + defense
O,ft_miss,-0.26451682775969243,0.15790401490495695,gt_half,2009-2011,2010.0,2009,2011,7113.8,offense,FT miss,positive = good on both sides; total = offense + defense
O,orb,0.5805112409172034,0.09979616077258943,gt_half,2009-2011,2010.0,2009,2011,7113.8,offense,ORB,positive = good on both sides; total = offense + defense
O,drb,0.05627853310879581,0.055866610270948934,gt_half,2009-2011,2010.0,2009,2011,7113.8,offense,DRB,positive = good on both sides; total = offense + defense
O,ast,0.4646658270125753,0.05306936891661477,gt_half,2009-2011,2010.0,2009,2011,7113.8,offense,AST,positive = good on both sides; total = offense + defense
O,tov,-0.6324254180328913,0.14243908331821262,gt_half,2009-2011,2010.0,2009,2011,7113.8,offense,TOV,positive = good on both sides; total = offense + defense
O,stl,0.465385474042979,0.1905062602030897,gt_half,2009-2011,2010.0,2009,2011,7113.8,offense,STL,positive = good on both sides; total = offense + defense
O,blk,-0.07066400322474994,0.13056759665191875,gt_half,2009-2011,2010.0,2009,2011,7113.8,offense,BLK,positive = good on both sides; total = offense + defense
O,pf,-0.26955215038082875,0.07134328658328228,gt_half,2009-2011,2010.0,2009,2011,7113.8,offense,PF,positive = good on both sides; total = offense + defense
D,fg3m,0.2613248387203318,0.19808596079592167,gt_half,2009-2011,2010.0,2009,2011,7113.8,defense,3PM,positive = good on both sides; total = offense + defense
D,fg3_miss,-0.3057906998821791,0.12172901853614647,gt_half,2009-2011,2010.0,2009,2011,7113.8,defense,3P miss,positive = good on both sides; total = offense + defense
D,fg2m,0.0795509524848533,0.07707172843372738,gt_half,2009-2011,2010.0,2009,2011,7113.8,defense,2PM,positive = good on both sides; total = offense + defense
D,fg2_miss,-0.19297090556489016,0.06804543483667272,gt_half,2009-2011,2010.0,2009,2011,7113.8,defense,2P miss,positive = good on both sides; total = offense + defense
D,ftm,-0.007982254553202749,0.06661577681488705,gt_half,2009-2011,2010.0,2009,2011,7113.8,defense,FTM,positive = good on both sides; total = offense + defense
D,ft_miss,0.2869661720168365,0.1692483088768936,gt_half,2009-2011,2010.0,2009,2011,7113.8,defense,FT miss,positive = good on both sides; total = offense + defense
D,orb,-0.20199200118872057,0.10600645992172623,gt_half,2009-2011,2010.0,2009,2011,7113.8,defense,ORB,positive = good on both sides; total = offense + defense
D,drb,0.5034281921436609,0.058674175305018075,gt_half,2009-2011,2010.0,2009,2011,7113.8,defense,DRB,positive = good on both sides; total = offense + defense
D,ast,0.08931904413957203,0.055954748675680434,gt_half,2009-2011,2010.0,2009,2011,7113.8,defense,AST,positive = good on both sides; total = offense + defense
D,tov,-0.5278801749412211,0.15393340948688092,gt_half,2009-2011,2010.0,2009,2011,7113.8,defense,TOV,positive = good on both sides; total = offense + defense
D,stl,1.3965594346436794,0.20556974576633377,gt_half,2009-2011,2010.0,2009,2011,7113.8,defense,STL,positive = good on both sides; total = offense + defense
D,blk,0.6749957079834155,0.13784042547889092,gt_half,2009-2011,2010.0,2009,2011,7113.8,defense,BLK,positive = good on both sides; total = offense + defense
D,pf,-0.016918728299452554,0.0753879818263171,gt_half,2009-2011,2010.0,2009,2011,7113.8,defense,PF,positive = good on both sides; total = offense + defense
Total,fg3m,1.1901472481065092,0.2711604533832896,gt_half,2009-2011,2010.0,2009,2011,7113.8,total,3PM,positive = good on both sides; total = offense + defense
Total,fg3_miss,-0.18297553004127642,0.16674268540570206,gt_half,2009-2011,2010.0,2009,2011,7113.8,total,3P miss,positive = good on both sides; total = offense + defense
Total,fg2m,0.6593862984511459,0.10621479053493335,gt_half,2009-2011,2010.0,2009,2011,7113.8,total,2PM,positive = good on both sides; total = offense + defense
Total,fg2_miss,-0.659534230900508,0.09310754387222407,gt_half,2009-2011,2010.0,2009,2011,7113.8,total,2P miss,positive = good on both sides; total = offense + defense
Total,ftm,0.5634288253366927,0.09107800359323107,gt_half,2009-2011,2010.0,2009,2011,7113.8,total,FTM,positive = good on both sides; total = offense + defense
Total,ft_miss,0.022449344257144066,0.23133451572692137,gt_half,2009-2011,2010.0,2009,2011,7113.8,total,FT miss,positive = good on both sides; total = offense + defense
Total,orb,0.37851923972848284,0.14654404956344408,gt_half,2009-2011,2010.0,2009,2011,7113.8,total,ORB,positive = good on both sides; total = offense + defense
Total,drb,0.5597067252524567,0.08269824315007149,gt_half,2009-2011,2010.0,2009,2011,7113.8,total,DRB,positive = good on both sides; total = offense + defense
Total,ast,0.5539848711521473,0.07771234359785492,gt_half,2009-2011,2010.0,2009,2011,7113.8,total,AST,positive = good on both sides; total = offense + defense
Total,tov,-1.1603055929741124,0.20887279455917296,gt_half,2009-2011,2010.0,2009,2011,7113.8,total,TOV,positive = good on both sides; total = offense + defense
Total,stl,1.8619449086866584,0.28049878680447743,gt_half,2009-2011,2010.0,2009,2011,7113.8,total,STL,positive = good on both sides; total = offense + defense
Total,blk,0.6043317047586655,0.1904906044833512,gt_half,2009-2011,2010.0,2009,2011,7113.8,total,BLK,positive = good on both sides; total = offense + defense
Total,pf,-0.2864708786802813,0.10563915397618141,gt_half,2009-2011,2010.0,2009,2011,7113.8,total,PF,positive = good on both sides; total = offense + defense
O,fg3m,0.9071934634587513,0.18750339120150594,gt_zero,2009-2011,2010.0,2009,2011,7113.8,offense,3PM,positive = good on both sides; total = offense + defense
O,fg3_miss,0.13072635563471602,0.11545661111149277,gt_zero,2009-2011,2010.0,2009,2011,7113.8,offense,3P miss,positive = good on both sides; total = offense + defense
O,fg2m,0.5852690283960864,0.07297929606928405,gt_zero,2009-2011,2010.0,2009,2011,7113.8,offense,2PM,positive = good on both sides; total = offense + defense
O,fg2_miss,-0.4759391788897075,0.06360164211685894,gt_zero,2009-2011,2010.0,2009,2011,7113.8,offense,2P miss,positive = good on both sides; total = offense + defense
O,ftm,0.5656460323638315,0.062169451220015826,gt_zero,2009-2011,2010.0,2009,2011,7113.8,offense,FTM,positive = good on both sides; total = offense + defense
O,ft_miss,-0.28963425997823367,0.15854625036126963,gt_zero,2009-2011,2010.0,2009,2011,7113.8,offense,FT miss,positive = good on both sides; total = offense + defense
O,orb,0.5833033749526106,0.100355417278792,gt_zero,2009-2011,2010.0,2009,2011,7113.8,offense,ORB,positive = good on both sides; total = offense + defense
O,drb,0.061322102933860395,0.05609871920950038,gt_zero,2009-2011,2010.0,2009,2011,7113.8,offense,DRB,positive = good on both sides; total = offense + defense
O,ast,0.46596111799958506,0.05322891299717634,gt_zero,2009-2011,2010.0,2009,2011,7113.8,offense,AST,positive = good on both sides; total = offense + defense
O,tov,-0.6369817820953845,0.14283557686157924,gt_zero,2009-2011,2010.0,2009,2011,7113.8,offense,TOV,positive = good on both sides; total = offense + defense
O,stl,0.4505753580904872,0.19049817658164153,gt_zero,2009-2011,2010.0,2009,2011,7113.8,offense,STL,positive = good on both sides; total = offense + defense
O,blk,-0.07413104098223705,0.1309512285274134,gt_zero,2009-2011,2010.0,2009,2011,7113.8,offense,BLK,positive = good on both sides; total = offense + defense
O,pf,-0.26344164664947256,0.0720276603558627,gt_zero,2009-2011,2010.0,2009,2011,7113.8,offense,PF,positive = good on both sides; total = offense + defense
D,fg3m,0.26591512160937025,0.19957247739804634,gt_zero,2009-2011,2010.0,2009,2011,7113.8,defense,3PM,positive = good on both sides; total = offense + defense
D,fg3_miss,-0.31684568926236045,0.12280673770177006,gt_zero,2009-2011,2010.0,2009,2011,7113.8,defense,3P miss,positive = good on both sides; total = offense + defense
D,fg2m,0.07835446612925545,0.07752625876911162,gt_zero,2009-2011,2010.0,2009,2011,7113.8,defense,2PM,positive = good on both sides; total = offense + defense
D,fg2_miss,-0.19126958081244771,0.06834727184495333,gt_zero,2009-2011,2010.0,2009,2011,7113.8,defense,2P miss,positive = good on both sides; total = offense + defense
D,ftm,-0.006600458239335416,0.06662395711852785,gt_zero,2009-2011,2010.0,2009,2011,7113.8,defense,FTM,positive = good on both sides; total = offense + defense
D,ft_miss,0.2787814888174702,0.17000346815381612,gt_zero,2009-2011,2010.0,2009,2011,7113.8,defense,FT miss,positive = good on both sides; total = offense + defense
D,orb,-0.22508396487524363,0.1066168473417745,gt_zero,2009-2011,2010.0,2009,2011,7113.8,defense,ORB,positive = good on both sides; total = offense + defense
D,drb,0.5212324985808113,0.05890152669059964,gt_zero,2009-2011,2010.0,2009,2011,7113.8,defense,DRB,positive = good on both sides; total = offense + defense
D,ast,0.09207577342477091,0.056121357494658665,gt_zero,2009-2011,2010.0,2009,2011,7113.8,defense,AST,positive = good on both sides; total = offense + defense
D,tov,-0.5338273285879672,0.15439458347479096,gt_zero,2009-2011,2010.0,2009,2011,7113.8,defense,TOV,positive = good on both sides; total = offense + defense
D,stl,1.400812468392882,0.2055459794199054,gt_zero,2009-2011,2010.0,2009,2011,7113.8,defense,STL,positive = good on both sides; total = offense + defense
D,blk,0.6786899036826166,0.13822842309043223,gt_zero,2009-2011,2010.0,2009,2011,7113.8,defense,BLK,positive = good on both sides; total = offense + defense
D,pf,-0.0028637099865616022,0.07608249181948905,gt_zero,2009-2011,2010.0,2009,2011,7113.8,defense,PF,positive = good on both sides; total = offense + defense
Total,fg3m,1.1731085850681215,0.273601446830248,gt_zero,2009-2011,2010.0,2009,2011,7113.8,total,3PM,positive = good on both sides; total = offense + defense
Total,fg3_miss,-0.18611933362764443,0.16840895517559287,gt_zero,2009-2011,2010.0,2009,2011,7113.8,total,3P miss,positive = good on both sides; total = offense + defense
Total,fg2m,0.6636234945253419,0.1067616245706655,gt_zero,2009-2011,2010.0,2009,2011,7113.8,total,2PM,positive = good on both sides; total = offense + defense
Total,fg2_miss,-0.6672087597021552,0.09346110881159087,gt_zero,2009-2011,2010.0,2009,2011,7113.8,total,2P miss,positive = good on both sides; total = offense + defense
Total,ftm,0.5590455741244961,0.09103381138217453,gt_zero,2009-2011,2010.0,2009,2011,7113.8,total,FTM,positive = good on both sides; total = offense + defense
Total,ft_miss,-0.010852771160763441,0.23230135264736765,gt_zero,2009-2011,2010.0,2009,2011,7113.8,total,FT miss,positive = good on both sides; total = offense + defense
Total,orb,0.358219410077367,0.14742978390609104,gt_zero,2009-2011,2010.0,2009,2011,7113.8,total,ORB,positive = good on both sides; total = offense + defense
Total,drb,0.5825546015146718,0.08301504689720707,gt_zero,2009-2011,2010.0,2009,2011,7113.8,total,DRB,positive = good on both sides; total = offense + defense
Total,ast,0.558036891424356,0.07793071422484248,gt_zero,2009-2011,2010.0,2009,2011,7113.8,total,AST,positive = good on both sides; total = offense + defense
Total,tov,-1.1708091106833516,0.20948274301199066,gt_zero,2009-2011,2010.0,2009,2011,7113.8,total,TOV,positive = good on both sides; total = offense + defense
Total,stl,1.8513878264833692,0.2804052390918589,gt_zero,2009-2011,2010.0,2009,2011,7113.8,total,STL,positive = good on both sides; total = offense + defense
Total,blk,0.6045588627003795,0.1909536461753001,gt_zero,2009-2011,2010.0,2009,2011,7113.8,total,BLK,positive = good on both sides; total = offense + defense
Total,pf,-0.26630535663603416,0.10662930075210063,gt_zero,2009-2011,2010.0,2009,2011,7113.8,total,PF,positive = good on both sides; total = offense + defense
O,fg3m,0.9512462694737773,0.18497148440837702,margin_bins,2009-2011,2010.0,2009,2011,7113.8,offense,3PM,positive = good on both sides; total = offense + defense
O,fg3_miss,0.11700461542244378,0.11362615649234117,margin_bins,2009-2011,2010.0,2009,2011,7113.8,offense,3P miss,positive = good on both sides; total = offense + defense
O,fg2m,0.5814253480568035,0.07220396601533804,margin_bins,2009-2011,2010.0,2009,2011,7113.8,offense,2PM,positive = good on both sides; total = offense + defense
O,fg2_miss,-0.4537607841544318,0.06311831363682721,margin_bins,2009-2011,2010.0,2009,2011,7113.8,offense,2P miss,positive = good on both sides; total = offense + defense
O,ftm,0.5783805028898569,0.06220375978369689,margin_bins,2009-2011,2010.0,2009,2011,7113.8,offense,FTM,positive = good on both sides; total = offense + defense
O,ft_miss,-0.24525280134306524,0.15740194574820762,margin_bins,2009-2011,2010.0,2009,2011,7113.8,offense,FT miss,positive = good on both sides; total = offense + defense
O,orb,0.5757025592213381,0.09934316146916793,margin_bins,2009-2011,2010.0,2009,2011,7113.8,offense,ORB,positive = good on both sides; total = offense + defense
O,drb,0.05498460908877206,0.05571689520984298,margin_bins,2009-2011,2010.0,2009,2011,7113.8,offense,DRB,positive = good on both sides; total = offense + defense
O,ast,0.4688516295599924,0.05296850623243007,margin_bins,2009-2011,2010.0,2009,2011,7113.8,offense,AST,positive = good on both sides; total = offense + defense
O,tov,-0.6259733759325823,0.1421575615599177,margin_bins,2009-2011,2010.0,2009,2011,7113.8,offense,TOV,positive = good on both sides; total = offense + defense
O,stl,0.482115409744424,0.19061293068909851,margin_bins,2009-2011,2010.0,2009,2011,7113.8,offense,STL,positive = good on both sides; total = offense + defense
O,blk,-0.06177544237147954,0.13032000256382503,margin_bins,2009-2011,2010.0,2009,2011,7113.8,offense,BLK,positive = good on both sides; total = offense + defense
O,pf,-0.28726000890244535,0.07082995144794238,margin_bins,2009-2011,2010.0,2009,2011,7113.8,offense,PF,positive = good on both sides; total = offense + defense
D,fg3m,0.25018859905563373,0.19689023021547036,margin_bins,2009-2011,2010.0,2009,2011,7113.8,defense,3PM,positive = good on both sides; total = offense + defense
D,fg3_miss,-0.2950919472584966,0.1208632661025332,margin_bins,2009-2011,2010.0,2009,2011,7113.8,defense,3P miss,positive = good on both sides; total = offense + defense
D,fg2m,0.08077435793749066,0.07671635601032832,margin_bins,2009-2011,2010.0,2009,2011,7113.8,defense,2PM,positive = good on both sides; total = offense + defense
D,fg2_miss,-0.19675094616893007,0.0678181988660349,margin_bins,2009-2011,2010.0,2009,2011,7113.8,defense,2P miss,positive = good on both sides; total = offense + defense
D,ftm,-0.015157636709818734,0.06665190019871237,margin_bins,2009-2011,2010.0,2009,2011,7113.8,defense,FTM,positive = good on both sides; total = offense + defense
D,ft_miss,0.3041263319023262,0.16867209832802402,margin_bins,2009-2011,2010.0,2009,2011,7113.8,defense,FT miss,positive = good on both sides; total = offense + defense
D,orb,-0.17678338138048488,0.10552310274940778,margin_bins,2009-2011,2010.0,2009,2011,7113.8,defense,ORB,positive = good on both sides; total = offense + defense
D,drb,0.480150282829204,0.05854188661244061,margin_bins,2009-2011,2010.0,2009,2011,7113.8,defense,DRB,positive = good on both sides; total = offense + defense
D,ast,0.0779621129393474,0.055848497517226973,margin_bins,2009-2011,2010.0,2009,2011,7113.8,defense,AST,positive = good on both sides; total = offense + defense
D,tov,-0.5161179124273232,0.15361285628687188,margin_bins,2009-2011,2010.0,2009,2011,7113.8,defense,TOV,positive = good on both sides; total = offense + defense
D,stl,1.37925303574909,0.20571217643341574,margin_bins,2009-2011,2010.0,2009,2011,7113.8,defense,STL,positive = good on both sides; total = offense + defense
D,blk,0.667953416127082,0.13760319184903458,margin_bins,2009-2011,2010.0,2009,2011,7113.8,defense,BLK,positive = good on both sides; total = offense + defense
D,pf,-0.0213346775483666,0.07487873612482641,margin_bins,2009-2011,2010.0,2009,2011,7113.8,defense,PF,positive = good on both sides; total = offense + defense
Total,fg3m,1.201434868529411,0.2691525411918922,margin_bins,2009-2011,2010.0,2009,2011,7113.8,total,3PM,positive = good on both sides; total = offense + defense
Total,fg3_miss,-0.1780873318360528,0.16534234862678746,margin_bins,2009-2011,2010.0,2009,2011,7113.8,total,3P miss,positive = good on both sides; total = offense + defense
Total,fg2m,0.6621997059942941,0.10577205179023415,margin_bins,2009-2011,2010.0,2009,2011,7113.8,total,2PM,positive = good on both sides; total = offense + defense
Total,fg2_miss,-0.6505117303233618,0.09283786914712645,margin_bins,2009-2011,2010.0,2009,2011,7113.8,total,2P miss,positive = good on both sides; total = offense + defense
Total,ftm,0.5632228661800381,0.09115702085562893,margin_bins,2009-2011,2010.0,2009,2011,7113.8,total,FTM,positive = good on both sides; total = offense + defense
Total,ft_miss,0.05887353055926095,0.2305580088808099,margin_bins,2009-2011,2010.0,2009,2011,7113.8,total,FT miss,positive = good on both sides; total = offense + defense
Total,orb,0.3989191778408532,0.1458124951701373,margin_bins,2009-2011,2010.0,2009,2011,7113.8,total,ORB,positive = good on both sides; total = offense + defense
Total,drb,0.5351348919179761,0.08244073209072812,margin_bins,2009-2011,2010.0,2009,2011,7113.8,total,DRB,positive = good on both sides; total = offense + defense
Total,ast,0.5468137424993398,0.07754365882509359,margin_bins,2009-2011,2010.0,2009,2011,7113.8,total,AST,positive = good on both sides; total = offense + defense
Total,tov,-1.1420912883599055,0.20841034122418806,margin_bins,2009-2011,2010.0,2009,2011,7113.8,total,TOV,positive = good on both sides; total = offense + defense
Total,stl,1.861368445493514,0.2807072972144616,margin_bins,2009-2011,2010.0,2009,2011,7113.8,total,STL,positive = good on both sides; total = offense + defense
Total,blk,0.6061779737556025,0.1901578984815631,margin_bins,2009-2011,2010.0,2009,2011,7113.8,total,BLK,positive = good on both sides; total = offense + defense
Total,pf,-0.30859468645081195,0.10482700121951118,margin_bins,2009-2011,2010.0,2009,2011,7113.8,total,PF,positive = good on both sides; total = offense + defense
O,fg3m,0.9490521794279956,0.1635911784029121,base,2012-2014,2013.0,2012,2014,7113.8,offense,3PM,positive = good on both sides; total = offense + defense
O,fg3_miss,0.02331835922990859,0.10280238995733634,base,2012-2014,2013.0,2012,2014,7113.8,offense,3P miss,positive = good on both sides; total = offense + defense
O,fg2m,0.5713980773291026,0.06997002227367695,base,2012-2014,2013.0,2012,2014,7113.8,offense,2PM,positive = good on both sides; total = offense + defense
O,fg2_miss,-0.4969223805178926,0.05817059735832921,base,2012-2014,2013.0,2012,2014,7113.8,offense,2P miss,positive = good on both sides; total = offense + defense
O,ftm,0.6253498746362656,0.06470426732878001,base,2012-2014,2013.0,2012,2014,7113.8,offense,FTM,positive = good on both sides; total = offense + defense
O,ft_miss,-0.5202571156269638,0.1546338275346816,base,2012-2014,2013.0,2012,2014,7113.8,offense,FT miss,positive = good on both sides; total = offense + defense
O,orb,0.41338054369104515,0.09133121621279577,base,2012-2014,2013.0,2012,2014,7113.8,offense,ORB,positive = good on both sides; total = offense + defense
O,drb,-0.020672984791226583,0.0563810024307724,base,2012-2014,2013.0,2012,2014,7113.8,offense,DRB,positive = good on both sides; total = offense + defense
O,ast,0.4170977113902513,0.05160704893728548,base,2012-2014,2013.0,2012,2014,7113.8,offense,AST,positive = good on both sides; total = offense + defense
O,tov,-0.6742772138483235,0.1408549942584834,base,2012-2014,2013.0,2012,2014,7113.8,offense,TOV,positive = good on both sides; total = offense + defense
O,stl,0.7836122396702513,0.1822707146107552,base,2012-2014,2013.0,2012,2014,7113.8,offense,STL,positive = good on both sides; total = offense + defense
O,blk,-0.019629714667498785,0.12841867256812206,base,2012-2014,2013.0,2012,2014,7113.8,offense,BLK,positive = good on both sides; total = offense + defense
O,pf,-0.29726226932509126,0.0784899661825055,base,2012-2014,2013.0,2012,2014,7113.8,offense,PF,positive = good on both sides; total = offense + defense
D,fg3m,-0.18080909101553636,0.1732171726238671,base,2012-2014,2013.0,2012,2014,7113.8,defense,3PM,positive = good on both sides; total = offense + defense
D,fg3_miss,-0.18538028337652482,0.10840199170862809,base,2012-2014,2013.0,2012,2014,7113.8,defense,3P miss,positive = good on both sides; total = offense + defense
D,fg2m,-0.024703652890458096,0.07448333060327549,base,2012-2014,2013.0,2012,2014,7113.8,defense,2PM,positive = good on both sides; total = offense + defense
D,fg2_miss,-0.23202291287402765,0.06275276613856676,base,2012-2014,2013.0,2012,2014,7113.8,defense,2P miss,positive = good on both sides; total = offense + defense
D,ftm,0.19273075583567306,0.06968709861191935,base,2012-2014,2013.0,2012,2014,7113.8,defense,FTM,positive = good on both sides; total = offense + defense
D,ft_miss,-0.3682426374862735,0.16704827128513985,base,2012-2014,2013.0,2012,2014,7113.8,defense,FT miss,positive = good on both sides; total = offense + defense
D,orb,-0.22317375645193652,0.09728102237588189,base,2012-2014,2013.0,2012,2014,7113.8,defense,ORB,positive = good on both sides; total = offense + defense
D,drb,0.3888247669485986,0.05902820948691073,base,2012-2014,2013.0,2012,2014,7113.8,defense,DRB,positive = good on both sides; total = offense + defense
D,ast,0.11060958942718582,0.054242544951885435,base,2012-2014,2013.0,2012,2014,7113.8,defense,AST,positive = good on both sides; total = offense + defense
D,tov,-0.4644575145222774,0.15064119678648533,base,2012-2014,2013.0,2012,2014,7113.8,defense,TOV,positive = good on both sides; total = offense + defense
D,stl,1.4354055333410323,0.19585886176432757,base,2012-2014,2013.0,2012,2014,7113.8,defense,STL,positive = good on both sides; total = offense + defense
D,blk,0.8680068977386235,0.13587129505095488,base,2012-2014,2013.0,2012,2014,7113.8,defense,BLK,positive = good on both sides; total = offense + defense
D,pf,-0.08582289230927961,0.08312488805150611,base,2012-2014,2013.0,2012,2014,7113.8,defense,PF,positive = good on both sides; total = offense + defense
Total,fg3m,0.7682430884124593,0.23913236093197587,base,2012-2014,2013.0,2012,2014,7113.8,total,3PM,positive = good on both sides; total = offense + defense
Total,fg3_miss,-0.16206192414661624,0.1497776573823707,base,2012-2014,2013.0,2012,2014,7113.8,total,3P miss,positive = good on both sides; total = offense + defense
Total,fg2m,0.5466944244386446,0.10289583253918827,base,2012-2014,2013.0,2012,2014,7113.8,total,2PM,positive = good on both sides; total = offense + defense
Total,fg2_miss,-0.7289452933919203,0.08553695623168175,base,2012-2014,2013.0,2012,2014,7113.8,total,2P miss,positive = good on both sides; total = offense + defense
Total,ftm,0.8180806304719386,0.09544986469100127,base,2012-2014,2013.0,2012,2014,7113.8,total,FTM,positive = good on both sides; total = offense + defense
Total,ft_miss,-0.8884997531132373,0.2260070716191766,base,2012-2014,2013.0,2012,2014,7113.8,total,FT miss,positive = good on both sides; total = offense + defense
Total,orb,0.19020678723910864,0.13431153736128054,base,2012-2014,2013.0,2012,2014,7113.8,total,ORB,positive = good on both sides; total = offense + defense
Total,drb,0.368151782157372,0.08317973755714379,base,2012-2014,2013.0,2012,2014,7113.8,total,DRB,positive = good on both sides; total = offense + defense
Total,ast,0.5277073008174371,0.07550903804584888,base,2012-2014,2013.0,2012,2014,7113.8,total,AST,positive = good on both sides; total = offense + defense
Total,tov,-1.1387347283706009,0.2047747960309515,base,2012-2014,2013.0,2012,2014,7113.8,total,TOV,positive = good on both sides; total = offense + defense
Total,stl,2.2190177730112834,0.2675779013074863,base,2012-2014,2013.0,2012,2014,7113.8,total,STL,positive = good on both sides; total = offense + defense
Total,blk,0.8483771830711248,0.1867707923792511,base,2012-2014,2013.0,2012,2014,7113.8,total,BLK,positive = good on both sides; total = offense + defense
Total,pf,-0.3830851616343709,0.11645902543640659,base,2012-2014,2013.0,2012,2014,7113.8,total,PF,positive = good on both sides; total = offense + defense
O,fg3m,0.936456969014498,0.1489159571229494,lam_x3,2012-2014,2013.0,2012,2014,21341.4,offense,3PM,positive = good on both sides; total = offense + defense
O,fg3_miss,0.03144404965011996,0.09449425047952043,lam_x3,2012-2014,2013.0,2012,2014,21341.4,offense,3P miss,positive = good on both sides; total = offense + defense
O,fg2m,0.5881813863793706,0.06336748004285671,lam_x3,2012-2014,2013.0,2012,2014,21341.4,offense,2PM,positive = good on both sides; total = offense + defense
O,fg2_miss,-0.5127909540754695,0.05155504783085632,lam_x3,2012-2014,2013.0,2012,2014,21341.4,offense,2P miss,positive = good on both sides; total = offense + defense
O,ftm,0.6381059818808613,0.05724754401026597,lam_x3,2012-2014,2013.0,2012,2014,21341.4,offense,FTM,positive = good on both sides; total = offense + defense
O,ft_miss,-0.5400988769264519,0.13587570926287965,lam_x3,2012-2014,2013.0,2012,2014,21341.4,offense,FT miss,positive = good on both sides; total = offense + defense
O,orb,0.42469783226749225,0.0826204236149704,lam_x3,2012-2014,2013.0,2012,2014,21341.4,offense,ORB,positive = good on both sides; total = offense + defense
O,drb,-0.01738543790916028,0.05245360709970658,lam_x3,2012-2014,2013.0,2012,2014,21341.4,offense,DRB,positive = good on both sides; total = offense + defense
O,ast,0.3998872849414322,0.04759724704563328,lam_x3,2012-2014,2013.0,2012,2014,21341.4,offense,AST,positive = good on both sides; total = offense + defense
O,tov,-0.6522936239235737,0.12547024855312433,lam_x3,2012-2014,2013.0,2012,2014,21341.4,offense,TOV,positive = good on both sides; total = offense + defense
O,stl,0.7789222445937701,0.16254852066085548,lam_x3,2012-2014,2013.0,2012,2014,21341.4,offense,STL,positive = good on both sides; total = offense + defense
O,blk,0.01867768914441427,0.11735368422368625,lam_x3,2012-2014,2013.0,2012,2014,21341.4,offense,BLK,positive = good on both sides; total = offense + defense
O,pf,-0.28832168948338543,0.07125278953158849,lam_x3,2012-2014,2013.0,2012,2014,21341.4,offense,PF,positive = good on both sides; total = offense + defense
D,fg3m,-0.0963662527219217,0.15386993659946488,lam_x3,2012-2014,2013.0,2012,2014,21341.4,defense,3PM,positive = good on both sides; total = offense + defense
D,fg3_miss,-0.23109630418400312,0.09733105190555025,lam_x3,2012-2014,2013.0,2012,2014,21341.4,defense,3P miss,positive = good on both sides; total = offense + defense
D,fg2m,-0.029365094972921287,0.06559404072476024,lam_x3,2012-2014,2013.0,2012,2014,21341.4,defense,2PM,positive = good on both sides; total = offense + defense
D,fg2_miss,-0.23442902869960322,0.05379833153326688,lam_x3,2012-2014,2013.0,2012,2014,21341.4,defense,2P miss,positive = good on both sides; total = offense + defense
D,ftm,0.18970188303251417,0.05983150378314645,lam_x3,2012-2014,2013.0,2012,2014,21341.4,defense,FTM,positive = good on both sides; total = offense + defense
D,ft_miss,-0.42524756373922173,0.14221745813936829,lam_x3,2012-2014,2013.0,2012,2014,21341.4,defense,FT miss,positive = good on both sides; total = offense + defense
D,orb,-0.209781918877213,0.08562884555369198,lam_x3,2012-2014,2013.0,2012,2014,21341.4,defense,ORB,positive = good on both sides; total = offense + defense
D,drb,0.44483162921293495,0.05371996901617068,lam_x3,2012-2014,2013.0,2012,2014,21341.4,defense,DRB,positive = good on both sides; total = offense + defense
D,ast,0.12631465419522264,0.04883239327207481,lam_x3,2012-2014,2013.0,2012,2014,21341.4,defense,AST,positive = good on both sides; total = offense + defense
D,tov,-0.44762920688128804,0.13042061050013168,lam_x3,2012-2014,2013.0,2012,2014,21341.4,defense,TOV,positive = good on both sides; total = offense + defense
D,stl,1.4287594911730062,0.169668754483601,lam_x3,2012-2014,2013.0,2012,2014,21341.4,defense,STL,positive = good on both sides; total = offense + defense
D,blk,0.8247460290238807,0.12114103960187658,lam_x3,2012-2014,2013.0,2012,2014,21341.4,defense,BLK,positive = good on both sides; total = offense + defense
D,pf,-0.08857356893360108,0.07344090652872393,lam_x3,2012-2014,2013.0,2012,2014,21341.4,defense,PF,positive = good on both sides; total = offense + defense
Total,fg3m,0.8400907162925764,0.21463357323475526,lam_x3,2012-2014,2013.0,2012,2014,21341.4,total,3PM,positive = good on both sides; total = offense + defense
Total,fg3_miss,-0.19965225453388316,0.13582990231565675,lam_x3,2012-2014,2013.0,2012,2014,21341.4,total,3P miss,positive = good on both sides; total = offense + defense
Total,fg2m,0.5588162914064493,0.09196268827970872,lam_x3,2012-2014,2013.0,2012,2014,21341.4,total,2PM,positive = good on both sides; total = offense + defense
Total,fg2_miss,-0.7472199827750727,0.07459694809028206,lam_x3,2012-2014,2013.0,2012,2014,21341.4,total,2P miss,positive = good on both sides; total = offense + defense
Total,ftm,0.8278078649133755,0.08300595939870976,lam_x3,2012-2014,2013.0,2012,2014,21341.4,total,FTM,positive = good on both sides; total = offense + defense
Total,ft_miss,-0.9653464406656735,0.19441061412210056,lam_x3,2012-2014,2013.0,2012,2014,21341.4,total,FT miss,positive = good on both sides; total = offense + defense
Total,orb,0.21491591339027924,0.1196733464163933,lam_x3,2012-2014,2013.0,2012,2014,21341.4,total,ORB,positive = good on both sides; total = offense + defense
Total,drb,0.4274461913037747,0.07656271953014754,lam_x3,2012-2014,2013.0,2012,2014,21341.4,total,DRB,positive = good on both sides; total = offense + defense
Total,ast,0.5262019391366548,0.06875855404031288,lam_x3,2012-2014,2013.0,2012,2014,21341.4,total,AST,positive = good on both sides; total = offense + defense
Total,tov,-1.0999228308048616,0.17893872599187768,lam_x3,2012-2014,2013.0,2012,2014,21341.4,total,TOV,positive = good on both sides; total = offense + defense
Total,stl,2.2076817357667764,0.23463650854511467,lam_x3,2012-2014,2013.0,2012,2014,21341.4,total,STL,positive = good on both sides; total = offense + defense
Total,blk,0.843423718168295,0.16811025991698092,lam_x3,2012-2014,2013.0,2012,2014,21341.4,total,BLK,positive = good on both sides; total = offense + defense
Total,pf,-0.3768952584169865,0.10429326378012437,lam_x3,2012-2014,2013.0,2012,2014,21341.4,total,PF,positive = good on both sides; total = offense + defense
O,fg3m,0.9689605506922173,0.19057787504139334,lam_div3,2012-2014,2013.0,2012,2014,2371.2666666666664,offense,3PM,positive = good on both sides; total = offense + defense
O,fg3_miss,0.0022439104253813174,0.11837309057039157,lam_div3,2012-2014,2013.0,2012,2014,2371.2666666666664,offense,3P miss,positive = good on both sides; total = offense + defense
O,fg2m,0.5504362759308152,0.0825717081932726,lam_div3,2012-2014,2013.0,2012,2014,2371.2666666666664,offense,2PM,positive = good on both sides; total = offense + defense
O,fg2_miss,-0.46926637855857467,0.07074576394382376,lam_div3,2012-2014,2013.0,2012,2014,2371.2666666666664,offense,2P miss,positive = good on both sides; total = offense + defense
O,ftm,0.6038010271579126,0.07831554884852397,lam_div3,2012-2014,2013.0,2012,2014,2371.2666666666664,offense,FTM,positive = good on both sides; total = offense + defense
O,ft_miss,-0.49340545794890445,0.18876161907879138,lam_div3,2012-2014,2013.0,2012,2014,2371.2666666666664,offense,FT miss,positive = good on both sides; total = offense + defense
O,orb,0.40443969119657436,0.107688891065189,lam_div3,2012-2014,2013.0,2012,2014,2371.2666666666664,offense,ORB,positive = good on both sides; total = offense + defense
O,drb,-0.018959546566716626,0.06410462319295614,lam_div3,2012-2014,2013.0,2012,2014,2371.2666666666664,offense,DRB,positive = good on both sides; total = offense + defense
O,ast,0.43259021038414064,0.05941866997277485,lam_div3,2012-2014,2013.0,2012,2014,2371.2666666666664,offense,AST,positive = good on both sides; total = offense + defense
O,tov,-0.7029116501756459,0.16895022033494064,lam_div3,2012-2014,2013.0,2012,2014,2371.2666666666664,offense,TOV,positive = good on both sides; total = offense + defense
O,stl,0.7728247357219509,0.21858829719524897,lam_div3,2012-2014,2013.0,2012,2014,2371.2666666666664,offense,STL,positive = good on both sides; total = offense + defense
O,blk,-0.07932738751996214,0.1491650284109136,lam_div3,2012-2014,2013.0,2012,2014,2371.2666666666664,offense,BLK,positive = good on both sides; total = offense + defense
O,pf,-0.3164033588014872,0.09219297460114738,lam_div3,2012-2014,2013.0,2012,2014,2371.2666666666664,offense,PF,positive = good on both sides; total = offense + defense
D,fg3m,-0.27274617583894084,0.207604816788863,lam_div3,2012-2014,2013.0,2012,2014,2371.2666666666664,defense,3PM,positive = good on both sides; total = offense + defense
D,fg3_miss,-0.13978026462283663,0.1284430167153303,lam_div3,2012-2014,2013.0,2012,2014,2371.2666666666664,defense,3P miss,positive = good on both sides; total = offense + defense
D,fg2m,-0.02101478290383898,0.09074641393947662,lam_div3,2012-2014,2013.0,2012,2014,2371.2666666666664,defense,2PM,positive = good on both sides; total = offense + defense
D,fg2_miss,-0.22864031979904226,0.07886601412271114,lam_div3,2012-2014,2013.0,2012,2014,2371.2666666666664,defense,2P miss,positive = good on both sides; total = offense + defense
D,ftm,0.2028919635806324,0.0869308589564634,lam_div3,2012-2014,2013.0,2012,2014,2371.2666666666664,defense,FTM,positive = good on both sides; total = offense + defense
D,ft_miss,-0.3051072735198705,0.21001787415687564,lam_div3,2012-2014,2013.0,2012,2014,2371.2666666666664,defense,FT miss,positive = good on both sides; total = offense + defense
D,orb,-0.22303687599538424,0.1183251920552121,lam_div3,2012-2014,2013.0,2012,2014,2371.2666666666664,defense,ORB,positive = good on both sides; total = offense + defense
D,drb,0.33978476922910605,0.06927940509775249,lam_div3,2012-2014,2013.0,2012,2014,2371.2666666666664,defense,DRB,positive = good on both sides; total = offense + defense
D,ast,0.0945351514465872,0.06439265430272356,lam_div3,2012-2014,2013.0,2012,2014,2371.2666666666664,defense,AST,positive = good on both sides; total = offense + defense
D,tov,-0.4945050967636999,0.18580720739373,lam_div3,2012-2014,2013.0,2012,2014,2371.2666666666664,defense,TOV,positive = good on both sides; total = offense + defense
D,stl,1.4484760938504202,0.24224435668090663,lam_div3,2012-2014,2013.0,2012,2014,2371.2666666666664,defense,STL,positive = good on both sides; total = offense + defense
D,blk,0.8998310758400906,0.16280398144714733,lam_div3,2012-2014,2013.0,2012,2014,2371.2666666666664,defense,BLK,positive = good on both sides; total = offense + defense
D,pf,-0.08473902930307986,0.10082139715503521,lam_div3,2012-2014,2013.0,2012,2014,2371.2666666666664,defense,PF,positive = good on both sides; total = offense + defense
Total,fg3m,0.6962143748532765,0.28306075930721597,lam_div3,2012-2014,2013.0,2012,2014,2371.2666666666664,total,3PM,positive = good on both sides; total = offense + defense
Total,fg3_miss,-0.1375363541974553,0.175231972247237,lam_div3,2012-2014,2013.0,2012,2014,2371.2666666666664,total,3P miss,positive = good on both sides; total = offense + defense
Total,fg2m,0.5294214930269763,0.12324428531362167,lam_div3,2012-2014,2013.0,2012,2014,2371.2666666666664,total,2PM,positive = good on both sides; total = offense + defense
Total,fg2_miss,-0.697906698357617,0.10582835472947298,lam_div3,2012-2014,2013.0,2012,2014,2371.2666666666664,total,2P miss,positive = good on both sides; total = offense + defense
Total,ftm,0.8066929907385451,0.11743633141388758,lam_div3,2012-2014,2013.0,2012,2014,2371.2666666666664,total,FTM,positive = good on both sides; total = offense + defense
Total,ft_miss,-0.798512731468775,0.2814924504241216,lam_div3,2012-2014,2013.0,2012,2014,2371.2666666666664,total,FT miss,positive = good on both sides; total = offense + defense
Total,orb,0.18140281520119012,0.16102757898835027,lam_div3,2012-2014,2013.0,2012,2014,2371.2666666666664,total,ORB,positive = good on both sides; total = offense + defense
Total,drb,0.32082522266238944,0.09587998161661945,lam_div3,2012-2014,2013.0,2012,2014,2371.2666666666664,total,DRB,positive = good on both sides; total = offense + defense
Total,ast,0.5271253618307279,0.08824457510390277,lam_div3,2012-2014,2013.0,2012,2014,2371.2666666666664,total,AST,positive = good on both sides; total = offense + defense
Total,tov,-1.197416746939346,0.250303245075085,lam_div3,2012-2014,2013.0,2012,2014,2371.2666666666664,total,TOV,positive = good on both sides; total = offense + defense
Total,stl,2.221300829572371,0.3265728662320034,lam_div3,2012-2014,2013.0,2012,2014,2371.2666666666664,total,STL,positive = good on both sides; total = offense + defense
Total,blk,0.8205036883201284,0.22091969557815966,lam_div3,2012-2014,2013.0,2012,2014,2371.2666666666664,total,BLK,positive = good on both sides; total = offense + defense
Total,pf,-0.40114238810456704,0.13862805886904872,lam_div3,2012-2014,2013.0,2012,2014,2371.2666666666664,total,PF,positive = good on both sides; total = offense + defense
O,fg3m,0.9269198633456339,0.16514311012997662,gt_half,2012-2014,2013.0,2012,2014,7113.8,offense,3PM,positive = good on both sides; total = offense + defense
O,fg3_miss,0.03488840198552166,0.10388885547084248,gt_half,2012-2014,2013.0,2012,2014,7113.8,offense,3P miss,positive = good on both sides; total = offense + defense
O,fg2m,0.5628056887386508,0.07030573552469405,gt_half,2012-2014,2013.0,2012,2014,7113.8,offense,2PM,positive = good on both sides; total = offense + defense
O,fg2_miss,-0.4901002181625561,0.058296234769800656,gt_half,2012-2014,2013.0,2012,2014,7113.8,offense,2P miss,positive = good on both sides; total = offense + defense
O,ftm,0.6239645577208062,0.06465625426463703,gt_half,2012-2014,2013.0,2012,2014,7113.8,offense,FTM,positive = good on both sides; total = offense + defense
O,ft_miss,-0.5150114861172883,0.15453873189883605,gt_half,2012-2014,2013.0,2012,2014,7113.8,offense,FT miss,positive = good on both sides; total = offense + defense
O,orb,0.40329517833754136,0.0917223471870034,gt_half,2012-2014,2013.0,2012,2014,7113.8,offense,ORB,positive = good on both sides; total = offense + defense
O,drb,-0.021313659038557982,0.05657012810407646,gt_half,2012-2014,2013.0,2012,2014,7113.8,offense,DRB,positive = good on both sides; total = offense + defense
O,ast,0.4123570210244225,0.051805563436875986,gt_half,2012-2014,2013.0,2012,2014,7113.8,offense,AST,positive = good on both sides; total = offense + defense
O,tov,-0.6754993475031585,0.14177729736305578,gt_half,2012-2014,2013.0,2012,2014,7113.8,offense,TOV,positive = good on both sides; total = offense + defense
O,stl,0.8113060175139226,0.18217066720868633,gt_half,2012-2014,2013.0,2012,2014,7113.8,offense,STL,positive = good on both sides; total = offense + defense
O,blk,-0.011906673169941442,0.12873735743853573,gt_half,2012-2014,2013.0,2012,2014,7113.8,offense,BLK,positive = good on both sides; total = offense + defense
O,pf,-0.2934323035667986,0.07889924660920243,gt_half,2012-2014,2013.0,2012,2014,7113.8,offense,PF,positive = good on both sides; total = offense + defense
D,fg3m,-0.1402828884845412,0.17484862279116162,gt_half,2012-2014,2013.0,2012,2014,7113.8,defense,3PM,positive = good on both sides; total = offense + defense
D,fg3_miss,-0.20210017363087873,0.10953026772482449,gt_half,2012-2014,2013.0,2012,2014,7113.8,defense,3P miss,positive = good on both sides; total = offense + defense
D,fg2m,-0.03118889682525791,0.07485181737227443,gt_half,2012-2014,2013.0,2012,2014,7113.8,defense,2PM,positive = good on both sides; total = offense + defense
D,fg2_miss,-0.22870509209089263,0.06288608247973257,gt_half,2012-2014,2013.0,2012,2014,7113.8,defense,2P miss,positive = good on both sides; total = offense + defense
D,ftm,0.18884626619830103,0.06963408080871314,gt_half,2012-2014,2013.0,2012,2014,7113.8,defense,FTM,positive = good on both sides; total = offense + defense
D,ft_miss,-0.3760867121225384,0.1669829777941098,gt_half,2012-2014,2013.0,2012,2014,7113.8,defense,FT miss,positive = good on both sides; total = offense + defense
D,orb,-0.23045434505554832,0.097667763472781,gt_half,2012-2014,2013.0,2012,2014,7113.8,defense,ORB,positive = good on both sides; total = offense + defense
D,drb,0.3986830680427249,0.059203306247707796,gt_half,2012-2014,2013.0,2012,2014,7113.8,defense,DRB,positive = good on both sides; total = offense + defense
D,ast,0.1115662841916395,0.05444978821888056,gt_half,2012-2014,2013.0,2012,2014,7113.8,defense,AST,positive = good on both sides; total = offense + defense
D,tov,-0.4493882282308859,0.15168732475659885,gt_half,2012-2014,2013.0,2012,2014,7113.8,defense,TOV,positive = good on both sides; total = offense + defense
D,stl,1.4414608431679463,0.19576755760590356,gt_half,2012-2014,2013.0,2012,2014,7113.8,defense,STL,positive = good on both sides; total = offense + defense
D,blk,0.8897629545842178,0.1361582736017273,gt_half,2012-2014,2013.0,2012,2014,7113.8,defense,BLK,positive = good on both sides; total = offense + defense
D,pf,-0.08542946427539402,0.08353484499419618,gt_half,2012-2014,2013.0,2012,2014,7113.8,defense,PF,positive = good on both sides; total = offense + defense
Total,fg3m,0.7866369748610927,0.2409925956737523,gt_half,2012-2014,2013.0,2012,2014,7113.8,total,3PM,positive = good on both sides; total = offense + defense
Total,fg3_miss,-0.16721177164535708,0.1512410949626491,gt_half,2012-2014,2013.0,2012,2014,7113.8,total,3P miss,positive = good on both sides; total = offense + defense
Total,fg2m,0.5316167919133928,0.10338893565500594,gt_half,2012-2014,2013.0,2012,2014,7113.8,total,2PM,positive = good on both sides; total = offense + defense
Total,fg2_miss,-0.7188053102534487,0.0857218372277873,gt_half,2012-2014,2013.0,2012,2014,7113.8,total,2P miss,positive = good on both sides; total = offense + defense
Total,ftm,0.8128108239191072,0.09533109371858908,gt_half,2012-2014,2013.0,2012,2014,7113.8,total,FTM,positive = good on both sides; total = offense + defense
Total,ft_miss,-0.8910981982398267,0.22581243373198,gt_half,2012-2014,2013.0,2012,2014,7113.8,total,FT miss,positive = good on both sides; total = offense + defense
Total,orb,0.17284083328199304,0.13490275164598955,gt_half,2012-2014,2013.0,2012,2014,7113.8,total,ORB,positive = good on both sides; total = offense + defense
Total,drb,0.37736940900416693,0.08343369797510088,gt_half,2012-2014,2013.0,2012,2014,7113.8,total,DRB,positive = good on both sides; total = offense + defense
Total,ast,0.523923305216062,0.07582508021934549,gt_half,2012-2014,2013.0,2012,2014,7113.8,total,AST,positive = good on both sides; total = offense + defense
Total,tov,-1.1248875757340444,0.20599034690810777,gt_half,2012-2014,2013.0,2012,2014,7113.8,total,TOV,positive = good on both sides; total = offense + defense
Total,stl,2.252766860681869,0.2674696526842009,gt_half,2012-2014,2013.0,2012,2014,7113.8,total,STL,positive = good on both sides; total = offense + defense
Total,blk,0.8778562814142764,0.1871142368839127,gt_half,2012-2014,2013.0,2012,2014,7113.8,total,BLK,positive = good on both sides; total = offense + defense
Total,pf,-0.3788617678421926,0.11706642784686012,gt_half,2012-2014,2013.0,2012,2014,7113.8,total,PF,positive = good on both sides; total = offense + defense
O,fg3m,0.9007429152201134,0.16697593031790772,gt_zero,2012-2014,2013.0,2012,2014,7113.8,offense,3PM,positive = good on both sides; total = offense + defense
O,fg3_miss,0.04940518746552813,0.10515675751948295,gt_zero,2012-2014,2013.0,2012,2014,7113.8,offense,3P miss,positive = good on both sides; total = offense + defense
O,fg2m,0.5533980380475859,0.07070289414543461,gt_zero,2012-2014,2013.0,2012,2014,7113.8,offense,2PM,positive = good on both sides; total = offense + defense
O,fg2_miss,-0.4823970734817252,0.0584593871272721,gt_zero,2012-2014,2013.0,2012,2014,7113.8,offense,2P miss,positive = good on both sides; total = offense + defense
O,ftm,0.6220849711794019,0.06462830977815355,gt_zero,2012-2014,2013.0,2012,2014,7113.8,offense,FTM,positive = good on both sides; total = offense + defense
O,ft_miss,-0.5090258525356262,0.1544846411593506,gt_zero,2012-2014,2013.0,2012,2014,7113.8,offense,FT miss,positive = good on both sides; total = offense + defense
O,orb,0.39201239421802203,0.09219196850866823,gt_zero,2012-2014,2013.0,2012,2014,7113.8,offense,ORB,positive = good on both sides; total = offense + defense
O,drb,-0.022285982633516888,0.056794201694854295,gt_zero,2012-2014,2013.0,2012,2014,7113.8,offense,DRB,positive = good on both sides; total = offense + defense
O,ast,0.4070597379033795,0.05204165168771694,gt_zero,2012-2014,2013.0,2012,2014,7113.8,offense,AST,positive = good on both sides; total = offense + defense
O,tov,-0.6768695878135083,0.14286452734443592,gt_zero,2012-2014,2013.0,2012,2014,7113.8,offense,TOV,positive = good on both sides; total = offense + defense
O,stl,0.8408079944606153,0.18211134289716716,gt_zero,2012-2014,2013.0,2012,2014,7113.8,offense,STL,positive = good on both sides; total = offense + defense
O,blk,-0.004719070399701986,0.12913422951102255,gt_zero,2012-2014,2013.0,2012,2014,7113.8,offense,BLK,positive = good on both sides; total = offense + defense
O,pf,-0.28911196145748613,0.07938431294995538,gt_zero,2012-2014,2013.0,2012,2014,7113.8,offense,PF,positive = good on both sides; total = offense + defense
D,fg3m,-0.09616849466908706,0.17681829976525515,gt_zero,2012-2014,2013.0,2012,2014,7113.8,defense,3PM,positive = good on both sides; total = offense + defense
D,fg3_miss,-0.21980004797160324,0.11087283446357554,gt_zero,2012-2014,2013.0,2012,2014,7113.8,defense,3P miss,positive = good on both sides; total = offense + defense
D,fg2m,-0.037871948922044485,0.07530002549727291,gt_zero,2012-2014,2013.0,2012,2014,7113.8,defense,2PM,positive = good on both sides; total = offense + defense
D,fg2_miss,-0.22537886875476376,0.0630684285396592,gt_zero,2012-2014,2013.0,2012,2014,7113.8,defense,2P miss,positive = good on both sides; total = offense + defense
D,ftm,0.18379676666661282,0.06960853233323806,gt_zero,2012-2014,2013.0,2012,2014,7113.8,defense,FTM,positive = good on both sides; total = offense + defense
D,ft_miss,-0.3849231867717756,0.16698167301730843,gt_zero,2012-2014,2013.0,2012,2014,7113.8,defense,FT miss,positive = good on both sides; total = offense + defense
D,orb,-0.2382485018796981,0.09815045519133005,gt_zero,2012-2014,2013.0,2012,2014,7113.8,defense,ORB,positive = good on both sides; total = offense + defense
D,drb,0.40943232990678696,0.059419495451109756,gt_zero,2012-2014,2013.0,2012,2014,7113.8,defense,DRB,positive = good on both sides; total = offense + defense
D,ast,0.11264095512393116,0.05470352574963217,gt_zero,2012-2014,2013.0,2012,2014,7113.8,defense,AST,positive = good on both sides; total = offense + defense
D,tov,-0.43210134297378944,0.1529464717240243,gt_zero,2012-2014,2013.0,2012,2014,7113.8,defense,TOV,positive = good on both sides; total = offense + defense
D,stl,1.4485817586899916,0.19573778314729692,gt_zero,2012-2014,2013.0,2012,2014,7113.8,defense,STL,positive = good on both sides; total = offense + defense
D,blk,0.9127627786533552,0.13654006288038864,gt_zero,2012-2014,2013.0,2012,2014,7113.8,defense,BLK,positive = good on both sides; total = offense + defense
D,pf,-0.08434548346043894,0.08403585900374692,gt_zero,2012-2014,2013.0,2012,2014,7113.8,defense,PF,positive = good on both sides; total = offense + defense
Total,fg3m,0.8045744205510263,0.24319924096157858,gt_zero,2012-2014,2013.0,2012,2014,7113.8,total,3PM,positive = good on both sides; total = offense + defense
Total,fg3_miss,-0.1703948605060751,0.15295730476302474,gt_zero,2012-2014,2013.0,2012,2014,7113.8,total,3P miss,positive = good on both sides; total = offense + defense
Total,fg2m,0.5155260891255414,0.1039819867499989,gt_zero,2012-2014,2013.0,2012,2014,7113.8,total,2PM,positive = good on both sides; total = offense + defense
Total,fg2_miss,-0.707775942236489,0.0859684047573966,gt_zero,2012-2014,2013.0,2012,2014,7113.8,total,2P miss,positive = good on both sides; total = offense + defense
Total,ftm,0.8058817378460147,0.0952418906475987,gt_zero,2012-2014,2013.0,2012,2014,7113.8,total,FTM,positive = good on both sides; total = offense + defense
Total,ft_miss,-0.8939490393074018,0.22568487739132503,gt_zero,2012-2014,2013.0,2012,2014,7113.8,total,FT miss,positive = good on both sides; total = offense + defense
Total,orb,0.15376389233832394,0.13562064839884755,gt_zero,2012-2014,2013.0,2012,2014,7113.8,total,ORB,positive = good on both sides; total = offense + defense
Total,drb,0.3871463472732701,0.08373876771395182,gt_zero,2012-2014,2013.0,2012,2014,7113.8,total,DRB,positive = good on both sides; total = offense + defense
Total,ast,0.5197006930273107,0.07620466251010151,gt_zero,2012-2014,2013.0,2012,2014,7113.8,total,AST,positive = good on both sides; total = offense + defense
Total,tov,-1.1089709307872977,0.20744622814780028,gt_zero,2012-2014,2013.0,2012,2014,7113.8,total,TOV,positive = good on both sides; total = offense + defense
Total,stl,2.2893897531506067,0.26743314496753223,gt_zero,2012-2014,2013.0,2012,2014,7113.8,total,STL,positive = good on both sides; total = offense + defense
Total,blk,0.9080437082536532,0.18757285884144564,gt_zero,2012-2014,2013.0,2012,2014,7113.8,total,BLK,positive = good on both sides; total = offense + defense
Total,pf,-0.3734574449179251,0.11779531295224434,gt_zero,2012-2014,2013.0,2012,2014,7113.8,total,PF,positive = good on both sides; total = offense + defense
O,fg3m,0.9496793131872803,0.16361986298349104,margin_bins,2012-2014,2013.0,2012,2014,7113.8,offense,3PM,positive = good on both sides; total = offense + defense
O,fg3_miss,0.022223949742104177,0.1028281935296247,margin_bins,2012-2014,2013.0,2012,2014,7113.8,offense,3P miss,positive = good on both sides; total = offense + defense
O,fg2m,0.5779162859380482,0.0699984551521692,margin_bins,2012-2014,2013.0,2012,2014,7113.8,offense,2PM,positive = good on both sides; total = offense + defense
O,fg2_miss,-0.4937852200760954,0.05819196428626001,margin_bins,2012-2014,2013.0,2012,2014,7113.8,offense,2P miss,positive = good on both sides; total = offense + defense
O,ftm,0.6326912645690503,0.06472729926279662,margin_bins,2012-2014,2013.0,2012,2014,7113.8,offense,FTM,positive = good on both sides; total = offense + defense
O,ft_miss,-0.520624023690319,0.15465280881944535,margin_bins,2012-2014,2013.0,2012,2014,7113.8,offense,FT miss,positive = good on both sides; total = offense + defense
O,orb,0.4135771094606716,0.09136258822771924,margin_bins,2012-2014,2013.0,2012,2014,7113.8,offense,ORB,positive = good on both sides; total = offense + defense
O,drb,-0.01393920810570709,0.056441619495883076,margin_bins,2012-2014,2013.0,2012,2014,7113.8,offense,DRB,positive = good on both sides; total = offense + defense
O,ast,0.426781475139598,0.05163301904262166,margin_bins,2012-2014,2013.0,2012,2014,7113.8,offense,AST,positive = good on both sides; total = offense + defense
O,tov,-0.6890977315959312,0.14087721234084544,margin_bins,2012-2014,2013.0,2012,2014,7113.8,offense,TOV,positive = good on both sides; total = offense + defense
O,stl,0.7979333413687542,0.18230760468110588,margin_bins,2012-2014,2013.0,2012,2014,7113.8,offense,STL,positive = good on both sides; total = offense + defense
O,blk,-0.02025653021915219,0.12843610538208536,margin_bins,2012-2014,2013.0,2012,2014,7113.8,offense,BLK,positive = good on both sides; total = offense + defense
O,pf,-0.3131938408919946,0.07854885255853122,margin_bins,2012-2014,2013.0,2012,2014,7113.8,offense,PF,positive = good on both sides; total = offense + defense
D,fg3m,-0.20233334824408278,0.17324065477465078,margin_bins,2012-2014,2013.0,2012,2014,7113.8,defense,3PM,positive = good on both sides; total = offense + defense
D,fg3_miss,-0.17897284757456222,0.10842891817760344,margin_bins,2012-2014,2013.0,2012,2014,7113.8,defense,3P miss,positive = good on both sides; total = offense + defense
D,fg2m,-0.033172960682050556,0.0745151971673518,margin_bins,2012-2014,2013.0,2012,2014,7113.8,defense,2PM,positive = good on both sides; total = offense + defense
D,fg2_miss,-0.2313540794433775,0.06277292586597616,margin_bins,2012-2014,2013.0,2012,2014,7113.8,defense,2P miss,positive = good on both sides; total = offense + defense
D,ftm,0.1893907559924034,0.06970795417749152,margin_bins,2012-2014,2013.0,2012,2014,7113.8,defense,FTM,positive = good on both sides; total = offense + defense
D,ft_miss,-0.35268707639897956,0.16707409595088768,margin_bins,2012-2014,2013.0,2012,2014,7113.8,defense,FT miss,positive = good on both sides; total = offense + defense
D,orb,-0.22587976509011642,0.09731079497634908,margin_bins,2012-2014,2013.0,2012,2014,7113.8,defense,ORB,positive = good on both sides; total = offense + defense
D,drb,0.3773216031523483,0.059086896978494764,margin_bins,2012-2014,2013.0,2012,2014,7113.8,defense,DRB,positive = good on both sides; total = offense + defense
D,ast,0.1041406462826634,0.05426702199879531,margin_bins,2012-2014,2013.0,2012,2014,7113.8,defense,AST,positive = good on both sides; total = offense + defense
D,tov,-0.4593075414480574,0.1506597396998455,margin_bins,2012-2014,2013.0,2012,2014,7113.8,defense,TOV,positive = good on both sides; total = offense + defense
D,stl,1.4190554229070194,0.19588916385397426,margin_bins,2012-2014,2013.0,2012,2014,7113.8,defense,STL,positive = good on both sides; total = offense + defense
D,blk,0.865456717219216,0.1358949702521059,margin_bins,2012-2014,2013.0,2012,2014,7113.8,defense,BLK,positive = good on both sides; total = offense + defense
D,pf,-0.07219353034407683,0.08317904216876057,margin_bins,2012-2014,2013.0,2012,2014,7113.8,defense,PF,positive = good on both sides; total = offense + defense
Total,fg3m,0.7473459649431975,0.23915495136358167,margin_bins,2012-2014,2013.0,2012,2014,7113.8,total,3PM,positive = good on both sides; total = offense + defense
Total,fg3_miss,-0.15674889783245805,0.1497887185353424,margin_bins,2012-2014,2013.0,2012,2014,7113.8,total,3P miss,positive = good on both sides; total = offense + defense
Total,fg2m,0.5447433252559977,0.10290304074218172,margin_bins,2012-2014,2013.0,2012,2014,7113.8,total,2PM,positive = good on both sides; total = offense + defense
Total,fg2_miss,-0.7251392995194729,0.08554385022700699,margin_bins,2012-2014,2013.0,2012,2014,7113.8,total,2P miss,positive = good on both sides; total = offense + defense
Total,ftm,0.8220820205614537,0.09545683179490264,margin_bins,2012-2014,2013.0,2012,2014,7113.8,total,FTM,positive = good on both sides; total = offense + defense
Total,ft_miss,-0.8733111000892986,0.2260035625960126,margin_bins,2012-2014,2013.0,2012,2014,7113.8,total,FT miss,positive = good on both sides; total = offense + defense
Total,orb,0.18769734437055519,0.13431939666324633,margin_bins,2012-2014,2013.0,2012,2014,7113.8,total,ORB,positive = good on both sides; total = offense + defense
Total,drb,0.3633823950466412,0.08318582966955061,margin_bins,2012-2014,2013.0,2012,2014,7113.8,total,DRB,positive = good on both sides; total = offense + defense
Total,ast,0.5309221214222615,0.07551753071250829,margin_bins,2012-2014,2013.0,2012,2014,7113.8,total,AST,positive = good on both sides; total = offense + defense
Total,tov,-1.1484052730439887,0.20478164889082764,margin_bins,2012-2014,2013.0,2012,2014,7113.8,total,TOV,positive = good on both sides; total = offense + defense
Total,stl,2.2169887642757735,0.26758423636832185,margin_bins,2012-2014,2013.0,2012,2014,7113.8,total,STL,positive = good on both sides; total = offense + defense
Total,blk,0.8452001870000638,0.18678870451275034,margin_bins,2012-2014,2013.0,2012,2014,7113.8,total,BLK,positive = good on both sides; total = offense + defense
Total,pf,-0.3853873712360714,0.11647187468260808,margin_bins,2012-2014,2013.0,2012,2014,7113.8,total,PF,positive = good on both sides; total = offense + defense
O,fg3m,1.217237653590241,0.1580508333779007,base,2015-2017,2016.0,2015,2017,7113.8,offense,3PM,positive = good on both sides; total = offense + defense
O,fg3_miss,-0.12447231934275316,0.09594701864246284,base,2015-2017,2016.0,2015,2017,7113.8,offense,3P miss,positive = good on both sides; total = offense + defense
O,fg2m,0.6899227966077677,0.0722486221948363,base,2015-2017,2016.0,2015,2017,7113.8,offense,2PM,positive = good on both sides; total = offense + defense
O,fg2_miss,-0.5220851286375312,0.06272420520871952,base,2015-2017,2016.0,2015,2017,7113.8,offense,2P miss,positive = good on both sides; total = offense + defense
O,ftm,0.5904778955859129,0.06247968121272336,base,2015-2017,2016.0,2015,2017,7113.8,offense,FTM,positive = good on both sides; total = offense + defense
O,ft_miss,-0.30638920319043744,0.1460013505807923,base,2015-2017,2016.0,2015,2017,7113.8,offense,FT miss,positive = good on both sides; total = offense + defense
O,orb,0.4771031101899776,0.09544758996312551,base,2015-2017,2016.0,2015,2017,7113.8,offense,ORB,positive = good on both sides; total = offense + defense
O,drb,-0.029762761125065748,0.053814634978054485,base,2015-2017,2016.0,2015,2017,7113.8,offense,DRB,positive = good on both sides; total = offense + defense
O,ast,0.34798874362184007,0.05226785554207496,base,2015-2017,2016.0,2015,2017,7113.8,offense,AST,positive = good on both sides; total = offense + defense
O,tov,-0.5918136095480011,0.1316535282123975,base,2015-2017,2016.0,2015,2017,7113.8,offense,TOV,positive = good on both sides; total = offense + defense
O,stl,0.7887081604552675,0.17929897371138828,base,2015-2017,2016.0,2015,2017,7113.8,offense,STL,positive = good on both sides; total = offense + defense
O,blk,-0.16372197109380004,0.13374226550085802,base,2015-2017,2016.0,2015,2017,7113.8,offense,BLK,positive = good on both sides; total = offense + defense
O,pf,-0.4094978653244137,0.08407327524777244,base,2015-2017,2016.0,2015,2017,7113.8,offense,PF,positive = good on both sides; total = offense + defense
D,fg3m,0.26363116900558103,0.16775086667795525,base,2015-2017,2016.0,2015,2017,7113.8,defense,3PM,positive = good on both sides; total = offense + defense
D,fg3_miss,-0.2669471808540095,0.10187166352655741,base,2015-2017,2016.0,2015,2017,7113.8,defense,3P miss,positive = good on both sides; total = offense + defense
D,fg2m,0.0844180235788006,0.07689858798741252,base,2015-2017,2016.0,2015,2017,7113.8,defense,2PM,positive = good on both sides; total = offense + defense
D,fg2_miss,-0.31069477449921057,0.06749158187203248,base,2015-2017,2016.0,2015,2017,7113.8,defense,2P miss,positive = good on both sides; total = offense + defense
D,ftm,0.08679590380910393,0.06686496292033628,base,2015-2017,2016.0,2015,2017,7113.8,defense,FTM,positive = good on both sides; total = offense + defense
D,ft_miss,-0.31327116698940843,0.15749840670886397,base,2015-2017,2016.0,2015,2017,7113.8,defense,FT miss,positive = good on both sides; total = offense + defense
D,orb,-0.018286252896012545,0.10188822067436035,base,2015-2017,2016.0,2015,2017,7113.8,defense,ORB,positive = good on both sides; total = offense + defense
D,drb,0.4229423116023199,0.056430941578846885,base,2015-2017,2016.0,2015,2017,7113.8,defense,DRB,positive = good on both sides; total = offense + defense
D,ast,0.16834215266540692,0.05528032135987088,base,2015-2017,2016.0,2015,2017,7113.8,defense,AST,positive = good on both sides; total = offense + defense
D,tov,-0.49029072993646444,0.14288987265558875,base,2015-2017,2016.0,2015,2017,7113.8,defense,TOV,positive = good on both sides; total = offense + defense
D,stl,1.696057448751318,0.19234042707649696,base,2015-2017,2016.0,2015,2017,7113.8,defense,STL,positive = good on both sides; total = offense + defense
D,blk,0.9070832345726089,0.14255109929575455,base,2015-2017,2016.0,2015,2017,7113.8,defense,BLK,positive = good on both sides; total = offense + defense
D,pf,0.06550353550098978,0.08942057407068045,base,2015-2017,2016.0,2015,2017,7113.8,defense,PF,positive = good on both sides; total = offense + defense
Total,fg3m,1.480868822595822,0.22999626605965365,base,2015-2017,2016.0,2015,2017,7113.8,total,3PM,positive = good on both sides; total = offense + defense
Total,fg3_miss,-0.39141950019676264,0.13925553983477862,base,2015-2017,2016.0,2015,2017,7113.8,total,3P miss,positive = good on both sides; total = offense + defense
Total,fg2m,0.7743408201865682,0.10595286372944912,base,2015-2017,2016.0,2015,2017,7113.8,total,2PM,positive = good on both sides; total = offense + defense
Total,fg2_miss,-0.8327799031367418,0.09248624036180576,base,2015-2017,2016.0,2015,2017,7113.8,total,2P miss,positive = good on both sides; total = offense + defense
Total,ftm,0.6772737993950169,0.09197900465380246,base,2015-2017,2016.0,2015,2017,7113.8,total,FTM,positive = good on both sides; total = offense + defense
Total,ft_miss,-0.6196603701798459,0.21495429446901468,base,2015-2017,2016.0,2015,2017,7113.8,total,FT miss,positive = good on both sides; total = offense + defense
Total,orb,0.45881685729396504,0.1400210851812109,base,2015-2017,2016.0,2015,2017,7113.8,total,ORB,positive = good on both sides; total = offense + defense
Total,drb,0.3931795504772541,0.07899798709739854,base,2015-2017,2016.0,2015,2017,7113.8,total,DRB,positive = good on both sides; total = offense + defense
Total,ast,0.516330896287247,0.07595531688788079,base,2015-2017,2016.0,2015,2017,7113.8,total,AST,positive = good on both sides; total = offense + defense
Total,tov,-1.0821043394844656,0.19348714608014175,base,2015-2017,2016.0,2015,2017,7113.8,total,TOV,positive = good on both sides; total = offense + defense
Total,stl,2.4847656092065855,0.2638108880987761,base,2015-2017,2016.0,2015,2017,7113.8,total,STL,positive = good on both sides; total = offense + defense
Total,blk,0.7433612634788088,0.1957296940058102,base,2015-2017,2016.0,2015,2017,7113.8,total,BLK,positive = good on both sides; total = offense + defense
Total,pf,-0.3439943298234239,0.12388021032111854,base,2015-2017,2016.0,2015,2017,7113.8,total,PF,positive = good on both sides; total = offense + defense
O,fg3m,1.2450863562531231,0.14343317664968397,lam_x3,2015-2017,2016.0,2015,2017,21341.4,offense,3PM,positive = good on both sides; total = offense + defense
O,fg3_miss,-0.14472296930901968,0.08699826337403105,lam_x3,2015-2017,2016.0,2015,2017,21341.4,offense,3P miss,positive = good on both sides; total = offense + defense
O,fg2m,0.7191658323820194,0.06539131703438052,lam_x3,2015-2017,2016.0,2015,2017,21341.4,offense,2PM,positive = good on both sides; total = offense + defense
O,fg2_miss,-0.5442379135240674,0.05580917395686284,lam_x3,2015-2017,2016.0,2015,2017,21341.4,offense,2P miss,positive = good on both sides; total = offense + defense
O,ftm,0.6094962832176449,0.05580432296448026,lam_x3,2015-2017,2016.0,2015,2017,21341.4,offense,FTM,positive = good on both sides; total = offense + defense
O,ft_miss,-0.31956078878083705,0.1288077599391426,lam_x3,2015-2017,2016.0,2015,2017,21341.4,offense,FT miss,positive = good on both sides; total = offense + defense
O,orb,0.5176444733266565,0.08603701571806766,lam_x3,2015-2017,2016.0,2015,2017,21341.4,offense,ORB,positive = good on both sides; total = offense + defense
O,drb,-0.02705433925141447,0.050002230574789815,lam_x3,2015-2017,2016.0,2015,2017,21341.4,offense,DRB,positive = good on both sides; total = offense + defense
O,ast,0.35405250255993503,0.047870370279998256,lam_x3,2015-2017,2016.0,2015,2017,21341.4,offense,AST,positive = good on both sides; total = offense + defense
O,tov,-0.6446340612842252,0.11534298809989187,lam_x3,2015-2017,2016.0,2015,2017,21341.4,offense,TOV,positive = good on both sides; total = offense + defense
O,stl,0.6405627304150975,0.16024080924673878,lam_x3,2015-2017,2016.0,2015,2017,21341.4,offense,STL,positive = good on both sides; total = offense + defense
O,blk,-0.18268859634601842,0.12100928139081991,lam_x3,2015-2017,2016.0,2015,2017,21341.4,offense,BLK,positive = good on both sides; total = offense + defense
O,pf,-0.3761588340173083,0.07604544920765974,lam_x3,2015-2017,2016.0,2015,2017,21341.4,offense,PF,positive = good on both sides; total = offense + defense
D,fg3m,0.23323523960829934,0.14834873070109011,lam_x3,2015-2017,2016.0,2015,2017,21341.4,defense,3PM,positive = good on both sides; total = offense + defense
D,fg3_miss,-0.2229975532224629,0.09004946721170802,lam_x3,2015-2017,2016.0,2015,2017,21341.4,defense,3P miss,positive = good on both sides; total = offense + defense
D,fg2m,0.10369201885402027,0.06768723850986359,lam_x3,2015-2017,2016.0,2015,2017,21341.4,defense,2PM,positive = good on both sides; total = offense + defense
D,fg2_miss,-0.314445108035618,0.058174843267290215,lam_x3,2015-2017,2016.0,2015,2017,21341.4,defense,2P miss,positive = good on both sides; total = offense + defense
D,ftm,0.058311966202947936,0.05805892194844273,lam_x3,2015-2017,2016.0,2015,2017,21341.4,defense,FTM,positive = good on both sides; total = offense + defense
D,ft_miss,-0.30959097962828547,0.13479239848439337,lam_x3,2015-2017,2016.0,2015,2017,21341.4,defense,FT miss,positive = good on both sides; total = offense + defense
D,orb,0.010856004552988161,0.08936126500536852,lam_x3,2015-2017,2016.0,2015,2017,21341.4,defense,ORB,positive = good on both sides; total = offense + defense
D,drb,0.4399321141338459,0.051213239346010374,lam_x3,2015-2017,2016.0,2015,2017,21341.4,defense,DRB,positive = good on both sides; total = offense + defense
D,ast,0.18903239764923485,0.049364808583460984,lam_x3,2015-2017,2016.0,2015,2017,21341.4,defense,AST,positive = good on both sides; total = offense + defense
D,tov,-0.5235023393182476,0.12112387936813415,lam_x3,2015-2017,2016.0,2015,2017,21341.4,defense,TOV,positive = good on both sides; total = offense + defense
D,stl,1.6054349230541392,0.16685331703817835,lam_x3,2015-2017,2016.0,2015,2017,21341.4,defense,STL,positive = good on both sides; total = offense + defense
D,blk,0.8872534873993196,0.12548666095162148,lam_x3,2015-2017,2016.0,2015,2017,21341.4,defense,BLK,positive = good on both sides; total = offense + defense
D,pf,0.034374853205925995,0.0787412564790484,lam_x3,2015-2017,2016.0,2015,2017,21341.4,defense,PF,positive = good on both sides; total = offense + defense
Total,fg3m,1.4783215958614224,0.20548244083895176,lam_x3,2015-2017,2016.0,2015,2017,21341.4,total,3PM,positive = good on both sides; total = offense + defense
Total,fg3_miss,-0.3677205225314826,0.12420222804268416,lam_x3,2015-2017,2016.0,2015,2017,21341.4,total,3P miss,positive = good on both sides; total = offense + defense
Total,fg2m,0.8228578512360396,0.09436837044732421,lam_x3,2015-2017,2016.0,2015,2017,21341.4,total,2PM,positive = good on both sides; total = offense + defense
Total,fg2_miss,-0.8586830215596853,0.0808116030425025,lam_x3,2015-2017,2016.0,2015,2017,21341.4,total,2P miss,positive = good on both sides; total = offense + defense
Total,ftm,0.6678082494205929,0.08083481411451017,lam_x3,2015-2017,2016.0,2015,2017,21341.4,total,FTM,positive = good on both sides; total = offense + defense
Total,ft_miss,-0.6291517684091226,0.1858925721573622,lam_x3,2015-2017,2016.0,2015,2017,21341.4,total,FT miss,positive = good on both sides; total = offense + defense
Total,orb,0.5285004778796447,0.12413812119117533,lam_x3,2015-2017,2016.0,2015,2017,21341.4,total,ORB,positive = good on both sides; total = offense + defense
Total,drb,0.41287777488243144,0.07252974550578781,lam_x3,2015-2017,2016.0,2015,2017,21341.4,total,DRB,positive = good on both sides; total = offense + defense
Total,ast,0.5430849002091699,0.06845059894120131,lam_x3,2015-2017,2016.0,2015,2017,21341.4,total,AST,positive = good on both sides; total = offense + defense
Total,tov,-1.1681364006024728,0.16608223606947325,lam_x3,2015-2017,2016.0,2015,2017,21341.4,total,TOV,positive = good on both sides; total = offense + defense
Total,stl,2.2459976534692365,0.23144217980411985,lam_x3,2015-2017,2016.0,2015,2017,21341.4,total,STL,positive = good on both sides; total = offense + defense
Total,blk,0.7045648910533012,0.17399689709625638,lam_x3,2015-2017,2016.0,2015,2017,21341.4,total,BLK,positive = good on both sides; total = offense + defense
Total,pf,-0.34178398081138234,0.11034970053844627,lam_x3,2015-2017,2016.0,2015,2017,21341.4,total,PF,positive = good on both sides; total = offense + defense
O,fg3m,1.1927130604672331,0.1853312983434941,lam_div3,2015-2017,2016.0,2015,2017,2371.2666666666664,offense,3PM,positive = good on both sides; total = offense + defense
O,fg3_miss,-0.10971873702786936,0.1123839298992047,lam_div3,2015-2017,2016.0,2015,2017,2371.2666666666664,offense,3P miss,positive = good on both sides; total = offense + defense
O,fg2m,0.6497436877274376,0.08530762558715328,lam_div3,2015-2017,2016.0,2015,2017,2371.2666666666664,offense,2PM,positive = good on both sides; total = offense + defense
O,fg2_miss,-0.4915016613156694,0.07576055876230513,lam_div3,2015-2017,2016.0,2015,2017,2371.2666666666664,offense,2P miss,positive = good on both sides; total = offense + defense
O,ftm,0.5692065366539865,0.07471581809538204,lam_div3,2015-2017,2016.0,2015,2017,2371.2666666666664,offense,FTM,positive = good on both sides; total = offense + defense
O,ft_miss,-0.2884595610853315,0.17717737102889758,lam_div3,2015-2017,2016.0,2015,2017,2371.2666666666664,offense,FT miss,positive = good on both sides; total = offense + defense
O,orb,0.41880312335188696,0.1129338913938269,lam_div3,2015-2017,2016.0,2015,2017,2371.2666666666664,offense,ORB,positive = good on both sides; total = offense + defense
O,drb,-0.03293652258628368,0.06146327708627768,lam_div3,2015-2017,2016.0,2015,2017,2371.2666666666664,offense,DRB,positive = good on both sides; total = offense + defense
O,ast,0.3247429855062712,0.060694085509581074,lam_div3,2015-2017,2016.0,2015,2017,2371.2666666666664,offense,AST,positive = good on both sides; total = offense + defense
O,tov,-0.4883329062109757,0.16174707788386186,lam_div3,2015-2017,2016.0,2015,2017,2371.2666666666664,offense,TOV,positive = good on both sides; total = offense + defense
O,stl,0.9944987248091004,0.2152128468483771,lam_div3,2015-2017,2016.0,2015,2017,2371.2666666666664,offense,STL,positive = good on both sides; total = offense + defense
O,blk,-0.12164993740416516,0.15784298356029974,lam_div3,2015-2017,2016.0,2015,2017,2371.2666666666664,offense,BLK,positive = good on both sides; total = offense + defense
O,pf,-0.4564940234955638,0.09919544794472336,lam_div3,2015-2017,2016.0,2015,2017,2371.2666666666664,offense,PF,positive = good on both sides; total = offense + defense
D,fg3m,0.3035988750689184,0.20287592287257716,lam_div3,2015-2017,2016.0,2015,2017,2371.2666666666664,defense,3PM,positive = good on both sides; total = offense + defense
D,fg3_miss,-0.3207187723774359,0.12286650196822856,lam_div3,2015-2017,2016.0,2015,2017,2371.2666666666664,defense,3P miss,positive = good on both sides; total = offense + defense
D,fg2m,0.060808634828352706,0.09377837120332994,lam_div3,2015-2017,2016.0,2015,2017,2371.2666666666664,defense,2PM,positive = good on both sides; total = offense + defense
D,fg2_miss,-0.3060602920627219,0.08420846911993934,lam_div3,2015-2017,2016.0,2015,2017,2371.2666666666664,defense,2P miss,positive = good on both sides; total = offense + defense
D,ftm,0.12285365610184205,0.08256337765276328,lam_div3,2015-2017,2016.0,2015,2017,2371.2666666666664,defense,FTM,positive = good on both sides; total = offense + defense
D,ft_miss,-0.3113210360466857,0.19699883464256168,lam_div3,2015-2017,2016.0,2015,2017,2371.2666666666664,defense,FT miss,positive = good on both sides; total = offense + defense
D,orb,-0.051450955264671056,0.12438855661291355,lam_div3,2015-2017,2016.0,2015,2017,2371.2666666666664,defense,ORB,positive = good on both sides; total = offense + defense
D,drb,0.40715931785243625,0.0666438375161465,lam_div3,2015-2017,2016.0,2015,2017,2371.2666666666664,defense,DRB,positive = good on both sides; total = offense + defense
D,ast,0.1299304647490836,0.0662018260440507,lam_div3,2015-2017,2016.0,2015,2017,2371.2666666666664,defense,AST,positive = good on both sides; total = offense + defense
D,tov,-0.4459170684061247,0.18108614919755756,lam_div3,2015-2017,2016.0,2015,2017,2371.2666666666664,defense,TOV,positive = good on both sides; total = offense + defense
D,stl,1.8184952222047603,0.23891897469675263,lam_div3,2015-2017,2016.0,2015,2017,2371.2666666666664,defense,STL,positive = good on both sides; total = offense + defense
D,blk,0.9404501764226467,0.1739468120529695,lam_div3,2015-2017,2016.0,2015,2017,2371.2666666666664,defense,BLK,positive = good on both sides; total = offense + defense
D,pf,0.09739577599993218,0.10897225318392316,lam_div3,2015-2017,2016.0,2015,2017,2371.2666666666664,defense,PF,positive = good on both sides; total = offense + defense
Total,fg3m,1.4963119355361516,0.2745744012181143,lam_div3,2015-2017,2016.0,2015,2017,2371.2666666666664,total,3PM,positive = good on both sides; total = offense + defense
Total,fg3_miss,-0.43043750940530523,0.16597765440058473,lam_div3,2015-2017,2016.0,2015,2017,2371.2666666666664,total,3P miss,positive = good on both sides; total = offense + defense
Total,fg2m,0.7105523225557904,0.1273337284846305,lam_div3,2015-2017,2016.0,2015,2017,2371.2666666666664,total,2PM,positive = good on both sides; total = offense + defense
Total,fg2_miss,-0.7975619533783913,0.1137313149810314,lam_div3,2015-2017,2016.0,2015,2017,2371.2666666666664,total,2P miss,positive = good on both sides; total = offense + defense
Total,ftm,0.6920601927558285,0.11191730613577235,lam_div3,2015-2017,2016.0,2015,2017,2371.2666666666664,total,FTM,positive = good on both sides; total = offense + defense
Total,ft_miss,-0.5997805971320171,0.26571820623303943,lam_div3,2015-2017,2016.0,2015,2017,2371.2666666666664,total,FT miss,positive = good on both sides; total = offense + defense
Total,orb,0.36735216808721594,0.16866914175378392,lam_div3,2015-2017,2016.0,2015,2017,2371.2666666666664,total,ORB,positive = good on both sides; total = offense + defense
Total,drb,0.3742227952661526,0.0917208268250682,lam_div3,2015-2017,2016.0,2015,2017,2371.2666666666664,total,DRB,positive = good on both sides; total = offense + defense
Total,ast,0.45467345025535477,0.08991323939574442,lam_div3,2015-2017,2016.0,2015,2017,2371.2666666666664,total,AST,positive = good on both sides; total = offense + defense
Total,tov,-0.9342499746171005,0.2423150077514204,lam_div3,2015-2017,2016.0,2015,2017,2371.2666666666664,total,TOV,positive = good on both sides; total = offense + defense
Total,stl,2.8129939470138607,0.3230568777733776,lam_div3,2015-2017,2016.0,2015,2017,2371.2666666666664,total,STL,positive = good on both sides; total = offense + defense
Total,blk,0.8188002390184815,0.2356373476673324,lam_div3,2015-2017,2016.0,2015,2017,2371.2666666666664,total,BLK,positive = good on both sides; total = offense + defense
Total,pf,-0.3590982474956316,0.14861614930850844,lam_div3,2015-2017,2016.0,2015,2017,2371.2666666666664,total,PF,positive = good on both sides; total = offense + defense
O,fg3m,1.2037960594686659,0.15931612423467487,gt_half,2015-2017,2016.0,2015,2017,7113.8,offense,3PM,positive = good on both sides; total = offense + defense
O,fg3_miss,-0.11531881543571997,0.09681571831475104,gt_half,2015-2017,2016.0,2015,2017,7113.8,offense,3P miss,positive = good on both sides; total = offense + defense
O,fg2m,0.6754799082789299,0.07260992324649375,gt_half,2015-2017,2016.0,2015,2017,7113.8,offense,2PM,positive = good on both sides; total = offense + defense
O,fg2_miss,-0.5174430414350659,0.06292118024965888,gt_half,2015-2017,2016.0,2015,2017,7113.8,offense,2P miss,positive = good on both sides; total = offense + defense
O,ftm,0.5850944208868036,0.06241413780787897,gt_half,2015-2017,2016.0,2015,2017,7113.8,offense,FTM,positive = good on both sides; total = offense + defense
O,ft_miss,-0.2974669613771318,0.14593497769402625,gt_half,2015-2017,2016.0,2015,2017,7113.8,offense,FT miss,positive = good on both sides; total = offense + defense
O,orb,0.4986505683571526,0.09581621164089864,gt_half,2015-2017,2016.0,2015,2017,7113.8,offense,ORB,positive = good on both sides; total = offense + defense
O,drb,-0.03471057853021371,0.05408887284663284,gt_half,2015-2017,2016.0,2015,2017,7113.8,offense,DRB,positive = good on both sides; total = offense + defense
O,ast,0.35095846803980146,0.052386700761093224,gt_half,2015-2017,2016.0,2015,2017,7113.8,offense,AST,positive = good on both sides; total = offense + defense
O,tov,-0.5803736786830516,0.13162334795976674,gt_half,2015-2017,2016.0,2015,2017,7113.8,offense,TOV,positive = good on both sides; total = offense + defense
O,stl,0.7953222850692914,0.17929960638004017,gt_half,2015-2017,2016.0,2015,2017,7113.8,offense,STL,positive = good on both sides; total = offense + defense
O,blk,-0.17153279118376993,0.1339446049875476,gt_half,2015-2017,2016.0,2015,2017,7113.8,offense,BLK,positive = good on both sides; total = offense + defense
O,pf,-0.4239374146859638,0.08452352555065654,gt_half,2015-2017,2016.0,2015,2017,7113.8,offense,PF,positive = good on both sides; total = offense + defense
D,fg3m,0.2180368484594965,0.169088839486751,gt_half,2015-2017,2016.0,2015,2017,7113.8,defense,3PM,positive = good on both sides; total = offense + defense
D,fg3_miss,-0.23396627008439214,0.10280208091451051,gt_half,2015-2017,2016.0,2015,2017,7113.8,defense,3P miss,positive = good on both sides; total = offense + defense
D,fg2m,0.09115375410234516,0.0772732532945371,gt_half,2015-2017,2016.0,2015,2017,7113.8,defense,2PM,positive = good on both sides; total = offense + defense
D,fg2_miss,-0.31768536396574354,0.06769425670359913,gt_half,2015-2017,2016.0,2015,2017,7113.8,defense,2P miss,positive = good on both sides; total = offense + defense
D,ftm,0.08309518899048583,0.06678598304744729,gt_half,2015-2017,2016.0,2015,2017,7113.8,defense,FTM,positive = good on both sides; total = offense + defense
D,ft_miss,-0.2923072591905037,0.1574435480402399,gt_half,2015-2017,2016.0,2015,2017,7113.8,defense,FT miss,positive = good on both sides; total = offense + defense
D,orb,-0.020856778378768308,0.1022856169812157,gt_half,2015-2017,2016.0,2015,2017,7113.8,defense,ORB,positive = good on both sides; total = offense + defense
D,drb,0.42169322730029174,0.05669131124903923,gt_half,2015-2017,2016.0,2015,2017,7113.8,defense,DRB,positive = good on both sides; total = offense + defense
D,ast,0.17608965362385648,0.055396649690382174,gt_half,2015-2017,2016.0,2015,2017,7113.8,defense,AST,positive = good on both sides; total = offense + defense
D,tov,-0.5024452490843474,0.14285359233405875,gt_half,2015-2017,2016.0,2015,2017,7113.8,defense,TOV,positive = good on both sides; total = offense + defense
D,stl,1.67229626351383,0.19228986026419706,gt_half,2015-2017,2016.0,2015,2017,7113.8,defense,STL,positive = good on both sides; total = offense + defense
D,blk,0.9150002389743028,0.14273011009738037,gt_half,2015-2017,2016.0,2015,2017,7113.8,defense,BLK,positive = good on both sides; total = offense + defense
D,pf,0.057589148052915234,0.08987995492244866,gt_half,2015-2017,2016.0,2015,2017,7113.8,defense,PF,positive = good on both sides; total = offense + defense
Total,fg3m,1.4218329079281624,0.23180505543440763,gt_half,2015-2017,2016.0,2015,2017,7113.8,total,3PM,positive = good on both sides; total = offense + defense
Total,fg3_miss,-0.3492850855201121,0.1405547580605761,gt_half,2015-2017,2016.0,2015,2017,7113.8,total,3P miss,positive = good on both sides; total = offense + defense
Total,fg2m,0.7666336623812751,0.10646704480824754,gt_half,2015-2017,2016.0,2015,2017,7113.8,total,2PM,positive = good on both sides; total = offense + defense
Total,fg2_miss,-0.8351284054008095,0.09278430514811885,gt_half,2015-2017,2016.0,2015,2017,7113.8,total,2P miss,positive = good on both sides; total = offense + defense
Total,ftm,0.6681896098772895,0.09186336302063952,gt_half,2015-2017,2016.0,2015,2017,7113.8,total,FTM,positive = good on both sides; total = offense + defense
Total,ft_miss,-0.5897742205676355,0.21489098971311357,gt_half,2015-2017,2016.0,2015,2017,7113.8,total,FT miss,positive = good on both sides; total = offense + defense
Total,orb,0.4777937899783843,0.140602660255282,gt_half,2015-2017,2016.0,2015,2017,7113.8,total,ORB,positive = good on both sides; total = offense + defense
Total,drb,0.38698264877007804,0.07939244189620812,gt_half,2015-2017,2016.0,2015,2017,7113.8,total,DRB,positive = good on both sides; total = offense + defense
Total,ast,0.527048121663658,0.07612643156595707,gt_half,2015-2017,2016.0,2015,2017,7113.8,total,AST,positive = good on both sides; total = offense + defense
Total,tov,-1.082818927767399,0.1933814033667347,gt_half,2015-2017,2016.0,2015,2017,7113.8,total,TOV,positive = good on both sides; total = offense + defense
Total,stl,2.4676185485831215,0.2637756695086042,gt_half,2015-2017,2016.0,2015,2017,7113.8,total,STL,positive = good on both sides; total = offense + defense
Total,blk,0.7434674477905329,0.19598050309743495,gt_half,2015-2017,2016.0,2015,2017,7113.8,total,BLK,positive = good on both sides; total = offense + defense
Total,pf,-0.36634826663304854,0.12450279761505861,gt_half,2015-2017,2016.0,2015,2017,7113.8,total,PF,positive = good on both sides; total = offense + defense
O,fg3m,1.1901564630505725,0.16081868421600135,gt_zero,2015-2017,2016.0,2015,2017,7113.8,offense,3PM,positive = good on both sides; total = offense + defense
O,fg3_miss,-0.10550745788830695,0.09783654981695859,gt_zero,2015-2017,2016.0,2015,2017,7113.8,offense,3P miss,positive = good on both sides; total = offense + defense
O,fg2m,0.6597892743064411,0.07304402319178543,gt_zero,2015-2017,2016.0,2015,2017,7113.8,offense,2PM,positive = good on both sides; total = offense + defense
O,fg2_miss,-0.5116204349518864,0.06316967888707231,gt_zero,2015-2017,2016.0,2015,2017,7113.8,offense,2P miss,positive = good on both sides; total = offense + defense
O,ftm,0.5787039618986414,0.0623648288265692,gt_zero,2015-2017,2016.0,2015,2017,7113.8,offense,FTM,positive = good on both sides; total = offense + defense
O,ft_miss,-0.2876940016615557,0.1459222449401181,gt_zero,2015-2017,2016.0,2015,2017,7113.8,offense,FT miss,positive = good on both sides; total = offense + defense
O,orb,0.5210977315264347,0.0962716151779009,gt_zero,2015-2017,2016.0,2015,2017,7113.8,offense,ORB,positive = good on both sides; total = offense + defense
O,drb,-0.04043280808783503,0.05441622587962496,gt_zero,2015-2017,2016.0,2015,2017,7113.8,offense,DRB,positive = good on both sides; total = offense + defense
O,ast,0.35356091109023674,0.05253554816074173,gt_zero,2015-2017,2016.0,2015,2017,7113.8,offense,AST,positive = good on both sides; total = offense + defense
O,tov,-0.568042661813015,0.13163573741911033,gt_zero,2015-2017,2016.0,2015,2017,7113.8,offense,TOV,positive = good on both sides; total = offense + defense
O,stl,0.8022639613523019,0.17935678030249894,gt_zero,2015-2017,2016.0,2015,2017,7113.8,offense,STL,positive = good on both sides; total = offense + defense
O,blk,-0.18101939278451568,0.13421379907476233,gt_zero,2015-2017,2016.0,2015,2017,7113.8,offense,BLK,positive = good on both sides; total = offense + defense
O,pf,-0.43968087642725273,0.08506386581516942,gt_zero,2015-2017,2016.0,2015,2017,7113.8,offense,PF,positive = good on both sides; total = offense + defense
D,fg3m,0.16830196063711045,0.17072167554849893,gt_zero,2015-2017,2016.0,2015,2017,7113.8,defense,3PM,positive = good on both sides; total = offense + defense
D,fg3_miss,-0.1973070507409484,0.1039224138332713,gt_zero,2015-2017,2016.0,2015,2017,7113.8,defense,3P miss,positive = good on both sides; total = offense + defense
D,fg2m,0.09830571597420157,0.07774073836771415,gt_zero,2015-2017,2016.0,2015,2017,7113.8,defense,2PM,positive = good on both sides; total = offense + defense
D,fg2_miss,-0.3243903436357298,0.06796399421354579,gt_zero,2015-2017,2016.0,2015,2017,7113.8,defense,2P miss,positive = good on both sides; total = offense + defense
D,ftm,0.07876990946444418,0.06673014582304318,gt_zero,2015-2017,2016.0,2015,2017,7113.8,defense,FTM,positive = good on both sides; total = offense + defense
D,ft_miss,-0.2686009884051379,0.15746675710896973,gt_zero,2015-2017,2016.0,2015,2017,7113.8,defense,FT miss,positive = good on both sides; total = offense + defense
D,orb,-0.02534322011917256,0.10279471604562421,gt_zero,2015-2017,2016.0,2015,2017,7113.8,defense,ORB,positive = good on both sides; total = offense + defense
D,drb,0.4203559584895299,0.05701379011149973,gt_zero,2015-2017,2016.0,2015,2017,7113.8,defense,DRB,positive = good on both sides; total = offense + defense
D,ast,0.18378939564656238,0.05554983251180434,gt_zero,2015-2017,2016.0,2015,2017,7113.8,defense,AST,positive = good on both sides; total = offense + defense
D,tov,-0.5164775693891246,0.14287637994660088,gt_zero,2015-2017,2016.0,2015,2017,7113.8,defense,TOV,positive = good on both sides; total = offense + defense
D,stl,1.6463760313769695,0.19231773142102504,gt_zero,2015-2017,2016.0,2015,2017,7113.8,defense,STL,positive = good on both sides; total = offense + defense
D,blk,0.9225636864437291,0.14299615567741916,gt_zero,2015-2017,2016.0,2015,2017,7113.8,defense,BLK,positive = good on both sides; total = offense + defense
D,pf,0.048987466533989,0.09044932635816552,gt_zero,2015-2017,2016.0,2015,2017,7113.8,defense,PF,positive = good on both sides; total = offense + defense
Total,fg3m,1.3584584236876829,0.23398753119809323,gt_zero,2015-2017,2016.0,2015,2017,7113.8,total,3PM,positive = good on both sides; total = offense + defense
Total,fg3_miss,-0.30281450862925535,0.14209693277586008,gt_zero,2015-2017,2016.0,2015,2017,7113.8,total,3P miss,positive = good on both sides; total = offense + defense
Total,fg2m,0.7580949902806426,0.10710250249221367,gt_zero,2015-2017,2016.0,2015,2017,7113.8,total,2PM,positive = good on both sides; total = offense + defense
Total,fg2_miss,-0.8360107785876162,0.09317266730690643,gt_zero,2015-2017,2016.0,2015,2017,7113.8,total,2P miss,positive = good on both sides; total = offense + defense
Total,ftm,0.6574738713630855,0.09177693245765915,gt_zero,2015-2017,2016.0,2015,2017,7113.8,total,FTM,positive = good on both sides; total = offense + defense
Total,ft_miss,-0.5562949900666936,0.21492913500390962,gt_zero,2015-2017,2016.0,2015,2017,7113.8,total,FT miss,positive = good on both sides; total = offense + defense
Total,orb,0.4957545114072621,0.14134729568289048,gt_zero,2015-2017,2016.0,2015,2017,7113.8,total,ORB,positive = good on both sides; total = offense + defense
Total,drb,0.3799231504016949,0.07987246539622384,gt_zero,2015-2017,2016.0,2015,2017,7113.8,total,DRB,positive = good on both sides; total = offense + defense
Total,ast,0.5373503067367991,0.07635136784239269,gt_zero,2015-2017,2016.0,2015,2017,7113.8,total,AST,positive = good on both sides; total = offense + defense
Total,tov,-1.0845202312021396,0.19333803282766632,gt_zero,2015-2017,2016.0,2015,2017,7113.8,total,TOV,positive = good on both sides; total = offense + defense
Total,stl,2.4486399927292712,0.26384360105386445,gt_zero,2015-2017,2016.0,2015,2017,7113.8,total,STL,positive = good on both sides; total = offense + defense
Total,blk,0.7415442936592134,0.1963333440412255,gt_zero,2015-2017,2016.0,2015,2017,7113.8,total,BLK,positive = good on both sides; total = offense + defense
Total,pf,-0.39069340989326373,0.12525588684302094,gt_zero,2015-2017,2016.0,2015,2017,7113.8,total,PF,positive = good on both sides; total = offense + defense
O,fg3m,1.2225831762739636,0.15808413865332158,margin_bins,2015-2017,2016.0,2015,2017,7113.8,offense,3PM,positive = good on both sides; total = offense + defense
O,fg3_miss,-0.12771163745342706,0.095968844234444,margin_bins,2015-2017,2016.0,2015,2017,7113.8,offense,3P miss,positive = good on both sides; total = offense + defense
O,fg2m,0.6860297723630816,0.07224472034267992,margin_bins,2015-2017,2016.0,2015,2017,7113.8,offense,2PM,positive = good on both sides; total = offense + defense
O,fg2_miss,-0.5171674268576792,0.06273084436220466,margin_bins,2015-2017,2016.0,2015,2017,7113.8,offense,2P miss,positive = good on both sides; total = offense + defense
O,ftm,0.5920536530491411,0.06249084824048332,margin_bins,2015-2017,2016.0,2015,2017,7113.8,offense,FTM,positive = good on both sides; total = offense + defense
O,ft_miss,-0.3070855479341294,0.1460135642254775,margin_bins,2015-2017,2016.0,2015,2017,7113.8,offense,FT miss,positive = good on both sides; total = offense + defense
O,orb,0.49362865156030433,0.0954809161604801,margin_bins,2015-2017,2016.0,2015,2017,7113.8,offense,ORB,positive = good on both sides; total = offense + defense
O,drb,-0.013681399164358038,0.05387483886329292,margin_bins,2015-2017,2016.0,2015,2017,7113.8,offense,DRB,positive = good on both sides; total = offense + defense
O,ast,0.3489456806273401,0.05228420229359205,margin_bins,2015-2017,2016.0,2015,2017,7113.8,offense,AST,positive = good on both sides; total = offense + defense
O,tov,-0.5831038994301095,0.13165309418331694,margin_bins,2015-2017,2016.0,2015,2017,7113.8,offense,TOV,positive = good on both sides; total = offense + defense
O,stl,0.7922766244356384,0.17932810608824468,margin_bins,2015-2017,2016.0,2015,2017,7113.8,offense,STL,positive = good on both sides; total = offense + defense
O,blk,-0.15106710161866543,0.13376561185018082,margin_bins,2015-2017,2016.0,2015,2017,7113.8,offense,BLK,positive = good on both sides; total = offense + defense
O,pf,-0.4215517548251275,0.08410931835965912,margin_bins,2015-2017,2016.0,2015,2017,7113.8,offense,PF,positive = good on both sides; total = offense + defense
D,fg3m,0.22052318664193404,0.16778594214121947,margin_bins,2015-2017,2016.0,2015,2017,7113.8,defense,3PM,positive = good on both sides; total = offense + defense
D,fg3_miss,-0.23691558399912963,0.10189188136933856,margin_bins,2015-2017,2016.0,2015,2017,7113.8,defense,3P miss,positive = good on both sides; total = offense + defense
D,fg2m,0.07916890500814877,0.07689838569223027,margin_bins,2015-2017,2016.0,2015,2017,7113.8,defense,2PM,positive = good on both sides; total = offense + defense
D,fg2_miss,-0.3125272708891822,0.06749836871846261,margin_bins,2015-2017,2016.0,2015,2017,7113.8,defense,2P miss,positive = good on both sides; total = offense + defense
D,ftm,0.08135356747832834,0.06687445864347166,margin_bins,2015-2017,2016.0,2015,2017,7113.8,defense,FTM,positive = good on both sides; total = offense + defense
D,ft_miss,-0.31101146282417425,0.1575122785395379,margin_bins,2015-2017,2016.0,2015,2017,7113.8,defense,FT miss,positive = good on both sides; total = offense + defense
D,orb,-0.019575679895658116,0.10191490334292057,margin_bins,2015-2017,2016.0,2015,2017,7113.8,defense,ORB,positive = good on both sides; total = offense + defense
D,drb,0.4106621533177864,0.05648792703180341,margin_bins,2015-2017,2016.0,2015,2017,7113.8,defense,DRB,positive = good on both sides; total = offense + defense
D,ast,0.17517893361418746,0.055295746682997776,margin_bins,2015-2017,2016.0,2015,2017,7113.8,defense,AST,positive = good on both sides; total = offense + defense
D,tov,-0.48113641048796785,0.14288534897593952,margin_bins,2015-2017,2016.0,2015,2017,7113.8,defense,TOV,positive = good on both sides; total = offense + defense
D,stl,1.6783397529346968,0.19238101240771902,margin_bins,2015-2017,2016.0,2015,2017,7113.8,defense,STL,positive = good on both sides; total = offense + defense
D,blk,0.8910356385783773,0.14257396881676823,margin_bins,2015-2017,2016.0,2015,2017,7113.8,defense,BLK,positive = good on both sides; total = offense + defense
D,pf,0.07171942468161907,0.08946051857797635,margin_bins,2015-2017,2016.0,2015,2017,7113.8,defense,PF,positive = good on both sides; total = offense + defense
Total,fg3m,1.4431063629158976,0.22998280700598314,margin_bins,2015-2017,2016.0,2015,2017,7113.8,total,3PM,positive = good on both sides; total = offense + defense
Total,fg3_miss,-0.36462722145255666,0.13922925651007365,margin_bins,2015-2017,2016.0,2015,2017,7113.8,total,3P miss,positive = good on both sides; total = offense + defense
Total,fg2m,0.7651986773712304,0.10592728894618443,margin_bins,2015-2017,2016.0,2015,2017,7113.8,total,2PM,positive = good on both sides; total = offense + defense
Total,fg2_miss,-0.8296946977468614,0.0924754916751764,margin_bins,2015-2017,2016.0,2015,2017,7113.8,total,2P miss,positive = good on both sides; total = offense + defense
Total,ftm,0.6734072205274695,0.09198016136824201,margin_bins,2015-2017,2016.0,2015,2017,7113.8,total,FTM,positive = good on both sides; total = offense + defense
Total,ft_miss,-0.6180970107583037,0.21497273206976952,margin_bins,2015-2017,2016.0,2015,2017,7113.8,total,FT miss,positive = good on both sides; total = offense + defense
Total,orb,0.4740529716646462,0.14004647037842052,margin_bins,2015-2017,2016.0,2015,2017,7113.8,total,ORB,positive = good on both sides; total = offense + defense
Total,drb,0.3969807541534284,0.07900201212860963,margin_bins,2015-2017,2016.0,2015,2017,7113.8,total,DRB,positive = good on both sides; total = offense + defense
Total,ast,0.5241246142415276,0.07595573658965167,margin_bins,2015-2017,2016.0,2015,2017,7113.8,total,AST,positive = good on both sides; total = offense + defense
Total,tov,-1.0642403099180773,0.19346911548457774,margin_bins,2015-2017,2016.0,2015,2017,7113.8,total,TOV,positive = good on both sides; total = offense + defense
Total,stl,2.470616377370335,0.26381274753629247,margin_bins,2015-2017,2016.0,2015,2017,7113.8,total,STL,positive = good on both sides; total = offense + defense
Total,blk,0.7399685369597119,0.1957239396485431,margin_bins,2015-2017,2016.0,2015,2017,7113.8,total,BLK,positive = good on both sides; total = offense + defense
Total,pf,-0.34983233014350845,0.12388377024289698,margin_bins,2015-2017,2016.0,2015,2017,7113.8,total,PF,positive = good on both sides; total = offense + defense
O,fg3m,0.7276818053944445,0.14480923743080862,base,2018-2020,2019.0,2018,2020,7113.8,offense,3PM,positive = good on both sides; total = offense + defense
O,fg3_miss,0.1355757824399703,0.08876873904595887,base,2018-2020,2019.0,2018,2020,7113.8,offense,3P miss,positive = good on both sides; total = offense + defense
O,fg2m,0.49808402686863906,0.07105981397266838,base,2018-2020,2019.0,2018,2020,7113.8,offense,2PM,positive = good on both sides; total = offense + defense
O,fg2_miss,-0.4005132224196821,0.06703933259368629,base,2018-2020,2019.0,2018,2020,7113.8,offense,2P miss,positive = good on both sides; total = offense + defense
O,ftm,0.5868759972049045,0.06700938555156974,base,2018-2020,2019.0,2018,2020,7113.8,offense,FTM,positive = good on both sides; total = offense + defense
O,ft_miss,-0.4562226490981014,0.18047784654875226,base,2018-2020,2019.0,2018,2020,7113.8,offense,FT miss,positive = good on both sides; total = offense + defense
O,orb,0.6226783817370299,0.10400912644826583,base,2018-2020,2019.0,2018,2020,7113.8,offense,ORB,positive = good on both sides; total = offense + defense
O,drb,-0.044823191431616116,0.05204377813871515,base,2018-2020,2019.0,2018,2020,7113.8,offense,DRB,positive = good on both sides; total = offense + defense
O,ast,0.3473613796441297,0.053459661102461156,base,2018-2020,2019.0,2018,2020,7113.8,offense,AST,positive = good on both sides; total = offense + defense
O,tov,-0.5181100701581031,0.14130913720216814,base,2018-2020,2019.0,2018,2020,7113.8,offense,TOV,positive = good on both sides; total = offense + defense
O,stl,0.09546365000443854,0.19061926376236285,base,2018-2020,2019.0,2018,2020,7113.8,offense,STL,positive = good on both sides; total = offense + defense
O,blk,-0.016709714069213275,0.14803197136556154,base,2018-2020,2019.0,2018,2020,7113.8,offense,BLK,positive = good on both sides; total = offense + defense
O,pf,-0.3693043745541181,0.09313201395505533,base,2018-2020,2019.0,2018,2020,7113.8,offense,PF,positive = good on both sides; total = offense + defense
D,fg3m,0.14505699307989933,0.1531353276994922,base,2018-2020,2019.0,2018,2020,7113.8,defense,3PM,positive = good on both sides; total = offense + defense
D,fg3_miss,-0.25882128766752677,0.0940534567227365,base,2018-2020,2019.0,2018,2020,7113.8,defense,3P miss,positive = good on both sides; total = offense + defense
D,fg2m,-0.10052953968714615,0.07515713908155335,base,2018-2020,2019.0,2018,2020,7113.8,defense,2PM,positive = good on both sides; total = offense + defense
D,fg2_miss,-0.16363629689940606,0.07197509959315165,base,2018-2020,2019.0,2018,2020,7113.8,defense,2P miss,positive = good on both sides; total = offense + defense
D,ftm,0.13568894792105132,0.07193112610327032,base,2018-2020,2019.0,2018,2020,7113.8,defense,FTM,positive = good on both sides; total = offense + defense
D,ft_miss,0.31969763318363686,0.19450641175155145,base,2018-2020,2019.0,2018,2020,7113.8,defense,FT miss,positive = good on both sides; total = offense + defense
D,orb,-0.13409515951173,0.11039121729360486,base,2018-2020,2019.0,2018,2020,7113.8,defense,ORB,positive = good on both sides; total = offense + defense
D,drb,0.37488591192425896,0.054511006109641644,base,2018-2020,2019.0,2018,2020,7113.8,defense,DRB,positive = good on both sides; total = offense + defense
D,ast,0.12453382712522884,0.05626870730030193,base,2018-2020,2019.0,2018,2020,7113.8,defense,AST,positive = good on both sides; total = offense + defense
D,tov,-0.4340360925737376,0.15170967042015562,base,2018-2020,2019.0,2018,2020,7113.8,defense,TOV,positive = good on both sides; total = offense + defense
D,stl,1.4271167135892076,0.20416296025009945,base,2018-2020,2019.0,2018,2020,7113.8,defense,STL,positive = good on both sides; total = offense + defense
D,blk,1.0501640972303967,0.1566800144253158,base,2018-2020,2019.0,2018,2020,7113.8,defense,BLK,positive = good on both sides; total = offense + defense
D,pf,-0.1286126427625235,0.09856255750349247,base,2018-2020,2019.0,2018,2020,7113.8,defense,PF,positive = good on both sides; total = offense + defense
Total,fg3m,0.8727387984743438,0.21186903900243528,base,2018-2020,2019.0,2018,2020,7113.8,total,3PM,positive = good on both sides; total = offense + defense
Total,fg3_miss,-0.12324550522755648,0.12987697030537476,base,2018-2020,2019.0,2018,2020,7113.8,total,3P miss,positive = good on both sides; total = offense + defense
Total,fg2m,0.3975544871814929,0.10364105689515396,base,2018-2020,2019.0,2018,2020,7113.8,total,2PM,positive = good on both sides; total = offense + defense
Total,fg2_miss,-0.5641495193190882,0.09806793842027108,base,2018-2020,2019.0,2018,2020,7113.8,total,2P miss,positive = good on both sides; total = offense + defense
Total,ftm,0.7225649451259558,0.09849040120812942,base,2018-2020,2019.0,2018,2020,7113.8,total,FTM,positive = good on both sides; total = offense + defense
Total,ft_miss,-0.13652501591446453,0.265252186354273,base,2018-2020,2019.0,2018,2020,7113.8,total,FT miss,positive = good on both sides; total = offense + defense
Total,orb,0.48858322222529993,0.15144749899905754,base,2018-2020,2019.0,2018,2020,7113.8,total,ORB,positive = good on both sides; total = offense + defense
Total,drb,0.33006272049264285,0.07598794469187263,base,2018-2020,2019.0,2018,2020,7113.8,total,DRB,positive = good on both sides; total = offense + defense
Total,ast,0.4718952067693586,0.07736002563172695,base,2018-2020,2019.0,2018,2020,7113.8,total,AST,positive = good on both sides; total = offense + defense
Total,tov,-0.9521461627318406,0.2069660427877606,base,2018-2020,2019.0,2018,2020,7113.8,total,TOV,positive = good on both sides; total = offense + defense
Total,stl,1.5225803635936461,0.27959405286946787,base,2018-2020,2019.0,2018,2020,7113.8,total,STL,positive = good on both sides; total = offense + defense
Total,blk,1.0334543831611835,0.2156793365341946,base,2018-2020,2019.0,2018,2020,7113.8,total,BLK,positive = good on both sides; total = offense + defense
Total,pf,-0.49791701731664156,0.1372402210021044,base,2018-2020,2019.0,2018,2020,7113.8,total,PF,positive = good on both sides; total = offense + defense
O,fg3m,0.7246189204700524,0.1320679572081388,lam_x3,2018-2020,2019.0,2018,2020,21341.4,offense,3PM,positive = good on both sides; total = offense + defense
O,fg3_miss,0.13111666869667166,0.08059571831888836,lam_x3,2018-2020,2019.0,2018,2020,21341.4,offense,3P miss,positive = good on both sides; total = offense + defense
O,fg2m,0.510640037559419,0.06496762978345574,lam_x3,2018-2020,2019.0,2018,2020,21341.4,offense,2PM,positive = good on both sides; total = offense + defense
O,fg2_miss,-0.40394126345892123,0.05974765150042633,lam_x3,2018-2020,2019.0,2018,2020,21341.4,offense,2P miss,positive = good on both sides; total = offense + defense
O,ftm,0.5992151310703695,0.059673223606681126,lam_x3,2018-2020,2019.0,2018,2020,21341.4,offense,FTM,positive = good on both sides; total = offense + defense
O,ft_miss,-0.4608054642966617,0.15966586658598467,lam_x3,2018-2020,2019.0,2018,2020,21341.4,offense,FT miss,positive = good on both sides; total = offense + defense
O,orb,0.6194251588348545,0.09455355816703086,lam_x3,2018-2020,2019.0,2018,2020,21341.4,offense,ORB,positive = good on both sides; total = offense + defense
O,drb,-0.041126713839077705,0.04849298243519136,lam_x3,2018-2020,2019.0,2018,2020,21341.4,offense,DRB,positive = good on both sides; total = offense + defense
O,ast,0.3473978669124228,0.04926256387851338,lam_x3,2018-2020,2019.0,2018,2020,21341.4,offense,AST,positive = good on both sides; total = offense + defense
O,tov,-0.57512234477522,0.1258608365645971,lam_x3,2018-2020,2019.0,2018,2020,21341.4,offense,TOV,positive = good on both sides; total = offense + defense
O,stl,0.07686722275230645,0.16995830550646385,lam_x3,2018-2020,2019.0,2018,2020,21341.4,offense,STL,positive = good on both sides; total = offense + defense
O,blk,0.030645373003031322,0.13554370907429583,lam_x3,2018-2020,2019.0,2018,2020,21341.4,offense,BLK,positive = good on both sides; total = offense + defense
O,pf,-0.36669051877420433,0.08501361936190127,lam_x3,2018-2020,2019.0,2018,2020,21341.4,offense,PF,positive = good on both sides; total = offense + defense
D,fg3m,0.20258041202942895,0.13635201083881784,lam_x3,2018-2020,2019.0,2018,2020,21341.4,defense,3PM,positive = good on both sides; total = offense + defense
D,fg3_miss,-0.25838548597216937,0.08333875749221598,lam_x3,2018-2020,2019.0,2018,2020,21341.4,defense,3P miss,positive = good on both sides; total = offense + defense
D,fg2m,-0.09768260803733278,0.06699399911341407,lam_x3,2018-2020,2019.0,2018,2020,21341.4,defense,2PM,positive = good on both sides; total = offense + defense
D,fg2_miss,-0.1715604958348319,0.06219686846723351,lam_x3,2018-2020,2019.0,2018,2020,21341.4,defense,2P miss,positive = good on both sides; total = offense + defense
D,ftm,0.11428917352251494,0.06218554558031235,lam_x3,2018-2020,2019.0,2018,2020,21341.4,defense,FTM,positive = good on both sides; total = offense + defense
D,ft_miss,0.4032962715327033,0.1668535988290681,lam_x3,2018-2020,2019.0,2018,2020,21341.4,defense,FT miss,positive = good on both sides; total = offense + defense
D,orb,-0.14327337656349048,0.09775378812272358,lam_x3,2018-2020,2019.0,2018,2020,21341.4,defense,ORB,positive = good on both sides; total = offense + defense
D,drb,0.41770057958376583,0.049648707794410454,lam_x3,2018-2020,2019.0,2018,2020,21341.4,defense,DRB,positive = good on both sides; total = offense + defense
D,ast,0.14169618725071764,0.05066060774608407,lam_x3,2018-2020,2019.0,2018,2020,21341.4,defense,AST,positive = good on both sides; total = offense + defense
D,tov,-0.45267076602846223,0.13116937824121408,lam_x3,2018-2020,2019.0,2018,2020,21341.4,defense,TOV,positive = good on both sides; total = offense + defense
D,stl,1.4233671789007238,0.17684517818175763,lam_x3,2018-2020,2019.0,2018,2020,21341.4,defense,STL,positive = good on both sides; total = offense + defense
D,blk,1.073462522070709,0.13980320532550097,lam_x3,2018-2020,2019.0,2018,2020,21341.4,defense,BLK,positive = good on both sides; total = offense + defense
D,pf,-0.12543669122956086,0.08779028101136284,lam_x3,2018-2020,2019.0,2018,2020,21341.4,defense,PF,positive = good on both sides; total = offense + defense
Total,fg3m,0.9271993324994814,0.19063723731241106,lam_x3,2018-2020,2019.0,2018,2020,21341.4,total,3PM,positive = good on both sides; total = offense + defense
Total,fg3_miss,-0.12726881727549771,0.11622420671274537,lam_x3,2018-2020,2019.0,2018,2020,21341.4,total,3P miss,positive = good on both sides; total = offense + defense
Total,fg2m,0.41295742952208625,0.093485237986866,lam_x3,2018-2020,2019.0,2018,2020,21341.4,total,2PM,positive = good on both sides; total = offense + defense
Total,fg2_miss,-0.5755017592937531,0.08595821701008385,lam_x3,2018-2020,2019.0,2018,2020,21341.4,total,2P miss,positive = good on both sides; total = offense + defense
Total,ftm,0.7135043045928844,0.08628276183604314,lam_x3,2018-2020,2019.0,2018,2020,21341.4,total,FTM,positive = good on both sides; total = offense + defense
Total,ft_miss,-0.05750919276395838,0.23042663726296303,lam_x3,2018-2020,2019.0,2018,2020,21341.4,total,FT miss,positive = good on both sides; total = offense + defense
Total,orb,0.476151782271364,0.135788978581922,lam_x3,2018-2020,2019.0,2018,2020,21341.4,total,ORB,positive = good on both sides; total = offense + defense
Total,drb,0.3765738657446881,0.07003307904787547,lam_x3,2018-2020,2019.0,2018,2020,21341.4,total,DRB,positive = good on both sides; total = offense + defense
Total,ast,0.48909405416314045,0.07027220313496811,lam_x3,2018-2020,2019.0,2018,2020,21341.4,total,AST,positive = good on both sides; total = offense + defense
Total,tov,-1.0277931108036822,0.18128571491353956,lam_x3,2018-2020,2019.0,2018,2020,21341.4,total,TOV,positive = good on both sides; total = offense + defense
Total,stl,1.5002344016530302,0.24473369878158469,lam_x3,2018-2020,2019.0,2018,2020,21341.4,total,STL,positive = good on both sides; total = offense + defense
Total,blk,1.1041078950737404,0.19437142827118342,lam_x3,2018-2020,2019.0,2018,2020,21341.4,total,BLK,positive = good on both sides; total = offense + defense
Total,pf,-0.4921272100037652,0.12368713969741298,lam_x3,2018-2020,2019.0,2018,2020,21341.4,total,PF,positive = good on both sides; total = offense + defense
O,fg3m,0.7278054510322727,0.16835624019438789,lam_div3,2018-2020,2019.0,2018,2020,2371.2666666666664,offense,3PM,positive = good on both sides; total = offense + defense
O,fg3_miss,0.13739823145203917,0.10357901106417679,lam_div3,2018-2020,2019.0,2018,2020,2371.2666666666664,offense,3P miss,positive = good on both sides; total = offense + defense
O,fg2m,0.4737681454864868,0.08272052159711182,lam_div3,2018-2020,2019.0,2018,2020,2371.2666666666664,offense,2PM,positive = good on both sides; total = offense + defense
O,fg2_miss,-0.38533524131955516,0.08062914008942618,lam_div3,2018-2020,2019.0,2018,2020,2371.2666666666664,offense,2P miss,positive = good on both sides; total = offense + defense
O,ftm,0.573094003971105,0.08063025510220076,lam_div3,2018-2020,2019.0,2018,2020,2371.2666666666664,offense,FTM,positive = good on both sides; total = offense + defense
O,ft_miss,-0.45387807651782597,0.21902669049381848,lam_div3,2018-2020,2019.0,2018,2020,2371.2666666666664,offense,FT miss,positive = good on both sides; total = offense + defense
O,orb,0.6363131695236715,0.12188594949591948,lam_div3,2018-2020,2019.0,2018,2020,2371.2666666666664,offense,ORB,positive = good on both sides; total = offense + defense
O,drb,-0.05098718922897078,0.05922434305086924,lam_div3,2018-2020,2019.0,2018,2020,2371.2666666666664,offense,DRB,positive = good on both sides; total = offense + defense
O,ast,0.3396631657930608,0.06147831454360497,lam_div3,2018-2020,2019.0,2018,2020,2371.2666666666664,offense,AST,positive = good on both sides; total = offense + defense
O,tov,-0.42955322742719726,0.16994709276079809,lam_div3,2018-2020,2019.0,2018,2020,2371.2666666666664,offense,TOV,positive = good on both sides; total = offense + defense
O,stl,0.1403887650738223,0.228702144801162,lam_div3,2018-2020,2019.0,2018,2020,2371.2666666666664,offense,STL,positive = good on both sides; total = offense + defense
O,blk,-0.06719645146665706,0.17227910958646356,lam_div3,2018-2020,2019.0,2018,2020,2371.2666666666664,offense,BLK,positive = good on both sides; total = offense + defense
O,pf,-0.3788785098697191,0.10844163971675541,lam_div3,2018-2020,2019.0,2018,2020,2371.2666666666664,offense,PF,positive = good on both sides; total = offense + defense
D,fg3m,0.09340918982866905,0.18331176525559725,lam_div3,2018-2020,2019.0,2018,2020,2371.2666666666664,defense,3PM,positive = good on both sides; total = offense + defense
D,fg3_miss,-0.2639776254893996,0.11278008155991698,lam_div3,2018-2020,2019.0,2018,2020,2371.2666666666664,defense,3P miss,positive = good on both sides; total = offense + defense
D,fg2m,-0.10270317616800945,0.09020583575061979,lam_div3,2018-2020,2019.0,2018,2020,2371.2666666666664,defense,2PM,positive = good on both sides; total = offense + defense
D,fg2_miss,-0.14150832845130187,0.08921403177969278,lam_div3,2018-2020,2019.0,2018,2020,2371.2666666666664,defense,2P miss,positive = good on both sides; total = offense + defense
D,ftm,0.14582886915549087,0.08941552236740913,lam_div3,2018-2020,2019.0,2018,2020,2371.2666666666664,defense,FTM,positive = good on both sides; total = offense + defense
D,ft_miss,0.23805208417254675,0.24354798881332873,lam_div3,2018-2020,2019.0,2018,2020,2371.2666666666664,defense,FT miss,positive = good on both sides; total = offense + defense
D,orb,-0.11539708057160054,0.13344008135558685,lam_div3,2018-2020,2019.0,2018,2020,2371.2666666666664,defense,ORB,positive = good on both sides; total = offense + defense
D,drb,0.32766057370753443,0.06408460990713274,lam_div3,2018-2020,2019.0,2018,2020,2371.2666666666664,defense,DRB,positive = good on both sides; total = offense + defense
D,ast,0.10071960289043771,0.06671123510661149,lam_div3,2018-2020,2019.0,2018,2020,2371.2666666666664,defense,AST,positive = good on both sides; total = offense + defense
D,tov,-0.41304916298702443,0.18816973946293894,lam_div3,2018-2020,2019.0,2018,2020,2371.2666666666664,defense,TOV,positive = good on both sides; total = offense + defense
D,stl,1.4206529628981786,0.2529834076779235,lam_div3,2018-2020,2019.0,2018,2020,2371.2666666666664,defense,STL,positive = good on both sides; total = offense + defense
D,blk,1.0071456785795971,0.18848799234844607,lam_div3,2018-2020,2019.0,2018,2020,2371.2666666666664,defense,BLK,positive = good on both sides; total = offense + defense
D,pf,-0.12828431686107955,0.11841480728650844,lam_div3,2018-2020,2019.0,2018,2020,2371.2666666666664,defense,PF,positive = good on both sides; total = offense + defense
Total,fg3m,0.8212146408609418,0.25023670970998785,lam_div3,2018-2020,2019.0,2018,2020,2371.2666666666664,total,3PM,positive = good on both sides; total = offense + defense
Total,fg3_miss,-0.12657939403736046,0.15390651775234124,lam_div3,2018-2020,2019.0,2018,2020,2371.2666666666664,total,3P miss,positive = good on both sides; total = offense + defense
Total,fg2m,0.3710649693184774,0.12268019125521791,lam_div3,2018-2020,2019.0,2018,2020,2371.2666666666664,total,2PM,positive = good on both sides; total = offense + defense
Total,fg2_miss,-0.526843569770857,0.11997209520391248,lam_div3,2018-2020,2019.0,2018,2020,2371.2666666666664,total,2P miss,positive = good on both sides; total = offense + defense
Total,ftm,0.7189228731265959,0.12060596141515302,lam_div3,2018-2020,2019.0,2018,2020,2371.2666666666664,total,FTM,positive = good on both sides; total = offense + defense
Total,ft_miss,-0.21582599234527922,0.3277670759140094,lam_div3,2018-2020,2019.0,2018,2020,2371.2666666666664,total,FT miss,positive = good on both sides; total = offense + defense
Total,orb,0.5209160889520709,0.180517954197072,lam_div3,2018-2020,2019.0,2018,2020,2371.2666666666664,total,ORB,positive = good on both sides; total = offense + defense
Total,drb,0.27667338447856366,0.08782263134773359,lam_div3,2018-2020,2019.0,2018,2020,2371.2666666666664,total,DRB,positive = good on both sides; total = offense + defense
Total,ast,0.44038276868349846,0.0906135531275321,lam_div3,2018-2020,2019.0,2018,2020,2371.2666666666664,total,AST,positive = good on both sides; total = offense + defense
Total,tov,-0.8426023904142217,0.253290823976259,lam_div3,2018-2020,2019.0,2018,2020,2371.2666666666664,total,TOV,positive = good on both sides; total = offense + defense
Total,stl,1.5610417279720008,0.3420268174986998,lam_div3,2018-2020,2019.0,2018,2020,2371.2666666666664,total,STL,positive = good on both sides; total = offense + defense
Total,blk,0.93994922711294,0.2558296036864231,lam_div3,2018-2020,2019.0,2018,2020,2371.2666666666664,total,BLK,positive = good on both sides; total = offense + defense
Total,pf,-0.5071628267307986,0.1621914549916281,lam_div3,2018-2020,2019.0,2018,2020,2371.2666666666664,total,PF,positive = good on both sides; total = offense + defense
O,fg3m,0.7284386338259611,0.14590895231248738,gt_half,2018-2020,2019.0,2018,2020,7113.8,offense,3PM,positive = good on both sides; total = offense + defense
O,fg3_miss,0.13479434886178818,0.0896287355114246,gt_half,2018-2020,2019.0,2018,2020,7113.8,offense,3P miss,positive = good on both sides; total = offense + defense
O,fg2m,0.5074446592084927,0.07168754190781511,gt_half,2018-2020,2019.0,2018,2020,7113.8,offense,2PM,positive = good on both sides; total = offense + defense
O,fg2_miss,-0.4202568704831134,0.06733565847976267,gt_half,2018-2020,2019.0,2018,2020,7113.8,offense,2P miss,positive = good on both sides; total = offense + defense
O,ftm,0.5818426512803312,0.06687971928402973,gt_half,2018-2020,2019.0,2018,2020,7113.8,offense,FTM,positive = good on both sides; total = offense + defense
O,ft_miss,-0.43519266873426476,0.18046228710184087,gt_half,2018-2020,2019.0,2018,2020,7113.8,offense,FT miss,positive = good on both sides; total = offense + defense
O,orb,0.627080753285751,0.10438546845781387,gt_half,2018-2020,2019.0,2018,2020,7113.8,offense,ORB,positive = good on both sides; total = offense + defense
O,drb,-0.04427614866764805,0.052171209883606344,gt_half,2018-2020,2019.0,2018,2020,7113.8,offense,DRB,positive = good on both sides; total = offense + defense
O,ast,0.3518324512408201,0.05365698938668642,gt_half,2018-2020,2019.0,2018,2020,7113.8,offense,AST,positive = good on both sides; total = offense + defense
O,tov,-0.5386698737069862,0.14184426351918633,gt_half,2018-2020,2019.0,2018,2020,7113.8,offense,TOV,positive = good on both sides; total = offense + defense
O,stl,0.09668017225628485,0.19045675759044567,gt_half,2018-2020,2019.0,2018,2020,7113.8,offense,STL,positive = good on both sides; total = offense + defense
O,blk,-0.022359862946867474,0.14836688597328024,gt_half,2018-2020,2019.0,2018,2020,7113.8,offense,BLK,positive = good on both sides; total = offense + defense
O,pf,-0.3649813773672738,0.09378748877288436,gt_half,2018-2020,2019.0,2018,2020,7113.8,offense,PF,positive = good on both sides; total = offense + defense
D,fg3m,0.16500895817818545,0.15433309194280445,gt_half,2018-2020,2019.0,2018,2020,7113.8,defense,3PM,positive = good on both sides; total = offense + defense
D,fg3_miss,-0.2687798666316104,0.0950107343370634,gt_half,2018-2020,2019.0,2018,2020,7113.8,defense,3P miss,positive = good on both sides; total = offense + defense
D,fg2m,-0.0897557727528667,0.07583254646750127,gt_half,2018-2020,2019.0,2018,2020,7113.8,defense,2PM,positive = good on both sides; total = offense + defense
D,fg2_miss,-0.1683065967267739,0.07229951762267,gt_half,2018-2020,2019.0,2018,2020,7113.8,defense,2P miss,positive = good on both sides; total = offense + defense
D,ftm,0.13913558476307006,0.07177723709484837,gt_half,2018-2020,2019.0,2018,2020,7113.8,defense,FTM,positive = good on both sides; total = offense + defense
D,ft_miss,0.3224554681929798,0.19451463684044595,gt_half,2018-2020,2019.0,2018,2020,7113.8,defense,FT miss,positive = good on both sides; total = offense + defense
D,orb,-0.1550525547733036,0.11079166377749658,gt_half,2018-2020,2019.0,2018,2020,7113.8,defense,ORB,positive = good on both sides; total = offense + defense
D,drb,0.38095112022511896,0.054638747544930644,gt_half,2018-2020,2019.0,2018,2020,7113.8,defense,DRB,positive = good on both sides; total = offense + defense
D,ast,0.1217200841626637,0.05646519288145104,gt_half,2018-2020,2019.0,2018,2020,7113.8,defense,AST,positive = good on both sides; total = offense + defense
D,tov,-0.46141460045919513,0.15229634947971551,gt_half,2018-2020,2019.0,2018,2020,7113.8,defense,TOV,positive = good on both sides; total = offense + defense
D,stl,1.4589473448063317,0.20396347998307657,gt_half,2018-2020,2019.0,2018,2020,7113.8,defense,STL,positive = good on both sides; total = offense + defense
D,blk,1.0633193360013382,0.15698522471055287,gt_half,2018-2020,2019.0,2018,2020,7113.8,defense,BLK,positive = good on both sides; total = offense + defense
D,pf,-0.11737193930289622,0.09922756033625106,gt_half,2018-2020,2019.0,2018,2020,7113.8,defense,PF,positive = good on both sides; total = offense + defense
Total,fg3m,0.8934475920041465,0.21335111689643593,gt_half,2018-2020,2019.0,2018,2020,7113.8,total,3PM,positive = good on both sides; total = offense + defense
Total,fg3_miss,-0.13398551776982223,0.131100759561887,gt_half,2018-2020,2019.0,2018,2020,7113.8,total,3P miss,positive = good on both sides; total = offense + defense
Total,fg2m,0.41768888645562596,0.10455679517164841,gt_half,2018-2020,2019.0,2018,2020,7113.8,total,2PM,positive = good on both sides; total = offense + defense
Total,fg2_miss,-0.5885634672098873,0.09847432327527865,gt_half,2018-2020,2019.0,2018,2020,7113.8,total,2P miss,positive = good on both sides; total = offense + defense
Total,ftm,0.7209782360434013,0.09827769548500119,gt_half,2018-2020,2019.0,2018,2020,7113.8,total,FTM,positive = good on both sides; total = offense + defense
Total,ft_miss,-0.11273720054128494,0.26522895460493096,gt_half,2018-2020,2019.0,2018,2020,7113.8,total,FT miss,positive = good on both sides; total = offense + defense
Total,orb,0.4720281985124474,0.15206217752363627,gt_half,2018-2020,2019.0,2018,2020,7113.8,total,ORB,positive = good on both sides; total = offense + defense
Total,drb,0.3366749715574709,0.07617230055116345,gt_half,2018-2020,2019.0,2018,2020,7113.8,total,DRB,positive = good on both sides; total = offense + defense
Total,ast,0.47355253540348374,0.07764771702508422,gt_half,2018-2020,2019.0,2018,2020,7113.8,total,AST,positive = good on both sides; total = offense + defense
Total,tov,-1.0000844741661812,0.2076146257098413,gt_half,2018-2020,2019.0,2018,2020,7113.8,total,TOV,positive = good on both sides; total = offense + defense
Total,stl,1.5556275170626166,0.2793202922733422,gt_half,2018-2020,2019.0,2018,2020,7113.8,total,STL,positive = good on both sides; total = offense + defense
Total,blk,1.0409594730544707,0.21622627959906016,gt_half,2018-2020,2019.0,2018,2020,7113.8,total,BLK,positive = good on both sides; total = offense + defense
Total,pf,-0.48235331667017,0.13814243136535884,gt_half,2018-2020,2019.0,2018,2020,7113.8,total,PF,positive = good on both sides; total = offense + defense
O,fg3m,0.7296572237681141,0.1472099433800304,gt_zero,2018-2020,2019.0,2018,2020,7113.8,offense,3PM,positive = good on both sides; total = offense + defense
O,fg3_miss,0.1351616862472379,0.09064121727985293,gt_zero,2018-2020,2019.0,2018,2020,7113.8,offense,3P miss,positive = good on both sides; total = offense + defense
O,fg2m,0.5197812341691315,0.072430173574188,gt_zero,2018-2020,2019.0,2018,2020,7113.8,offense,2PM,positive = good on both sides; total = offense + defense
O,fg2_miss,-0.44275726954783257,0.06769762890424282,gt_zero,2018-2020,2019.0,2018,2020,7113.8,offense,2P miss,positive = good on both sides; total = offense + defense
O,ftm,0.5753295006461847,0.06676982877932047,gt_zero,2018-2020,2019.0,2018,2020,7113.8,offense,FTM,positive = good on both sides; total = offense + defense
O,ft_miss,-0.412357808293466,0.18051629163387928,gt_zero,2018-2020,2019.0,2018,2020,7113.8,offense,FT miss,positive = good on both sides; total = offense + defense
O,orb,0.6314650754735969,0.10483893213061582,gt_zero,2018-2020,2019.0,2018,2020,7113.8,offense,ORB,positive = good on both sides; total = offense + defense
O,drb,-0.043387453681976995,0.05232824232901948,gt_zero,2018-2020,2019.0,2018,2020,7113.8,offense,DRB,positive = good on both sides; total = offense + defense
O,ast,0.356944513286928,0.05389552123956928,gt_zero,2018-2020,2019.0,2018,2020,7113.8,offense,AST,positive = good on both sides; total = offense + defense
O,tov,-0.5628952639795997,0.14250807562787618,gt_zero,2018-2020,2019.0,2018,2020,7113.8,offense,TOV,positive = good on both sides; total = offense + defense
O,stl,0.09778316327370995,0.19035134765669262,gt_zero,2018-2020,2019.0,2018,2020,7113.8,offense,STL,positive = good on both sides; total = offense + defense
O,blk,-0.0282217959248402,0.14879123911217065,gt_zero,2018-2020,2019.0,2018,2020,7113.8,offense,BLK,positive = good on both sides; total = offense + defense
O,pf,-0.35814234527379013,0.09457009595826278,gt_zero,2018-2020,2019.0,2018,2020,7113.8,offense,PF,positive = good on both sides; total = offense + defense
D,fg3m,0.1887560152074701,0.15578604177227748,gt_zero,2018-2020,2019.0,2018,2020,7113.8,defense,3PM,positive = good on both sides; total = offense + defense
D,fg3_miss,-0.28052499864774116,0.09616466368298922,gt_zero,2018-2020,2019.0,2018,2020,7113.8,defense,3P miss,positive = good on both sides; total = offense + defense
D,fg2m,-0.07687052066038613,0.07665178378111609,gt_zero,2018-2020,2019.0,2018,2020,7113.8,defense,2PM,positive = good on both sides; total = offense + defense
D,fg2_miss,-0.17367563007735431,0.07270795945905052,gt_zero,2018-2020,2019.0,2018,2020,7113.8,defense,2P miss,positive = good on both sides; total = offense + defense
D,ftm,0.1427697842208091,0.07165009230665394,gt_zero,2018-2020,2019.0,2018,2020,7113.8,defense,FTM,positive = good on both sides; total = offense + defense
D,ft_miss,0.3253901988800041,0.19462272558245136,gt_zero,2018-2020,2019.0,2018,2020,7113.8,defense,FT miss,positive = good on both sides; total = offense + defense
D,orb,-0.17887399042680674,0.11129253138611137,gt_zero,2018-2020,2019.0,2018,2020,7113.8,defense,ORB,positive = good on both sides; total = offense + defense
D,drb,0.38719149977188067,0.054803897503388904,gt_zero,2018-2020,2019.0,2018,2020,7113.8,defense,DRB,positive = good on both sides; total = offense + defense
D,ast,0.1191795356985288,0.05671201405486667,gt_zero,2018-2020,2019.0,2018,2020,7113.8,defense,AST,positive = good on both sides; total = offense + defense
D,tov,-0.49324167878777214,0.15304692948864293,gt_zero,2018-2020,2019.0,2018,2020,7113.8,defense,TOV,positive = good on both sides; total = offense + defense
D,stl,1.4929220584619927,0.20384345250607183,gt_zero,2018-2020,2019.0,2018,2020,7113.8,defense,STL,positive = good on both sides; total = offense + defense
D,blk,1.079300559520428,0.15740048072248267,gt_zero,2018-2020,2019.0,2018,2020,7113.8,defense,BLK,positive = good on both sides; total = offense + defense
D,pf,-0.10388333725374177,0.10004347194872606,gt_zero,2018-2020,2019.0,2018,2020,7113.8,defense,PF,positive = good on both sides; total = offense + defense
Total,fg3m,0.9184132389755842,0.2151222009485161,gt_zero,2018-2020,2019.0,2018,2020,7113.8,total,3PM,positive = good on both sides; total = offense + defense
Total,fg3_miss,-0.14536331240050326,0.13256098070536557,gt_zero,2018-2020,2019.0,2018,2020,7113.8,total,3P miss,positive = good on both sides; total = offense + defense
Total,fg2m,0.44291071350874534,0.10565969379205209,gt_zero,2018-2020,2019.0,2018,2020,7113.8,total,2PM,positive = good on both sides; total = offense + defense
Total,fg2_miss,-0.6164328996251869,0.09898366804836786,gt_zero,2018-2020,2019.0,2018,2020,7113.8,total,2P miss,positive = good on both sides; total = offense + defense
Total,ftm,0.7180992848669938,0.09809903871534377,gt_zero,2018-2020,2019.0,2018,2020,7113.8,total,FTM,positive = good on both sides; total = offense + defense
Total,ft_miss,-0.08696760941346193,0.265323550755408,gt_zero,2018-2020,2019.0,2018,2020,7113.8,total,FT miss,positive = good on both sides; total = offense + defense
Total,orb,0.45259108504679013,0.15281603826141424,gt_zero,2018-2020,2019.0,2018,2020,7113.8,total,ORB,positive = good on both sides; total = offense + defense
Total,drb,0.34380404608990367,0.07640311948739542,gt_zero,2018-2020,2019.0,2018,2020,7113.8,total,DRB,positive = good on both sides; total = offense + defense
Total,ast,0.4761240489854568,0.07800547473862278,gt_zero,2018-2020,2019.0,2018,2020,7113.8,total,AST,positive = good on both sides; total = offense + defense
Total,tov,-1.0561369427673717,0.20844281724955113,gt_zero,2018-2020,2019.0,2018,2020,7113.8,total,TOV,positive = good on both sides; total = offense + defense
Total,stl,1.5907052217357025,0.27915001202398493,gt_zero,2018-2020,2019.0,2018,2020,7113.8,total,STL,positive = good on both sides; total = offense + defense
Total,blk,1.0510787635955876,0.21692778624022577,gt_zero,2018-2020,2019.0,2018,2020,7113.8,total,BLK,positive = good on both sides; total = offense + defense
Total,pf,-0.4620256825275319,0.1392360070385141,gt_zero,2018-2020,2019.0,2018,2020,7113.8,total,PF,positive = good on both sides; total = offense + defense
O,fg3m,0.7373118639722229,0.14483450424455988,margin_bins,2018-2020,2019.0,2018,2020,7113.8,offense,3PM,positive = good on both sides; total = offense + defense
O,fg3_miss,0.12812550236936715,0.08877783345560632,margin_bins,2018-2020,2019.0,2018,2020,7113.8,offense,3P miss,positive = good on both sides; total = offense + defense
O,fg2m,0.49757085019759417,0.07107649133758183,margin_bins,2018-2020,2019.0,2018,2020,7113.8,offense,2PM,positive = good on both sides; total = offense + defense
O,fg2_miss,-0.39120270841791005,0.06704930766554726,margin_bins,2018-2020,2019.0,2018,2020,7113.8,offense,2P miss,positive = good on both sides; total = offense + defense
O,ftm,0.5907619462966772,0.06701378609340619,margin_bins,2018-2020,2019.0,2018,2020,7113.8,offense,FTM,positive = good on both sides; total = offense + defense
O,ft_miss,-0.4585038090643666,0.18050408002971327,margin_bins,2018-2020,2019.0,2018,2020,7113.8,offense,FT miss,positive = good on both sides; total = offense + defense
O,orb,0.620863435060401,0.10403770711823279,margin_bins,2018-2020,2019.0,2018,2020,7113.8,offense,ORB,positive = good on both sides; total = offense + defense
O,drb,-0.03542752470179422,0.05206700896231404,margin_bins,2018-2020,2019.0,2018,2020,7113.8,offense,DRB,positive = good on both sides; total = offense + defense
O,ast,0.34972803000935937,0.053475699254642815,margin_bins,2018-2020,2019.0,2018,2020,7113.8,offense,AST,positive = good on both sides; total = offense + defense
O,tov,-0.5176877501427528,0.14133191758764882,margin_bins,2018-2020,2019.0,2018,2020,7113.8,offense,TOV,positive = good on both sides; total = offense + defense
O,stl,0.1010999122592231,0.1906377962373226,margin_bins,2018-2020,2019.0,2018,2020,7113.8,offense,STL,positive = good on both sides; total = offense + defense
O,blk,5.445096512424197e-05,0.14810188567741123,margin_bins,2018-2020,2019.0,2018,2020,7113.8,offense,BLK,positive = good on both sides; total = offense + defense
O,pf,-0.3745162514065851,0.09315904379433322,margin_bins,2018-2020,2019.0,2018,2020,7113.8,offense,PF,positive = good on both sides; total = offense + defense
D,fg3m,0.13466820681070596,0.1531533093358624,margin_bins,2018-2020,2019.0,2018,2020,7113.8,defense,3PM,positive = good on both sides; total = offense + defense
D,fg3_miss,-0.258953791976994,0.09406206493582099,margin_bins,2018-2020,2019.0,2018,2020,7113.8,defense,3P miss,positive = good on both sides; total = offense + defense
D,fg2m,-0.110621250260305,0.07516829100295722,margin_bins,2018-2020,2019.0,2018,2020,7113.8,defense,2PM,positive = good on both sides; total = offense + defense
D,fg2_miss,-0.16087510922340975,0.07198401991358773,margin_bins,2018-2020,2019.0,2018,2020,7113.8,defense,2P miss,positive = good on both sides; total = offense + defense
D,ftm,0.13691340434252364,0.07193647128165698,margin_bins,2018-2020,2019.0,2018,2020,7113.8,defense,FTM,positive = good on both sides; total = offense + defense
D,ft_miss,0.3277532868195614,0.19453845214833423,margin_bins,2018-2020,2019.0,2018,2020,7113.8,defense,FT miss,positive = good on both sides; total = offense + defense
D,orb,-0.14098281337207075,0.1104172430408884,margin_bins,2018-2020,2019.0,2018,2020,7113.8,defense,ORB,positive = good on both sides; total = offense + defense
D,drb,0.3701590647114006,0.05453645669417137,margin_bins,2018-2020,2019.0,2018,2020,7113.8,defense,DRB,positive = good on both sides; total = offense + defense
D,ast,0.12201564181168578,0.05628202543954177,margin_bins,2018-2020,2019.0,2018,2020,7113.8,defense,AST,positive = good on both sides; total = offense + defense
D,tov,-0.4312041138964998,0.15172443405708877,margin_bins,2018-2020,2019.0,2018,2020,7113.8,defense,TOV,positive = good on both sides; total = offense + defense
D,stl,1.435311674760554,0.20418596952746385,margin_bins,2018-2020,2019.0,2018,2020,7113.8,defense,STL,positive = good on both sides; total = offense + defense
D,blk,1.0223307079497577,0.15675145330478069,margin_bins,2018-2020,2019.0,2018,2020,7113.8,defense,BLK,positive = good on both sides; total = offense + defense
D,pf,-0.1195897510606252,0.09859451824138396,margin_bins,2018-2020,2019.0,2018,2020,7113.8,defense,PF,positive = good on both sides; total = offense + defense
Total,fg3m,0.8719800707829288,0.21189411736414113,margin_bins,2018-2020,2019.0,2018,2020,7113.8,total,3PM,positive = good on both sides; total = offense + defense
Total,fg3_miss,-0.13082828960762682,0.12988307482822883,margin_bins,2018-2020,2019.0,2018,2020,7113.8,total,3P miss,positive = good on both sides; total = offense + defense
Total,fg2m,0.38694959993728917,0.10364811651862998,margin_bins,2018-2020,2019.0,2018,2020,7113.8,total,2PM,positive = good on both sides; total = offense + defense
Total,fg2_miss,-0.5520778176413198,0.09806227834980041,margin_bins,2018-2020,2019.0,2018,2020,7113.8,total,2P miss,positive = good on both sides; total = offense + defense
Total,ftm,0.7276753506392009,0.09849176709155959,margin_bins,2018-2020,2019.0,2018,2020,7113.8,total,FTM,positive = good on both sides; total = offense + defense
Total,ft_miss,-0.1307505222448052,0.26525938904143304,margin_bins,2018-2020,2019.0,2018,2020,7113.8,total,FT miss,positive = good on both sides; total = offense + defense
Total,orb,0.47988062168833023,0.15144345899484515,margin_bins,2018-2020,2019.0,2018,2020,7113.8,total,ORB,positive = good on both sides; total = offense + defense
Total,drb,0.33473154000960637,0.07597934000918191,margin_bins,2018-2020,2019.0,2018,2020,7113.8,total,DRB,positive = good on both sides; total = offense + defense
Total,ast,0.47174367182104515,0.07737728327095782,margin_bins,2018-2020,2019.0,2018,2020,7113.8,total,AST,positive = good on both sides; total = offense + defense
Total,tov,-0.9488918640392526,0.20696459962081953,margin_bins,2018-2020,2019.0,2018,2020,7113.8,total,TOV,positive = good on both sides; total = offense + defense
Total,stl,1.5364115870197772,0.2796031100610616,margin_bins,2018-2020,2019.0,2018,2020,7113.8,total,STL,positive = good on both sides; total = offense + defense
Total,blk,1.022385158914882,0.21568501113040311,margin_bins,2018-2020,2019.0,2018,2020,7113.8,total,BLK,positive = good on both sides; total = offense + defense
Total,pf,-0.4941060024672103,0.13724846014514097,margin_bins,2018-2020,2019.0,2018,2020,7113.8,total,PF,positive = good on both sides; total = offense + defense
O,fg3m,1.1230127112822912,0.123220710043338,base,2021-2023,2022.0,2021,2023,7113.8,offense,3PM,positive = good on both sides; total = offense + defense
O,fg3_miss,-0.25011973152837896,0.07967277550221735,base,2021-2023,2022.0,2021,2023,7113.8,offense,3P miss,positive = good on both sides; total = offense + defense
O,fg2m,0.543895998634448,0.06842742781351359,base,2021-2023,2022.0,2021,2023,7113.8,offense,2PM,positive = good on both sides; total = offense + defense
O,fg2_miss,-0.48507774951056604,0.06826596531068871,base,2021-2023,2022.0,2021,2023,7113.8,offense,2P miss,positive = good on both sides; total = offense + defense
O,ftm,0.6997776804177114,0.06495922107546494,base,2021-2023,2022.0,2021,2023,7113.8,offense,FTM,positive = good on both sides; total = offense + defense
O,ft_miss,-0.8034653057450625,0.1829763176408762,base,2021-2023,2022.0,2021,2023,7113.8,offense,FT miss,positive = good on both sides; total = offense + defense
O,orb,0.7194429373100137,0.09639555721645901,base,2021-2023,2022.0,2021,2023,7113.8,offense,ORB,positive = good on both sides; total = offense + defense
O,drb,0.028046322598350652,0.05280650026785918,base,2021-2023,2022.0,2021,2023,7113.8,offense,DRB,positive = good on both sides; total = offense + defense
O,ast,0.3578048920430583,0.05177777013214791,base,2021-2023,2022.0,2021,2023,7113.8,offense,AST,positive = good on both sides; total = offense + defense
O,tov,-0.6002999251977595,0.1326813182958454,base,2021-2023,2022.0,2021,2023,7113.8,offense,TOV,positive = good on both sides; total = offense + defense
O,stl,0.5242675260540796,0.22071146005207223,base,2021-2023,2022.0,2021,2023,7113.8,offense,STL,positive = good on both sides; total = offense + defense
O,blk,-0.029601157380646496,0.15413426315804293,base,2021-2023,2022.0,2021,2023,7113.8,offense,BLK,positive = good on both sides; total = offense + defense
O,pf,-0.23940324301046045,0.09603520796368757,base,2021-2023,2022.0,2021,2023,7113.8,offense,PF,positive = good on both sides; total = offense + defense
D,fg3m,0.11320549893341893,0.13003099609462968,base,2021-2023,2022.0,2021,2023,7113.8,defense,3PM,positive = good on both sides; total = offense + defense
D,fg3_miss,-0.11400761854573677,0.0838449308509429,base,2021-2023,2022.0,2021,2023,7113.8,defense,3P miss,positive = good on both sides; total = offense + defense
D,fg2m,0.1759610051278946,0.07246882324350827,base,2021-2023,2022.0,2021,2023,7113.8,defense,2PM,positive = good on both sides; total = offense + defense
D,fg2_miss,-0.29466630195601523,0.07309707453907159,base,2021-2023,2022.0,2021,2023,7113.8,defense,2P miss,positive = good on both sides; total = offense + defense
D,ftm,0.13176987779201202,0.06905370493760259,base,2021-2023,2022.0,2021,2023,7113.8,defense,FTM,positive = good on both sides; total = offense + defense
D,ft_miss,-0.34911771266040414,0.19601912643021738,base,2021-2023,2022.0,2021,2023,7113.8,defense,FT miss,positive = good on both sides; total = offense + defense
D,orb,-0.03247493994526415,0.10237609313715937,base,2021-2023,2022.0,2021,2023,7113.8,defense,ORB,positive = good on both sides; total = offense + defense
D,drb,0.29485937474716745,0.055227714988629356,base,2021-2023,2022.0,2021,2023,7113.8,defense,DRB,positive = good on both sides; total = offense + defense
D,ast,0.20274008133997545,0.054301636126004305,base,2021-2023,2022.0,2021,2023,7113.8,defense,AST,positive = good on both sides; total = offense + defense
D,tov,-0.39554937163019344,0.14189527064696397,base,2021-2023,2022.0,2021,2023,7113.8,defense,TOV,positive = good on both sides; total = offense + defense
D,stl,1.2737029096801968,0.2347110613401595,base,2021-2023,2022.0,2021,2023,7113.8,defense,STL,positive = good on both sides; total = offense + defense
D,blk,0.9953447480922135,0.16309136145846237,base,2021-2023,2022.0,2021,2023,7113.8,defense,BLK,positive = good on both sides; total = offense + defense
D,pf,-0.04872175341239935,0.10144023244173664,base,2021-2023,2022.0,2021,2023,7113.8,defense,PF,positive = good on both sides; total = offense + defense
Total,fg3m,1.2362182102157102,0.18057274644289917,base,2021-2023,2022.0,2021,2023,7113.8,total,3PM,positive = good on both sides; total = offense + defense
Total,fg3_miss,-0.36412735007411573,0.11599217107273581,base,2021-2023,2022.0,2021,2023,7113.8,total,3P miss,positive = good on both sides; total = offense + defense
Total,fg2m,0.7198570037623426,0.09962637097345615,base,2021-2023,2022.0,2021,2023,7113.8,total,2PM,positive = good on both sides; total = offense + defense
Total,fg2_miss,-0.7797440514665812,0.09933486005808721,base,2021-2023,2022.0,2021,2023,7113.8,total,2P miss,positive = good on both sides; total = offense + defense
Total,ftm,0.8315475582097234,0.09457791715072618,base,2021-2023,2022.0,2021,2023,7113.8,total,FTM,positive = good on both sides; total = offense + defense
Total,ft_miss,-1.1525830184054666,0.2694139885574468,base,2021-2023,2022.0,2021,2023,7113.8,total,FT miss,positive = good on both sides; total = offense + defense
Total,orb,0.6869679973647496,0.14071943885505156,base,2021-2023,2022.0,2021,2023,7113.8,total,ORB,positive = good on both sides; total = offense + defense
Total,drb,0.3229056973455181,0.07676657566882736,base,2021-2023,2022.0,2021,2023,7113.8,total,DRB,positive = good on both sides; total = offense + defense
Total,ast,0.5605449733830338,0.07560839687387994,base,2021-2023,2022.0,2021,2023,7113.8,total,AST,positive = good on both sides; total = offense + defense
Total,tov,-0.995849296827953,0.19702516060308098,base,2021-2023,2022.0,2021,2023,7113.8,total,TOV,positive = good on both sides; total = offense + defense
Total,stl,1.7979704357342765,0.32141431697840356,base,2021-2023,2022.0,2021,2023,7113.8,total,STL,positive = good on both sides; total = offense + defense
Total,blk,0.965743590711567,0.22442113789504897,base,2021-2023,2022.0,2021,2023,7113.8,total,BLK,positive = good on both sides; total = offense + defense
Total,pf,-0.2881249964228598,0.14036216331638807,base,2021-2023,2022.0,2021,2023,7113.8,total,PF,positive = good on both sides; total = offense + defense
O,fg3m,1.166397926639382,0.11284806978576437,lam_x3,2021-2023,2022.0,2021,2023,21341.4,offense,3PM,positive = good on both sides; total = offense + defense
O,fg3_miss,-0.27264423285032124,0.0733908520646149,lam_x3,2021-2023,2022.0,2021,2023,21341.4,offense,3P miss,positive = good on both sides; total = offense + defense
O,fg2m,0.5649263838639038,0.062478121694884314,lam_x3,2021-2023,2022.0,2021,2023,21341.4,offense,2PM,positive = good on both sides; total = offense + defense
O,fg2_miss,-0.5033657575348065,0.061053212415541375,lam_x3,2021-2023,2022.0,2021,2023,21341.4,offense,2P miss,positive = good on both sides; total = offense + defense
O,ftm,0.687177013134922,0.058926372932779,lam_x3,2021-2023,2022.0,2021,2023,21341.4,offense,FTM,positive = good on both sides; total = offense + defense
O,ft_miss,-0.7619712751444678,0.16368110635744684,lam_x3,2021-2023,2022.0,2021,2023,21341.4,offense,FT miss,positive = good on both sides; total = offense + defense
O,orb,0.7103867714628063,0.08744841303347844,lam_x3,2021-2023,2022.0,2021,2023,21341.4,offense,ORB,positive = good on both sides; total = offense + defense
O,drb,0.03992017112566128,0.04924807926891576,lam_x3,2021-2023,2022.0,2021,2023,21341.4,offense,DRB,positive = good on both sides; total = offense + defense
O,ast,0.36439620632942527,0.04805200162329928,lam_x3,2021-2023,2022.0,2021,2023,21341.4,offense,AST,positive = good on both sides; total = offense + defense
O,tov,-0.6451341659298374,0.11920284571919772,lam_x3,2021-2023,2022.0,2021,2023,21341.4,offense,TOV,positive = good on both sides; total = offense + defense
O,stl,0.47663687810159683,0.20011493004034556,lam_x3,2021-2023,2022.0,2021,2023,21341.4,offense,STL,positive = good on both sides; total = offense + defense
O,blk,-0.032793973050207356,0.1408411581969571,lam_x3,2021-2023,2022.0,2021,2023,21341.4,offense,BLK,positive = good on both sides; total = offense + defense
O,pf,-0.22893519717469593,0.08808129238752993,lam_x3,2021-2023,2022.0,2021,2023,21341.4,offense,PF,positive = good on both sides; total = offense + defense
D,fg3m,0.1603770595125406,0.11626612227522518,lam_x3,2021-2023,2022.0,2021,2023,21341.4,defense,3PM,positive = good on both sides; total = offense + defense
D,fg3_miss,-0.12842685330750975,0.07553293349364709,lam_x3,2021-2023,2022.0,2021,2023,21341.4,defense,3P miss,positive = good on both sides; total = offense + defense
D,fg2m,0.1540245450791077,0.06443414821635951,lam_x3,2021-2023,2022.0,2021,2023,21341.4,defense,2PM,positive = good on both sides; total = offense + defense
D,fg2_miss,-0.2717411628545781,0.06346837797614054,lam_x3,2021-2023,2022.0,2021,2023,21341.4,defense,2P miss,positive = good on both sides; total = offense + defense
D,ftm,0.13577947723600153,0.060943710016248355,lam_x3,2021-2023,2022.0,2021,2023,21341.4,defense,FTM,positive = good on both sides; total = offense + defense
D,ft_miss,-0.3521993892734421,0.170298713322851,lam_x3,2021-2023,2022.0,2021,2023,21341.4,defense,FT miss,positive = good on both sides; total = offense + defense
D,orb,-0.03554954354018945,0.09047045282679927,lam_x3,2021-2023,2022.0,2021,2023,21341.4,defense,ORB,positive = good on both sides; total = offense + defense
D,drb,0.33026608702567645,0.05037665610559335,lam_x3,2021-2023,2022.0,2021,2023,21341.4,defense,DRB,positive = good on both sides; total = offense + defense
D,ast,0.20782879199817247,0.049267459676517834,lam_x3,2021-2023,2022.0,2021,2023,21341.4,defense,AST,positive = good on both sides; total = offense + defense
D,tov,-0.41871625732134454,0.12396851795494203,lam_x3,2021-2023,2022.0,2021,2023,21341.4,defense,TOV,positive = good on both sides; total = offense + defense
D,stl,1.28238603057875,0.20713693255315402,lam_x3,2021-2023,2022.0,2021,2023,21341.4,defense,STL,positive = good on both sides; total = offense + defense
D,blk,0.9848051527862409,0.14533763658772358,lam_x3,2021-2023,2022.0,2021,2023,21341.4,defense,BLK,positive = good on both sides; total = offense + defense
D,pf,-0.058380316859537436,0.09064362344166475,lam_x3,2021-2023,2022.0,2021,2023,21341.4,defense,PF,positive = good on both sides; total = offense + defense
Total,fg3m,1.3267749861519227,0.16279687738951845,lam_x3,2021-2023,2022.0,2021,2023,21341.4,total,3PM,positive = good on both sides; total = offense + defense
Total,fg3_miss,-0.401071086157831,0.1053249599953241,lam_x3,2021-2023,2022.0,2021,2023,21341.4,total,3P miss,positive = good on both sides; total = offense + defense
Total,fg2m,0.7189509289430115,0.0896169463345113,lam_x3,2021-2023,2022.0,2021,2023,21341.4,total,2PM,positive = good on both sides; total = offense + defense
Total,fg2_miss,-0.7751069203893846,0.08723485246039393,lam_x3,2021-2023,2022.0,2021,2023,21341.4,total,2P miss,positive = good on both sides; total = offense + defense
Total,ftm,0.8229564903709234,0.08445424732066244,lam_x3,2021-2023,2022.0,2021,2023,21341.4,total,FTM,positive = good on both sides; total = offense + defense
Total,ft_miss,-1.11417066441791,0.23664523726679978,lam_x3,2021-2023,2022.0,2021,2023,21341.4,total,FT miss,positive = good on both sides; total = offense + defense
Total,orb,0.6748372279226168,0.1255671286315289,lam_x3,2021-2023,2022.0,2021,2023,21341.4,total,ORB,positive = good on both sides; total = offense + defense
Total,drb,0.3701862581513377,0.07083458231938794,lam_x3,2021-2023,2022.0,2021,2023,21341.4,total,DRB,positive = good on both sides; total = offense + defense
Total,ast,0.5722249983275978,0.06926118502042393,lam_x3,2021-2023,2022.0,2021,2023,21341.4,total,AST,positive = good on both sides; total = offense + defense
Total,tov,-1.063850423251182,0.17428367027323305,lam_x3,2021-2023,2022.0,2021,2023,21341.4,total,TOV,positive = good on both sides; total = offense + defense
Total,stl,1.7590229086803468,0.28705252989714175,lam_x3,2021-2023,2022.0,2021,2023,21341.4,total,STL,positive = good on both sides; total = offense + defense
Total,blk,0.9520111797360336,0.20205209183399508,lam_x3,2021-2023,2022.0,2021,2023,21341.4,total,BLK,positive = good on both sides; total = offense + defense
Total,pf,-0.2873155140342334,0.126686059558988,lam_x3,2021-2023,2022.0,2021,2023,21341.4,total,PF,positive = good on both sides; total = offense + defense
O,fg3m,1.0621918233427354,0.14268760913862674,lam_div3,2021-2023,2022.0,2021,2023,2371.2666666666664,offense,3PM,positive = good on both sides; total = offense + defense
O,fg3_miss,-0.22116046483193713,0.09139004824822189,lam_div3,2021-2023,2022.0,2021,2023,2371.2666666666664,offense,3P miss,positive = good on both sides; total = offense + defense
O,fg2m,0.517720459563747,0.07995897148578851,lam_div3,2021-2023,2022.0,2021,2023,2371.2666666666664,offense,2PM,positive = good on both sides; total = offense + defense
O,fg2_miss,-0.46160943663343723,0.08179414832141797,lam_div3,2021-2023,2022.0,2021,2023,2371.2666666666664,offense,2P miss,positive = good on both sides; total = offense + defense
O,ftm,0.7164160165975485,0.0765676918151243,lam_div3,2021-2023,2022.0,2021,2023,2371.2666666666664,offense,FTM,positive = good on both sides; total = offense + defense
O,ft_miss,-0.8417008994287072,0.2189960832364309,lam_div3,2021-2023,2022.0,2021,2023,2371.2666666666664,offense,FT miss,positive = good on both sides; total = offense + defense
O,orb,0.7344500857971613,0.11315136129901827,lam_div3,2021-2023,2022.0,2021,2023,2371.2666666666664,offense,ORB,positive = good on both sides; total = offense + defense
O,drb,0.01569131313801681,0.059978236160959035,lam_div3,2021-2023,2022.0,2021,2023,2371.2666666666664,offense,DRB,positive = good on both sides; total = offense + defense
O,ast,0.3431826577361088,0.05906974148992222,lam_div3,2021-2023,2022.0,2021,2023,2371.2666666666664,offense,AST,positive = good on both sides; total = offense + defense
O,tov,-0.5390068679774502,0.15762937603517302,lam_div3,2021-2023,2022.0,2021,2023,2371.2666666666664,offense,TOV,positive = good on both sides; total = offense + defense
O,stl,0.6287396312994318,0.2597179334476824,lam_div3,2021-2023,2022.0,2021,2023,2371.2666666666664,offense,STL,positive = good on both sides; total = offense + defense
O,blk,-0.035762151315798615,0.17945173315219118,lam_div3,2021-2023,2022.0,2021,2023,2371.2666666666664,offense,BLK,positive = good on both sides; total = offense + defense
O,pf,-0.26264842620530104,0.11180355273497888,lam_div3,2021-2023,2022.0,2021,2023,2371.2666666666664,offense,PF,positive = good on both sides; total = offense + defense
D,fg3m,0.04095728187279946,0.154883138125789,lam_div3,2021-2023,2022.0,2021,2023,2371.2666666666664,defense,3PM,positive = good on both sides; total = offense + defense
D,fg3_miss,-0.09896346874816603,0.09880188139303998,lam_div3,2021-2023,2022.0,2021,2023,2371.2666666666664,defense,3P miss,positive = good on both sides; total = offense + defense
D,fg2m,0.1999580013632749,0.08745912028773659,lam_div3,2021-2023,2022.0,2021,2023,2371.2666666666664,defense,2PM,positive = good on both sides; total = offense + defense
D,fg2_miss,-0.32142594861641294,0.09032660471863187,lam_div3,2021-2023,2022.0,2021,2023,2371.2666666666664,defense,2P miss,positive = good on both sides; total = offense + defense
D,ftm,0.12922049209970254,0.08427112544219865,lam_div3,2021-2023,2022.0,2021,2023,2371.2666666666664,defense,FTM,positive = good on both sides; total = offense + defense
D,ft_miss,-0.37361634693495893,0.24233267869137376,lam_div3,2021-2023,2022.0,2021,2023,2371.2666666666664,defense,FT miss,positive = good on both sides; total = offense + defense
D,orb,-0.03538307685443919,0.1239439940297859,lam_div3,2021-2023,2022.0,2021,2023,2371.2666666666664,defense,ORB,positive = good on both sides; total = offense + defense
D,drb,0.2688812889301318,0.06483083118002737,lam_div3,2021-2023,2022.0,2021,2023,2371.2666666666664,defense,DRB,positive = good on both sides; total = offense + defense
D,ast,0.17826206770639885,0.0639066863018561,lam_div3,2021-2023,2022.0,2021,2023,2371.2666666666664,defense,AST,positive = good on both sides; total = offense + defense
D,tov,-0.3498108499120182,0.1737496002208157,lam_div3,2021-2023,2022.0,2021,2023,2371.2666666666664,defense,TOV,positive = good on both sides; total = offense + defense
D,stl,1.2999092083134174,0.2856667191788555,lam_div3,2021-2023,2022.0,2021,2023,2371.2666666666664,defense,STL,positive = good on both sides; total = offense + defense
D,blk,0.9848153680348551,0.19628164097971668,lam_div3,2021-2023,2022.0,2021,2023,2371.2666666666664,defense,BLK,positive = good on both sides; total = offense + defense
D,pf,-0.035997994483335946,0.12225605523304035,lam_div3,2021-2023,2022.0,2021,2023,2371.2666666666664,defense,PF,positive = good on both sides; total = offense + defense
Total,fg3m,1.1031491052155349,0.21278680986751639,lam_div3,2021-2023,2022.0,2021,2023,2371.2666666666664,total,3PM,positive = good on both sides; total = offense + defense
Total,fg3_miss,-0.32012393358010316,0.13524110301471343,lam_div3,2021-2023,2022.0,2021,2023,2371.2666666666664,total,3P miss,positive = good on both sides; total = offense + defense
Total,fg2m,0.7176784609270219,0.1185503395471461,lam_div3,2021-2023,2022.0,2021,2023,2371.2666666666664,total,2PM,positive = good on both sides; total = offense + defense
Total,fg2_miss,-0.7830353852498502,0.12136302383472851,lam_div3,2021-2023,2022.0,2021,2023,2371.2666666666664,total,2P miss,positive = good on both sides; total = offense + defense
Total,ftm,0.845636508697251,0.11371243811859261,lam_div3,2021-2023,2022.0,2021,2023,2371.2666666666664,total,FTM,positive = good on both sides; total = offense + defense
Total,ft_miss,-1.2153172463636661,0.3288022198614503,lam_div3,2021-2023,2022.0,2021,2023,2371.2666666666664,total,FT miss,positive = good on both sides; total = offense + defense
Total,orb,0.6990670089427221,0.16827697038690892,lam_div3,2021-2023,2022.0,2021,2023,2371.2666666666664,total,ORB,positive = good on both sides; total = offense + defense
Total,drb,0.2845726020681486,0.08862655353879906,lam_div3,2021-2023,2022.0,2021,2023,2371.2666666666664,total,DRB,positive = good on both sides; total = offense + defense
Total,ast,0.5214447254425076,0.08774420102906949,lam_div3,2021-2023,2022.0,2021,2023,2371.2666666666664,total,AST,positive = good on both sides; total = offense + defense
Total,tov,-0.8888177178894685,0.23791480578565743,lam_div3,2021-2023,2022.0,2021,2023,2371.2666666666664,total,TOV,positive = good on both sides; total = offense + defense
Total,stl,1.9286488396128492,0.3854803359505308,lam_div3,2021-2023,2022.0,2021,2023,2371.2666666666664,total,STL,positive = good on both sides; total = offense + defense
Total,blk,0.9490532167190565,0.26621665918265014,lam_div3,2021-2023,2022.0,2021,2023,2371.2666666666664,total,BLK,positive = good on both sides; total = offense + defense
Total,pf,-0.298646420688637,0.16658851048790213,lam_div3,2021-2023,2022.0,2021,2023,2371.2666666666664,total,PF,positive = good on both sides; total = offense + defense
O,fg3m,1.081329267595136,0.12486951777472727,gt_half,2021-2023,2022.0,2021,2023,7113.8,offense,3PM,positive = good on both sides; total = offense + defense
O,fg3_miss,-0.23261159182752572,0.08096877119396619,gt_half,2021-2023,2022.0,2021,2023,7113.8,offense,3P miss,positive = good on both sides; total = offense + defense
O,fg2m,0.5414962739298037,0.06877367737615513,gt_half,2021-2023,2022.0,2021,2023,7113.8,offense,2PM,positive = good on both sides; total = offense + defense
O,fg2_miss,-0.48565163121024935,0.06846649033680961,gt_half,2021-2023,2022.0,2021,2023,7113.8,offense,2P miss,positive = good on both sides; total = offense + defense
O,ftm,0.6942164666375465,0.06491967434302662,gt_half,2021-2023,2022.0,2021,2023,7113.8,offense,FTM,positive = good on both sides; total = offense + defense
O,ft_miss,-0.8080036023663746,0.18326288713138594,gt_half,2021-2023,2022.0,2021,2023,7113.8,offense,FT miss,positive = good on both sides; total = offense + defense
O,orb,0.7177874417874235,0.09674137856456544,gt_half,2021-2023,2022.0,2021,2023,7113.8,offense,ORB,positive = good on both sides; total = offense + defense
O,drb,0.03131873386672755,0.0528687286100661,gt_half,2021-2023,2022.0,2021,2023,7113.8,offense,DRB,positive = good on both sides; total = offense + defense
O,ast,0.35909703809868065,0.05196806445534073,gt_half,2021-2023,2022.0,2021,2023,7113.8,offense,AST,positive = good on both sides; total = offense + defense
O,tov,-0.611120384195661,0.13344425911624394,gt_half,2021-2023,2022.0,2021,2023,7113.8,offense,TOV,positive = good on both sides; total = offense + defense
O,stl,0.4543239176196661,0.22118843638245028,gt_half,2021-2023,2022.0,2021,2023,7113.8,offense,STL,positive = good on both sides; total = offense + defense
O,blk,-0.058850957126129685,0.15406361288578846,gt_half,2021-2023,2022.0,2021,2023,7113.8,offense,BLK,positive = good on both sides; total = offense + defense
O,pf,-0.20717115738209363,0.09636077009657253,gt_half,2021-2023,2022.0,2021,2023,7113.8,offense,PF,positive = good on both sides; total = offense + defense
D,fg3m,0.14547534103520982,0.13185904278516214,gt_half,2021-2023,2022.0,2021,2023,7113.8,defense,3PM,positive = good on both sides; total = offense + defense
D,fg3_miss,-0.1411806560442379,0.08527213416281158,gt_half,2021-2023,2022.0,2021,2023,7113.8,defense,3P miss,positive = good on both sides; total = offense + defense
D,fg2m,0.16403615968176566,0.07284886950871618,gt_half,2021-2023,2022.0,2021,2023,7113.8,defense,2PM,positive = good on both sides; total = offense + defense
D,fg2_miss,-0.2894161086917739,0.07334383601794764,gt_half,2021-2023,2022.0,2021,2023,7113.8,defense,2P miss,positive = good on both sides; total = offense + defense
D,ftm,0.13891612610470994,0.06899845154465707,gt_half,2021-2023,2022.0,2021,2023,7113.8,defense,FTM,positive = good on both sides; total = offense + defense
D,ft_miss,-0.2918089862232778,0.19629375459073614,gt_half,2021-2023,2022.0,2021,2023,7113.8,defense,FT miss,positive = good on both sides; total = offense + defense
D,orb,-0.026936877475048002,0.10274250598555193,gt_half,2021-2023,2022.0,2021,2023,7113.8,defense,ORB,positive = good on both sides; total = offense + defense
D,drb,0.2905732408158197,0.055266211276864145,gt_half,2021-2023,2022.0,2021,2023,7113.8,defense,DRB,positive = good on both sides; total = offense + defense
D,ast,0.2085048318171906,0.05447184584840583,gt_half,2021-2023,2022.0,2021,2023,7113.8,defense,AST,positive = good on both sides; total = offense + defense
D,tov,-0.4249967989914649,0.1426139939037187,gt_half,2021-2023,2022.0,2021,2023,7113.8,defense,TOV,positive = good on both sides; total = offense + defense
D,stl,1.282089017822199,0.23515622006159717,gt_half,2021-2023,2022.0,2021,2023,7113.8,defense,STL,positive = good on both sides; total = offense + defense
D,blk,1.0050729303644776,0.16297185856047092,gt_half,2021-2023,2022.0,2021,2023,7113.8,defense,BLK,positive = good on both sides; total = offense + defense
D,pf,-0.05276826310238798,0.1017436899955113,gt_half,2021-2023,2022.0,2021,2023,7113.8,defense,PF,positive = good on both sides; total = offense + defense
Total,fg3m,1.226804608630346,0.18265934778702994,gt_half,2021-2023,2022.0,2021,2023,7113.8,total,3PM,positive = good on both sides; total = offense + defense
Total,fg3_miss,-0.3737922478717636,0.11781570871629087,gt_half,2021-2023,2022.0,2021,2023,7113.8,total,3P miss,positive = good on both sides; total = offense + defense
Total,fg2m,0.7055324336115694,0.10006902574330075,gt_half,2021-2023,2022.0,2021,2023,7113.8,total,2PM,positive = good on both sides; total = offense + defense
Total,fg2_miss,-0.7750677399020233,0.09960058668145812,gt_half,2021-2023,2022.0,2021,2023,7113.8,total,2P miss,positive = good on both sides; total = offense + defense
Total,ftm,0.8331325927422565,0.0944999607086916,gt_half,2021-2023,2022.0,2021,2023,7113.8,total,FTM,positive = good on both sides; total = offense + defense
Total,ft_miss,-1.0998125885896524,0.2697217677466749,gt_half,2021-2023,2022.0,2021,2023,7113.8,total,FT miss,positive = good on both sides; total = offense + defense
Total,orb,0.6908505643123755,0.14115333856317838,gt_half,2021-2023,2022.0,2021,2023,7113.8,total,ORB,positive = good on both sides; total = offense + defense
Total,drb,0.32189197468254727,0.07685496379303419,gt_half,2021-2023,2022.0,2021,2023,7113.8,total,DRB,positive = good on both sides; total = offense + defense
Total,ast,0.5676018699158712,0.07581146687328924,gt_half,2021-2023,2022.0,2021,2023,7113.8,total,AST,positive = good on both sides; total = offense + defense
Total,tov,-1.0361171831871259,0.19811469826705397,gt_half,2021-2023,2022.0,2021,2023,7113.8,total,TOV,positive = good on both sides; total = offense + defense
Total,stl,1.7364129354418651,0.32215801489309964,gt_half,2021-2023,2022.0,2021,2023,7113.8,total,STL,positive = good on both sides; total = offense + defense
Total,blk,0.946221973238348,0.2243379539449965,gt_half,2021-2023,2022.0,2021,2023,7113.8,total,BLK,positive = good on both sides; total = offense + defense
Total,pf,-0.2599394204844816,0.14075615341900297,gt_half,2021-2023,2022.0,2021,2023,7113.8,total,PF,positive = good on both sides; total = offense + defense
O,fg3m,1.0332922462004854,0.12686820609299462,gt_zero,2021-2023,2022.0,2021,2023,7113.8,offense,3PM,positive = good on both sides; total = offense + defense
O,fg3_miss,-0.2121707970205493,0.08252531143502474,gt_zero,2021-2023,2022.0,2021,2023,7113.8,offense,3P miss,positive = good on both sides; total = offense + defense
O,fg2m,0.5389703102228565,0.06919526169095824,gt_zero,2021-2023,2022.0,2021,2023,7113.8,offense,2PM,positive = good on both sides; total = offense + defense
O,fg2_miss,-0.486647795727462,0.06872707790602234,gt_zero,2021-2023,2022.0,2021,2023,7113.8,offense,2P miss,positive = good on both sides; total = offense + defense
O,ftm,0.6883065052456344,0.0649070510051081,gt_zero,2021-2023,2022.0,2021,2023,7113.8,offense,FTM,positive = good on both sides; total = offense + defense
O,ft_miss,-0.813526991943293,0.18368357528589715,gt_zero,2021-2023,2022.0,2021,2023,7113.8,offense,FT miss,positive = good on both sides; total = offense + defense
O,orb,0.7172629100595395,0.09717354218603917,gt_zero,2021-2023,2022.0,2021,2023,7113.8,offense,ORB,positive = good on both sides; total = offense + defense
O,drb,0.034613511119920504,0.05295667048478729,gt_zero,2021-2023,2022.0,2021,2023,7113.8,offense,DRB,positive = good on both sides; total = offense + defense
O,ast,0.3609193616944999,0.052207402313638164,gt_zero,2021-2023,2022.0,2021,2023,7113.8,offense,AST,positive = good on both sides; total = offense + defense
O,tov,-0.6228253149877374,0.1343754524699433,gt_zero,2021-2023,2022.0,2021,2023,7113.8,offense,TOV,positive = good on both sides; total = offense + defense
O,stl,0.3764530497869083,0.22184945596924419,gt_zero,2021-2023,2022.0,2021,2023,7113.8,offense,STL,positive = good on both sides; total = offense + defense
O,blk,-0.09065650729374167,0.1540421690306745,gt_zero,2021-2023,2022.0,2021,2023,7113.8,offense,BLK,positive = good on both sides; total = offense + defense
O,pf,-0.170763840849448,0.09676863938978308,gt_zero,2021-2023,2022.0,2021,2023,7113.8,offense,PF,positive = good on both sides; total = offense + defense
D,fg3m,0.1849918523801808,0.13411730175404976,gt_zero,2021-2023,2022.0,2021,2023,7113.8,defense,3PM,positive = good on both sides; total = offense + defense
D,fg3_miss,-0.1737575465149055,0.08701750692059518,gt_zero,2021-2023,2022.0,2021,2023,7113.8,defense,3P miss,positive = good on both sides; total = offense + defense
D,fg2m,0.14984539150323894,0.07332736956609029,gt_zero,2021-2023,2022.0,2021,2023,7113.8,defense,2PM,positive = good on both sides; total = offense + defense
D,fg2_miss,-0.2826555171465239,0.07367498471444993,gt_zero,2021-2023,2022.0,2021,2023,7113.8,defense,2P miss,positive = good on both sides; total = offense + defense
D,ftm,0.14730803359288647,0.06898045971436116,gt_zero,2021-2023,2022.0,2021,2023,7113.8,defense,FTM,positive = good on both sides; total = offense + defense
D,ft_miss,-0.2296653542320788,0.19673550689692132,gt_zero,2021-2023,2022.0,2021,2023,7113.8,defense,FT miss,positive = good on both sides; total = offense + defense
D,orb,-0.020205465893445906,0.1032210600501277,gt_zero,2021-2023,2022.0,2021,2023,7113.8,defense,ORB,positive = good on both sides; total = offense + defense
D,drb,0.2860370085693482,0.05533506338759329,gt_zero,2021-2023,2022.0,2021,2023,7113.8,defense,DRB,positive = good on both sides; total = offense + defense
D,ast,0.21595806591645467,0.05469546995059425,gt_zero,2021-2023,2022.0,2021,2023,7113.8,defense,AST,positive = good on both sides; total = offense + defense
D,tov,-0.4595615945628041,0.14351626203399986,gt_zero,2021-2023,2022.0,2021,2023,7113.8,defense,TOV,positive = good on both sides; total = offense + defense
D,stl,1.2889630608766498,0.23582819089539245,gt_zero,2021-2023,2022.0,2021,2023,7113.8,defense,STL,positive = good on both sides; total = offense + defense
D,blk,1.0165365182561859,0.1629197005469324,gt_zero,2021-2023,2022.0,2021,2023,7113.8,defense,BLK,positive = good on both sides; total = offense + defense
D,pf,-0.05664255724136297,0.10214824850588203,gt_zero,2021-2023,2022.0,2021,2023,7113.8,defense,PF,positive = good on both sides; total = offense + defense
Total,fg3m,1.2182840985806662,0.1851918700049765,gt_zero,2021-2023,2022.0,2021,2023,7113.8,total,3PM,positive = good on both sides; total = offense + defense
Total,fg3_miss,-0.3859283435354548,0.12001273505336862,gt_zero,2021-2023,2022.0,2021,2023,7113.8,total,3P miss,positive = good on both sides; total = offense + defense
Total,fg2m,0.6888157017260954,0.10061981241641979,gt_zero,2021-2023,2022.0,2021,2023,7113.8,total,2PM,positive = good on both sides; total = offense + defense
Total,fg2_miss,-0.7693033128739859,0.09996062945187555,gt_zero,2021-2023,2022.0,2021,2023,7113.8,total,2P miss,positive = good on both sides; total = offense + defense
Total,ftm,0.8356145388385209,0.09447170592933675,gt_zero,2021-2023,2022.0,2021,2023,7113.8,total,FTM,positive = good on both sides; total = offense + defense
Total,ft_miss,-1.0431923461753718,0.2702231055701934,gt_zero,2021-2023,2022.0,2021,2023,7113.8,total,FT miss,positive = good on both sides; total = offense + defense
Total,orb,0.6970574441660935,0.14171259452113968,gt_zero,2021-2023,2022.0,2021,2023,7113.8,total,ORB,positive = good on both sides; total = offense + defense
Total,drb,0.3206505196892687,0.07698861339689649,gt_zero,2021-2023,2022.0,2021,2023,7113.8,total,DRB,positive = good on both sides; total = offense + defense
Total,ast,0.5768774276109545,0.07607969652466785,gt_zero,2021-2023,2022.0,2021,2023,7113.8,total,AST,positive = good on both sides; total = offense + defense
Total,tov,-1.0823869095505416,0.19945733033335997,gt_zero,2021-2023,2022.0,2021,2023,7113.8,total,TOV,positive = good on both sides; total = offense + defense
Total,stl,1.665416110663558,0.32319981118068597,gt_zero,2021-2023,2022.0,2021,2023,7113.8,total,STL,positive = good on both sides; total = offense + defense
Total,blk,0.9258800109624442,0.2243498154840724,gt_zero,2021-2023,2022.0,2021,2023,7113.8,total,BLK,positive = good on both sides; total = offense + defense
Total,pf,-0.22740639809081098,0.1412661720715545,gt_zero,2021-2023,2022.0,2021,2023,7113.8,total,PF,positive = good on both sides; total = offense + defense
O,fg3m,1.1209174450910826,0.1232455047011631,margin_bins,2021-2023,2022.0,2021,2023,7113.8,offense,3PM,positive = good on both sides; total = offense + defense
O,fg3_miss,-0.24968666877344758,0.07968757499804259,margin_bins,2021-2023,2022.0,2021,2023,7113.8,offense,3P miss,positive = good on both sides; total = offense + defense
O,fg2m,0.5483878180071559,0.06844548203869638,margin_bins,2021-2023,2022.0,2021,2023,7113.8,offense,2PM,positive = good on both sides; total = offense + defense
O,fg2_miss,-0.4876279614689875,0.06828140193100099,margin_bins,2021-2023,2022.0,2021,2023,7113.8,offense,2P miss,positive = good on both sides; total = offense + defense
O,ftm,0.704461981955562,0.06497735290747711,margin_bins,2021-2023,2022.0,2021,2023,7113.8,offense,FTM,positive = good on both sides; total = offense + defense
O,ft_miss,-0.8014582304162216,0.1830083573010777,margin_bins,2021-2023,2022.0,2021,2023,7113.8,offense,FT miss,positive = good on both sides; total = offense + defense
O,orb,0.7230944623237302,0.09642483905554451,margin_bins,2021-2023,2022.0,2021,2023,7113.8,offense,ORB,positive = good on both sides; total = offense + defense
O,drb,0.03277801074126696,0.05283019858763255,margin_bins,2021-2023,2022.0,2021,2023,7113.8,offense,DRB,positive = good on both sides; total = offense + defense
O,ast,0.35778297401151554,0.0517909890893925,margin_bins,2021-2023,2022.0,2021,2023,7113.8,offense,AST,positive = good on both sides; total = offense + defense
O,tov,-0.5972924792991817,0.13270127596520587,margin_bins,2021-2023,2022.0,2021,2023,7113.8,offense,TOV,positive = good on both sides; total = offense + defense
O,stl,0.5267560428053957,0.22076014596130794,margin_bins,2021-2023,2022.0,2021,2023,7113.8,offense,STL,positive = good on both sides; total = offense + defense
O,blk,-0.021973115684932987,0.15417835576406375,margin_bins,2021-2023,2022.0,2021,2023,7113.8,offense,BLK,positive = good on both sides; total = offense + defense
O,pf,-0.2481951100177508,0.0960672962058395,margin_bins,2021-2023,2022.0,2021,2023,7113.8,offense,PF,positive = good on both sides; total = offense + defense
D,fg3m,0.10366379005943438,0.13005479659645358,margin_bins,2021-2023,2022.0,2021,2023,7113.8,defense,3PM,positive = good on both sides; total = offense + defense
D,fg3_miss,-0.1074699042770424,0.08386118634138329,margin_bins,2021-2023,2022.0,2021,2023,7113.8,defense,3P miss,positive = good on both sides; total = offense + defense
D,fg2m,0.1756087598480105,0.07248727712724223,margin_bins,2021-2023,2022.0,2021,2023,7113.8,defense,2PM,positive = good on both sides; total = offense + defense
D,fg2_miss,-0.29431091149649413,0.07311291431327388,margin_bins,2021-2023,2022.0,2021,2023,7113.8,defense,2P miss,positive = good on both sides; total = offense + defense
D,ftm,0.1300325142230323,0.06907006464953869,margin_bins,2021-2023,2022.0,2021,2023,7113.8,defense,FTM,positive = good on both sides; total = offense + defense
D,ft_miss,-0.34040061059063964,0.19604921258576624,margin_bins,2021-2023,2022.0,2021,2023,7113.8,defense,FT miss,positive = good on both sides; total = offense + defense
D,orb,-0.03110863951470269,0.10240252141673871,margin_bins,2021-2023,2022.0,2021,2023,7113.8,defense,ORB,positive = good on both sides; total = offense + defense
D,drb,0.28906319082773435,0.05525266171237917,margin_bins,2021-2023,2022.0,2021,2023,7113.8,defense,DRB,positive = good on both sides; total = offense + defense
D,ast,0.19977335899417642,0.05431428775109436,margin_bins,2021-2023,2022.0,2021,2023,7113.8,defense,AST,positive = good on both sides; total = offense + defense
D,tov,-0.39132039709588373,0.1419120576066449,margin_bins,2021-2023,2022.0,2021,2023,7113.8,defense,TOV,positive = good on both sides; total = offense + defense
D,stl,1.276540707602428,0.2347617286536092,margin_bins,2021-2023,2022.0,2021,2023,7113.8,defense,STL,positive = good on both sides; total = offense + defense
D,blk,0.9932004196043375,0.16313800486864033,margin_bins,2021-2023,2022.0,2021,2023,7113.8,defense,BLK,positive = good on both sides; total = offense + defense
D,pf,-0.04890145832403481,0.10147238512317326,margin_bins,2021-2023,2022.0,2021,2023,7113.8,defense,PF,positive = good on both sides; total = offense + defense
Total,fg3m,1.224581235150517,0.18060930788408244,margin_bins,2021-2023,2022.0,2021,2023,7113.8,total,3PM,positive = good on both sides; total = offense + defense
Total,fg3_miss,-0.35715657305049,0.11600723378245793,margin_bins,2021-2023,2022.0,2021,2023,7113.8,total,3P miss,positive = good on both sides; total = offense + defense
Total,fg2m,0.7239965778551664,0.09963918951247885,margin_bins,2021-2023,2022.0,2021,2023,7113.8,total,2PM,positive = good on both sides; total = offense + defense
Total,fg2_miss,-0.7819388729654817,0.09934552455074046,margin_bins,2021-2023,2022.0,2021,2023,7113.8,total,2P miss,positive = good on both sides; total = offense + defense
Total,ftm,0.8344944961785943,0.09459217772667829,margin_bins,2021-2023,2022.0,2021,2023,7113.8,total,FTM,positive = good on both sides; total = offense + defense
Total,ft_miss,-1.141858841006861,0.2694562602264787,margin_bins,2021-2023,2022.0,2021,2023,7113.8,total,FT miss,positive = good on both sides; total = offense + defense
Total,orb,0.6919858228090275,0.14074251911124425,margin_bins,2021-2023,2022.0,2021,2023,7113.8,total,ORB,positive = good on both sides; total = offense + defense
Total,drb,0.3218412015690013,0.07677803102584611,margin_bins,2021-2023,2022.0,2021,2023,7113.8,total,DRB,positive = good on both sides; total = offense + defense
Total,ast,0.557556333005692,0.07561377721210352,margin_bins,2021-2023,2022.0,2021,2023,7113.8,total,AST,positive = good on both sides; total = offense + defense
Total,tov,-0.9886128763950655,0.19703423218297184,margin_bins,2021-2023,2022.0,2021,2023,7113.8,total,TOV,positive = good on both sides; total = offense + defense
Total,stl,1.8032967504078237,0.32144631825770686,margin_bins,2021-2023,2022.0,2021,2023,7113.8,total,STL,positive = good on both sides; total = offense + defense
Total,blk,0.9712273039194045,0.22444507387168827,margin_bins,2021-2023,2022.0,2021,2023,7113.8,total,BLK,positive = good on both sides; total = offense + defense
Total,pf,-0.2970965683417856,0.14037727032701067,margin_bins,2021-2023,2022.0,2021,2023,7113.8,total,PF,positive = good on both sides; total = offense + defense
O,fg3m,0.9986164369566826,0.12588692220330827,base,2024-2026,2025.0,2024,2026,7113.8,offense,3PM,positive = good on both sides; total = offense + defense
O,fg3_miss,-0.1354896577585745,0.08091536458179285,base,2024-2026,2025.0,2024,2026,7113.8,offense,3P miss,positive = good on both sides; total = offense + defense
O,fg2m,0.7083182264984514,0.07004351230736483,base,2024-2026,2025.0,2024,2026,7113.8,offense,2PM,positive = good on both sides; total = offense + defense
O,fg2_miss,-0.6911145120784519,0.07623778020712976,base,2024-2026,2025.0,2024,2026,7113.8,offense,2P miss,positive = good on both sides; total = offense + defense
O,ftm,0.6552712143113135,0.07004649100183692,base,2024-2026,2025.0,2024,2026,7113.8,offense,FTM,positive = good on both sides; total = offense + defense
O,ft_miss,-0.5253974018959927,0.20972264301024204,base,2024-2026,2025.0,2024,2026,7113.8,offense,FT miss,positive = good on both sides; total = offense + defense
O,orb,0.5758622761375992,0.08650686665920912,base,2024-2026,2025.0,2024,2026,7113.8,offense,ORB,positive = good on both sides; total = offense + defense
O,drb,0.0795134983766789,0.05460444201904989,base,2024-2026,2025.0,2024,2026,7113.8,offense,DRB,positive = good on both sides; total = offense + defense
O,ast,0.372049453491732,0.049056982869997726,base,2024-2026,2025.0,2024,2026,7113.8,offense,AST,positive = good on both sides; total = offense + defense
O,tov,-0.8251807468643211,0.13363606054474572,base,2024-2026,2025.0,2024,2026,7113.8,offense,TOV,positive = good on both sides; total = offense + defense
O,stl,0.5277303068595162,0.19594775061551686,base,2024-2026,2025.0,2024,2026,7113.8,offense,STL,positive = good on both sides; total = offense + defense
O,blk,-0.34243371645603865,0.14267794888665883,base,2024-2026,2025.0,2024,2026,7113.8,offense,BLK,positive = good on both sides; total = offense + defense
O,pf,-0.16206126369369006,0.09936224281412726,base,2024-2026,2025.0,2024,2026,7113.8,offense,PF,positive = good on both sides; total = offense + defense
D,fg3m,0.3250566054478822,0.13271123697267972,base,2024-2026,2025.0,2024,2026,7113.8,defense,3PM,positive = good on both sides; total = offense + defense
D,fg3_miss,-0.162354063054666,0.08545423864661505,base,2024-2026,2025.0,2024,2026,7113.8,defense,3P miss,positive = good on both sides; total = offense + defense
D,fg2m,0.01614547828489958,0.07407473757394066,base,2024-2026,2025.0,2024,2026,7113.8,defense,2PM,positive = good on both sides; total = offense + defense
D,fg2_miss,-0.2023656796120805,0.08163052302108476,base,2024-2026,2025.0,2024,2026,7113.8,defense,2P miss,positive = good on both sides; total = offense + defense
D,ftm,0.20428334231290415,0.0743428898048028,base,2024-2026,2025.0,2024,2026,7113.8,defense,FTM,positive = good on both sides; total = offense + defense
D,ft_miss,0.1695046656818678,0.22401404916739565,base,2024-2026,2025.0,2024,2026,7113.8,defense,FT miss,positive = good on both sides; total = offense + defense
D,orb,0.23735427597585831,0.09247540917381893,base,2024-2026,2025.0,2024,2026,7113.8,defense,ORB,positive = good on both sides; total = offense + defense
D,drb,0.3709031417865306,0.05701710024220334,base,2024-2026,2025.0,2024,2026,7113.8,defense,DRB,positive = good on both sides; total = offense + defense
D,ast,0.1401866674644399,0.05154205303871274,base,2024-2026,2025.0,2024,2026,7113.8,defense,AST,positive = good on both sides; total = offense + defense
D,tov,-0.8149658400927804,0.14362156465617912,base,2024-2026,2025.0,2024,2026,7113.8,defense,TOV,positive = good on both sides; total = offense + defense
D,stl,1.9198229933845203,0.20936301839208632,base,2024-2026,2025.0,2024,2026,7113.8,defense,STL,positive = good on both sides; total = offense + defense
D,blk,1.2409715102580878,0.15074603187183913,base,2024-2026,2025.0,2024,2026,7113.8,defense,BLK,positive = good on both sides; total = offense + defense
D,pf,0.012282641078247926,0.1052516023701568,base,2024-2026,2025.0,2024,2026,7113.8,defense,PF,positive = good on both sides; total = offense + defense
Total,fg3m,1.3236730424045646,0.18479789697986126,base,2024-2026,2025.0,2024,2026,7113.8,total,3PM,positive = good on both sides; total = offense + defense
Total,fg3_miss,-0.2978437208132405,0.11812680500191354,base,2024-2026,2025.0,2024,2026,7113.8,total,3P miss,positive = good on both sides; total = offense + defense
Total,fg2m,0.724463704783351,0.10224132467123372,base,2024-2026,2025.0,2024,2026,7113.8,total,2PM,positive = good on both sides; total = offense + defense
Total,fg2_miss,-0.8934801916905324,0.1117782121366736,base,2024-2026,2025.0,2024,2026,7113.8,total,2P miss,positive = good on both sides; total = offense + defense
Total,ftm,0.8595545566242176,0.102177832577972,base,2024-2026,2025.0,2024,2026,7113.8,total,FTM,positive = good on both sides; total = offense + defense
Total,ft_miss,-0.35589273621412487,0.30714165610543837,base,2024-2026,2025.0,2024,2026,7113.8,total,FT miss,positive = good on both sides; total = offense + defense
Total,orb,0.8132165521134576,0.12703837919762961,base,2024-2026,2025.0,2024,2026,7113.8,total,ORB,positive = good on both sides; total = offense + defense
Total,drb,0.4504166401632095,0.07922919724343849,base,2024-2026,2025.0,2024,2026,7113.8,total,DRB,positive = good on both sides; total = offense + defense
Total,ast,0.5122361209561719,0.07130203691131756,base,2024-2026,2025.0,2024,2026,7113.8,total,AST,positive = good on both sides; total = offense + defense
Total,tov,-1.6401465869571015,0.1955335331628585,base,2024-2026,2025.0,2024,2026,7113.8,total,TOV,positive = good on both sides; total = offense + defense
Total,stl,2.4475533002440364,0.2867676763103973,base,2024-2026,2025.0,2024,2026,7113.8,total,STL,positive = good on both sides; total = offense + defense
Total,blk,0.8985377938020491,0.20839011978684208,base,2024-2026,2025.0,2024,2026,7113.8,total,BLK,positive = good on both sides; total = offense + defense
Total,pf,-0.14977862261544214,0.14544272625461507,base,2024-2026,2025.0,2024,2026,7113.8,total,PF,positive = good on both sides; total = offense + defense
O,fg3m,1.0155175537528411,0.11525325602816366,lam_x3,2024-2026,2025.0,2024,2026,21341.4,offense,3PM,positive = good on both sides; total = offense + defense
O,fg3_miss,-0.14907761610589992,0.0739088123736601,lam_x3,2024-2026,2025.0,2024,2026,21341.4,offense,3P miss,positive = good on both sides; total = offense + defense
O,fg2m,0.7158210558324007,0.06407808413708674,lam_x3,2024-2026,2025.0,2024,2026,21341.4,offense,2PM,positive = good on both sides; total = offense + defense
O,fg2_miss,-0.6895565775360524,0.06836700547713304,lam_x3,2024-2026,2025.0,2024,2026,21341.4,offense,2P miss,positive = good on both sides; total = offense + defense
O,ftm,0.6476024728550289,0.06369586369317208,lam_x3,2024-2026,2025.0,2024,2026,21341.4,offense,FTM,positive = good on both sides; total = offense + defense
O,ft_miss,-0.53030074536399,0.18829166490330443,lam_x3,2024-2026,2025.0,2024,2026,21341.4,offense,FT miss,positive = good on both sides; total = offense + defense
O,orb,0.5850347715453008,0.07787414978530686,lam_x3,2024-2026,2025.0,2024,2026,21341.4,offense,ORB,positive = good on both sides; total = offense + defense
O,drb,0.08921085072918103,0.05107161459157516,lam_x3,2024-2026,2025.0,2024,2026,21341.4,offense,DRB,positive = good on both sides; total = offense + defense
O,ast,0.3677497969821859,0.045302990201311996,lam_x3,2024-2026,2025.0,2024,2026,21341.4,offense,AST,positive = good on both sides; total = offense + defense
O,tov,-0.8403433904041477,0.11859753677946412,lam_x3,2024-2026,2025.0,2024,2026,21341.4,offense,TOV,positive = good on both sides; total = offense + defense
O,stl,0.55119398328489,0.17619585716393735,lam_x3,2024-2026,2025.0,2024,2026,21341.4,offense,STL,positive = good on both sides; total = offense + defense
O,blk,-0.31892569877161814,0.1308364490881498,lam_x3,2024-2026,2025.0,2024,2026,21341.4,offense,BLK,positive = good on both sides; total = offense + defense
O,pf,-0.16614645164287714,0.09037119823315955,lam_x3,2024-2026,2025.0,2024,2026,21341.4,offense,PF,positive = good on both sides; total = offense + defense
D,fg3m,0.38223921273790085,0.11855814135578062,lam_x3,2024-2026,2025.0,2024,2026,21341.4,defense,3PM,positive = good on both sides; total = offense + defense
D,fg3_miss,-0.16581053422024594,0.07621290802236284,lam_x3,2024-2026,2025.0,2024,2026,21341.4,defense,3P miss,positive = good on both sides; total = offense + defense
D,fg2m,0.004898090316570958,0.06602472405370306,lam_x3,2024-2026,2025.0,2024,2026,21341.4,defense,2PM,positive = good on both sides; total = offense + defense
D,fg2_miss,-0.18323661229134242,0.07108040303626395,lam_x3,2024-2026,2025.0,2024,2026,21341.4,defense,2P miss,positive = good on both sides; total = offense + defense
D,ftm,0.2161893614216721,0.06581497072228723,lam_x3,2024-2026,2025.0,2024,2026,21341.4,defense,FTM,positive = good on both sides; total = offense + defense
D,ft_miss,0.2152898546864685,0.1957807610272569,lam_x3,2024-2026,2025.0,2024,2026,21341.4,defense,FT miss,positive = good on both sides; total = offense + defense
D,orb,0.25055674446129467,0.0808990484409982,lam_x3,2024-2026,2025.0,2024,2026,21341.4,defense,ORB,positive = good on both sides; total = offense + defense
D,drb,0.4006189512145468,0.052149644201661155,lam_x3,2024-2026,2025.0,2024,2026,21341.4,defense,DRB,positive = good on both sides; total = offense + defense
D,ast,0.14269720787439683,0.04646800249402382,lam_x3,2024-2026,2025.0,2024,2026,21341.4,defense,AST,positive = good on both sides; total = offense + defense
D,tov,-0.8631178640852519,0.12361851339555213,lam_x3,2024-2026,2025.0,2024,2026,21341.4,defense,TOV,positive = good on both sides; total = offense + defense
D,stl,1.9505851616468348,0.182956313607701,lam_x3,2024-2026,2025.0,2024,2026,21341.4,defense,STL,positive = good on both sides; total = offense + defense
D,blk,1.203332816187362,0.1347633969795013,lam_x3,2024-2026,2025.0,2024,2026,21341.4,defense,BLK,positive = good on both sides; total = offense + defense
D,pf,0.017446387466629812,0.09327195839804048,lam_x3,2024-2026,2025.0,2024,2026,21341.4,defense,PF,positive = good on both sides; total = offense + defense
Total,fg3m,1.397756766490742,0.16710450742620686,lam_x3,2024-2026,2025.0,2024,2026,21341.4,total,3PM,positive = good on both sides; total = offense + defense
Total,fg3_miss,-0.31488815032614587,0.1064682819724141,lam_x3,2024-2026,2025.0,2024,2026,21341.4,total,3P miss,positive = good on both sides; total = offense + defense
Total,fg2m,0.7207191461489717,0.09226779044437561,lam_x3,2024-2026,2025.0,2024,2026,21341.4,total,2PM,positive = good on both sides; total = offense + defense
Total,fg2_miss,-0.8727931898273948,0.09885142805946796,lam_x3,2024-2026,2025.0,2024,2026,21341.4,total,2P miss,positive = good on both sides; total = offense + defense
Total,ftm,0.863791834276701,0.0913650387542062,lam_x3,2024-2026,2025.0,2024,2026,21341.4,total,FTM,positive = good on both sides; total = offense + defense
Total,ft_miss,-0.31501089067752147,0.2710429330441703,lam_x3,2024-2026,2025.0,2024,2026,21341.4,total,FT miss,positive = good on both sides; total = offense + defense
Total,orb,0.8355915160065954,0.11245954658377054,lam_x3,2024-2026,2025.0,2024,2026,21341.4,total,ORB,positive = good on both sides; total = offense + defense
Total,drb,0.4898298019437278,0.0732299208759874,lam_x3,2024-2026,2025.0,2024,2026,21341.4,total,DRB,positive = good on both sides; total = offense + defense
Total,ast,0.5104470048565828,0.0650033579744145,lam_x3,2024-2026,2025.0,2024,2026,21341.4,total,AST,positive = good on both sides; total = offense + defense
Total,tov,-1.7034612544893997,0.1704902383611104,lam_x3,2024-2026,2025.0,2024,2026,21341.4,total,TOV,positive = good on both sides; total = offense + defense
Total,stl,2.501779144931725,0.2535906327782323,lam_x3,2024-2026,2025.0,2024,2026,21341.4,total,STL,positive = good on both sides; total = offense + defense
Total,blk,0.8844071174157438,0.18818685469294213,lam_x3,2024-2026,2025.0,2024,2026,21341.4,total,BLK,positive = good on both sides; total = offense + defense
Total,pf,-0.14870006417624732,0.13025170667894617,lam_x3,2024-2026,2025.0,2024,2026,21341.4,total,PF,positive = good on both sides; total = offense + defense
O,fg3m,0.976476640256617,0.1461166803008536,lam_div3,2024-2026,2025.0,2024,2026,2371.2666666666664,offense,3PM,positive = good on both sides; total = offense + defense
O,fg3_miss,-0.12938633018955462,0.0939200716551027,lam_div3,2024-2026,2025.0,2024,2026,2371.2666666666664,offense,3P miss,positive = good on both sides; total = offense + defense
O,fg2m,0.700146073326508,0.08166159555160643,lam_div3,2024-2026,2025.0,2024,2026,2371.2666666666664,offense,2PM,positive = good on both sides; total = offense + defense
O,fg2_miss,-0.6953028723490435,0.09109041711694182,lam_div3,2024-2026,2025.0,2024,2026,2371.2666666666664,offense,2P miss,positive = good on both sides; total = offense + defense
O,ftm,0.66835163451555,0.08228488322941997,lam_div3,2024-2026,2025.0,2024,2026,2371.2666666666664,offense,FTM,positive = good on both sides; total = offense + defense
O,ft_miss,-0.5154960381379889,0.24908893619906963,lam_div3,2024-2026,2025.0,2024,2026,2371.2666666666664,offense,FT miss,positive = good on both sides; total = offense + defense
O,orb,0.5602250964514437,0.10278067142962001,lam_div3,2024-2026,2025.0,2024,2026,2371.2666666666664,offense,ORB,positive = good on both sides; total = offense + defense
O,drb,0.06453630348758363,0.06187488986766881,lam_div3,2024-2026,2025.0,2024,2026,2371.2666666666664,offense,DRB,positive = good on both sides; total = offense + defense
O,ast,0.36630877299400466,0.05645046648065012,lam_div3,2024-2026,2025.0,2024,2026,2371.2666666666664,offense,AST,positive = good on both sides; total = offense + defense
O,tov,-0.780327118639107,0.16170615691705434,lam_div3,2024-2026,2025.0,2024,2026,2371.2666666666664,offense,TOV,positive = good on both sides; total = offense + defense
O,stl,0.5052911014489763,0.23334710535231057,lam_div3,2024-2026,2025.0,2024,2026,2371.2666666666664,offense,STL,positive = good on both sides; total = offense + defense
O,blk,-0.3772771393725025,0.1658916981166596,lam_div3,2024-2026,2025.0,2024,2026,2371.2666666666664,offense,BLK,positive = good on both sides; total = offense + defense
O,pf,-0.17437005662475102,0.11656325657990715,lam_div3,2024-2026,2025.0,2024,2026,2371.2666666666664,offense,PF,positive = good on both sides; total = offense + defense
D,fg3m,0.2678141707105143,0.15888408000316698,lam_div3,2024-2026,2025.0,2024,2026,2371.2666666666664,defense,3PM,positive = good on both sides; total = offense + defense
D,fg3_miss,-0.16777906991586802,0.10208581602643692,lam_div3,2024-2026,2025.0,2024,2026,2371.2666666666664,defense,3P miss,positive = good on both sides; total = offense + defense
D,fg2m,0.02615950153247166,0.08932923970616957,lam_div3,2024-2026,2025.0,2024,2026,2371.2666666666664,defense,2PM,positive = good on both sides; total = offense + defense
D,fg2_miss,-0.22696729056396303,0.10069820686041471,lam_div3,2024-2026,2025.0,2024,2026,2371.2666666666664,defense,2P miss,positive = good on both sides; total = offense + defense
D,ftm,0.18556890384353547,0.09043626303061851,lam_div3,2024-2026,2025.0,2024,2026,2371.2666666666664,defense,FTM,positive = good on both sides; total = offense + defense
D,ft_miss,0.15222579735548739,0.2746965459849458,lam_div3,2024-2026,2025.0,2024,2026,2371.2666666666664,defense,FT miss,positive = good on both sides; total = offense + defense
D,orb,0.2239963055970347,0.11351743710200933,lam_div3,2024-2026,2025.0,2024,2026,2371.2666666666664,defense,ORB,positive = good on both sides; total = offense + defense
D,drb,0.34375900401166637,0.06685647935117021,lam_div3,2024-2026,2025.0,2024,2026,2371.2666666666664,defense,DRB,positive = good on both sides; total = offense + defense
D,ast,0.1240125976782647,0.06129546921836957,lam_div3,2024-2026,2025.0,2024,2026,2371.2666666666664,defense,AST,positive = good on both sides; total = offense + defense
D,tov,-0.7407939020765082,0.17942655743201075,lam_div3,2024-2026,2025.0,2024,2026,2371.2666666666664,defense,TOV,positive = good on both sides; total = offense + defense
D,stl,1.8941886826143715,0.25793379388780197,lam_div3,2024-2026,2025.0,2024,2026,2371.2666666666664,defense,STL,positive = good on both sides; total = offense + defense
D,blk,1.265894753095783,0.1815579402864089,lam_div3,2024-2026,2025.0,2024,2026,2371.2666666666664,defense,BLK,positive = good on both sides; total = offense + defense
D,pf,0.004748778672435602,0.12769205628974054,lam_div3,2024-2026,2025.0,2024,2026,2371.2666666666664,defense,PF,positive = good on both sides; total = offense + defense
Total,fg3m,1.2442908109671311,0.2178241328009853,lam_div3,2024-2026,2025.0,2024,2026,2371.2666666666664,total,3PM,positive = good on both sides; total = offense + defense
Total,fg3_miss,-0.29716540010542264,0.13930022183771273,lam_div3,2024-2026,2025.0,2024,2026,2371.2666666666664,total,3P miss,positive = good on both sides; total = offense + defense
Total,fg2m,0.7263055748589797,0.12135646467574256,lam_div3,2024-2026,2025.0,2024,2026,2371.2666666666664,total,2PM,positive = good on both sides; total = offense + defense
Total,fg2_miss,-0.9222701629130066,0.13575644442818385,lam_div3,2024-2026,2025.0,2024,2026,2371.2666666666664,total,2P miss,positive = good on both sides; total = offense + defense
Total,ftm,0.8539205383590855,0.12250490323028095,lam_div3,2024-2026,2025.0,2024,2026,2371.2666666666664,total,FTM,positive = good on both sides; total = offense + defense
Total,ft_miss,-0.3632702407825016,0.37156933833899747,lam_div3,2024-2026,2025.0,2024,2026,2371.2666666666664,total,FT miss,positive = good on both sides; total = offense + defense
Total,orb,0.7842214020484783,0.1537393648433661,lam_div3,2024-2026,2025.0,2024,2026,2371.2666666666664,total,ORB,positive = good on both sides; total = offense + defense
Total,drb,0.40829530749925,0.09142587913745065,lam_div3,2024-2026,2025.0,2024,2026,2371.2666666666664,total,DRB,positive = good on both sides; total = offense + defense
Total,ast,0.49032137067226933,0.08353271998283777,lam_div3,2024-2026,2025.0,2024,2026,2371.2666666666664,total,AST,positive = good on both sides; total = offense + defense
Total,tov,-1.5211210207156152,0.24111502737154622,lam_div3,2024-2026,2025.0,2024,2026,2371.2666666666664,total,TOV,positive = good on both sides; total = offense + defense
Total,stl,2.399479784063348,0.3480316924597871,lam_div3,2024-2026,2025.0,2024,2026,2371.2666666666664,total,STL,positive = good on both sides; total = offense + defense
Total,blk,0.8886176137232804,0.24704945472580817,lam_div3,2024-2026,2025.0,2024,2026,2371.2666666666664,total,BLK,positive = good on both sides; total = offense + defense
Total,pf,-0.1696212779523154,0.1737928233001054,lam_div3,2024-2026,2025.0,2024,2026,2371.2666666666664,total,PF,positive = good on both sides; total = offense + defense
O,fg3m,0.9931686980010603,0.1276118986047009,gt_half,2024-2026,2025.0,2024,2026,7113.8,offense,3PM,positive = good on both sides; total = offense + defense
O,fg3_miss,-0.12863856246251792,0.08205179044954816,gt_half,2024-2026,2025.0,2024,2026,7113.8,offense,3P miss,positive = good on both sides; total = offense + defense
O,fg2m,0.6876140201625691,0.0702801588289694,gt_half,2024-2026,2025.0,2024,2026,7113.8,offense,2PM,positive = good on both sides; total = offense + defense
O,fg2_miss,-0.6772075004908182,0.07639509320891076,gt_half,2024-2026,2025.0,2024,2026,7113.8,offense,2P miss,positive = good on both sides; total = offense + defense
O,ftm,0.6478211322591798,0.06992686625449417,gt_half,2024-2026,2025.0,2024,2026,7113.8,offense,FTM,positive = good on both sides; total = offense + defense
O,ft_miss,-0.5093359796498698,0.20966920357826963,gt_half,2024-2026,2025.0,2024,2026,7113.8,offense,FT miss,positive = good on both sides; total = offense + defense
O,orb,0.5682822405524361,0.08680679920170242,gt_half,2024-2026,2025.0,2024,2026,7113.8,offense,ORB,positive = good on both sides; total = offense + defense
O,drb,0.08851796315105945,0.05479047887404653,gt_half,2024-2026,2025.0,2024,2026,7113.8,offense,DRB,positive = good on both sides; total = offense + defense
O,ast,0.3713289899985689,0.04914714740904036,gt_half,2024-2026,2025.0,2024,2026,7113.8,offense,AST,positive = good on both sides; total = offense + defense
O,tov,-0.848499490242806,0.13383014994544826,gt_half,2024-2026,2025.0,2024,2026,7113.8,offense,TOV,positive = good on both sides; total = offense + defense
O,stl,0.5115523543023963,0.1957399221116413,gt_half,2024-2026,2025.0,2024,2026,7113.8,offense,STL,positive = good on both sides; total = offense + defense
O,blk,-0.3112430839187513,0.1426374232436101,gt_half,2024-2026,2025.0,2024,2026,7113.8,offense,BLK,positive = good on both sides; total = offense + defense
O,pf,-0.14987558962910513,0.09976046569968859,gt_half,2024-2026,2025.0,2024,2026,7113.8,offense,PF,positive = good on both sides; total = offense + defense
D,fg3m,0.3571864284629529,0.1345599030512226,gt_half,2024-2026,2025.0,2024,2026,7113.8,defense,3PM,positive = good on both sides; total = offense + defense
D,fg3_miss,-0.17775057932443145,0.08669598277714813,gt_half,2024-2026,2025.0,2024,2026,7113.8,defense,3P miss,positive = good on both sides; total = offense + defense
D,fg2m,0.0188113702335106,0.0743089400477606,gt_half,2024-2026,2025.0,2024,2026,7113.8,defense,2PM,positive = good on both sides; total = offense + defense
D,fg2_miss,-0.18253906328416833,0.08179284853855788,gt_half,2024-2026,2025.0,2024,2026,7113.8,defense,2P miss,positive = good on both sides; total = offense + defense
D,ftm,0.20199686742759243,0.07419927419314581,gt_half,2024-2026,2025.0,2024,2026,7113.8,defense,FTM,positive = good on both sides; total = offense + defense
D,ft_miss,0.17053320941271288,0.22392406012775495,gt_half,2024-2026,2025.0,2024,2026,7113.8,defense,FT miss,positive = good on both sides; total = offense + defense
D,orb,0.2435409410846178,0.09275782495539807,gt_half,2024-2026,2025.0,2024,2026,7113.8,defense,ORB,positive = good on both sides; total = offense + defense
D,drb,0.376720953110119,0.0571755818497179,gt_half,2024-2026,2025.0,2024,2026,7113.8,defense,DRB,positive = good on both sides; total = offense + defense
D,ast,0.1458599378302946,0.051623637854341285,gt_half,2024-2026,2025.0,2024,2026,7113.8,defense,AST,positive = good on both sides; total = offense + defense
D,tov,-0.8408000908549278,0.1438123383200561,gt_half,2024-2026,2025.0,2024,2026,7113.8,defense,TOV,positive = good on both sides; total = offense + defense
D,stl,1.9498571000863443,0.2090726690028884,gt_half,2024-2026,2025.0,2024,2026,7113.8,defense,STL,positive = good on both sides; total = offense + defense
D,blk,1.2473399036565276,0.15064009009037854,gt_half,2024-2026,2025.0,2024,2026,7113.8,defense,BLK,positive = good on both sides; total = offense + defense
D,pf,-0.021366326586467685,0.10563323002957761,gt_half,2024-2026,2025.0,2024,2026,7113.8,defense,PF,positive = good on both sides; total = offense + defense
Total,fg3m,1.3503551264640132,0.18694990986951002,gt_half,2024-2026,2025.0,2024,2026,7113.8,total,3PM,positive = good on both sides; total = offense + defense
Total,fg3_miss,-0.30638914178694937,0.119707135384238,gt_half,2024-2026,2025.0,2024,2026,7113.8,total,3P miss,positive = good on both sides; total = offense + defense
Total,fg2m,0.7064253903960798,0.1025824634168957,gt_half,2024-2026,2025.0,2024,2026,7113.8,total,2PM,positive = good on both sides; total = offense + defense
Total,fg2_miss,-0.8597465637749866,0.11202563687515851,gt_half,2024-2026,2025.0,2024,2026,7113.8,total,2P miss,positive = good on both sides; total = offense + defense
Total,ftm,0.8498179996867723,0.10195678500030192,gt_half,2024-2026,2025.0,2024,2026,7113.8,total,FTM,positive = good on both sides; total = offense + defense
Total,ft_miss,-0.3388027702371569,0.30710932367604876,gt_half,2024-2026,2025.0,2024,2026,7113.8,total,FT miss,positive = good on both sides; total = offense + defense
Total,orb,0.8118231816370539,0.1273675338488224,gt_half,2024-2026,2025.0,2024,2026,7113.8,total,ORB,positive = good on both sides; total = offense + defense
Total,drb,0.4652389162611784,0.07947368971946558,gt_half,2024-2026,2025.0,2024,2026,7113.8,total,DRB,positive = good on both sides; total = offense + defense
Total,ast,0.5171889278288635,0.07141601041620638,gt_half,2024-2026,2025.0,2024,2026,7113.8,total,AST,positive = good on both sides; total = offense + defense
Total,tov,-1.6892995810977338,0.19588379567799055,gt_half,2024-2026,2025.0,2024,2026,7113.8,total,TOV,positive = good on both sides; total = offense + defense
Total,stl,2.4614094543887406,0.286422998624887,gt_half,2024-2026,2025.0,2024,2026,7113.8,total,STL,positive = good on both sides; total = offense + defense
Total,blk,0.9360968197377764,0.20822031863361212,gt_half,2024-2026,2025.0,2024,2026,7113.8,total,BLK,positive = good on both sides; total = offense + defense
Total,pf,-0.17124191621557283,0.14604065983183906,gt_half,2024-2026,2025.0,2024,2026,7113.8,total,PF,positive = good on both sides; total = offense + defense
O,fg3m,0.9818592324314375,0.12976437832079604,gt_zero,2024-2026,2025.0,2024,2026,7113.8,offense,3PM,positive = good on both sides; total = offense + defense
O,fg3_miss,-0.11742919378674443,0.08345573248374466,gt_zero,2024-2026,2025.0,2024,2026,7113.8,offense,3P miss,positive = good on both sides; total = offense + defense
O,fg2m,0.6642883228824645,0.07058013146795604,gt_zero,2024-2026,2025.0,2024,2026,7113.8,offense,2PM,positive = good on both sides; total = offense + defense
O,fg2_miss,-0.6620686025545653,0.07660996589008984,gt_zero,2024-2026,2025.0,2024,2026,7113.8,offense,2P miss,positive = good on both sides; total = offense + defense
O,ftm,0.6384959208387795,0.06982997083578736,gt_zero,2024-2026,2025.0,2024,2026,7113.8,offense,FTM,positive = good on both sides; total = offense + defense
O,ft_miss,-0.4898480632373857,0.20970989582385213,gt_zero,2024-2026,2025.0,2024,2026,7113.8,offense,FT miss,positive = good on both sides; total = offense + defense
O,orb,0.5598698177532593,0.08719043034023048,gt_zero,2024-2026,2025.0,2024,2026,7113.8,offense,ORB,positive = good on both sides; total = offense + defense
O,drb,0.09882913981472533,0.05501977615490291,gt_zero,2024-2026,2025.0,2024,2026,7113.8,offense,DRB,positive = good on both sides; total = offense + defense
O,ast,0.37052981469384694,0.049268310416493606,gt_zero,2024-2026,2025.0,2024,2026,7113.8,offense,AST,positive = good on both sides; total = offense + defense
O,tov,-0.8753934500917211,0.13412890191944735,gt_zero,2024-2026,2025.0,2024,2026,7113.8,offense,TOV,positive = good on both sides; total = offense + defense
O,stl,0.49049495103330476,0.19560181220301728,gt_zero,2024-2026,2025.0,2024,2026,7113.8,offense,STL,positive = good on both sides; total = offense + defense
O,blk,-0.2791871056069839,0.14264924821476818,gt_zero,2024-2026,2025.0,2024,2026,7113.8,offense,BLK,positive = good on both sides; total = offense + defense
O,pf,-0.13373588187964836,0.10026676989465873,gt_zero,2024-2026,2025.0,2024,2026,7113.8,offense,PF,positive = good on both sides; total = offense + defense
D,fg3m,0.4010016510570444,0.13693242443338793,gt_zero,2024-2026,2025.0,2024,2026,7113.8,defense,3PM,positive = good on both sides; total = offense + defense
D,fg3_miss,-0.19823322914918087,0.08827348793614273,gt_zero,2024-2026,2025.0,2024,2026,7113.8,defense,3P miss,positive = good on both sides; total = offense + defense
D,fg2m,0.022250353475738338,0.07462418286390113,gt_zero,2024-2026,2025.0,2024,2026,7113.8,defense,2PM,positive = good on both sides; total = offense + defense
D,fg2_miss,-0.15981541145622646,0.08203259582582317,gt_zero,2024-2026,2025.0,2024,2026,7113.8,defense,2P miss,positive = good on both sides; total = offense + defense
D,ftm,0.19836395180199595,0.0740887520398259,gt_zero,2024-2026,2025.0,2024,2026,7113.8,defense,FTM,positive = good on both sides; total = offense + defense
D,ft_miss,0.1698157178058528,0.22396947143680057,gt_zero,2024-2026,2025.0,2024,2026,7113.8,defense,FT miss,positive = good on both sides; total = offense + defense
D,orb,0.25072545526792334,0.09314558473519981,gt_zero,2024-2026,2025.0,2024,2026,7113.8,defense,ORB,positive = good on both sides; total = offense + defense
D,drb,0.3834199229103745,0.05738532942592828,gt_zero,2024-2026,2025.0,2024,2026,7113.8,defense,DRB,positive = good on both sides; total = offense + defense
D,ast,0.15209974857966096,0.05174525201372372,gt_zero,2024-2026,2025.0,2024,2026,7113.8,defense,AST,positive = good on both sides; total = offense + defense
D,tov,-0.8691215073155856,0.14414095462308574,gt_zero,2024-2026,2025.0,2024,2026,7113.8,defense,TOV,positive = good on both sides; total = offense + defense
D,stl,1.9842753102722486,0.20888038540986775,gt_zero,2024-2026,2025.0,2024,2026,7113.8,defense,STL,positive = good on both sides; total = offense + defense
D,blk,1.2520222088592403,0.1506034171380993,gt_zero,2024-2026,2025.0,2024,2026,7113.8,defense,BLK,positive = good on both sides; total = offense + defense
D,pf,-0.06009957042300407,0.10614644305631757,gt_zero,2024-2026,2025.0,2024,2026,7113.8,defense,PF,positive = good on both sides; total = offense + defense
Total,fg3m,1.382860883488482,0.18961065352452278,gt_zero,2024-2026,2025.0,2024,2026,7113.8,total,3PM,positive = good on both sides; total = offense + defense
Total,fg3_miss,-0.3156624229359253,0.12165663189539909,gt_zero,2024-2026,2025.0,2024,2026,7113.8,total,3P miss,positive = good on both sides; total = offense + defense
Total,fg2m,0.6865386763582029,0.10302593131259863,gt_zero,2024-2026,2025.0,2024,2026,7113.8,total,2PM,positive = good on both sides; total = offense + defense
Total,fg2_miss,-0.8218840140107918,0.11237257144164393,gt_zero,2024-2026,2025.0,2024,2026,7113.8,total,2P miss,positive = good on both sides; total = offense + defense
Total,ftm,0.8368598726407754,0.10177560289471724,gt_zero,2024-2026,2025.0,2024,2026,7113.8,total,FTM,positive = good on both sides; total = offense + defense
Total,ft_miss,-0.3200323454315329,0.30724099182094883,gt_zero,2024-2026,2025.0,2024,2026,7113.8,total,FT miss,positive = good on both sides; total = offense + defense
Total,orb,0.8105952730211826,0.1278160414105084,gt_zero,2024-2026,2025.0,2024,2026,7113.8,total,ORB,positive = good on both sides; total = offense + defense
Total,drb,0.4822490627250998,0.07978653451535461,gt_zero,2024-2026,2025.0,2024,2026,7113.8,total,DRB,positive = good on both sides; total = offense + defense
Total,ast,0.5226295632735078,0.07157892343242182,gt_zero,2024-2026,2025.0,2024,2026,7113.8,total,AST,positive = good on both sides; total = offense + defense
Total,tov,-1.7445149574073067,0.19641710191786868,gt_zero,2024-2026,2025.0,2024,2026,7113.8,total,TOV,positive = good on both sides; total = offense + defense
Total,stl,2.4747702613055536,0.2861946383923653,gt_zero,2024-2026,2025.0,2024,2026,7113.8,total,STL,positive = good on both sides; total = offense + defense
Total,blk,0.9728351032522564,0.20813927241827088,gt_zero,2024-2026,2025.0,2024,2026,7113.8,total,BLK,positive = good on both sides; total = offense + defense
Total,pf,-0.19383545230265242,0.14681397743219932,gt_zero,2024-2026,2025.0,2024,2026,7113.8,total,PF,positive = good on both sides; total = offense + defense
O,fg3m,1.006146296665903,0.12589616163006523,margin_bins,2024-2026,2025.0,2024,2026,7113.8,offense,3PM,positive = good on both sides; total = offense + defense
O,fg3_miss,-0.14487681436001099,0.08092450186907531,margin_bins,2024-2026,2025.0,2024,2026,7113.8,offense,3P miss,positive = good on both sides; total = offense + defense
O,fg2m,0.7108723533457746,0.07005476767285501,margin_bins,2024-2026,2025.0,2024,2026,7113.8,offense,2PM,positive = good on both sides; total = offense + defense
O,fg2_miss,-0.6898082107698051,0.07624570899750009,margin_bins,2024-2026,2025.0,2024,2026,7113.8,offense,2P miss,positive = good on both sides; total = offense + defense
O,ftm,0.6611740892558522,0.07005656156617635,margin_bins,2024-2026,2025.0,2024,2026,7113.8,offense,FTM,positive = good on both sides; total = offense + defense
O,ft_miss,-0.5180199601482218,0.209742683714955,margin_bins,2024-2026,2025.0,2024,2026,7113.8,offense,FT miss,positive = good on both sides; total = offense + defense
O,orb,0.5750275599296146,0.08651072512622364,margin_bins,2024-2026,2025.0,2024,2026,7113.8,offense,ORB,positive = good on both sides; total = offense + defense
O,drb,0.08412228925311147,0.05461335623055865,margin_bins,2024-2026,2025.0,2024,2026,7113.8,offense,DRB,positive = good on both sides; total = offense + defense
O,ast,0.36926553661182526,0.0490616263652499,margin_bins,2024-2026,2025.0,2024,2026,7113.8,offense,AST,positive = good on both sides; total = offense + defense
O,tov,-0.8205009741656368,0.13362223867568349,margin_bins,2024-2026,2025.0,2024,2026,7113.8,offense,TOV,positive = good on both sides; total = offense + defense
O,stl,0.5078715905615949,0.19596674579456214,margin_bins,2024-2026,2025.0,2024,2026,7113.8,offense,STL,positive = good on both sides; total = offense + defense
O,blk,-0.31891512776953895,0.14271587752073978,margin_bins,2024-2026,2025.0,2024,2026,7113.8,offense,BLK,positive = good on both sides; total = offense + defense
O,pf,-0.1708870249825316,0.09939339114651866,margin_bins,2024-2026,2025.0,2024,2026,7113.8,offense,PF,positive = good on both sides; total = offense + defense
D,fg3m,0.3263491588411912,0.1327182001357305,margin_bins,2024-2026,2025.0,2024,2026,7113.8,defense,3PM,positive = good on both sides; total = offense + defense
D,fg3_miss,-0.16283457589538558,0.08546602334493887,margin_bins,2024-2026,2025.0,2024,2026,7113.8,defense,3P miss,positive = good on both sides; total = offense + defense
D,fg2m,0.010509602957028186,0.07408405373070007,margin_bins,2024-2026,2025.0,2024,2026,7113.8,defense,2PM,positive = good on both sides; total = offense + defense
D,fg2_miss,-0.20186102841639775,0.08163575597255213,margin_bins,2024-2026,2025.0,2024,2026,7113.8,defense,2P miss,positive = good on both sides; total = offense + defense
D,ftm,0.20703298059394482,0.07435455017204366,margin_bins,2024-2026,2025.0,2024,2026,7113.8,defense,FTM,positive = good on both sides; total = offense + defense
D,ft_miss,0.17709170759080006,0.22402804017492292,margin_bins,2024-2026,2025.0,2024,2026,7113.8,defense,FT miss,positive = good on both sides; total = offense + defense
D,orb,0.23479410349709146,0.09247920047657719,margin_bins,2024-2026,2025.0,2024,2026,7113.8,defense,ORB,positive = good on both sides; total = offense + defense
D,drb,0.36175524482560184,0.057026579267097,margin_bins,2024-2026,2025.0,2024,2026,7113.8,defense,DRB,positive = good on both sides; total = offense + defense
D,ast,0.1391322896854965,0.05154805415444865,margin_bins,2024-2026,2025.0,2024,2026,7113.8,defense,AST,positive = good on both sides; total = offense + defense
D,tov,-0.8079326238528066,0.14360482425702467,margin_bins,2024-2026,2025.0,2024,2026,7113.8,defense,TOV,positive = good on both sides; total = offense + defense
D,stl,1.927473712993856,0.20938049658980143,margin_bins,2024-2026,2025.0,2024,2026,7113.8,defense,STL,positive = good on both sides; total = offense + defense
D,blk,1.2315910344887895,0.1507834329192802,margin_bins,2024-2026,2025.0,2024,2026,7113.8,defense,BLK,positive = good on both sides; total = offense + defense
D,pf,0.0148821873247591,0.1052841921156805,margin_bins,2024-2026,2025.0,2024,2026,7113.8,defense,PF,positive = good on both sides; total = offense + defense
Total,fg3m,1.332495455507094,0.18480895878023842,margin_bins,2024-2026,2025.0,2024,2026,7113.8,total,3PM,positive = good on both sides; total = offense + defense
Total,fg3_miss,-0.30771139025539657,0.11814434112938021,margin_bins,2024-2026,2025.0,2024,2026,7113.8,total,3P miss,positive = good on both sides; total = offense + defense
Total,fg2m,0.7213819563028028,0.10224606212120618,margin_bins,2024-2026,2025.0,2024,2026,7113.8,total,2PM,positive = good on both sides; total = offense + defense
Total,fg2_miss,-0.8916692391862029,0.11177463492703832,margin_bins,2024-2026,2025.0,2024,2026,7113.8,total,2P miss,positive = good on both sides; total = offense + defense
Total,ftm,0.868207069849797,0.10217062976602763,margin_bins,2024-2026,2025.0,2024,2026,7113.8,total,FTM,positive = good on both sides; total = offense + defense
Total,ft_miss,-0.34092825255742176,0.3071512591956324,margin_bins,2024-2026,2025.0,2024,2026,7113.8,total,FT miss,positive = good on both sides; total = offense + defense
Total,orb,0.8098216634267061,0.1270402865666705,margin_bins,2024-2026,2025.0,2024,2026,7113.8,total,ORB,positive = good on both sides; total = offense + defense
Total,drb,0.44587753407871333,0.07922258663260752,margin_bins,2024-2026,2025.0,2024,2026,7113.8,total,DRB,positive = good on both sides; total = offense + defense
Total,ast,0.5083978262973218,0.07130260327826486,margin_bins,2024-2026,2025.0,2024,2026,7113.8,total,AST,positive = good on both sides; total = offense + defense
Total,tov,-1.6284335980184435,0.19548369363579707,margin_bins,2024-2026,2025.0,2024,2026,7113.8,total,TOV,positive = good on both sides; total = offense + defense
Total,stl,2.435345303555451,0.28675960833671077,margin_bins,2024-2026,2025.0,2024,2026,7113.8,total,STL,positive = good on both sides; total = offense + defense
Total,blk,0.9126759067192505,0.20838419399797548,margin_bins,2024-2026,2025.0,2024,2026,7113.8,total,BLK,positive = good on both sides; total = offense + defense
Total,pf,-0.1560048376577725,0.14544406328003762,margin_bins,2024-2026,2025.0,2024,2026,7113.8,total,PF,positive = good on both sides; total = offense + defense
O,fg3m,0.47857527813340606,0.205628857305613,rolling,1997-1999,1998.0,1997,1999,7113.8,offense,3PM,positive = good on both sides; total = offense + defense
O,fg3_miss,0.2590578485591373,0.12242864475240443,rolling,1997-1999,1998.0,1997,1999,7113.8,offense,3P miss,positive = good on both sides; total = offense + defense
O,fg2m,0.6979701737939865,0.0736128785803508,rolling,1997-1999,1998.0,1997,1999,7113.8,offense,2PM,positive = good on both sides; total = offense + defense
O,fg2_miss,-0.5275827659476495,0.06289369621011817,rolling,1997-1999,1998.0,1997,1999,7113.8,offense,2P miss,positive = good on both sides; total = offense + defense
O,ftm,0.5733358942555029,0.06920149425623574,rolling,1997-1999,1998.0,1997,1999,7113.8,offense,FTM,positive = good on both sides; total = offense + defense
O,ft_miss,-0.16387234692719677,0.15403671341721226,rolling,1997-1999,1998.0,1997,1999,7113.8,offense,FT miss,positive = good on both sides; total = offense + defense
O,orb,0.3186142470272048,0.09645724334805628,rolling,1997-1999,1998.0,1997,1999,7113.8,offense,ORB,positive = good on both sides; total = offense + defense
O,drb,0.09856849979557077,0.06251084851943028,rolling,1997-1999,1998.0,1997,1999,7113.8,offense,DRB,positive = good on both sides; total = offense + defense
O,ast,0.4659998830244788,0.05382266327580032,rolling,1997-1999,1998.0,1997,1999,7113.8,offense,AST,positive = good on both sides; total = offense + defense
O,tov,-0.7560450010717105,0.14437919028827506,rolling,1997-1999,1998.0,1997,1999,7113.8,offense,TOV,positive = good on both sides; total = offense + defense
O,stl,0.3252164302835521,0.16605939891613822,rolling,1997-1999,1998.0,1997,1999,7113.8,offense,STL,positive = good on both sides; total = offense + defense
O,blk,0.09485528640530158,0.10896339418640928,rolling,1997-1999,1998.0,1997,1999,7113.8,offense,BLK,positive = good on both sides; total = offense + defense
O,pf,-0.2961992574532624,0.07081228437671767,rolling,1997-1999,1998.0,1997,1999,7113.8,offense,PF,positive = good on both sides; total = offense + defense
D,fg3m,-0.3786968365888047,0.21873469358989134,rolling,1997-1999,1998.0,1997,1999,7113.8,defense,3PM,positive = good on both sides; total = offense + defense
D,fg3_miss,-0.0682182751822545,0.13025621219580114,rolling,1997-1999,1998.0,1997,1999,7113.8,defense,3P miss,positive = good on both sides; total = offense + defense
D,fg2m,0.24836974351172153,0.07795115824131536,rolling,1997-1999,1998.0,1997,1999,7113.8,defense,2PM,positive = good on both sides; total = offense + defense
D,fg2_miss,-0.37387758192456855,0.06697806053901806,rolling,1997-1999,1998.0,1997,1999,7113.8,defense,2P miss,positive = good on both sides; total = offense + defense
D,ftm,0.08364726563132173,0.07406204018962818,rolling,1997-1999,1998.0,1997,1999,7113.8,defense,FTM,positive = good on both sides; total = offense + defense
D,ft_miss,-0.003252491260159182,0.16419771071556666,rolling,1997-1999,1998.0,1997,1999,7113.8,defense,FT miss,positive = good on both sides; total = offense + defense
D,orb,-0.28553193986402303,0.10248827470632003,rolling,1997-1999,1998.0,1997,1999,7113.8,defense,ORB,positive = good on both sides; total = offense + defense
D,drb,0.5573375368421571,0.06562414252298697,rolling,1997-1999,1998.0,1997,1999,7113.8,defense,DRB,positive = good on both sides; total = offense + defense
D,ast,0.11088709293294383,0.05700852575942321,rolling,1997-1999,1998.0,1997,1999,7113.8,defense,AST,positive = good on both sides; total = offense + defense
D,tov,-0.6560313364436281,0.15512972545179596,rolling,1997-1999,1998.0,1997,1999,7113.8,defense,TOV,positive = good on both sides; total = offense + defense
D,stl,1.4034884606426459,0.17883484185217058,rolling,1997-1999,1998.0,1997,1999,7113.8,defense,STL,positive = good on both sides; total = offense + defense
D,blk,0.7288688403258818,0.11526827861571202,rolling,1997-1999,1998.0,1997,1999,7113.8,defense,BLK,positive = good on both sides; total = offense + defense
D,pf,0.2411566427491124,0.075281032404173,rolling,1997-1999,1998.0,1997,1999,7113.8,defense,PF,positive = good on both sides; total = offense + defense
Total,fg3m,0.09987844154460135,0.3018850181484958,rolling,1997-1999,1998.0,1997,1999,7113.8,total,3PM,positive = good on both sides; total = offense + defense
Total,fg3_miss,0.19083957337688284,0.17966977372420703,rolling,1997-1999,1998.0,1997,1999,7113.8,total,3P miss,positive = good on both sides; total = offense + defense
Total,fg2m,0.9463399173057081,0.10797717838575181,rolling,1997-1999,1998.0,1997,1999,7113.8,total,2PM,positive = good on both sides; total = offense + defense
Total,fg2_miss,-0.9014603478722181,0.09219871960708437,rolling,1997-1999,1998.0,1997,1999,7113.8,total,2P miss,positive = good on both sides; total = offense + defense
Total,ftm,0.6569831598868247,0.10124677582594536,rolling,1997-1999,1998.0,1997,1999,7113.8,total,FTM,positive = good on both sides; total = offense + defense
Total,ft_miss,-0.16712483818735596,0.224978364481041,rolling,1997-1999,1998.0,1997,1999,7113.8,total,FT miss,positive = good on both sides; total = offense + defense
Total,orb,0.03308230716318178,0.14103195403251578,rolling,1997-1999,1998.0,1997,1999,7113.8,total,ORB,positive = good on both sides; total = offense + defense
Total,drb,0.655906036637728,0.0923431057675287,rolling,1997-1999,1998.0,1997,1999,7113.8,total,DRB,positive = good on both sides; total = offense + defense
Total,ast,0.5768869759574227,0.07897875112695585,rolling,1997-1999,1998.0,1997,1999,7113.8,total,AST,positive = good on both sides; total = offense + defense
Total,tov,-1.4120763375153387,0.2117643106291317,rolling,1997-1999,1998.0,1997,1999,7113.8,total,TOV,positive = good on both sides; total = offense + defense
Total,stl,1.728704890926198,0.24574462022163931,rolling,1997-1999,1998.0,1997,1999,7113.8,total,STL,positive = good on both sides; total = offense + defense
Total,blk,0.8237241267311834,0.16039276455669302,rolling,1997-1999,1998.0,1997,1999,7113.8,total,BLK,positive = good on both sides; total = offense + defense
Total,pf,-0.055042614704150034,0.10509331848084538,rolling,1997-1999,1998.0,1997,1999,7113.8,total,PF,positive = good on both sides; total = offense + defense
O,fg3m,0.6066767886993234,0.2228038344393934,rolling,1998-2000,1999.0,1998,2000,7113.8,offense,3PM,positive = good on both sides; total = offense + defense
O,fg3_miss,0.18588932422297916,0.1275182107648064,rolling,1998-2000,1999.0,1998,2000,7113.8,offense,3P miss,positive = good on both sides; total = offense + defense
O,fg2m,0.6525824477181263,0.07425060404934605,rolling,1998-2000,1999.0,1998,2000,7113.8,offense,2PM,positive = good on both sides; total = offense + defense
O,fg2_miss,-0.4615892385271658,0.06304810841709495,rolling,1998-2000,1999.0,1998,2000,7113.8,offense,2P miss,positive = good on both sides; total = offense + defense
O,ftm,0.6959510633127833,0.06693287190389452,rolling,1998-2000,1999.0,1998,2000,7113.8,offense,FTM,positive = good on both sides; total = offense + defense
O,ft_miss,-0.1955007871719482,0.14918569144921665,rolling,1998-2000,1999.0,1998,2000,7113.8,offense,FT miss,positive = good on both sides; total = offense + defense
O,orb,0.2851978522389245,0.09748287235368241,rolling,1998-2000,1999.0,1998,2000,7113.8,offense,ORB,positive = good on both sides; total = offense + defense
O,drb,0.12867915515869516,0.06318095686590681,rolling,1998-2000,1999.0,1998,2000,7113.8,offense,DRB,positive = good on both sides; total = offense + defense
O,ast,0.44281486358079336,0.05431670063704757,rolling,1998-2000,1999.0,1998,2000,7113.8,offense,AST,positive = good on both sides; total = offense + defense
O,tov,-1.0083053623845166,0.13674094889175473,rolling,1998-2000,1999.0,1998,2000,7113.8,offense,TOV,positive = good on both sides; total = offense + defense
O,stl,0.3483653240096357,0.17099387494376053,rolling,1998-2000,1999.0,1998,2000,7113.8,offense,STL,positive = good on both sides; total = offense + defense
O,blk,-0.031719611246443236,0.10656097684359543,rolling,1998-2000,1999.0,1998,2000,7113.8,offense,BLK,positive = good on both sides; total = offense + defense
O,pf,-0.26369066015829207,0.06702547492446749,rolling,1998-2000,1999.0,1998,2000,7113.8,offense,PF,positive = good on both sides; total = offense + defense
D,fg3m,-0.0904862839743755,0.2364028386595411,rolling,1998-2000,1999.0,1998,2000,7113.8,defense,3PM,positive = good on both sides; total = offense + defense
D,fg3_miss,-0.21289764448390974,0.13559573667111935,rolling,1998-2000,1999.0,1998,2000,7113.8,defense,3P miss,positive = good on both sides; total = offense + defense
D,fg2m,0.14791463518309683,0.07880824815832403,rolling,1998-2000,1999.0,1998,2000,7113.8,defense,2PM,positive = good on both sides; total = offense + defense
D,fg2_miss,-0.3004399234754578,0.0673113090738282,rolling,1998-2000,1999.0,1998,2000,7113.8,defense,2P miss,positive = good on both sides; total = offense + defense
D,ftm,0.06946714318108091,0.07178534473694459,rolling,1998-2000,1999.0,1998,2000,7113.8,defense,FTM,positive = good on both sides; total = offense + defense
D,ft_miss,-0.001875828591239151,0.16001122345021007,rolling,1998-2000,1999.0,1998,2000,7113.8,defense,FT miss,positive = good on both sides; total = offense + defense
D,orb,-0.13868269568712505,0.10350149473991731,rolling,1998-2000,1999.0,1998,2000,7113.8,defense,ORB,positive = good on both sides; total = offense + defense
D,drb,0.5648813426229156,0.06624992915084185,rolling,1998-2000,1999.0,1998,2000,7113.8,defense,DRB,positive = good on both sides; total = offense + defense
D,ast,0.15760680569568047,0.057609198518429786,rolling,1998-2000,1999.0,1998,2000,7113.8,defense,AST,positive = good on both sides; total = offense + defense
D,tov,-0.6237604202955607,0.14771347714495775,rolling,1998-2000,1999.0,1998,2000,7113.8,defense,TOV,positive = good on both sides; total = offense + defense
D,stl,1.4570985714429838,0.1838748730790723,rolling,1998-2000,1999.0,1998,2000,7113.8,defense,STL,positive = good on both sides; total = offense + defense
D,blk,0.7418548448984146,0.11293664081986456,rolling,1998-2000,1999.0,1998,2000,7113.8,defense,BLK,positive = good on both sides; total = offense + defense
D,pf,0.24070513038858252,0.07127027951794919,rolling,1998-2000,1999.0,1998,2000,7113.8,defense,PF,positive = good on both sides; total = offense + defense
Total,fg3m,0.5161905047249479,0.3258388633826521,rolling,1998-2000,1999.0,1998,2000,7113.8,total,3PM,positive = good on both sides; total = offense + defense
Total,fg3_miss,-0.027008320260930585,0.18649566696307307,rolling,1998-2000,1999.0,1998,2000,7113.8,total,3P miss,positive = good on both sides; total = offense + defense
Total,fg2m,0.8004970829012232,0.10925565359911052,rolling,1998-2000,1999.0,1998,2000,7113.8,total,2PM,positive = good on both sides; total = offense + defense
Total,fg2_miss,-0.7620291620026236,0.09280037000868667,rolling,1998-2000,1999.0,1998,2000,7113.8,total,2P miss,positive = good on both sides; total = offense + defense
Total,ftm,0.7654182064938643,0.09769723385722227,rolling,1998-2000,1999.0,1998,2000,7113.8,total,FTM,positive = good on both sides; total = offense + defense
Total,ft_miss,-0.19737661576318732,0.2178030560013961,rolling,1998-2000,1999.0,1998,2000,7113.8,total,FT miss,positive = good on both sides; total = offense + defense
Total,orb,0.14651515655179947,0.14233589690403042,rolling,1998-2000,1999.0,1998,2000,7113.8,total,ORB,positive = good on both sides; total = offense + defense
Total,drb,0.6935604977816108,0.09362934032498431,rolling,1998-2000,1999.0,1998,2000,7113.8,total,DRB,positive = good on both sides; total = offense + defense
Total,ast,0.6004216692764739,0.07956725044492763,rolling,1998-2000,1999.0,1998,2000,7113.8,total,AST,positive = good on both sides; total = offense + defense
Total,tov,-1.6320657826800773,0.2012903694683333,rolling,1998-2000,1999.0,1998,2000,7113.8,total,TOV,positive = good on both sides; total = offense + defense
Total,stl,1.8054638954526196,0.2528438518050008,rolling,1998-2000,1999.0,1998,2000,7113.8,total,STL,positive = good on both sides; total = offense + defense
Total,blk,0.7101352336519713,0.15648774919272893,rolling,1998-2000,1999.0,1998,2000,7113.8,total,BLK,positive = good on both sides; total = offense + defense
Total,pf,-0.02298552976970955,0.09982224080256172,rolling,1998-2000,1999.0,1998,2000,7113.8,total,PF,positive = good on both sides; total = offense + defense
O,fg3m,1.00549156099527,0.2194881968143382,rolling,1999-2001,2000.0,1999,2001,7113.8,offense,3PM,positive = good on both sides; total = offense + defense
O,fg3_miss,0.1066323893470566,0.12806662641328823,rolling,1999-2001,2000.0,1999,2001,7113.8,offense,3P miss,positive = good on both sides; total = offense + defense
O,fg2m,0.7771362152460735,0.0739332699530426,rolling,1999-2001,2000.0,1999,2001,7113.8,offense,2PM,positive = good on both sides; total = offense + defense
O,fg2_miss,-0.4658889248651164,0.06186864902178886,rolling,1999-2001,2000.0,1999,2001,7113.8,offense,2P miss,positive = good on both sides; total = offense + defense
O,ftm,0.6196301313818553,0.07088392619592772,rolling,1999-2001,2000.0,1999,2001,7113.8,offense,FTM,positive = good on both sides; total = offense + defense
O,ft_miss,-0.29255055706423766,0.1496910651216121,rolling,1999-2001,2000.0,1999,2001,7113.8,offense,FT miss,positive = good on both sides; total = offense + defense
O,orb,0.3671295388469453,0.10051509370576624,rolling,1999-2001,2000.0,1999,2001,7113.8,offense,ORB,positive = good on both sides; total = offense + defense
O,drb,0.02319082948392887,0.06468132545964721,rolling,1999-2001,2000.0,1999,2001,7113.8,offense,DRB,positive = good on both sides; total = offense + defense
O,ast,0.37014083559509603,0.054075869985000156,rolling,1999-2001,2000.0,1999,2001,7113.8,offense,AST,positive = good on both sides; total = offense + defense
O,tov,-0.9342262577042072,0.1407400607314508,rolling,1999-2001,2000.0,1999,2001,7113.8,offense,TOV,positive = good on both sides; total = offense + defense
O,stl,0.4012542215164352,0.18220810248556232,rolling,1999-2001,2000.0,1999,2001,7113.8,offense,STL,positive = good on both sides; total = offense + defense
O,blk,-0.0620665995574691,0.11437192147570974,rolling,1999-2001,2000.0,1999,2001,7113.8,offense,BLK,positive = good on both sides; total = offense + defense
O,pf,-0.3215125913896501,0.06813972049595442,rolling,1999-2001,2000.0,1999,2001,7113.8,offense,PF,positive = good on both sides; total = offense + defense
D,fg3m,-0.40443307170872544,0.23224467162266327,rolling,1999-2001,2000.0,1999,2001,7113.8,defense,3PM,positive = good on both sides; total = offense + defense
D,fg3_miss,-0.06668602397169522,0.13553566490945038,rolling,1999-2001,2000.0,1999,2001,7113.8,defense,3P miss,positive = good on both sides; total = offense + defense
D,fg2m,0.06460394800373684,0.07857521896524915,rolling,1999-2001,2000.0,1999,2001,7113.8,defense,2PM,positive = good on both sides; total = offense + defense
D,fg2_miss,-0.27664426485201116,0.06604788545515629,rolling,1999-2001,2000.0,1999,2001,7113.8,defense,2P miss,positive = good on both sides; total = offense + defense
D,ftm,0.15562208903470517,0.07569563738778363,rolling,1999-2001,2000.0,1999,2001,7113.8,defense,FTM,positive = good on both sides; total = offense + defense
D,ft_miss,-0.20749697879091195,0.16072625708760235,rolling,1999-2001,2000.0,1999,2001,7113.8,defense,FT miss,positive = good on both sides; total = offense + defense
D,orb,-0.2539925855743693,0.10673041252385715,rolling,1999-2001,2000.0,1999,2001,7113.8,defense,ORB,positive = good on both sides; total = offense + defense
D,drb,0.5056511389604954,0.0676496821227482,rolling,1999-2001,2000.0,1999,2001,7113.8,defense,DRB,positive = good on both sides; total = offense + defense
D,ast,0.10305540813032917,0.05732960251002636,rolling,1999-2001,2000.0,1999,2001,7113.8,defense,AST,positive = good on both sides; total = offense + defense
D,tov,-0.4444634841201049,0.15189668955141628,rolling,1999-2001,2000.0,1999,2001,7113.8,defense,TOV,positive = good on both sides; total = offense + defense
D,stl,1.4008506083446872,0.19567283437472055,rolling,1999-2001,2000.0,1999,2001,7113.8,defense,STL,positive = good on both sides; total = offense + defense
D,blk,1.0005165551774766,0.12064851263371237,rolling,1999-2001,2000.0,1999,2001,7113.8,defense,BLK,positive = good on both sides; total = offense + defense
D,pf,0.09253634405330877,0.07250822911174509,rolling,1999-2001,2000.0,1999,2001,7113.8,defense,PF,positive = good on both sides; total = offense + defense
Total,fg3m,0.6010584892865445,0.3199570239517747,rolling,1999-2001,2000.0,1999,2001,7113.8,total,3PM,positive = good on both sides; total = offense + defense
Total,fg3_miss,0.03994636537536138,0.18654237275361735,rolling,1999-2001,2000.0,1999,2001,7113.8,total,3P miss,positive = good on both sides; total = offense + defense
Total,fg2m,0.8417401632498103,0.10898630920698016,rolling,1999-2001,2000.0,1999,2001,7113.8,total,2PM,positive = good on both sides; total = offense + defense
Total,fg2_miss,-0.7425331897171276,0.09106554330243449,rolling,1999-2001,2000.0,1999,2001,7113.8,total,2P miss,positive = good on both sides; total = offense + defense
Total,ftm,0.7752522204165605,0.10364569440904384,rolling,1999-2001,2000.0,1999,2001,7113.8,total,FTM,positive = good on both sides; total = offense + defense
Total,ft_miss,-0.5000475358551496,0.2193584155536326,rolling,1999-2001,2000.0,1999,2001,7113.8,total,FT miss,positive = good on both sides; total = offense + defense
Total,orb,0.113136953272576,0.14672563799246,rolling,1999-2001,2000.0,1999,2001,7113.8,total,ORB,positive = good on both sides; total = offense + defense
Total,drb,0.5288419684444243,0.09571486740880221,rolling,1999-2001,2000.0,1999,2001,7113.8,total,DRB,positive = good on both sides; total = offense + defense
Total,ast,0.4731962437254252,0.0792101272581865,rolling,1999-2001,2000.0,1999,2001,7113.8,total,AST,positive = good on both sides; total = offense + defense
Total,tov,-1.378689741824312,0.20670665683003664,rolling,1999-2001,2000.0,1999,2001,7113.8,total,TOV,positive = good on both sides; total = offense + defense
Total,stl,1.8021048298611224,0.26857438903068676,rolling,1999-2001,2000.0,1999,2001,7113.8,total,STL,positive = good on both sides; total = offense + defense
Total,blk,0.9384499556200075,0.16722737491946538,rolling,1999-2001,2000.0,1999,2001,7113.8,total,BLK,positive = good on both sides; total = offense + defense
Total,pf,-0.22897624733634134,0.10134353723428587,rolling,1999-2001,2000.0,1999,2001,7113.8,total,PF,positive = good on both sides; total = offense + defense
O,fg3m,1.2730280540620305,0.209591255622804,rolling,2000-2002,2001.0,2000,2002,7113.8,offense,3PM,positive = good on both sides; total = offense + defense
O,fg3_miss,-0.06305653356917852,0.12441090344690532,rolling,2000-2002,2001.0,2000,2002,7113.8,offense,3P miss,positive = good on both sides; total = offense + defense
O,fg2m,0.7650343861954568,0.07121940670920662,rolling,2000-2002,2001.0,2000,2002,7113.8,offense,2PM,positive = good on both sides; total = offense + defense
O,fg2_miss,-0.4151350944767835,0.0615320991563397,rolling,2000-2002,2001.0,2000,2002,7113.8,offense,2P miss,positive = good on both sides; total = offense + defense
O,ftm,0.6228191260258888,0.07037859383147067,rolling,2000-2002,2001.0,2000,2002,7113.8,offense,FTM,positive = good on both sides; total = offense + defense
O,ft_miss,-0.23334005532254706,0.15517320809988971,rolling,2000-2002,2001.0,2000,2002,7113.8,offense,FT miss,positive = good on both sides; total = offense + defense
O,orb,0.38772884381271533,0.09662457704427467,rolling,2000-2002,2001.0,2000,2002,7113.8,offense,ORB,positive = good on both sides; total = offense + defense
O,drb,0.05351476331653986,0.06079369515099897,rolling,2000-2002,2001.0,2000,2002,7113.8,offense,DRB,positive = good on both sides; total = offense + defense
O,ast,0.3615784751309944,0.05167481213707394,rolling,2000-2002,2001.0,2000,2002,7113.8,offense,AST,positive = good on both sides; total = offense + defense
O,tov,-1.0119985843944743,0.13774857911924474,rolling,2000-2002,2001.0,2000,2002,7113.8,offense,TOV,positive = good on both sides; total = offense + defense
O,stl,0.522285851045607,0.17930326363067503,rolling,2000-2002,2001.0,2000,2002,7113.8,offense,STL,positive = good on both sides; total = offense + defense
O,blk,-0.12886839336100242,0.1100474533755316,rolling,2000-2002,2001.0,2000,2002,7113.8,offense,BLK,positive = good on both sides; total = offense + defense
O,pf,-0.35573299299279804,0.06625152668065912,rolling,2000-2002,2001.0,2000,2002,7113.8,offense,PF,positive = good on both sides; total = offense + defense
D,fg3m,-0.28973158371695057,0.2221527514539596,rolling,2000-2002,2001.0,2000,2002,7113.8,defense,3PM,positive = good on both sides; total = offense + defense
D,fg3_miss,-0.030478824939243254,0.1318627963935071,rolling,2000-2002,2001.0,2000,2002,7113.8,defense,3P miss,positive = good on both sides; total = offense + defense
D,fg2m,0.12758637112989413,0.07593635484998658,rolling,2000-2002,2001.0,2000,2002,7113.8,defense,2PM,positive = good on both sides; total = offense + defense
D,fg2_miss,-0.3475805978604132,0.06593679914077881,rolling,2000-2002,2001.0,2000,2002,7113.8,defense,2P miss,positive = good on both sides; total = offense + defense
D,ftm,0.21650442678911386,0.07523814348325551,rolling,2000-2002,2001.0,2000,2002,7113.8,defense,FTM,positive = good on both sides; total = offense + defense
D,ft_miss,-0.19077451775637047,0.16724389245300725,rolling,2000-2002,2001.0,2000,2002,7113.8,defense,FT miss,positive = good on both sides; total = offense + defense
D,orb,-0.12366406384199785,0.10286583629638844,rolling,2000-2002,2001.0,2000,2002,7113.8,defense,ORB,positive = good on both sides; total = offense + defense
D,drb,0.5084919236945701,0.06369306625471079,rolling,2000-2002,2001.0,2000,2002,7113.8,defense,DRB,positive = good on both sides; total = offense + defense
D,ast,0.05395195332921705,0.054824170183839276,rolling,2000-2002,2001.0,2000,2002,7113.8,defense,AST,positive = good on both sides; total = offense + defense
D,tov,-0.4570890376688944,0.1490356433330532,rolling,2000-2002,2001.0,2000,2002,7113.8,defense,TOV,positive = good on both sides; total = offense + defense
D,stl,1.5201322638405177,0.1934274765064846,rolling,2000-2002,2001.0,2000,2002,7113.8,defense,STL,positive = good on both sides; total = offense + defense
D,blk,0.9652652415170158,0.1165594071619441,rolling,2000-2002,2001.0,2000,2002,7113.8,defense,BLK,positive = good on both sides; total = offense + defense
D,pf,0.05582687700596161,0.07072528091771148,rolling,2000-2002,2001.0,2000,2002,7113.8,defense,PF,positive = good on both sides; total = offense + defense
Total,fg3m,0.9832964703450799,0.30578156186453315,rolling,2000-2002,2001.0,2000,2002,7113.8,total,3PM,positive = good on both sides; total = offense + defense
Total,fg3_miss,-0.09353535850842178,0.1815313215529471,rolling,2000-2002,2001.0,2000,2002,7113.8,total,3P miss,positive = good on both sides; total = offense + defense
Total,fg2m,0.892620757325351,0.10484929772102503,rolling,2000-2002,2001.0,2000,2002,7113.8,total,2PM,positive = good on both sides; total = offense + defense
Total,fg2_miss,-0.7627156923371967,0.0905325252953735,rolling,2000-2002,2001.0,2000,2002,7113.8,total,2P miss,positive = good on both sides; total = offense + defense
Total,ftm,0.8393235528150027,0.10296442320518245,rolling,2000-2002,2001.0,2000,2002,7113.8,total,FTM,positive = good on both sides; total = offense + defense
Total,ft_miss,-0.42411457307891753,0.2277349198985403,rolling,2000-2002,2001.0,2000,2002,7113.8,total,FT miss,positive = good on both sides; total = offense + defense
Total,orb,0.2640647799707175,0.14149809654785325,rolling,2000-2002,2001.0,2000,2002,7113.8,total,ORB,positive = good on both sides; total = offense + defense
Total,drb,0.5620066870111099,0.090190672195201,rolling,2000-2002,2001.0,2000,2002,7113.8,total,DRB,positive = good on both sides; total = offense + defense
Total,ast,0.41553042846021143,0.07572231757678669,rolling,2000-2002,2001.0,2000,2002,7113.8,total,AST,positive = good on both sides; total = offense + defense
Total,tov,-1.4690876220633688,0.20211152261151927,rolling,2000-2002,2001.0,2000,2002,7113.8,total,TOV,positive = good on both sides; total = offense + defense
Total,stl,2.0424181148861247,0.2633157788692722,rolling,2000-2002,2001.0,2000,2002,7113.8,total,STL,positive = good on both sides; total = offense + defense
Total,blk,0.8363968481560133,0.1611180950772539,rolling,2000-2002,2001.0,2000,2002,7113.8,total,BLK,positive = good on both sides; total = offense + defense
Total,pf,-0.2999061159868364,0.0986644680932898,rolling,2000-2002,2001.0,2000,2002,7113.8,total,PF,positive = good on both sides; total = offense + defense
O,fg3m,1.2817140482219034,0.21253703134902271,rolling,2001-2003,2002.0,2001,2003,7113.8,offense,3PM,positive = good on both sides; total = offense + defense
O,fg3_miss,-0.033280710400711705,0.12790489163084975,rolling,2001-2003,2002.0,2001,2003,7113.8,offense,3P miss,positive = good on both sides; total = offense + defense
O,fg2m,0.8136954986006273,0.07264975970685693,rolling,2001-2003,2002.0,2001,2003,7113.8,offense,2PM,positive = good on both sides; total = offense + defense
O,fg2_miss,-0.488940054405717,0.06168433325516641,rolling,2001-2003,2002.0,2001,2003,7113.8,offense,2P miss,positive = good on both sides; total = offense + defense
O,ftm,0.5721253128153755,0.0693973655327227,rolling,2001-2003,2002.0,2001,2003,7113.8,offense,FTM,positive = good on both sides; total = offense + defense
O,ft_miss,-0.2712080550488401,0.15948882657909053,rolling,2001-2003,2002.0,2001,2003,7113.8,offense,FT miss,positive = good on both sides; total = offense + defense
O,orb,0.5824501313509324,0.09850944597114793,rolling,2001-2003,2002.0,2001,2003,7113.8,offense,ORB,positive = good on both sides; total = offense + defense
O,drb,-0.023483834725167643,0.061215981201173324,rolling,2001-2003,2002.0,2001,2003,7113.8,offense,DRB,positive = good on both sides; total = offense + defense
O,ast,0.38010670469990426,0.053655290724596294,rolling,2001-2003,2002.0,2001,2003,7113.8,offense,AST,positive = good on both sides; total = offense + defense
O,tov,-0.7826245544965987,0.14233985387254822,rolling,2001-2003,2002.0,2001,2003,7113.8,offense,TOV,positive = good on both sides; total = offense + defense
O,stl,0.43466860701067955,0.17703807092112728,rolling,2001-2003,2002.0,2001,2003,7113.8,offense,STL,positive = good on both sides; total = offense + defense
O,blk,-0.06582599503473549,0.11310163553202203,rolling,2001-2003,2002.0,2001,2003,7113.8,offense,BLK,positive = good on both sides; total = offense + defense
O,pf,-0.4744960982525085,0.07279324944467173,rolling,2001-2003,2002.0,2001,2003,7113.8,offense,PF,positive = good on both sides; total = offense + defense
D,fg3m,-0.39216331380396324,0.22603794610131264,rolling,2001-2003,2002.0,2001,2003,7113.8,defense,3PM,positive = good on both sides; total = offense + defense
D,fg3_miss,0.07408785581476626,0.135693171487825,rolling,2001-2003,2002.0,2001,2003,7113.8,defense,3P miss,positive = good on both sides; total = offense + defense
D,fg2m,0.08480521718686605,0.07716976883996528,rolling,2001-2003,2002.0,2001,2003,7113.8,defense,2PM,positive = good on both sides; total = offense + defense
D,fg2_miss,-0.31688742596973885,0.06588577763490719,rolling,2001-2003,2002.0,2001,2003,7113.8,defense,2P miss,positive = good on both sides; total = offense + defense
D,ftm,0.18621084321049497,0.07421162120477526,rolling,2001-2003,2002.0,2001,2003,7113.8,defense,FTM,positive = good on both sides; total = offense + defense
D,ft_miss,-0.11121900337299714,0.17160954847039683,rolling,2001-2003,2002.0,2001,2003,7113.8,defense,FT miss,positive = good on both sides; total = offense + defense
D,orb,-0.07160658780393017,0.10425699082154957,rolling,2001-2003,2002.0,2001,2003,7113.8,defense,ORB,positive = good on both sides; total = offense + defense
D,drb,0.4529219473214465,0.064114034021635,rolling,2001-2003,2002.0,2001,2003,7113.8,defense,DRB,positive = good on both sides; total = offense + defense
D,ast,0.08292548085854075,0.05669252615530126,rolling,2001-2003,2002.0,2001,2003,7113.8,defense,AST,positive = good on both sides; total = offense + defense
D,tov,-0.4173649060658575,0.15380124594102743,rolling,2001-2003,2002.0,2001,2003,7113.8,defense,TOV,positive = good on both sides; total = offense + defense
D,stl,1.347284438649274,0.19092376450633908,rolling,2001-2003,2002.0,2001,2003,7113.8,defense,STL,positive = good on both sides; total = offense + defense
D,blk,1.0095418896128425,0.11952934609963001,rolling,2001-2003,2002.0,2001,2003,7113.8,defense,BLK,positive = good on both sides; total = offense + defense
D,pf,0.05930284777177763,0.07752161058934386,rolling,2001-2003,2002.0,2001,2003,7113.8,defense,PF,positive = good on both sides; total = offense + defense
Total,fg3m,0.8895507344179401,0.31001376213220916,rolling,2001-2003,2002.0,2001,2003,7113.8,total,3PM,positive = good on both sides; total = offense + defense
Total,fg3_miss,0.04080714541405456,0.18609314613256508,rolling,2001-2003,2002.0,2001,2003,7113.8,total,3P miss,positive = good on both sides; total = offense + defense
Total,fg2m,0.8985007157874934,0.10664406594088147,rolling,2001-2003,2002.0,2001,2003,7113.8,total,2PM,positive = good on both sides; total = offense + defense
Total,fg2_miss,-0.8058274803754558,0.09020816552062243,rolling,2001-2003,2002.0,2001,2003,7113.8,total,2P miss,positive = good on both sides; total = offense + defense
Total,ftm,0.7583361560258705,0.10230679911181696,rolling,2001-2003,2002.0,2001,2003,7113.8,total,FTM,positive = good on both sides; total = offense + defense
Total,ft_miss,-0.3824270584218372,0.23459202584406155,rolling,2001-2003,2002.0,2001,2003,7113.8,total,FT miss,positive = good on both sides; total = offense + defense
Total,orb,0.5108435435470022,0.14441534799291764,rolling,2001-2003,2002.0,2001,2003,7113.8,total,ORB,positive = good on both sides; total = offense + defense
Total,drb,0.4294381125962789,0.09029494865051121,rolling,2001-2003,2002.0,2001,2003,7113.8,total,DRB,positive = good on both sides; total = offense + defense
Total,ast,0.463032185558445,0.07849585834054776,rolling,2001-2003,2002.0,2001,2003,7113.8,total,AST,positive = good on both sides; total = offense + defense
Total,tov,-1.1999894605624561,0.2090962369156262,rolling,2001-2003,2002.0,2001,2003,7113.8,total,TOV,positive = good on both sides; total = offense + defense
Total,stl,1.7819530456599535,0.2596754229719929,rolling,2001-2003,2002.0,2001,2003,7113.8,total,STL,positive = good on both sides; total = offense + defense
Total,blk,0.943715894578107,0.1653758855001491,rolling,2001-2003,2002.0,2001,2003,7113.8,total,BLK,positive = good on both sides; total = offense + defense
Total,pf,-0.41519325048073086,0.1076575117904318,rolling,2001-2003,2002.0,2001,2003,7113.8,total,PF,positive = good on both sides; total = offense + defense
O,fg3m,1.2511205378560981,0.2187989137896592,rolling,2002-2004,2003.0,2002,2004,7113.8,offense,3PM,positive = good on both sides; total = offense + defense
O,fg3_miss,-0.052757489393067514,0.1296093500203841,rolling,2002-2004,2003.0,2002,2004,7113.8,offense,3P miss,positive = good on both sides; total = offense + defense
O,fg2m,0.7533938178717554,0.07461924666575294,rolling,2002-2004,2003.0,2002,2004,7113.8,offense,2PM,positive = good on both sides; total = offense + defense
O,fg2_miss,-0.41187541963265617,0.06398909404480871,rolling,2002-2004,2003.0,2002,2004,7113.8,offense,2P miss,positive = good on both sides; total = offense + defense
O,ftm,0.6537541202881252,0.06733202895536608,rolling,2002-2004,2003.0,2002,2004,7113.8,offense,FTM,positive = good on both sides; total = offense + defense
O,ft_miss,-0.3714803292030434,0.1627407122451538,rolling,2002-2004,2003.0,2002,2004,7113.8,offense,FT miss,positive = good on both sides; total = offense + defense
O,orb,0.5415122901895895,0.09688087343413015,rolling,2002-2004,2003.0,2002,2004,7113.8,offense,ORB,positive = good on both sides; total = offense + defense
O,drb,0.020853185265499712,0.06183809799308733,rolling,2002-2004,2003.0,2002,2004,7113.8,offense,DRB,positive = good on both sides; total = offense + defense
O,ast,0.4461166665650341,0.05484724150623383,rolling,2002-2004,2003.0,2002,2004,7113.8,offense,AST,positive = good on both sides; total = offense + defense
O,tov,-0.8221345843414767,0.13778925900581168,rolling,2002-2004,2003.0,2002,2004,7113.8,offense,TOV,positive = good on both sides; total = offense + defense
O,stl,0.2751938876498986,0.17786270278721075,rolling,2002-2004,2003.0,2002,2004,7113.8,offense,STL,positive = good on both sides; total = offense + defense
O,blk,-0.03730192221856783,0.11027411296984961,rolling,2002-2004,2003.0,2002,2004,7113.8,offense,BLK,positive = good on both sides; total = offense + defense
O,pf,-0.3723611499529207,0.07359662708508725,rolling,2002-2004,2003.0,2002,2004,7113.8,offense,PF,positive = good on both sides; total = offense + defense
D,fg3m,-0.04560292875053115,0.23293994798305423,rolling,2002-2004,2003.0,2002,2004,7113.8,defense,3PM,positive = good on both sides; total = offense + defense
D,fg3_miss,-0.11081116007254549,0.1378500540524603,rolling,2002-2004,2003.0,2002,2004,7113.8,defense,3P miss,positive = good on both sides; total = offense + defense
D,fg2m,0.005961228630910184,0.07926965137739807,rolling,2002-2004,2003.0,2002,2004,7113.8,defense,2PM,positive = good on both sides; total = offense + defense
D,fg2_miss,-0.2858658026250578,0.06808183314001058,rolling,2002-2004,2003.0,2002,2004,7113.8,defense,2P miss,positive = good on both sides; total = offense + defense
D,ftm,0.1565497383859959,0.07209028184184861,rolling,2002-2004,2003.0,2002,2004,7113.8,defense,FTM,positive = good on both sides; total = offense + defense
D,ft_miss,0.057887124420122504,0.17502183745811142,rolling,2002-2004,2003.0,2002,2004,7113.8,defense,FT miss,positive = good on both sides; total = offense + defense
D,orb,-0.013916107020463656,0.10252824359308468,rolling,2002-2004,2003.0,2002,2004,7113.8,defense,ORB,positive = good on both sides; total = offense + defense
D,drb,0.39544396315913233,0.06480156579296811,rolling,2002-2004,2003.0,2002,2004,7113.8,defense,DRB,positive = good on both sides; total = offense + defense
D,ast,0.08705677204314095,0.057857736925785684,rolling,2002-2004,2003.0,2002,2004,7113.8,defense,AST,positive = good on both sides; total = offense + defense
D,tov,-0.5143074836496877,0.14973007169996544,rolling,2002-2004,2003.0,2002,2004,7113.8,defense,TOV,positive = good on both sides; total = offense + defense
D,stl,1.422170933216485,0.19144104911578858,rolling,2002-2004,2003.0,2002,2004,7113.8,defense,STL,positive = good on both sides; total = offense + defense
D,blk,0.8812352622412181,0.11679165052898854,rolling,2002-2004,2003.0,2002,2004,7113.8,defense,BLK,positive = good on both sides; total = offense + defense
D,pf,0.08072725212206722,0.07798500698974609,rolling,2002-2004,2003.0,2002,2004,7113.8,defense,PF,positive = good on both sides; total = offense + defense
Total,fg3m,1.205517609105567,0.31818382815518176,rolling,2002-2004,2003.0,2002,2004,7113.8,total,3PM,positive = good on both sides; total = offense + defense
Total,fg3_miss,-0.163568649465613,0.18861596700548675,rolling,2002-2004,2003.0,2002,2004,7113.8,total,3P miss,positive = good on both sides; total = offense + defense
Total,fg2m,0.7593550465026656,0.10950279073762652,rolling,2002-2004,2003.0,2002,2004,7113.8,total,2PM,positive = good on both sides; total = offense + defense
Total,fg2_miss,-0.697741222257714,0.09334160002631955,rolling,2002-2004,2003.0,2002,2004,7113.8,total,2P miss,positive = good on both sides; total = offense + defense
Total,ftm,0.8103038586741211,0.0991722145786013,rolling,2002-2004,2003.0,2002,2004,7113.8,total,FTM,positive = good on both sides; total = offense + defense
Total,ft_miss,-0.3135932047829209,0.23861857082037186,rolling,2002-2004,2003.0,2002,2004,7113.8,total,FT miss,positive = good on both sides; total = offense + defense
Total,orb,0.5275961831691258,0.1412919707638477,rolling,2002-2004,2003.0,2002,2004,7113.8,total,ORB,positive = good on both sides; total = offense + defense
Total,drb,0.41629714842463206,0.0908405600332142,rolling,2002-2004,2003.0,2002,2004,7113.8,total,DRB,positive = good on both sides; total = offense + defense
Total,ast,0.5331734386081751,0.08028633516605392,rolling,2002-2004,2003.0,2002,2004,7113.8,total,AST,positive = good on both sides; total = offense + defense
Total,tov,-1.3364420679911644,0.20285469201534348,rolling,2002-2004,2003.0,2002,2004,7113.8,total,TOV,positive = good on both sides; total = offense + defense
Total,stl,1.6973648208663836,0.26099116342612305,rolling,2002-2004,2003.0,2002,2004,7113.8,total,STL,positive = good on both sides; total = offense + defense
Total,blk,0.8439333400226502,0.1614357795197984,rolling,2002-2004,2003.0,2002,2004,7113.8,total,BLK,positive = good on both sides; total = offense + defense
Total,pf,-0.2916338978308535,0.10883800210955312,rolling,2002-2004,2003.0,2002,2004,7113.8,total,PF,positive = good on both sides; total = offense + defense
O,fg3m,0.9516863072582581,0.21541793181165486,rolling,2003-2005,2004.0,2003,2005,7113.8,offense,3PM,positive = good on both sides; total = offense + defense
O,fg3_miss,0.14165820437768398,0.1289912854453249,rolling,2003-2005,2004.0,2003,2005,7113.8,offense,3P miss,positive = good on both sides; total = offense + defense
O,fg2m,0.687571851623962,0.0744574008005515,rolling,2003-2005,2004.0,2003,2005,7113.8,offense,2PM,positive = good on both sides; total = offense + defense
O,fg2_miss,-0.4394229327209464,0.06264694849315645,rolling,2003-2005,2004.0,2003,2005,7113.8,offense,2P miss,positive = good on both sides; total = offense + defense
O,ftm,0.6601568662267,0.06214993413055057,rolling,2003-2005,2004.0,2003,2005,7113.8,offense,FTM,positive = good on both sides; total = offense + defense
O,ft_miss,-0.2814209747760679,0.1475760990248337,rolling,2003-2005,2004.0,2003,2005,7113.8,offense,FT miss,positive = good on both sides; total = offense + defense
O,orb,0.514384259008227,0.0971215677020779,rolling,2003-2005,2004.0,2003,2005,7113.8,offense,ORB,positive = good on both sides; total = offense + defense
O,drb,0.03232260069166086,0.06169413354630757,rolling,2003-2005,2004.0,2003,2005,7113.8,offense,DRB,positive = good on both sides; total = offense + defense
O,ast,0.5131766435391283,0.05457545930742539,rolling,2003-2005,2004.0,2003,2005,7113.8,offense,AST,positive = good on both sides; total = offense + defense
O,tov,-0.8251622570512278,0.13553555882438645,rolling,2003-2005,2004.0,2003,2005,7113.8,offense,TOV,positive = good on both sides; total = offense + defense
O,stl,0.2889950341773067,0.17714556570447837,rolling,2003-2005,2004.0,2003,2005,7113.8,offense,STL,positive = good on both sides; total = offense + defense
O,blk,0.015852429461323182,0.11036160049595256,rolling,2003-2005,2004.0,2003,2005,7113.8,offense,BLK,positive = good on both sides; total = offense + defense
O,pf,-0.3144107831584708,0.07166493750691635,rolling,2003-2005,2004.0,2003,2005,7113.8,offense,PF,positive = good on both sides; total = offense + defense
D,fg3m,0.3518322954334736,0.22949565954595688,rolling,2003-2005,2004.0,2003,2005,7113.8,defense,3PM,positive = good on both sides; total = offense + defense
D,fg3_miss,-0.3795591778414409,0.1371254359513874,rolling,2003-2005,2004.0,2003,2005,7113.8,defense,3P miss,positive = good on both sides; total = offense + defense
D,fg2m,-0.007958851264899959,0.07905023592055763,rolling,2003-2005,2004.0,2003,2005,7113.8,defense,2PM,positive = good on both sides; total = offense + defense
D,fg2_miss,-0.28175990713417304,0.06674677132535084,rolling,2003-2005,2004.0,2003,2005,7113.8,defense,2P miss,positive = good on both sides; total = offense + defense
D,ftm,0.12670905334000687,0.06662853355821251,rolling,2003-2005,2004.0,2003,2005,7113.8,defense,FTM,positive = good on both sides; total = offense + defense
D,ft_miss,-0.09386337188468015,0.15932184449232265,rolling,2003-2005,2004.0,2003,2005,7113.8,defense,FT miss,positive = good on both sides; total = offense + defense
D,orb,-0.008986150853742436,0.10325796740128207,rolling,2003-2005,2004.0,2003,2005,7113.8,defense,ORB,positive = good on both sides; total = offense + defense
D,drb,0.41183857900231646,0.0647370150853703,rolling,2003-2005,2004.0,2003,2005,7113.8,defense,DRB,positive = good on both sides; total = offense + defense
D,ast,0.09501169583362713,0.057631203459546775,rolling,2003-2005,2004.0,2003,2005,7113.8,defense,AST,positive = good on both sides; total = offense + defense
D,tov,-0.3541166564748356,0.14714020362821836,rolling,2003-2005,2004.0,2003,2005,7113.8,defense,TOV,positive = good on both sides; total = offense + defense
D,stl,1.2935212196118244,0.19090632629079268,rolling,2003-2005,2004.0,2003,2005,7113.8,defense,STL,positive = good on both sides; total = offense + defense
D,blk,0.9412908672494694,0.11668756320650553,rolling,2003-2005,2004.0,2003,2005,7113.8,defense,BLK,positive = good on both sides; total = offense + defense
D,pf,0.1026226926930291,0.07576604594392666,rolling,2003-2005,2004.0,2003,2005,7113.8,defense,PF,positive = good on both sides; total = offense + defense
Total,fg3m,1.3035186026917316,0.3137124147032225,rolling,2003-2005,2004.0,2003,2005,7113.8,total,3PM,positive = good on both sides; total = offense + defense
Total,fg3_miss,-0.2379009734637569,0.18795312479821316,rolling,2003-2005,2004.0,2003,2005,7113.8,total,3P miss,positive = good on both sides; total = offense + defense
Total,fg2m,0.679613000359062,0.10923557190470785,rolling,2003-2005,2004.0,2003,2005,7113.8,total,2PM,positive = good on both sides; total = offense + defense
Total,fg2_miss,-0.7211828398551194,0.09103361611318819,rolling,2003-2005,2004.0,2003,2005,7113.8,total,2P miss,positive = good on both sides; total = offense + defense
Total,ftm,0.7868659195667069,0.09125292137549305,rolling,2003-2005,2004.0,2003,2005,7113.8,total,FTM,positive = good on both sides; total = offense + defense
Total,ft_miss,-0.37528434666074806,0.21660461687647728,rolling,2003-2005,2004.0,2003,2005,7113.8,total,FT miss,positive = good on both sides; total = offense + defense
Total,orb,0.5053981081544846,0.1424187154316837,rolling,2003-2005,2004.0,2003,2005,7113.8,total,ORB,positive = good on both sides; total = offense + defense
Total,drb,0.44416117969397734,0.09047339764309155,rolling,2003-2005,2004.0,2003,2005,7113.8,total,DRB,positive = good on both sides; total = offense + defense
Total,ast,0.6081883393727554,0.07988743559877359,rolling,2003-2005,2004.0,2003,2005,7113.8,total,AST,positive = good on both sides; total = offense + defense
Total,tov,-1.1792789135260633,0.19938831766125398,rolling,2003-2005,2004.0,2003,2005,7113.8,total,TOV,positive = good on both sides; total = offense + defense
Total,stl,1.582516253789131,0.26065900168599837,rolling,2003-2005,2004.0,2003,2005,7113.8,total,STL,positive = good on both sides; total = offense + defense
Total,blk,0.9571432967107926,0.16135456740604107,rolling,2003-2005,2004.0,2003,2005,7113.8,total,BLK,positive = good on both sides; total = offense + defense
Total,pf,-0.21178809046544173,0.1057562481483388,rolling,2003-2005,2004.0,2003,2005,7113.8,total,PF,positive = good on both sides; total = offense + defense
O,fg3m,1.1302554365304522,0.20370707057440798,rolling,2004-2006,2005.0,2004,2006,7113.8,offense,3PM,positive = good on both sides; total = offense + defense
O,fg3_miss,0.0311312160582742,0.12381043489824266,rolling,2004-2006,2005.0,2004,2006,7113.8,offense,3P miss,positive = good on both sides; total = offense + defense
O,fg2m,0.6463279796632013,0.07386546647565896,rolling,2004-2006,2005.0,2004,2006,7113.8,offense,2PM,positive = good on both sides; total = offense + defense
O,fg2_miss,-0.4100007019901323,0.06344915120487223,rolling,2004-2006,2005.0,2004,2006,7113.8,offense,2P miss,positive = good on both sides; total = offense + defense
O,ftm,0.6603846644322503,0.060986439234527276,rolling,2004-2006,2005.0,2004,2006,7113.8,offense,FTM,positive = good on both sides; total = offense + defense
O,ft_miss,-0.2721728820662841,0.13783240329355612,rolling,2004-2006,2005.0,2004,2006,7113.8,offense,FT miss,positive = good on both sides; total = offense + defense
O,orb,0.5068577929768114,0.09453842980302528,rolling,2004-2006,2005.0,2004,2006,7113.8,offense,ORB,positive = good on both sides; total = offense + defense
O,drb,0.09753628626871319,0.06059985379471554,rolling,2004-2006,2005.0,2004,2006,7113.8,offense,DRB,positive = good on both sides; total = offense + defense
O,ast,0.4435081013900187,0.05276990631520339,rolling,2004-2006,2005.0,2004,2006,7113.8,offense,AST,positive = good on both sides; total = offense + defense
O,tov,-0.6302821465085773,0.14056790863877996,rolling,2004-2006,2005.0,2004,2006,7113.8,offense,TOV,positive = good on both sides; total = offense + defense
O,stl,0.549964872951598,0.1840414553262809,rolling,2004-2006,2005.0,2004,2006,7113.8,offense,STL,positive = good on both sides; total = offense + defense
O,blk,-0.010242682091945315,0.10899404023925234,rolling,2004-2006,2005.0,2004,2006,7113.8,offense,BLK,positive = good on both sides; total = offense + defense
O,pf,-0.2814048117915841,0.07016270022941887,rolling,2004-2006,2005.0,2004,2006,7113.8,offense,PF,positive = good on both sides; total = offense + defense
D,fg3m,0.22945594679883557,0.21713116668296908,rolling,2004-2006,2005.0,2004,2006,7113.8,defense,3PM,positive = good on both sides; total = offense + defense
D,fg3_miss,-0.3457027024877382,0.1318906984963987,rolling,2004-2006,2005.0,2004,2006,7113.8,defense,3P miss,positive = good on both sides; total = offense + defense
D,fg2m,0.0125110616374776,0.07850900739473265,rolling,2004-2006,2005.0,2004,2006,7113.8,defense,2PM,positive = good on both sides; total = offense + defense
D,fg2_miss,-0.27656852938472554,0.06783240184615055,rolling,2004-2006,2005.0,2004,2006,7113.8,defense,2P miss,positive = good on both sides; total = offense + defense
D,ftm,0.06522979863074088,0.06519684147961713,rolling,2004-2006,2005.0,2004,2006,7113.8,defense,FTM,positive = good on both sides; total = offense + defense
D,ft_miss,-0.01981606826745773,0.14849711087641415,rolling,2004-2006,2005.0,2004,2006,7113.8,defense,FT miss,positive = good on both sides; total = offense + defense
D,orb,-0.016590108960539016,0.10063132508796503,rolling,2004-2006,2005.0,2004,2006,7113.8,defense,ORB,positive = good on both sides; total = offense + defense
D,drb,0.3398694645715843,0.06371140847307963,rolling,2004-2006,2005.0,2004,2006,7113.8,defense,DRB,positive = good on both sides; total = offense + defense
D,ast,0.12136628989046885,0.055761763689783195,rolling,2004-2006,2005.0,2004,2006,7113.8,defense,AST,positive = good on both sides; total = offense + defense
D,tov,-0.35576562105515797,0.1520378949337831,rolling,2004-2006,2005.0,2004,2006,7113.8,defense,TOV,positive = good on both sides; total = offense + defense
D,stl,1.177629368263886,0.19799121774395667,rolling,2004-2006,2005.0,2004,2006,7113.8,defense,STL,positive = good on both sides; total = offense + defense
D,blk,1.0106418076443293,0.11522644102708433,rolling,2004-2006,2005.0,2004,2006,7113.8,defense,BLK,positive = good on both sides; total = offense + defense
D,pf,-0.016425920738382935,0.07391378548991598,rolling,2004-2006,2005.0,2004,2006,7113.8,defense,PF,positive = good on both sides; total = offense + defense
Total,fg3m,1.3597113833292878,0.2965637934415896,rolling,2004-2006,2005.0,2004,2006,7113.8,total,3PM,positive = good on both sides; total = offense + defense
Total,fg3_miss,-0.31457148642946403,0.18071112880007922,rolling,2004-2006,2005.0,2004,2006,7113.8,total,3P miss,positive = good on both sides; total = offense + defense
Total,fg2m,0.6588390413006789,0.10849583407365507,rolling,2004-2006,2005.0,2004,2006,7113.8,total,2PM,positive = good on both sides; total = offense + defense
Total,fg2_miss,-0.6865692313748578,0.09237873750877221,rolling,2004-2006,2005.0,2004,2006,7113.8,total,2P miss,positive = good on both sides; total = offense + defense
Total,ftm,0.7256144630629912,0.0890990531949967,rolling,2004-2006,2005.0,2004,2006,7113.8,total,FTM,positive = good on both sides; total = offense + defense
Total,ft_miss,-0.29198895033374184,0.2021813464145342,rolling,2004-2006,2005.0,2004,2006,7113.8,total,FT miss,positive = good on both sides; total = offense + defense
Total,orb,0.4902676840162724,0.13865590776162262,rolling,2004-2006,2005.0,2004,2006,7113.8,total,ORB,positive = good on both sides; total = offense + defense
Total,drb,0.4374057508402975,0.08897959765722314,rolling,2004-2006,2005.0,2004,2006,7113.8,total,DRB,positive = good on both sides; total = offense + defense
Total,ast,0.5648743912804876,0.07739940962514619,rolling,2004-2006,2005.0,2004,2006,7113.8,total,AST,positive = good on both sides; total = offense + defense
Total,tov,-0.9860477675637352,0.20604953341732485,rolling,2004-2006,2005.0,2004,2006,7113.8,total,TOV,positive = good on both sides; total = offense + defense
Total,stl,1.727594241215484,0.2706818745787809,rolling,2004-2006,2005.0,2004,2006,7113.8,total,STL,positive = good on both sides; total = offense + defense
Total,blk,1.000399125552384,0.15886668202953674,rolling,2004-2006,2005.0,2004,2006,7113.8,total,BLK,positive = good on both sides; total = offense + defense
Total,pf,-0.29783073252996706,0.1034636863681776,rolling,2004-2006,2005.0,2004,2006,7113.8,total,PF,positive = good on both sides; total = offense + defense
O,fg3m,1.161913968013419,0.19537461716803234,rolling,2005-2007,2006.0,2005,2007,7113.8,offense,3PM,positive = good on both sides; total = offense + defense
O,fg3_miss,-0.05191714735583708,0.11983136061802088,rolling,2005-2007,2006.0,2005,2007,7113.8,offense,3P miss,positive = good on both sides; total = offense + defense
O,fg2m,0.6446549120878797,0.072173238817745,rolling,2005-2007,2006.0,2005,2007,7113.8,offense,2PM,positive = good on both sides; total = offense + defense
O,fg2_miss,-0.4613074050257667,0.0626259214731055,rolling,2005-2007,2006.0,2005,2007,7113.8,offense,2P miss,positive = good on both sides; total = offense + defense
O,ftm,0.6632126753257793,0.05893007745733692,rolling,2005-2007,2006.0,2005,2007,7113.8,offense,FTM,positive = good on both sides; total = offense + defense
O,ft_miss,-0.26887341267050796,0.1348305550755873,rolling,2005-2007,2006.0,2005,2007,7113.8,offense,FT miss,positive = good on both sides; total = offense + defense
O,orb,0.5568217018137913,0.09764001659150462,rolling,2005-2007,2006.0,2005,2007,7113.8,offense,ORB,positive = good on both sides; total = offense + defense
O,drb,0.09604716130958488,0.05919042067895101,rolling,2005-2007,2006.0,2005,2007,7113.8,offense,DRB,positive = good on both sides; total = offense + defense
O,ast,0.43829720026060026,0.05152968217716432,rolling,2005-2007,2006.0,2005,2007,7113.8,offense,AST,positive = good on both sides; total = offense + defense
O,tov,-0.6604081985419261,0.14366944501417747,rolling,2005-2007,2006.0,2005,2007,7113.8,offense,TOV,positive = good on both sides; total = offense + defense
O,stl,0.7124611977196731,0.18930805076337695,rolling,2005-2007,2006.0,2005,2007,7113.8,offense,STL,positive = good on both sides; total = offense + defense
O,blk,-0.00036190327445430673,0.11049885325099983,rolling,2005-2007,2006.0,2005,2007,7113.8,offense,BLK,positive = good on both sides; total = offense + defense
O,pf,-0.28233568584803964,0.07014064202160392,rolling,2005-2007,2006.0,2005,2007,7113.8,offense,PF,positive = good on both sides; total = offense + defense
D,fg3m,0.2747882479527846,0.20758751485568938,rolling,2005-2007,2006.0,2005,2007,7113.8,defense,3PM,positive = good on both sides; total = offense + defense
D,fg3_miss,-0.3030973616213194,0.12723761770550548,rolling,2005-2007,2006.0,2005,2007,7113.8,defense,3P miss,positive = good on both sides; total = offense + defense
D,fg2m,-0.0015605365832398327,0.07671005921712096,rolling,2005-2007,2006.0,2005,2007,7113.8,defense,2PM,positive = good on both sides; total = offense + defense
D,fg2_miss,-0.232445510905206,0.06723654115293277,rolling,2005-2007,2006.0,2005,2007,7113.8,defense,2P miss,positive = good on both sides; total = offense + defense
D,ftm,0.0658164012987057,0.06304701044126582,rolling,2005-2007,2006.0,2005,2007,7113.8,defense,FTM,positive = good on both sides; total = offense + defense
D,ft_miss,-0.05331811419006663,0.14495748208324347,rolling,2005-2007,2006.0,2005,2007,7113.8,defense,FT miss,positive = good on both sides; total = offense + defense
D,orb,0.07230560915432534,0.10383535833546337,rolling,2005-2007,2006.0,2005,2007,7113.8,defense,ORB,positive = good on both sides; total = offense + defense
D,drb,0.4129676825310543,0.06225198862505111,rolling,2005-2007,2006.0,2005,2007,7113.8,defense,DRB,positive = good on both sides; total = offense + defense
D,ast,0.16028465835615185,0.054461088375142214,rolling,2005-2007,2006.0,2005,2007,7113.8,defense,AST,positive = good on both sides; total = offense + defense
D,tov,-0.34618997381162736,0.15468005399383677,rolling,2005-2007,2006.0,2005,2007,7113.8,defense,TOV,positive = good on both sides; total = offense + defense
D,stl,1.116288761243546,0.2026468583872302,rolling,2005-2007,2006.0,2005,2007,7113.8,defense,STL,positive = good on both sides; total = offense + defense
D,blk,1.010732828225618,0.11697282077997204,rolling,2005-2007,2006.0,2005,2007,7113.8,defense,BLK,positive = good on both sides; total = offense + defense
D,pf,0.030323355884598377,0.07397194272152709,rolling,2005-2007,2006.0,2005,2007,7113.8,defense,PF,positive = good on both sides; total = offense + defense
Total,fg3m,1.4367022159662035,0.2849007340253334,rolling,2005-2007,2006.0,2005,2007,7113.8,total,3PM,positive = good on both sides; total = offense + defense
Total,fg3_miss,-0.3550145089771565,0.17479076391642523,rolling,2005-2007,2006.0,2005,2007,7113.8,total,3P miss,positive = good on both sides; total = offense + defense
Total,fg2m,0.6430943755046399,0.10594826840175371,rolling,2005-2007,2006.0,2005,2007,7113.8,total,2PM,positive = good on both sides; total = offense + defense
Total,fg2_miss,-0.6937529159309728,0.09144005506188138,rolling,2005-2007,2006.0,2005,2007,7113.8,total,2P miss,positive = good on both sides; total = offense + defense
Total,ftm,0.729029076624485,0.08617236583907818,rolling,2005-2007,2006.0,2005,2007,7113.8,total,FTM,positive = good on both sides; total = offense + defense
Total,ft_miss,-0.3221915268605746,0.19802513035330885,rolling,2005-2007,2006.0,2005,2007,7113.8,total,FT miss,positive = good on both sides; total = offense + defense
Total,orb,0.6291273109681167,0.1441157861287569,rolling,2005-2007,2006.0,2005,2007,7113.8,total,ORB,positive = good on both sides; total = offense + defense
Total,drb,0.5090148438406392,0.08712324287935684,rolling,2005-2007,2006.0,2005,2007,7113.8,total,DRB,positive = good on both sides; total = offense + defense
Total,ast,0.5985818586167522,0.07558608754625844,rolling,2005-2007,2006.0,2005,2007,7113.8,total,AST,positive = good on both sides; total = offense + defense
Total,tov,-1.0065981723535535,0.2103626427269437,rolling,2005-2007,2006.0,2005,2007,7113.8,total,TOV,positive = good on both sides; total = offense + defense
Total,stl,1.828749958963219,0.2790632422177364,rolling,2005-2007,2006.0,2005,2007,7113.8,total,STL,positive = good on both sides; total = offense + defense
Total,blk,1.0103709249511637,0.16090142534875387,rolling,2005-2007,2006.0,2005,2007,7113.8,total,BLK,positive = good on both sides; total = offense + defense
Total,pf,-0.25201232996344125,0.10315955020255994,rolling,2005-2007,2006.0,2005,2007,7113.8,total,PF,positive = good on both sides; total = offense + defense
O,fg3m,1.0642508710941643,0.19079912489859413,rolling,2006-2008,2007.0,2006,2008,7113.8,offense,3PM,positive = good on both sides; total = offense + defense
O,fg3_miss,0.009813365615540706,0.11692592825536696,rolling,2006-2008,2007.0,2006,2008,7113.8,offense,3P miss,positive = good on both sides; total = offense + defense
O,fg2m,0.7327921864713781,0.07045419086007942,rolling,2006-2008,2007.0,2006,2008,7113.8,offense,2PM,positive = good on both sides; total = offense + defense
O,fg2_miss,-0.494640594181601,0.061172074520603054,rolling,2006-2008,2007.0,2006,2008,7113.8,offense,2P miss,positive = good on both sides; total = offense + defense
O,ftm,0.6736907113500874,0.06143018463744332,rolling,2006-2008,2007.0,2006,2008,7113.8,offense,FTM,positive = good on both sides; total = offense + defense
O,ft_miss,-0.4509963687833528,0.1422566940933429,rolling,2006-2008,2007.0,2006,2008,7113.8,offense,FT miss,positive = good on both sides; total = offense + defense
O,orb,0.49225719686947944,0.09854201969741544,rolling,2006-2008,2007.0,2006,2008,7113.8,offense,ORB,positive = good on both sides; total = offense + defense
O,drb,0.07421540882467409,0.05789991503837497,rolling,2006-2008,2007.0,2006,2008,7113.8,offense,DRB,positive = good on both sides; total = offense + defense
O,ast,0.36244286192374353,0.05138342627556049,rolling,2006-2008,2007.0,2006,2008,7113.8,offense,AST,positive = good on both sides; total = offense + defense
O,tov,-0.49647516574056694,0.14482337774494977,rolling,2006-2008,2007.0,2006,2008,7113.8,offense,TOV,positive = good on both sides; total = offense + defense
O,stl,0.8019585748490694,0.19290286332997778,rolling,2006-2008,2007.0,2006,2008,7113.8,offense,STL,positive = good on both sides; total = offense + defense
O,blk,-0.10153917955228654,0.11398529446499882,rolling,2006-2008,2007.0,2006,2008,7113.8,offense,BLK,positive = good on both sides; total = offense + defense
O,pf,-0.24148251754393218,0.07082451667617692,rolling,2006-2008,2007.0,2006,2008,7113.8,offense,PF,positive = good on both sides; total = offense + defense
D,fg3m,0.09399125316039894,0.2025772193984574,rolling,2006-2008,2007.0,2006,2008,7113.8,defense,3PM,positive = good on both sides; total = offense + defense
D,fg3_miss,-0.17062781090758633,0.12402930901205678,rolling,2006-2008,2007.0,2006,2008,7113.8,defense,3P miss,positive = good on both sides; total = offense + defense
D,fg2m,-0.02354267451374709,0.0751320045426734,rolling,2006-2008,2007.0,2006,2008,7113.8,defense,2PM,positive = good on both sides; total = offense + defense
D,fg2_miss,-0.16059429727607322,0.06597293782147515,rolling,2006-2008,2007.0,2006,2008,7113.8,defense,2P miss,positive = good on both sides; total = offense + defense
D,ftm,0.020378460981196278,0.06584368062917494,rolling,2006-2008,2007.0,2006,2008,7113.8,defense,FTM,positive = good on both sides; total = offense + defense
D,ft_miss,0.007690647788781511,0.15246957152978563,rolling,2006-2008,2007.0,2006,2008,7113.8,defense,FT miss,positive = good on both sides; total = offense + defense
D,orb,-0.0610340454988956,0.10511223155423952,rolling,2006-2008,2007.0,2006,2008,7113.8,defense,ORB,positive = good on both sides; total = offense + defense
D,drb,0.44334906228975635,0.060982790056804244,rolling,2006-2008,2007.0,2006,2008,7113.8,defense,DRB,positive = good on both sides; total = offense + defense
D,ast,0.20254202821023562,0.054433515476900285,rolling,2006-2008,2007.0,2006,2008,7113.8,defense,AST,positive = good on both sides; total = offense + defense
D,tov,-0.5206991234208178,0.15573841143344944,rolling,2006-2008,2007.0,2006,2008,7113.8,defense,TOV,positive = good on both sides; total = offense + defense
D,stl,1.0906597784367613,0.2068233875888246,rolling,2006-2008,2007.0,2006,2008,7113.8,defense,STL,positive = good on both sides; total = offense + defense
D,blk,0.9463878173803388,0.1206892523038941,rolling,2006-2008,2007.0,2006,2008,7113.8,defense,BLK,positive = good on both sides; total = offense + defense
D,pf,0.0951016993582359,0.07492821270596753,rolling,2006-2008,2007.0,2006,2008,7113.8,defense,PF,positive = good on both sides; total = offense + defense
Total,fg3m,1.1582421242545633,0.27764516794013117,rolling,2006-2008,2007.0,2006,2008,7113.8,total,3PM,positive = good on both sides; total = offense + defense
Total,fg3_miss,-0.16081444529204564,0.17046005223227206,rolling,2006-2008,2007.0,2006,2008,7113.8,total,3P miss,positive = good on both sides; total = offense + defense
Total,fg2m,0.709249511957631,0.10348128212045746,rolling,2006-2008,2007.0,2006,2008,7113.8,total,2PM,positive = good on both sides; total = offense + defense
Total,fg2_miss,-0.6552348914576742,0.08954480440185668,rolling,2006-2008,2007.0,2006,2008,7113.8,total,2P miss,positive = good on both sides; total = offense + defense
Total,ftm,0.6940691723312837,0.08986969076175436,rolling,2006-2008,2007.0,2006,2008,7113.8,total,FTM,positive = good on both sides; total = offense + defense
Total,ft_miss,-0.4433057209945713,0.2089419457687195,rolling,2006-2008,2007.0,2006,2008,7113.8,total,FT miss,positive = good on both sides; total = offense + defense
Total,orb,0.43122315137058387,0.14509206380518197,rolling,2006-2008,2007.0,2006,2008,7113.8,total,ORB,positive = good on both sides; total = offense + defense
Total,drb,0.5175644711144305,0.08530985653202365,rolling,2006-2008,2007.0,2006,2008,7113.8,total,DRB,positive = good on both sides; total = offense + defense
Total,ast,0.5649848901339791,0.07527286356016594,rolling,2006-2008,2007.0,2006,2008,7113.8,total,AST,positive = good on both sides; total = offense + defense
Total,tov,-1.0171742891613849,0.21191185922130384,rolling,2006-2008,2007.0,2006,2008,7113.8,total,TOV,positive = good on both sides; total = offense + defense
Total,stl,1.8926183532858307,0.284723305793365,rolling,2006-2008,2007.0,2006,2008,7113.8,total,STL,positive = good on both sides; total = offense + defense
Total,blk,0.8448486378280523,0.166576846209629,rolling,2006-2008,2007.0,2006,2008,7113.8,total,BLK,positive = good on both sides; total = offense + defense
Total,pf,-0.1463808181856963,0.10466535441137421,rolling,2006-2008,2007.0,2006,2008,7113.8,total,PF,positive = good on both sides; total = offense + defense
O,fg3m,0.8823183937784781,0.19010550953357047,rolling,2007-2009,2008.0,2007,2009,7113.8,offense,3PM,positive = good on both sides; total = offense + defense
O,fg3_miss,0.1317830110514738,0.11654350083059843,rolling,2007-2009,2008.0,2007,2009,7113.8,offense,3P miss,positive = good on both sides; total = offense + defense
O,fg2m,0.6934531374264297,0.07018995091997904,rolling,2007-2009,2008.0,2007,2009,7113.8,offense,2PM,positive = good on both sides; total = offense + defense
O,fg2_miss,-0.48294895126086723,0.06130131352072378,rolling,2007-2009,2008.0,2007,2009,7113.8,offense,2P miss,positive = good on both sides; total = offense + defense
O,ftm,0.6524932830807368,0.06311636581228645,rolling,2007-2009,2008.0,2007,2009,7113.8,offense,FTM,positive = good on both sides; total = offense + defense
O,ft_miss,-0.4097761828114789,0.14805715810228764,rolling,2007-2009,2008.0,2007,2009,7113.8,offense,FT miss,positive = good on both sides; total = offense + defense
O,orb,0.4651063582602457,0.09985451146622897,rolling,2007-2009,2008.0,2007,2009,7113.8,offense,ORB,positive = good on both sides; total = offense + defense
O,drb,0.02638795351318884,0.05624423847315231,rolling,2007-2009,2008.0,2007,2009,7113.8,offense,DRB,positive = good on both sides; total = offense + defense
O,ast,0.418928330565598,0.051847218774518804,rolling,2007-2009,2008.0,2007,2009,7113.8,offense,AST,positive = good on both sides; total = offense + defense
O,tov,-0.6171117769863333,0.14557682897748442,rolling,2007-2009,2008.0,2007,2009,7113.8,offense,TOV,positive = good on both sides; total = offense + defense
O,stl,0.5712198825530661,0.1962577345548584,rolling,2007-2009,2008.0,2007,2009,7113.8,offense,STL,positive = good on both sides; total = offense + defense
O,blk,-0.0711024403799807,0.11992598529551654,rolling,2007-2009,2008.0,2007,2009,7113.8,offense,BLK,positive = good on both sides; total = offense + defense
O,pf,-0.23994233344247473,0.07122611234988012,rolling,2007-2009,2008.0,2007,2009,7113.8,offense,PF,positive = good on both sides; total = offense + defense
D,fg3m,0.33255860625329176,0.2010765647074441,rolling,2007-2009,2008.0,2007,2009,7113.8,defense,3PM,positive = good on both sides; total = offense + defense
D,fg3_miss,-0.2917773918572105,0.1232634691876897,rolling,2007-2009,2008.0,2007,2009,7113.8,defense,3P miss,positive = good on both sides; total = offense + defense
D,fg2m,-0.01848926690795872,0.07487721245130849,rolling,2007-2009,2008.0,2007,2009,7113.8,defense,2PM,positive = good on both sides; total = offense + defense
D,fg2_miss,-0.10835782067696664,0.06617683912068623,rolling,2007-2009,2008.0,2007,2009,7113.8,defense,2P miss,positive = good on both sides; total = offense + defense
D,ftm,-0.011334107340110847,0.06746169694168822,rolling,2007-2009,2008.0,2007,2009,7113.8,defense,FTM,positive = good on both sides; total = offense + defense
D,ft_miss,0.04581354659831613,0.15880175409066125,rolling,2007-2009,2008.0,2007,2009,7113.8,defense,FT miss,positive = good on both sides; total = offense + defense
D,orb,-0.08738596402143295,0.10628114443566732,rolling,2007-2009,2008.0,2007,2009,7113.8,defense,ORB,positive = good on both sides; total = offense + defense
D,drb,0.5855202212868583,0.05912273001389699,rolling,2007-2009,2008.0,2007,2009,7113.8,defense,DRB,positive = good on both sides; total = offense + defense
D,ast,0.15964006190999605,0.054831351402369576,rolling,2007-2009,2008.0,2007,2009,7113.8,defense,AST,positive = good on both sides; total = offense + defense
D,tov,-0.479247103748097,0.15719968398491366,rolling,2007-2009,2008.0,2007,2009,7113.8,defense,TOV,positive = good on both sides; total = offense + defense
D,stl,1.3591771571348517,0.21022907702956056,rolling,2007-2009,2008.0,2007,2009,7113.8,defense,STL,positive = good on both sides; total = offense + defense
D,blk,0.6124005211074806,0.12699790485071444,rolling,2007-2009,2008.0,2007,2009,7113.8,defense,BLK,positive = good on both sides; total = offense + defense
D,pf,0.1476888992220392,0.07545420286865172,rolling,2007-2009,2008.0,2007,2009,7113.8,defense,PF,positive = good on both sides; total = offense + defense
Total,fg3m,1.21487700003177,0.2766365253455105,rolling,2007-2009,2008.0,2007,2009,7113.8,total,3PM,positive = good on both sides; total = offense + defense
Total,fg3_miss,-0.15999438080573672,0.1697277949651181,rolling,2007-2009,2008.0,2007,2009,7113.8,total,3P miss,positive = good on both sides; total = offense + defense
Total,fg2m,0.674963870518471,0.10291990006519067,rolling,2007-2009,2008.0,2007,2009,7113.8,total,2PM,positive = good on both sides; total = offense + defense
Total,fg2_miss,-0.5913067719378339,0.08988241648253603,rolling,2007-2009,2008.0,2007,2009,7113.8,total,2P miss,positive = good on both sides; total = offense + defense
Total,ftm,0.641159175740626,0.09234797762363714,rolling,2007-2009,2008.0,2007,2009,7113.8,total,FTM,positive = good on both sides; total = offense + defense
Total,ft_miss,-0.3639626362131627,0.21782218416673266,rolling,2007-2009,2008.0,2007,2009,7113.8,total,FT miss,positive = good on both sides; total = offense + defense
Total,orb,0.37772039423881276,0.1465358808749912,rolling,2007-2009,2008.0,2007,2009,7113.8,total,ORB,positive = good on both sides; total = offense + defense
Total,drb,0.6119081748000471,0.08317413818555408,rolling,2007-2009,2008.0,2007,2009,7113.8,total,DRB,positive = good on both sides; total = offense + defense
Total,ast,0.578568392475594,0.07564011080914648,rolling,2007-2009,2008.0,2007,2009,7113.8,total,AST,positive = good on both sides; total = offense + defense
Total,tov,-1.0963588807344302,0.21348861520861429,rolling,2007-2009,2008.0,2007,2009,7113.8,total,TOV,positive = good on both sides; total = offense + defense
Total,stl,1.9303970396879178,0.2890951219132706,rolling,2007-2009,2008.0,2007,2009,7113.8,total,STL,positive = good on both sides; total = offense + defense
Total,blk,0.5412980807274999,0.1758761574099849,rolling,2007-2009,2008.0,2007,2009,7113.8,total,BLK,positive = good on both sides; total = offense + defense
Total,pf,-0.09225343422043553,0.10540409582187812,rolling,2007-2009,2008.0,2007,2009,7113.8,total,PF,positive = good on both sides; total = offense + defense
O,fg3m,0.8823174679481529,0.1884538343835827,rolling,2008-2010,2009.0,2008,2010,7113.8,offense,3PM,positive = good on both sides; total = offense + defense
O,fg3_miss,0.19243152994680382,0.11553307360121402,rolling,2008-2010,2009.0,2008,2010,7113.8,offense,3P miss,positive = good on both sides; total = offense + defense
O,fg2m,0.675191079515755,0.07117907341046181,rolling,2008-2010,2009.0,2008,2010,7113.8,offense,2PM,positive = good on both sides; total = offense + defense
O,fg2_miss,-0.5134712649382129,0.06169928678394588,rolling,2008-2010,2009.0,2008,2010,7113.8,offense,2P miss,positive = good on both sides; total = offense + defense
O,ftm,0.5974924457239643,0.06343389146092519,rolling,2008-2010,2009.0,2008,2010,7113.8,offense,FTM,positive = good on both sides; total = offense + defense
O,ft_miss,-0.3676444937670962,0.15616531402767425,rolling,2008-2010,2009.0,2008,2010,7113.8,offense,FT miss,positive = good on both sides; total = offense + defense
O,orb,0.522692632607149,0.09858110421197551,rolling,2008-2010,2009.0,2008,2010,7113.8,offense,ORB,positive = good on both sides; total = offense + defense
O,drb,0.014863669872573945,0.056174072880123174,rolling,2008-2010,2009.0,2008,2010,7113.8,offense,DRB,positive = good on both sides; total = offense + defense
O,ast,0.43624369176333677,0.053173845808213396,rolling,2008-2010,2009.0,2008,2010,7113.8,offense,AST,positive = good on both sides; total = offense + defense
O,tov,-0.5874246615279988,0.1472156607493864,rolling,2008-2010,2009.0,2008,2010,7113.8,offense,TOV,positive = good on both sides; total = offense + defense
O,stl,0.5158826653004543,0.19221806379536388,rolling,2008-2010,2009.0,2008,2010,7113.8,offense,STL,positive = good on both sides; total = offense + defense
O,blk,-0.0308411456079052,0.12702602553304757,rolling,2008-2010,2009.0,2008,2010,7113.8,offense,BLK,positive = good on both sides; total = offense + defense
O,pf,-0.25792699665762153,0.07002330158468824,rolling,2008-2010,2009.0,2008,2010,7113.8,offense,PF,positive = good on both sides; total = offense + defense
D,fg3m,0.3923178181859355,0.19970449378167995,rolling,2008-2010,2009.0,2008,2010,7113.8,defense,3PM,positive = good on both sides; total = offense + defense
D,fg3_miss,-0.3546095572399086,0.12253178572798691,rolling,2008-2010,2009.0,2008,2010,7113.8,defense,3P miss,positive = good on both sides; total = offense + defense
D,fg2m,-0.06858338568716504,0.0758029589524463,rolling,2008-2010,2009.0,2008,2010,7113.8,defense,2PM,positive = good on both sides; total = offense + defense
D,fg2_miss,-0.09573343260479547,0.06648422358330397,rolling,2008-2010,2009.0,2008,2010,7113.8,defense,2P miss,positive = good on both sides; total = offense + defense
D,ftm,0.011198009123735132,0.0677973314283472,rolling,2008-2010,2009.0,2008,2010,7113.8,defense,FTM,positive = good on both sides; total = offense + defense
D,ft_miss,0.1340792684623603,0.16726271341672314,rolling,2008-2010,2009.0,2008,2010,7113.8,defense,FT miss,positive = good on both sides; total = offense + defense
D,orb,-0.052749180974814514,0.10483464582802834,rolling,2008-2010,2009.0,2008,2010,7113.8,defense,ORB,positive = good on both sides; total = offense + defense
D,drb,0.4839728221652395,0.058997090297200586,rolling,2008-2010,2009.0,2008,2010,7113.8,defense,DRB,positive = good on both sides; total = offense + defense
D,ast,0.12988190535104294,0.05618708219209868,rolling,2008-2010,2009.0,2008,2010,7113.8,defense,AST,positive = good on both sides; total = offense + defense
D,tov,-0.48181986774640884,0.15911807968742303,rolling,2008-2010,2009.0,2008,2010,7113.8,defense,TOV,positive = good on both sides; total = offense + defense
D,stl,1.3068330861941417,0.20750617243039243,rolling,2008-2010,2009.0,2008,2010,7113.8,defense,STL,positive = good on both sides; total = offense + defense
D,blk,0.6657108171170969,0.13416641008277114,rolling,2008-2010,2009.0,2008,2010,7113.8,defense,BLK,positive = good on both sides; total = offense + defense
D,pf,0.02150816334563253,0.0743190972040692,rolling,2008-2010,2009.0,2008,2010,7113.8,defense,PF,positive = good on both sides; total = offense + defense
Total,fg3m,1.2746352861340884,0.27370830555223713,rolling,2008-2010,2009.0,2008,2010,7113.8,total,3PM,positive = good on both sides; total = offense + defense
Total,fg3_miss,-0.1621780272931048,0.16832394280804808,rolling,2008-2010,2009.0,2008,2010,7113.8,total,3P miss,positive = good on both sides; total = offense + defense
Total,fg2m,0.6066076938285899,0.10434197831610509,rolling,2008-2010,2009.0,2008,2010,7113.8,total,2PM,positive = good on both sides; total = offense + defense
Total,fg2_miss,-0.6092046975430084,0.0906276138262783,rolling,2008-2010,2009.0,2008,2010,7113.8,total,2P miss,positive = good on both sides; total = offense + defense
Total,ftm,0.6086904548476995,0.09260539149005848,rolling,2008-2010,2009.0,2008,2010,7113.8,total,FTM,positive = good on both sides; total = offense + defense
Total,ft_miss,-0.2335652253047359,0.22903462379919043,rolling,2008-2010,2009.0,2008,2010,7113.8,total,FT miss,positive = good on both sides; total = offense + defense
Total,orb,0.46994345163233453,0.1447678290758321,rolling,2008-2010,2009.0,2008,2010,7113.8,total,ORB,positive = good on both sides; total = offense + defense
Total,drb,0.49883649203781344,0.0831754190318132,rolling,2008-2010,2009.0,2008,2010,7113.8,total,DRB,positive = good on both sides; total = offense + defense
Total,ast,0.5661255971143797,0.07774583102716,rolling,2008-2010,2009.0,2008,2010,7113.8,total,AST,positive = good on both sides; total = offense + defense
Total,tov,-1.0692445292744077,0.21624843836624608,rolling,2008-2010,2009.0,2008,2010,7113.8,total,TOV,positive = good on both sides; total = offense + defense
Total,stl,1.822715751494596,0.28317425768041893,rolling,2008-2010,2009.0,2008,2010,7113.8,total,STL,positive = good on both sides; total = offense + defense
Total,blk,0.6348696715091917,0.1860122222339869,rolling,2008-2010,2009.0,2008,2010,7113.8,total,BLK,positive = good on both sides; total = offense + defense
Total,pf,-0.236418833311989,0.10429665757080922,rolling,2008-2010,2009.0,2008,2010,7113.8,total,PF,positive = good on both sides; total = offense + defense
O,fg3m,0.949585889604715,0.18492373199878498,rolling,2009-2011,2010.0,2009,2011,7113.8,offense,3PM,positive = good on both sides; total = offense + defense
O,fg3_miss,0.11540986514345847,0.11358556436185913,rolling,2009-2011,2010.0,2009,2011,7113.8,offense,3P miss,positive = good on both sides; total = offense + defense
O,fg2m,0.5743335989046103,0.07218413792074022,rolling,2009-2011,2010.0,2009,2011,7113.8,offense,2PM,positive = good on both sides; total = offense + defense
O,fg2_miss,-0.45710150034685565,0.06310424867580267,rolling,2009-2011,2010.0,2009,2011,7113.8,offense,2P miss,positive = good on both sides; total = offense + defense
O,ftm,0.5762629939612751,0.06218602134503057,rolling,2009-2011,2010.0,2009,2011,7113.8,offense,FTM,positive = good on both sides; total = offense + defense
O,ft_miss,-0.24058796913788175,0.15736922049432808,rolling,2009-2011,2010.0,2009,2011,7113.8,offense,FT miss,positive = good on both sides; total = offense + defense
O,orb,0.5764443204060397,0.09931920339488506,rolling,2009-2011,2010.0,2009,2011,7113.8,offense,ORB,positive = good on both sides; total = offense + defense
O,drb,0.05170841646631585,0.05567014023746833,rolling,2009-2011,2010.0,2009,2011,7113.8,offense,DRB,positive = good on both sides; total = offense + defense
O,ast,0.4634930477289334,0.05293502069486125,rolling,2009-2011,2010.0,2009,2011,7113.8,offense,AST,positive = good on both sides; total = offense + defense
O,tov,-0.6286441256528197,0.14212560113524214,rolling,2009-2011,2010.0,2009,2011,7113.8,offense,TOV,positive = good on both sides; total = offense + defense
O,stl,0.4791669081485757,0.19057332284758838,rolling,2009-2011,2010.0,2009,2011,7113.8,offense,STL,positive = good on both sides; total = offense + defense
O,blk,-0.06840431543105523,0.1302539169040578,rolling,2009-2011,2010.0,2009,2011,7113.8,offense,BLK,positive = good on both sides; total = offense + defense
O,pf,-0.2743010911623006,0.07076375941250752,rolling,2009-2011,2010.0,2009,2011,7113.8,offense,PF,positive = good on both sides; total = offense + defense
D,fg3m,0.259208981930134,0.1968487711817122,rolling,2009-2011,2010.0,2009,2011,7113.8,defense,3PM,positive = good on both sides; total = offense + defense
D,fg3_miss,-0.29669087750448264,0.12082333882898874,rolling,2009-2011,2010.0,2009,2011,7113.8,defense,3P miss,positive = good on both sides; total = offense + defense
D,fg2m,0.07981034615260338,0.07669563226355332,rolling,2009-2011,2010.0,2009,2011,7113.8,defense,2PM,positive = good on both sides; total = offense + defense
D,fg2_miss,-0.19385920800258563,0.06780439759058401,rolling,2009-2011,2010.0,2009,2011,7113.8,defense,2P miss,positive = good on both sides; total = offense + defense
D,ftm,-0.009234277061014293,0.06663316498843733,rolling,2009-2011,2010.0,2009,2011,7113.8,defense,FTM,positive = good on both sides; total = offense + defense
D,ft_miss,0.29370842759701565,0.16863746639624574,rolling,2009-2011,2010.0,2009,2011,7113.8,defense,FT miss,positive = good on both sides; total = offense + defense
D,orb,-0.18191936228903116,0.10550030351910249,rolling,2009-2011,2010.0,2009,2011,7113.8,defense,ORB,positive = good on both sides; total = offense + defense
D,drb,0.48695419085246583,0.05848911730378847,rolling,2009-2011,2010.0,2009,2011,7113.8,defense,DRB,positive = good on both sides; total = offense + defense
D,ast,0.0867065881001834,0.055819428710587926,rolling,2009-2011,2010.0,2009,2011,7113.8,defense,AST,positive = good on both sides; total = offense + defense
D,tov,-0.522307436150257,0.1535828379914091,rolling,2009-2011,2010.0,2009,2011,7113.8,defense,TOV,positive = good on both sides; total = offense + defense
D,stl,1.3932950577664818,0.2056720213986104,rolling,2009-2011,2010.0,2009,2011,7113.8,defense,STL,positive = good on both sides; total = offense + defense
D,blk,0.6715000172660717,0.13753814792099328,rolling,2009-2011,2010.0,2009,2011,7113.8,defense,BLK,positive = good on both sides; total = offense + defense
D,pf,-0.02928136196417054,0.07481405217282604,rolling,2009-2011,2010.0,2009,2011,7113.8,defense,PF,positive = good on both sides; total = offense + defense
Total,fg3m,1.2087948715348489,0.26911014099996683,rolling,2009-2011,2010.0,2009,2011,7113.8,total,3PM,positive = good on both sides; total = offense + defense
Total,fg3_miss,-0.18128101236102417,0.16532744948429273,rolling,2009-2011,2010.0,2009,2011,7113.8,total,3P miss,positive = good on both sides; total = offense + defense
Total,fg2m,0.6541439450572137,0.10575647082438293,rolling,2009-2011,2010.0,2009,2011,7113.8,total,2PM,positive = good on both sides; total = offense + defense
Total,fg2_miss,-0.6509607083494413,0.0928216434544194,rolling,2009-2011,2010.0,2009,2011,7113.8,total,2P miss,positive = good on both sides; total = offense + defense
Total,ftm,0.5670287169002608,0.09114683199910108,rolling,2009-2011,2010.0,2009,2011,7113.8,total,FTM,positive = good on both sides; total = offense + defense
Total,ft_miss,0.05312045845913391,0.2305409189307456,rolling,2009-2011,2010.0,2009,2011,7113.8,total,FT miss,positive = good on both sides; total = offense + defense
Total,orb,0.3945249581170085,0.14579610374673177,rolling,2009-2011,2010.0,2009,2011,7113.8,total,ORB,positive = good on both sides; total = offense + defense
Total,drb,0.5386626073187817,0.08243306684910777,rolling,2009-2011,2010.0,2009,2011,7113.8,total,DRB,positive = good on both sides; total = offense + defense
Total,ast,0.5501996358291168,0.07753310238632602,rolling,2009-2011,2010.0,2009,2011,7113.8,total,AST,positive = good on both sides; total = offense + defense
Total,tov,-1.1509515618030766,0.2083975664142721,rolling,2009-2011,2010.0,2009,2011,7113.8,total,TOV,positive = good on both sides; total = offense + defense
Total,stl,1.8724619659150574,0.2806844482565652,rolling,2009-2011,2010.0,2009,2011,7113.8,total,STL,positive = good on both sides; total = offense + defense
Total,blk,0.6030957018350165,0.1901310543250514,rolling,2009-2011,2010.0,2009,2011,7113.8,total,BLK,positive = good on both sides; total = offense + defense
Total,pf,-0.30358245312647114,0.10481250347158776,rolling,2009-2011,2010.0,2009,2011,7113.8,total,PF,positive = good on both sides; total = offense + defense
O,fg3m,1.0003251979029608,0.1732646782025754,rolling,2010-2012,2011.0,2010,2012,7113.8,offense,3PM,positive = good on both sides; total = offense + defense
O,fg3_miss,0.08118149940617728,0.10720455528026036,rolling,2010-2012,2011.0,2010,2012,7113.8,offense,3P miss,positive = good on both sides; total = offense + defense
O,fg2m,0.6559402290487228,0.07220517758040168,rolling,2010-2012,2011.0,2010,2012,7113.8,offense,2PM,positive = good on both sides; total = offense + defense
O,fg2_miss,-0.4844580191329919,0.061995686516170094,rolling,2010-2012,2011.0,2010,2012,7113.8,offense,2P miss,positive = good on both sides; total = offense + defense
O,ftm,0.5850862480420774,0.06248657526478972,rolling,2010-2012,2011.0,2010,2012,7113.8,offense,FTM,positive = good on both sides; total = offense + defense
O,ft_miss,-0.4628873021776366,0.15817166942635813,rolling,2010-2012,2011.0,2010,2012,7113.8,offense,FT miss,positive = good on both sides; total = offense + defense
O,orb,0.5386169469504682,0.09609796356743584,rolling,2010-2012,2011.0,2010,2012,7113.8,offense,ORB,positive = good on both sides; total = offense + defense
O,drb,0.05153747555915605,0.05743082036716295,rolling,2010-2012,2011.0,2010,2012,7113.8,offense,DRB,positive = good on both sides; total = offense + defense
O,ast,0.45287169442313235,0.05256330614745824,rolling,2010-2012,2011.0,2010,2012,7113.8,offense,AST,positive = good on both sides; total = offense + defense
O,tov,-0.6063024732485436,0.1399313902462927,rolling,2010-2012,2011.0,2010,2012,7113.8,offense,TOV,positive = good on both sides; total = offense + defense
O,stl,0.5312848103834816,0.1864338470623068,rolling,2010-2012,2011.0,2010,2012,7113.8,offense,STL,positive = good on both sides; total = offense + defense
O,blk,-0.030431365303762677,0.131110567156136,rolling,2010-2012,2011.0,2010,2012,7113.8,offense,BLK,positive = good on both sides; total = offense + defense
O,pf,-0.2650134247366943,0.07386749291812396,rolling,2010-2012,2011.0,2010,2012,7113.8,offense,PF,positive = good on both sides; total = offense + defense
D,fg3m,0.04139143349913826,0.18428230926568476,rolling,2010-2012,2011.0,2010,2012,7113.8,defense,3PM,positive = good on both sides; total = offense + defense
D,fg3_miss,-0.21215337195259978,0.11364985198233322,rolling,2010-2012,2011.0,2010,2012,7113.8,defense,3P miss,positive = good on both sides; total = offense + defense
D,fg2m,0.0873500574784635,0.07649894497671098,rolling,2010-2012,2011.0,2010,2012,7113.8,defense,2PM,positive = good on both sides; total = offense + defense
D,fg2_miss,-0.2836798548629634,0.06639542599465517,rolling,2010-2012,2011.0,2010,2012,7113.8,defense,2P miss,positive = good on both sides; total = offense + defense
D,ftm,0.08665827170482897,0.06708707328694671,rolling,2010-2012,2011.0,2010,2012,7113.8,defense,FTM,positive = good on both sides; total = offense + defense
D,ft_miss,0.2255378351086044,0.16964725643503947,rolling,2010-2012,2011.0,2010,2012,7113.8,defense,FT miss,positive = good on both sides; total = offense + defense
D,orb,-0.32766124266088253,0.10216360330160915,rolling,2010-2012,2011.0,2010,2012,7113.8,defense,ORB,positive = good on both sides; total = offense + defense
D,drb,0.44685263879960335,0.06021039188234341,rolling,2010-2012,2011.0,2010,2012,7113.8,defense,DRB,positive = good on both sides; total = offense + defense
D,ast,0.11265524676588176,0.05542384667597921,rolling,2010-2012,2011.0,2010,2012,7113.8,defense,AST,positive = good on both sides; total = offense + defense
D,tov,-0.6662078966624323,0.15063743124109683,rolling,2010-2012,2011.0,2010,2012,7113.8,defense,TOV,positive = good on both sides; total = offense + defense
D,stl,1.3976871448269934,0.20186939513655644,rolling,2010-2012,2011.0,2010,2012,7113.8,defense,STL,positive = good on both sides; total = offense + defense
D,blk,0.945767056159307,0.1381031969731515,rolling,2010-2012,2011.0,2010,2012,7113.8,defense,BLK,positive = good on both sides; total = offense + defense
D,pf,-0.04006112316369065,0.07812114171439381,rolling,2010-2012,2011.0,2010,2012,7113.8,defense,PF,positive = good on both sides; total = offense + defense
Total,fg3m,1.0417166314020991,0.252393949098599,rolling,2010-2012,2011.0,2010,2012,7113.8,total,3PM,positive = good on both sides; total = offense + defense
Total,fg3_miss,-0.1309718725464225,0.15584300018867686,rolling,2010-2012,2011.0,2010,2012,7113.8,total,3P miss,positive = good on both sides; total = offense + defense
Total,fg2m,0.7432902865271863,0.10607303680040431,rolling,2010-2012,2011.0,2010,2012,7113.8,total,2PM,positive = good on both sides; total = offense + defense
Total,fg2_miss,-0.7681378739959552,0.09117323602088284,rolling,2010-2012,2011.0,2010,2012,7113.8,total,2P miss,positive = good on both sides; total = offense + defense
Total,ftm,0.6717445197469064,0.09167160437742955,rolling,2010-2012,2011.0,2010,2012,7113.8,total,FTM,positive = good on both sides; total = offense + defense
Total,ft_miss,-0.23734946706903218,0.23120511522827533,rolling,2010-2012,2011.0,2010,2012,7113.8,total,FT miss,positive = good on both sides; total = offense + defense
Total,orb,0.2109557042895857,0.1411749783280871,rolling,2010-2012,2011.0,2010,2012,7113.8,total,ORB,positive = good on both sides; total = offense + defense
Total,drb,0.4983901143587594,0.08467528047612477,rolling,2010-2012,2011.0,2010,2012,7113.8,total,DRB,positive = good on both sides; total = offense + defense
Total,ast,0.5655269411890141,0.0771073681970285,rolling,2010-2012,2011.0,2010,2012,7113.8,total,AST,positive = good on both sides; total = offense + defense
Total,tov,-1.2725103699109759,0.20462427204841058,rolling,2010-2012,2011.0,2010,2012,7113.8,total,TOV,positive = good on both sides; total = offense + defense
Total,stl,1.928971955210475,0.27493440670575336,rolling,2010-2012,2011.0,2010,2012,7113.8,total,STL,positive = good on both sides; total = offense + defense
Total,blk,0.9153356908555443,0.19063792361389492,rolling,2010-2012,2011.0,2010,2012,7113.8,total,BLK,positive = good on both sides; total = offense + defense
Total,pf,-0.30507454790038496,0.10941129968083896,rolling,2010-2012,2011.0,2010,2012,7113.8,total,PF,positive = good on both sides; total = offense + defense
O,fg3m,1.017991750434974,0.1652183605739872,rolling,2011-2013,2012.0,2011,2013,7113.8,offense,3PM,positive = good on both sides; total = offense + defense
O,fg3_miss,-0.006707728702514237,0.10310021856651315,rolling,2011-2013,2012.0,2011,2013,7113.8,offense,3P miss,positive = good on both sides; total = offense + defense
O,fg2m,0.5960499042514662,0.07021852746797096,rolling,2011-2013,2012.0,2011,2013,7113.8,offense,2PM,positive = good on both sides; total = offense + defense
O,fg2_miss,-0.47023917741018717,0.059517210471417635,rolling,2011-2013,2012.0,2011,2013,7113.8,offense,2P miss,positive = good on both sides; total = offense + defense
O,ftm,0.6092480044535935,0.06328616367173455,rolling,2011-2013,2012.0,2011,2013,7113.8,offense,FTM,positive = good on both sides; total = offense + defense
O,ft_miss,-0.46822092649177394,0.15559084689229868,rolling,2011-2013,2012.0,2011,2013,7113.8,offense,FT miss,positive = good on both sides; total = offense + defense
O,orb,0.39623012563464166,0.09195411588284362,rolling,2011-2013,2012.0,2011,2013,7113.8,offense,ORB,positive = good on both sides; total = offense + defense
O,drb,0.01823087757634403,0.05546911012892628,rolling,2011-2013,2012.0,2011,2013,7113.8,offense,DRB,positive = good on both sides; total = offense + defense
O,ast,0.3685225398405034,0.052184588369210035,rolling,2011-2013,2012.0,2011,2013,7113.8,offense,AST,positive = good on both sides; total = offense + defense
O,tov,-0.5515263778809082,0.1390540324956073,rolling,2011-2013,2012.0,2011,2013,7113.8,offense,TOV,positive = good on both sides; total = offense + defense
O,stl,0.684706228527769,0.18195365702011346,rolling,2011-2013,2012.0,2011,2013,7113.8,offense,STL,positive = good on both sides; total = offense + defense
O,blk,-0.08534229206941686,0.12534275392875788,rolling,2011-2013,2012.0,2011,2013,7113.8,offense,BLK,positive = good on both sides; total = offense + defense
O,pf,-0.2960917298994177,0.07610968692620827,rolling,2011-2013,2012.0,2011,2013,7113.8,offense,PF,positive = good on both sides; total = offense + defense
D,fg3m,-0.12464905275259813,0.17573224281639288,rolling,2011-2013,2012.0,2011,2013,7113.8,defense,3PM,positive = good on both sides; total = offense + defense
D,fg3_miss,-0.16747875553056882,0.10913426012163414,rolling,2011-2013,2012.0,2011,2013,7113.8,defense,3P miss,positive = good on both sides; total = offense + defense
D,fg2m,0.09145981679752913,0.07452526651082132,rolling,2011-2013,2012.0,2011,2013,7113.8,defense,2PM,positive = good on both sides; total = offense + defense
D,fg2_miss,-0.3086728969208834,0.06403585736717089,rolling,2011-2013,2012.0,2011,2013,7113.8,defense,2P miss,positive = good on both sides; total = offense + defense
D,ftm,0.08698664131533915,0.0681071496163481,rolling,2011-2013,2012.0,2011,2013,7113.8,defense,FTM,positive = good on both sides; total = offense + defense
D,ft_miss,-0.013812337484083694,0.1675226057512433,rolling,2011-2013,2012.0,2011,2013,7113.8,defense,FT miss,positive = good on both sides; total = offense + defense
D,orb,-0.340861762464403,0.09795369442951544,rolling,2011-2013,2012.0,2011,2013,7113.8,defense,ORB,positive = good on both sides; total = offense + defense
D,drb,0.47264094144401375,0.05813995512683151,rolling,2011-2013,2012.0,2011,2013,7113.8,defense,DRB,positive = good on both sides; total = offense + defense
D,ast,0.09083133640766777,0.054847947756903256,rolling,2011-2013,2012.0,2011,2013,7113.8,defense,AST,positive = good on both sides; total = offense + defense
D,tov,-0.5241265685108292,0.14915894585409037,rolling,2011-2013,2012.0,2011,2013,7113.8,defense,TOV,positive = good on both sides; total = offense + defense
D,stl,1.37277725795613,0.1959646787188642,rolling,2011-2013,2012.0,2011,2013,7113.8,defense,STL,positive = good on both sides; total = offense + defense
D,blk,0.9111519827849706,0.13250042123725736,rolling,2011-2013,2012.0,2011,2013,7113.8,defense,BLK,positive = good on both sides; total = offense + defense
D,pf,-0.04472103324570653,0.08035054763433112,rolling,2011-2013,2012.0,2011,2013,7113.8,defense,PF,positive = good on both sides; total = offense + defense
Total,fg3m,0.893342697682376,0.2416368362007933,rolling,2011-2013,2012.0,2011,2013,7113.8,total,3PM,positive = good on both sides; total = offense + defense
Total,fg3_miss,-0.17418648423308306,0.1503922021025883,rolling,2011-2013,2012.0,2011,2013,7113.8,total,3P miss,positive = good on both sides; total = offense + defense
Total,fg2m,0.6875097210489953,0.10298842482989277,rolling,2011-2013,2012.0,2011,2013,7113.8,total,2PM,positive = good on both sides; total = offense + defense
Total,fg2_miss,-0.7789120743310706,0.087469701391556,rolling,2011-2013,2012.0,2011,2013,7113.8,total,2P miss,positive = good on both sides; total = offense + defense
Total,ftm,0.6962346457689327,0.0932696824149782,rolling,2011-2013,2012.0,2011,2013,7113.8,total,FTM,positive = good on both sides; total = offense + defense
Total,ft_miss,-0.4820332639758576,0.2276092135162887,rolling,2011-2013,2012.0,2011,2013,7113.8,total,FT miss,positive = good on both sides; total = offense + defense
Total,orb,0.05536836317023869,0.13503739246755528,rolling,2011-2013,2012.0,2011,2013,7113.8,total,ORB,positive = good on both sides; total = offense + defense
Total,drb,0.49087181902035776,0.08173531443643726,rolling,2011-2013,2012.0,2011,2013,7113.8,total,DRB,positive = good on both sides; total = offense + defense
Total,ast,0.4593538762481712,0.07638068663336714,rolling,2011-2013,2012.0,2011,2013,7113.8,total,AST,positive = good on both sides; total = offense + defense
Total,tov,-1.0756529463917373,0.20213660556383836,rolling,2011-2013,2012.0,2011,2013,7113.8,total,TOV,positive = good on both sides; total = offense + defense
Total,stl,2.057483486483899,0.267430078168131,rolling,2011-2013,2012.0,2011,2013,7113.8,total,STL,positive = good on both sides; total = offense + defense
Total,blk,0.8258096907155537,0.18250297749480876,rolling,2011-2013,2012.0,2011,2013,7113.8,total,BLK,positive = good on both sides; total = offense + defense
Total,pf,-0.3408127631451242,0.11273000518448907,rolling,2011-2013,2012.0,2011,2013,7113.8,total,PF,positive = good on both sides; total = offense + defense
O,fg3m,0.9490521794279956,0.1635911784029121,rolling,2012-2014,2013.0,2012,2014,7113.8,offense,3PM,positive = good on both sides; total = offense + defense
O,fg3_miss,0.02331835922990859,0.10280238995733634,rolling,2012-2014,2013.0,2012,2014,7113.8,offense,3P miss,positive = good on both sides; total = offense + defense
O,fg2m,0.5713980773291026,0.06997002227367695,rolling,2012-2014,2013.0,2012,2014,7113.8,offense,2PM,positive = good on both sides; total = offense + defense
O,fg2_miss,-0.4969223805178926,0.05817059735832921,rolling,2012-2014,2013.0,2012,2014,7113.8,offense,2P miss,positive = good on both sides; total = offense + defense
O,ftm,0.6253498746362656,0.06470426732878001,rolling,2012-2014,2013.0,2012,2014,7113.8,offense,FTM,positive = good on both sides; total = offense + defense
O,ft_miss,-0.5202571156269638,0.1546338275346816,rolling,2012-2014,2013.0,2012,2014,7113.8,offense,FT miss,positive = good on both sides; total = offense + defense
O,orb,0.41338054369104515,0.09133121621279577,rolling,2012-2014,2013.0,2012,2014,7113.8,offense,ORB,positive = good on both sides; total = offense + defense
O,drb,-0.020672984791226583,0.0563810024307724,rolling,2012-2014,2013.0,2012,2014,7113.8,offense,DRB,positive = good on both sides; total = offense + defense
O,ast,0.4170977113902513,0.05160704893728548,rolling,2012-2014,2013.0,2012,2014,7113.8,offense,AST,positive = good on both sides; total = offense + defense
O,tov,-0.6742772138483235,0.1408549942584834,rolling,2012-2014,2013.0,2012,2014,7113.8,offense,TOV,positive = good on both sides; total = offense + defense
O,stl,0.7836122396702513,0.1822707146107552,rolling,2012-2014,2013.0,2012,2014,7113.8,offense,STL,positive = good on both sides; total = offense + defense
O,blk,-0.019629714667498785,0.12841867256812206,rolling,2012-2014,2013.0,2012,2014,7113.8,offense,BLK,positive = good on both sides; total = offense + defense
O,pf,-0.29726226932509126,0.0784899661825055,rolling,2012-2014,2013.0,2012,2014,7113.8,offense,PF,positive = good on both sides; total = offense + defense
D,fg3m,-0.18080909101553636,0.1732171726238671,rolling,2012-2014,2013.0,2012,2014,7113.8,defense,3PM,positive = good on both sides; total = offense + defense
D,fg3_miss,-0.18538028337652482,0.10840199170862809,rolling,2012-2014,2013.0,2012,2014,7113.8,defense,3P miss,positive = good on both sides; total = offense + defense
D,fg2m,-0.024703652890458096,0.07448333060327549,rolling,2012-2014,2013.0,2012,2014,7113.8,defense,2PM,positive = good on both sides; total = offense + defense
D,fg2_miss,-0.23202291287402765,0.06275276613856676,rolling,2012-2014,2013.0,2012,2014,7113.8,defense,2P miss,positive = good on both sides; total = offense + defense
D,ftm,0.19273075583567306,0.06968709861191935,rolling,2012-2014,2013.0,2012,2014,7113.8,defense,FTM,positive = good on both sides; total = offense + defense
D,ft_miss,-0.3682426374862735,0.16704827128513985,rolling,2012-2014,2013.0,2012,2014,7113.8,defense,FT miss,positive = good on both sides; total = offense + defense
D,orb,-0.22317375645193652,0.09728102237588189,rolling,2012-2014,2013.0,2012,2014,7113.8,defense,ORB,positive = good on both sides; total = offense + defense
D,drb,0.3888247669485986,0.05902820948691073,rolling,2012-2014,2013.0,2012,2014,7113.8,defense,DRB,positive = good on both sides; total = offense + defense
D,ast,0.11060958942718582,0.054242544951885435,rolling,2012-2014,2013.0,2012,2014,7113.8,defense,AST,positive = good on both sides; total = offense + defense
D,tov,-0.4644575145222774,0.15064119678648533,rolling,2012-2014,2013.0,2012,2014,7113.8,defense,TOV,positive = good on both sides; total = offense + defense
D,stl,1.4354055333410323,0.19585886176432757,rolling,2012-2014,2013.0,2012,2014,7113.8,defense,STL,positive = good on both sides; total = offense + defense
D,blk,0.8680068977386235,0.13587129505095488,rolling,2012-2014,2013.0,2012,2014,7113.8,defense,BLK,positive = good on both sides; total = offense + defense
D,pf,-0.08582289230927961,0.08312488805150611,rolling,2012-2014,2013.0,2012,2014,7113.8,defense,PF,positive = good on both sides; total = offense + defense
Total,fg3m,0.7682430884124593,0.23913236093197587,rolling,2012-2014,2013.0,2012,2014,7113.8,total,3PM,positive = good on both sides; total = offense + defense
Total,fg3_miss,-0.16206192414661624,0.1497776573823707,rolling,2012-2014,2013.0,2012,2014,7113.8,total,3P miss,positive = good on both sides; total = offense + defense
Total,fg2m,0.5466944244386446,0.10289583253918827,rolling,2012-2014,2013.0,2012,2014,7113.8,total,2PM,positive = good on both sides; total = offense + defense
Total,fg2_miss,-0.7289452933919203,0.08553695623168175,rolling,2012-2014,2013.0,2012,2014,7113.8,total,2P miss,positive = good on both sides; total = offense + defense
Total,ftm,0.8180806304719386,0.09544986469100127,rolling,2012-2014,2013.0,2012,2014,7113.8,total,FTM,positive = good on both sides; total = offense + defense
Total,ft_miss,-0.8884997531132373,0.2260070716191766,rolling,2012-2014,2013.0,2012,2014,7113.8,total,FT miss,positive = good on both sides; total = offense + defense
Total,orb,0.19020678723910864,0.13431153736128054,rolling,2012-2014,2013.0,2012,2014,7113.8,total,ORB,positive = good on both sides; total = offense + defense
Total,drb,0.368151782157372,0.08317973755714379,rolling,2012-2014,2013.0,2012,2014,7113.8,total,DRB,positive = good on both sides; total = offense + defense
Total,ast,0.5277073008174371,0.07550903804584888,rolling,2012-2014,2013.0,2012,2014,7113.8,total,AST,positive = good on both sides; total = offense + defense
Total,tov,-1.1387347283706009,0.2047747960309515,rolling,2012-2014,2013.0,2012,2014,7113.8,total,TOV,positive = good on both sides; total = offense + defense
Total,stl,2.2190177730112834,0.2675779013074863,rolling,2012-2014,2013.0,2012,2014,7113.8,total,STL,positive = good on both sides; total = offense + defense
Total,blk,0.8483771830711248,0.1867707923792511,rolling,2012-2014,2013.0,2012,2014,7113.8,total,BLK,positive = good on both sides; total = offense + defense
Total,pf,-0.3830851616343709,0.11645902543640659,rolling,2012-2014,2013.0,2012,2014,7113.8,total,PF,positive = good on both sides; total = offense + defense
O,fg3m,1.0597117108718583,0.1631610234721032,rolling,2013-2015,2014.0,2013,2015,7113.8,offense,3PM,positive = good on both sides; total = offense + defense
O,fg3_miss,-0.06849877680595223,0.09905075141121271,rolling,2013-2015,2014.0,2013,2015,7113.8,offense,3P miss,positive = good on both sides; total = offense + defense
O,fg2m,0.5228436616832332,0.06909923685161323,rolling,2013-2015,2014.0,2013,2015,7113.8,offense,2PM,positive = good on both sides; total = offense + defense
O,fg2_miss,-0.48719610030865945,0.05716938670115177,rolling,2013-2015,2014.0,2013,2015,7113.8,offense,2P miss,positive = good on both sides; total = offense + defense
O,ftm,0.6786225411995326,0.0632142485470506,rolling,2013-2015,2014.0,2013,2015,7113.8,offense,FTM,positive = good on both sides; total = offense + defense
O,ft_miss,-0.3890687250247724,0.15285923154710954,rolling,2013-2015,2014.0,2013,2015,7113.8,offense,FT miss,positive = good on both sides; total = offense + defense
O,orb,0.43797733963110363,0.09162106183683456,rolling,2013-2015,2014.0,2013,2015,7113.8,offense,ORB,positive = good on both sides; total = offense + defense
O,drb,0.0013483454809789935,0.0543529810050651,rolling,2013-2015,2014.0,2013,2015,7113.8,offense,DRB,positive = good on both sides; total = offense + defense
O,ast,0.37759593969681426,0.050759298690100325,rolling,2013-2015,2014.0,2013,2015,7113.8,offense,AST,positive = good on both sides; total = offense + defense
O,tov,-0.7466646585893837,0.13485456739700138,rolling,2013-2015,2014.0,2013,2015,7113.8,offense,TOV,positive = good on both sides; total = offense + defense
O,stl,0.7768649457688721,0.1734966338523142,rolling,2013-2015,2014.0,2013,2015,7113.8,offense,STL,positive = good on both sides; total = offense + defense
O,blk,-0.15042410715225812,0.12635134080014176,rolling,2013-2015,2014.0,2013,2015,7113.8,offense,BLK,positive = good on both sides; total = offense + defense
O,pf,-0.30978651018618386,0.0774583804145559,rolling,2013-2015,2014.0,2013,2015,7113.8,offense,PF,positive = good on both sides; total = offense + defense
D,fg3m,-0.055134162242597096,0.17290239443044741,rolling,2013-2015,2014.0,2013,2015,7113.8,defense,3PM,positive = good on both sides; total = offense + defense
D,fg3_miss,-0.1776204610160143,0.10460137570956511,rolling,2013-2015,2014.0,2013,2015,7113.8,defense,3P miss,positive = good on both sides; total = offense + defense
D,fg2m,-0.01253326273782377,0.07383001478381647,rolling,2013-2015,2014.0,2013,2015,7113.8,defense,2PM,positive = good on both sides; total = offense + defense
D,fg2_miss,-0.24176723497630292,0.061914821446003444,rolling,2013-2015,2014.0,2013,2015,7113.8,defense,2P miss,positive = good on both sides; total = offense + defense
D,ftm,0.17326662717147595,0.06797976183509843,rolling,2013-2015,2014.0,2013,2015,7113.8,defense,FTM,positive = good on both sides; total = offense + defense
D,ft_miss,-0.5703431262475198,0.1646940291606717,rolling,2013-2015,2014.0,2013,2015,7113.8,defense,FT miss,positive = good on both sides; total = offense + defense
D,orb,-0.08338040813394385,0.09780867669539828,rolling,2013-2015,2014.0,2013,2015,7113.8,defense,ORB,positive = good on both sides; total = offense + defense
D,drb,0.4277974515914066,0.056929019585867706,rolling,2013-2015,2014.0,2013,2015,7113.8,defense,DRB,positive = good on both sides; total = offense + defense
D,ast,0.07545732664785443,0.05337534293247084,rolling,2013-2015,2014.0,2013,2015,7113.8,defense,AST,positive = good on both sides; total = offense + defense
D,tov,-0.3477521048846958,0.14523316361004607,rolling,2013-2015,2014.0,2013,2015,7113.8,defense,TOV,positive = good on both sides; total = offense + defense
D,stl,1.6136465563672524,0.18622938442775605,rolling,2013-2015,2014.0,2013,2015,7113.8,defense,STL,positive = good on both sides; total = offense + defense
D,blk,0.8566538174454625,0.13435304827176478,rolling,2013-2015,2014.0,2013,2015,7113.8,defense,BLK,positive = good on both sides; total = offense + defense
D,pf,-0.0946077311024195,0.08218037881171278,rolling,2013-2015,2014.0,2013,2015,7113.8,defense,PF,positive = good on both sides; total = offense + defense
Total,fg3m,1.0045775486292612,0.237722562325827,rolling,2013-2015,2014.0,2013,2015,7113.8,total,3PM,positive = good on both sides; total = offense + defense
Total,fg3_miss,-0.24611923782196654,0.14402516141879876,rolling,2013-2015,2014.0,2013,2015,7113.8,total,3P miss,positive = good on both sides; total = offense + defense
Total,fg2m,0.5103103989454094,0.1016797864537049,rolling,2013-2015,2014.0,2013,2015,7113.8,total,2PM,positive = good on both sides; total = offense + defense
Total,fg2_miss,-0.7289633352849624,0.08419550788584225,rolling,2013-2015,2014.0,2013,2015,7113.8,total,2P miss,positive = good on both sides; total = offense + defense
Total,ftm,0.8518891683710086,0.09321906245846516,rolling,2013-2015,2014.0,2013,2015,7113.8,total,FTM,positive = good on both sides; total = offense + defense
Total,ft_miss,-0.9594118512722922,0.22369372835991644,rolling,2013-2015,2014.0,2013,2015,7113.8,total,FT miss,positive = good on both sides; total = offense + defense
Total,orb,0.35459693149715976,0.13477020414243104,rolling,2013-2015,2014.0,2013,2015,7113.8,total,ORB,positive = good on both sides; total = offense + defense
Total,drb,0.4291457970723856,0.08010863745703112,rolling,2013-2015,2014.0,2013,2015,7113.8,total,DRB,positive = good on both sides; total = offense + defense
Total,ast,0.4530532663446687,0.07414900743387456,rolling,2013-2015,2014.0,2013,2015,7113.8,total,AST,positive = good on both sides; total = offense + defense
Total,tov,-1.0944167634740796,0.19715060543298157,rolling,2013-2015,2014.0,2013,2015,7113.8,total,TOV,positive = good on both sides; total = offense + defense
Total,stl,2.3905115021361247,0.2546201534859499,rolling,2013-2015,2014.0,2013,2015,7113.8,total,STL,positive = good on both sides; total = offense + defense
Total,blk,0.7062297102932045,0.18471227558463765,rolling,2013-2015,2014.0,2013,2015,7113.8,total,BLK,positive = good on both sides; total = offense + defense
Total,pf,-0.40439424128860335,0.11481477804813525,rolling,2013-2015,2014.0,2013,2015,7113.8,total,PF,positive = good on both sides; total = offense + defense
O,fg3m,1.0357290208138208,0.15877615765156808,rolling,2014-2016,2015.0,2014,2016,7113.8,offense,3PM,positive = good on both sides; total = offense + defense
O,fg3_miss,-0.021214218771974082,0.09712833492151063,rolling,2014-2016,2015.0,2014,2016,7113.8,offense,3P miss,positive = good on both sides; total = offense + defense
O,fg2m,0.592720290063855,0.07145905460068391,rolling,2014-2016,2015.0,2014,2016,7113.8,offense,2PM,positive = good on both sides; total = offense + defense
O,fg2_miss,-0.523841614323928,0.06025926378436334,rolling,2014-2016,2015.0,2014,2016,7113.8,offense,2P miss,positive = good on both sides; total = offense + defense
O,ftm,0.6137649481498074,0.0636706211891999,rolling,2014-2016,2015.0,2014,2016,7113.8,offense,FTM,positive = good on both sides; total = offense + defense
O,ft_miss,-0.41088877947545477,0.14293198526247153,rolling,2014-2016,2015.0,2014,2016,7113.8,offense,FT miss,positive = good on both sides; total = offense + defense
O,orb,0.5715825910097851,0.09443950010192548,rolling,2014-2016,2015.0,2014,2016,7113.8,offense,ORB,positive = good on both sides; total = offense + defense
O,drb,0.0068115695482156785,0.055011841580854905,rolling,2014-2016,2015.0,2014,2016,7113.8,offense,DRB,positive = good on both sides; total = offense + defense
O,ast,0.43459793547653713,0.05114007176744467,rolling,2014-2016,2015.0,2014,2016,7113.8,offense,AST,positive = good on both sides; total = offense + defense
O,tov,-0.6326809804890718,0.1334489878358269,rolling,2014-2016,2015.0,2014,2016,7113.8,offense,TOV,positive = good on both sides; total = offense + defense
O,stl,0.752844715597602,0.17348244914204208,rolling,2014-2016,2015.0,2014,2016,7113.8,offense,STL,positive = good on both sides; total = offense + defense
O,blk,-0.20803356644756668,0.13050593543837993,rolling,2014-2016,2015.0,2014,2016,7113.8,offense,BLK,positive = good on both sides; total = offense + defense
O,pf,-0.4187203847252863,0.08207013633532043,rolling,2014-2016,2015.0,2014,2016,7113.8,offense,PF,positive = good on both sides; total = offense + defense
D,fg3m,0.10499418441787589,0.1685428412419492,rolling,2014-2016,2015.0,2014,2016,7113.8,defense,3PM,positive = good on both sides; total = offense + defense
D,fg3_miss,-0.20117273226636992,0.10276440325541553,rolling,2014-2016,2015.0,2014,2016,7113.8,defense,3P miss,positive = good on both sides; total = offense + defense
D,fg2m,0.06729116430835463,0.07640715574325478,rolling,2014-2016,2015.0,2014,2016,7113.8,defense,2PM,positive = good on both sides; total = offense + defense
D,fg2_miss,-0.25788086876276,0.06512211373692892,rolling,2014-2016,2015.0,2014,2016,7113.8,defense,2P miss,positive = good on both sides; total = offense + defense
D,ftm,0.09441264484646246,0.06831336034672417,rolling,2014-2016,2015.0,2014,2016,7113.8,defense,FTM,positive = good on both sides; total = offense + defense
D,ft_miss,-0.3708242168801401,0.154272855132412,rolling,2014-2016,2015.0,2014,2016,7113.8,defense,FT miss,positive = good on both sides; total = offense + defense
D,orb,-0.10734724290392827,0.10071504248259051,rolling,2014-2016,2015.0,2014,2016,7113.8,defense,ORB,positive = good on both sides; total = offense + defense
D,drb,0.44426016971772486,0.05765431532719617,rolling,2014-2016,2015.0,2014,2016,7113.8,defense,DRB,positive = good on both sides; total = offense + defense
D,ast,0.15936052938887493,0.05401710258805489,rolling,2014-2016,2015.0,2014,2016,7113.8,defense,AST,positive = good on both sides; total = offense + defense
D,tov,-0.4632170609734014,0.1445929444142109,rolling,2014-2016,2015.0,2014,2016,7113.8,defense,TOV,positive = good on both sides; total = offense + defense
D,stl,1.686434920458314,0.1861731656208947,rolling,2014-2016,2015.0,2014,2016,7113.8,defense,STL,positive = good on both sides; total = offense + defense
D,blk,0.8379191949580425,0.13888115171124107,rolling,2014-2016,2015.0,2014,2016,7113.8,defense,BLK,positive = good on both sides; total = offense + defense
D,pf,-0.03306289917670845,0.08728818377200873,rolling,2014-2016,2015.0,2014,2016,7113.8,defense,PF,positive = good on both sides; total = offense + defense
Total,fg3m,1.1407232052316967,0.2310760842407392,rolling,2014-2016,2015.0,2014,2016,7113.8,total,3PM,positive = good on both sides; total = offense + defense
Total,fg3_miss,-0.222386951038344,0.14095590658023954,rolling,2014-2016,2015.0,2014,2016,7113.8,total,3P miss,positive = good on both sides; total = offense + defense
Total,fg2m,0.6600114543722095,0.105406966897577,rolling,2014-2016,2015.0,2014,2016,7113.8,total,2PM,positive = good on both sides; total = offense + defense
Total,fg2_miss,-0.781722483086688,0.08899342663878797,rolling,2014-2016,2015.0,2014,2016,7113.8,total,2P miss,positive = good on both sides; total = offense + defense
Total,ftm,0.7081775929962699,0.09406490038389627,rolling,2014-2016,2015.0,2014,2016,7113.8,total,FTM,positive = good on both sides; total = offense + defense
Total,ft_miss,-0.7817129963555949,0.21023425051036035,rolling,2014-2016,2015.0,2014,2016,7113.8,total,FT miss,positive = good on both sides; total = offense + defense
Total,orb,0.46423534810585687,0.13883678631225357,rolling,2014-2016,2015.0,2014,2016,7113.8,total,ORB,positive = good on both sides; total = offense + defense
Total,drb,0.4510717392659405,0.08117273348251859,rolling,2014-2016,2015.0,2014,2016,7113.8,total,DRB,positive = good on both sides; total = offense + defense
Total,ast,0.593958464865412,0.0745008389195475,rolling,2014-2016,2015.0,2014,2016,7113.8,total,AST,positive = good on both sides; total = offense + defense
Total,tov,-1.0958980414624733,0.19608842829105527,rolling,2014-2016,2015.0,2014,2016,7113.8,total,TOV,positive = good on both sides; total = offense + defense
Total,stl,2.439279636055916,0.254982123061222,rolling,2014-2016,2015.0,2014,2016,7113.8,total,STL,positive = good on both sides; total = offense + defense
Total,blk,0.6298856285104758,0.19103449409381393,rolling,2014-2016,2015.0,2014,2016,7113.8,total,BLK,positive = good on both sides; total = offense + defense
Total,pf,-0.45178328390199474,0.12113890804211919,rolling,2014-2016,2015.0,2014,2016,7113.8,total,PF,positive = good on both sides; total = offense + defense
O,fg3m,1.217237653590241,0.1580508333779007,rolling,2015-2017,2016.0,2015,2017,7113.8,offense,3PM,positive = good on both sides; total = offense + defense
O,fg3_miss,-0.12447231934275316,0.09594701864246284,rolling,2015-2017,2016.0,2015,2017,7113.8,offense,3P miss,positive = good on both sides; total = offense + defense
O,fg2m,0.6899227966077677,0.0722486221948363,rolling,2015-2017,2016.0,2015,2017,7113.8,offense,2PM,positive = good on both sides; total = offense + defense
O,fg2_miss,-0.5220851286375312,0.06272420520871952,rolling,2015-2017,2016.0,2015,2017,7113.8,offense,2P miss,positive = good on both sides; total = offense + defense
O,ftm,0.5904778955859129,0.06247968121272336,rolling,2015-2017,2016.0,2015,2017,7113.8,offense,FTM,positive = good on both sides; total = offense + defense
O,ft_miss,-0.30638920319043744,0.1460013505807923,rolling,2015-2017,2016.0,2015,2017,7113.8,offense,FT miss,positive = good on both sides; total = offense + defense
O,orb,0.4771031101899776,0.09544758996312551,rolling,2015-2017,2016.0,2015,2017,7113.8,offense,ORB,positive = good on both sides; total = offense + defense
O,drb,-0.029762761125065748,0.053814634978054485,rolling,2015-2017,2016.0,2015,2017,7113.8,offense,DRB,positive = good on both sides; total = offense + defense
O,ast,0.34798874362184007,0.05226785554207496,rolling,2015-2017,2016.0,2015,2017,7113.8,offense,AST,positive = good on both sides; total = offense + defense
O,tov,-0.5918136095480011,0.1316535282123975,rolling,2015-2017,2016.0,2015,2017,7113.8,offense,TOV,positive = good on both sides; total = offense + defense
O,stl,0.7887081604552675,0.17929897371138828,rolling,2015-2017,2016.0,2015,2017,7113.8,offense,STL,positive = good on both sides; total = offense + defense
O,blk,-0.16372197109380004,0.13374226550085802,rolling,2015-2017,2016.0,2015,2017,7113.8,offense,BLK,positive = good on both sides; total = offense + defense
O,pf,-0.4094978653244137,0.08407327524777244,rolling,2015-2017,2016.0,2015,2017,7113.8,offense,PF,positive = good on both sides; total = offense + defense
D,fg3m,0.26363116900558103,0.16775086667795525,rolling,2015-2017,2016.0,2015,2017,7113.8,defense,3PM,positive = good on both sides; total = offense + defense
D,fg3_miss,-0.2669471808540095,0.10187166352655741,rolling,2015-2017,2016.0,2015,2017,7113.8,defense,3P miss,positive = good on both sides; total = offense + defense
D,fg2m,0.0844180235788006,0.07689858798741252,rolling,2015-2017,2016.0,2015,2017,7113.8,defense,2PM,positive = good on both sides; total = offense + defense
D,fg2_miss,-0.31069477449921057,0.06749158187203248,rolling,2015-2017,2016.0,2015,2017,7113.8,defense,2P miss,positive = good on both sides; total = offense + defense
D,ftm,0.08679590380910393,0.06686496292033628,rolling,2015-2017,2016.0,2015,2017,7113.8,defense,FTM,positive = good on both sides; total = offense + defense
D,ft_miss,-0.31327116698940843,0.15749840670886397,rolling,2015-2017,2016.0,2015,2017,7113.8,defense,FT miss,positive = good on both sides; total = offense + defense
D,orb,-0.018286252896012545,0.10188822067436035,rolling,2015-2017,2016.0,2015,2017,7113.8,defense,ORB,positive = good on both sides; total = offense + defense
D,drb,0.4229423116023199,0.056430941578846885,rolling,2015-2017,2016.0,2015,2017,7113.8,defense,DRB,positive = good on both sides; total = offense + defense
D,ast,0.16834215266540692,0.05528032135987088,rolling,2015-2017,2016.0,2015,2017,7113.8,defense,AST,positive = good on both sides; total = offense + defense
D,tov,-0.49029072993646444,0.14288987265558875,rolling,2015-2017,2016.0,2015,2017,7113.8,defense,TOV,positive = good on both sides; total = offense + defense
D,stl,1.696057448751318,0.19234042707649696,rolling,2015-2017,2016.0,2015,2017,7113.8,defense,STL,positive = good on both sides; total = offense + defense
D,blk,0.9070832345726089,0.14255109929575455,rolling,2015-2017,2016.0,2015,2017,7113.8,defense,BLK,positive = good on both sides; total = offense + defense
D,pf,0.06550353550098978,0.08942057407068045,rolling,2015-2017,2016.0,2015,2017,7113.8,defense,PF,positive = good on both sides; total = offense + defense
Total,fg3m,1.480868822595822,0.22999626605965365,rolling,2015-2017,2016.0,2015,2017,7113.8,total,3PM,positive = good on both sides; total = offense + defense
Total,fg3_miss,-0.39141950019676264,0.13925553983477862,rolling,2015-2017,2016.0,2015,2017,7113.8,total,3P miss,positive = good on both sides; total = offense + defense
Total,fg2m,0.7743408201865682,0.10595286372944912,rolling,2015-2017,2016.0,2015,2017,7113.8,total,2PM,positive = good on both sides; total = offense + defense
Total,fg2_miss,-0.8327799031367418,0.09248624036180576,rolling,2015-2017,2016.0,2015,2017,7113.8,total,2P miss,positive = good on both sides; total = offense + defense
Total,ftm,0.6772737993950169,0.09197900465380246,rolling,2015-2017,2016.0,2015,2017,7113.8,total,FTM,positive = good on both sides; total = offense + defense
Total,ft_miss,-0.6196603701798459,0.21495429446901468,rolling,2015-2017,2016.0,2015,2017,7113.8,total,FT miss,positive = good on both sides; total = offense + defense
Total,orb,0.45881685729396504,0.1400210851812109,rolling,2015-2017,2016.0,2015,2017,7113.8,total,ORB,positive = good on both sides; total = offense + defense
Total,drb,0.3931795504772541,0.07899798709739854,rolling,2015-2017,2016.0,2015,2017,7113.8,total,DRB,positive = good on both sides; total = offense + defense
Total,ast,0.516330896287247,0.07595531688788079,rolling,2015-2017,2016.0,2015,2017,7113.8,total,AST,positive = good on both sides; total = offense + defense
Total,tov,-1.0821043394844656,0.19348714608014175,rolling,2015-2017,2016.0,2015,2017,7113.8,total,TOV,positive = good on both sides; total = offense + defense
Total,stl,2.4847656092065855,0.2638108880987761,rolling,2015-2017,2016.0,2015,2017,7113.8,total,STL,positive = good on both sides; total = offense + defense
Total,blk,0.7433612634788088,0.1957296940058102,rolling,2015-2017,2016.0,2015,2017,7113.8,total,BLK,positive = good on both sides; total = offense + defense
Total,pf,-0.3439943298234239,0.12388021032111854,rolling,2015-2017,2016.0,2015,2017,7113.8,total,PF,positive = good on both sides; total = offense + defense
O,fg3m,0.8587849759117263,0.154041097042644,rolling,2016-2018,2017.0,2016,2018,7113.8,offense,3PM,positive = good on both sides; total = offense + defense
O,fg3_miss,0.07670319277300285,0.09638204754017232,rolling,2016-2018,2017.0,2016,2018,7113.8,offense,3P miss,positive = good on both sides; total = offense + defense
O,fg2m,0.6700151338421918,0.07250247200332191,rolling,2016-2018,2017.0,2016,2018,7113.8,offense,2PM,positive = good on both sides; total = offense + defense
O,fg2_miss,-0.5371512502350777,0.0645191762354912,rolling,2016-2018,2017.0,2016,2018,7113.8,offense,2P miss,positive = good on both sides; total = offense + defense
O,ftm,0.5443372391854785,0.06439434889084816,rolling,2016-2018,2017.0,2016,2018,7113.8,offense,FTM,positive = good on both sides; total = offense + defense
O,ft_miss,-0.3292731018184109,0.15608679354787242,rolling,2016-2018,2017.0,2016,2018,7113.8,offense,FT miss,positive = good on both sides; total = offense + defense
O,orb,0.4756839430624158,0.1009540656923622,rolling,2016-2018,2017.0,2016,2018,7113.8,offense,ORB,positive = good on both sides; total = offense + defense
O,drb,-0.07572890233090325,0.05358526521899335,rolling,2016-2018,2017.0,2016,2018,7113.8,offense,DRB,positive = good on both sides; total = offense + defense
O,ast,0.34332360835703285,0.05345857660708706,rolling,2016-2018,2017.0,2016,2018,7113.8,offense,AST,positive = good on both sides; total = offense + defense
O,tov,-0.45372905631927457,0.1359455653247489,rolling,2016-2018,2017.0,2016,2018,7113.8,offense,TOV,positive = good on both sides; total = offense + defense
O,stl,0.7688523815149829,0.18513810101974404,rolling,2016-2018,2017.0,2016,2018,7113.8,offense,STL,positive = good on both sides; total = offense + defense
O,blk,-0.018452189069976463,0.14313166227415325,rolling,2016-2018,2017.0,2016,2018,7113.8,offense,BLK,positive = good on both sides; total = offense + defense
O,pf,-0.43014893314166214,0.08812359787729204,rolling,2016-2018,2017.0,2016,2018,7113.8,offense,PF,positive = good on both sides; total = offense + defense
D,fg3m,0.09987867446530865,0.16342901925129552,rolling,2016-2018,2017.0,2016,2018,7113.8,defense,3PM,positive = good on both sides; total = offense + defense
D,fg3_miss,-0.20071175345372474,0.1023811414762415,rolling,2016-2018,2017.0,2016,2018,7113.8,defense,3P miss,positive = good on both sides; total = offense + defense
D,fg2m,-0.059895167263010266,0.07703145037625216,rolling,2016-2018,2017.0,2016,2018,7113.8,defense,2PM,positive = good on both sides; total = offense + defense
D,fg2_miss,-0.21942546925505818,0.06948199359145603,rolling,2016-2018,2017.0,2016,2018,7113.8,defense,2P miss,positive = good on both sides; total = offense + defense
D,ftm,0.1297574881835977,0.06904061695746981,rolling,2016-2018,2017.0,2016,2018,7113.8,defense,FTM,positive = good on both sides; total = offense + defense
D,ft_miss,-0.09084558156011865,0.1688008396636299,rolling,2016-2018,2017.0,2016,2018,7113.8,defense,FT miss,positive = good on both sides; total = offense + defense
D,orb,0.027366148491796912,0.1075050623360482,rolling,2016-2018,2017.0,2016,2018,7113.8,defense,ORB,positive = good on both sides; total = offense + defense
D,drb,0.30167724825684517,0.05614516596049618,rolling,2016-2018,2017.0,2016,2018,7113.8,defense,DRB,positive = good on both sides; total = offense + defense
D,ast,0.16341309605794052,0.056426527053917354,rolling,2016-2018,2017.0,2016,2018,7113.8,defense,AST,positive = good on both sides; total = offense + defense
D,tov,-0.4534172979392661,0.14666536422527304,rolling,2016-2018,2017.0,2016,2018,7113.8,defense,TOV,positive = good on both sides; total = offense + defense
D,stl,1.618915604983263,0.19832283453529154,rolling,2016-2018,2017.0,2016,2018,7113.8,defense,STL,positive = good on both sides; total = offense + defense
D,blk,1.1753092471072737,0.15239473007331486,rolling,2016-2018,2017.0,2016,2018,7113.8,defense,BLK,positive = good on both sides; total = offense + defense
D,pf,-0.046404134846449833,0.09386547038574847,rolling,2016-2018,2017.0,2016,2018,7113.8,defense,PF,positive = good on both sides; total = offense + defense
Total,fg3m,0.9586636503770349,0.22519192014436631,rolling,2016-2018,2017.0,2016,2018,7113.8,total,3PM,positive = good on both sides; total = offense + defense
Total,fg3_miss,-0.1240085606807219,0.14027502148324628,rolling,2016-2018,2017.0,2016,2018,7113.8,total,3P miss,positive = good on both sides; total = offense + defense
Total,fg2m,0.6101199665791815,0.1060854449375366,rolling,2016-2018,2017.0,2016,2018,7113.8,total,2PM,positive = good on both sides; total = offense + defense
Total,fg2_miss,-0.7565767194901358,0.09509600367717841,rolling,2016-2018,2017.0,2016,2018,7113.8,total,2P miss,positive = good on both sides; total = offense + defense
Total,ftm,0.6740947273690762,0.0949014144137273,rolling,2016-2018,2017.0,2016,2018,7113.8,total,FTM,positive = good on both sides; total = offense + defense
Total,ft_miss,-0.42011868337852953,0.22978605762316,rolling,2016-2018,2017.0,2016,2018,7113.8,total,FT miss,positive = good on both sides; total = offense + defense
Total,orb,0.5030500915542127,0.14805257742190323,rolling,2016-2018,2017.0,2016,2018,7113.8,total,ORB,positive = good on both sides; total = offense + defense
Total,drb,0.22594834592594193,0.07829010932653027,rolling,2016-2018,2017.0,2016,2018,7113.8,total,DRB,positive = good on both sides; total = offense + defense
Total,ast,0.5067367044149733,0.0774652329149577,rolling,2016-2018,2017.0,2016,2018,7113.8,total,AST,positive = good on both sides; total = offense + defense
Total,tov,-0.9071463542585407,0.20011622088952966,rolling,2016-2018,2017.0,2016,2018,7113.8,total,TOV,positive = good on both sides; total = offense + defense
Total,stl,2.387767986498246,0.27256825363167514,rolling,2016-2018,2017.0,2016,2018,7113.8,total,STL,positive = good on both sides; total = offense + defense
Total,blk,1.1568570580372972,0.20982427365726786,rolling,2016-2018,2017.0,2016,2018,7113.8,total,BLK,positive = good on both sides; total = offense + defense
Total,pf,-0.476553067988112,0.12991820766571047,rolling,2016-2018,2017.0,2016,2018,7113.8,total,PF,positive = good on both sides; total = offense + defense
O,fg3m,0.9100061501740722,0.15249915150087381,rolling,2017-2019,2018.0,2017,2019,7113.8,offense,3PM,positive = good on both sides; total = offense + defense
O,fg3_miss,0.0715169321864561,0.09292578638196519,rolling,2017-2019,2018.0,2017,2019,7113.8,offense,3P miss,positive = good on both sides; total = offense + defense
O,fg2m,0.601750047556967,0.07119900743436942,rolling,2017-2019,2018.0,2017,2019,7113.8,offense,2PM,positive = good on both sides; total = offense + defense
O,fg2_miss,-0.4551005283008328,0.0645997967466371,rolling,2017-2019,2018.0,2017,2019,7113.8,offense,2P miss,positive = good on both sides; total = offense + defense
O,ftm,0.5788829756618157,0.06510854888663671,rolling,2017-2019,2018.0,2017,2019,7113.8,offense,FTM,positive = good on both sides; total = offense + defense
O,ft_miss,-0.3657569815778131,0.17667769247109322,rolling,2017-2019,2018.0,2017,2019,7113.8,offense,FT miss,positive = good on both sides; total = offense + defense
O,orb,0.5855816720706544,0.10129016516498547,rolling,2017-2019,2018.0,2017,2019,7113.8,offense,ORB,positive = good on both sides; total = offense + defense
O,drb,-0.0723547955134292,0.05244179248794481,rolling,2017-2019,2018.0,2017,2019,7113.8,offense,DRB,positive = good on both sides; total = offense + defense
O,ast,0.3564153823655363,0.05263313585200144,rolling,2017-2019,2018.0,2017,2019,7113.8,offense,AST,positive = good on both sides; total = offense + defense
O,tov,-0.5673231252148403,0.13800697055382005,rolling,2017-2019,2018.0,2017,2019,7113.8,offense,TOV,positive = good on both sides; total = offense + defense
O,stl,0.3661586590358219,0.19016162383626975,rolling,2017-2019,2018.0,2017,2019,7113.8,offense,STL,positive = good on both sides; total = offense + defense
O,blk,0.08752239206848632,0.14855898374629914,rolling,2017-2019,2018.0,2017,2019,7113.8,offense,BLK,positive = good on both sides; total = offense + defense
O,pf,-0.38817179517646594,0.08924149207851692,rolling,2017-2019,2018.0,2017,2019,7113.8,offense,PF,positive = good on both sides; total = offense + defense
D,fg3m,0.21414039825458306,0.16144449045431764,rolling,2017-2019,2018.0,2017,2019,7113.8,defense,3PM,positive = good on both sides; total = offense + defense
D,fg3_miss,-0.2750032547133153,0.09864465225425083,rolling,2017-2019,2018.0,2017,2019,7113.8,defense,3P miss,positive = good on both sides; total = offense + defense
D,fg2m,-0.09143766143664753,0.07561334518492015,rolling,2017-2019,2018.0,2017,2019,7113.8,defense,2PM,positive = good on both sides; total = offense + defense
D,fg2_miss,-0.1863950813432419,0.06963523793625769,rolling,2017-2019,2018.0,2017,2019,7113.8,defense,2P miss,positive = good on both sides; total = offense + defense
D,ftm,0.18940931700126773,0.06991732072661189,rolling,2017-2019,2018.0,2017,2019,7113.8,defense,FTM,positive = good on both sides; total = offense + defense
D,ft_miss,0.07776536462982712,0.19122798435299934,rolling,2017-2019,2018.0,2017,2019,7113.8,defense,FT miss,positive = good on both sides; total = offense + defense
D,orb,0.01281132938263091,0.10799367399898051,rolling,2017-2019,2018.0,2017,2019,7113.8,defense,ORB,positive = good on both sides; total = offense + defense
D,drb,0.2700141646300038,0.054957072584051164,rolling,2017-2019,2018.0,2017,2019,7113.8,defense,DRB,positive = good on both sides; total = offense + defense
D,ast,0.09721628807600981,0.05552579516698999,rolling,2017-2019,2018.0,2017,2019,7113.8,defense,AST,positive = good on both sides; total = offense + defense
D,tov,-0.3905732950276351,0.14839981868942823,rolling,2017-2019,2018.0,2017,2019,7113.8,defense,TOV,positive = good on both sides; total = offense + defense
D,stl,1.505134403630651,0.20351980686256818,rolling,2017-2019,2018.0,2017,2019,7113.8,defense,STL,positive = good on both sides; total = offense + defense
D,blk,1.2267691926602136,0.1577006268883112,rolling,2017-2019,2018.0,2017,2019,7113.8,defense,BLK,positive = good on both sides; total = offense + defense
D,pf,-0.07056618331330014,0.09489844592058065,rolling,2017-2019,2018.0,2017,2019,7113.8,defense,PF,positive = good on both sides; total = offense + defense
Total,fg3m,1.1241465484286552,0.22366865130256872,rolling,2017-2019,2018.0,2017,2019,7113.8,total,3PM,positive = good on both sides; total = offense + defense
Total,fg3_miss,-0.20348632252685922,0.13588111453689591,rolling,2017-2019,2018.0,2017,2019,7113.8,total,3P miss,positive = good on both sides; total = offense + defense
Total,fg2m,0.5103123861203195,0.10420834076864584,rolling,2017-2019,2018.0,2017,2019,7113.8,total,2PM,positive = good on both sides; total = offense + defense
Total,fg2_miss,-0.6414956096440747,0.09509573290205074,rolling,2017-2019,2018.0,2017,2019,7113.8,total,2P miss,positive = good on both sides; total = offense + defense
Total,ftm,0.7682922926630834,0.09568398379707958,rolling,2017-2019,2018.0,2017,2019,7113.8,total,FTM,positive = good on both sides; total = offense + defense
Total,ft_miss,-0.287991616947986,0.26036058461612344,rolling,2017-2019,2018.0,2017,2019,7113.8,total,FT miss,positive = good on both sides; total = offense + defense
Total,orb,0.5983930014532852,0.14811636337237247,rolling,2017-2019,2018.0,2017,2019,7113.8,total,ORB,positive = good on both sides; total = offense + defense
Total,drb,0.19765936911657456,0.07646658198895476,rolling,2017-2019,2018.0,2017,2019,7113.8,total,DRB,positive = good on both sides; total = offense + defense
Total,ast,0.4536316704415461,0.076197031384631,rolling,2017-2019,2018.0,2017,2019,7113.8,total,AST,positive = good on both sides; total = offense + defense
Total,tov,-0.9578964202424753,0.2026309865639256,rolling,2017-2019,2018.0,2017,2019,7113.8,total,TOV,positive = good on both sides; total = offense + defense
Total,stl,1.871293062666473,0.27963797851010497,rolling,2017-2019,2018.0,2017,2019,7113.8,total,STL,positive = good on both sides; total = offense + defense
Total,blk,1.3142915847286998,0.21693010503741444,rolling,2017-2019,2018.0,2017,2019,7113.8,total,BLK,positive = good on both sides; total = offense + defense
Total,pf,-0.45873797848976605,0.1317502304044951,rolling,2017-2019,2018.0,2017,2019,7113.8,total,PF,positive = good on both sides; total = offense + defense
O,fg3m,0.7276818053944445,0.14480923743080862,rolling,2018-2020,2019.0,2018,2020,7113.8,offense,3PM,positive = good on both sides; total = offense + defense
O,fg3_miss,0.1355757824399703,0.08876873904595887,rolling,2018-2020,2019.0,2018,2020,7113.8,offense,3P miss,positive = good on both sides; total = offense + defense
O,fg2m,0.49808402686863906,0.07105981397266838,rolling,2018-2020,2019.0,2018,2020,7113.8,offense,2PM,positive = good on both sides; total = offense + defense
O,fg2_miss,-0.4005132224196821,0.06703933259368629,rolling,2018-2020,2019.0,2018,2020,7113.8,offense,2P miss,positive = good on both sides; total = offense + defense
O,ftm,0.5868759972049045,0.06700938555156974,rolling,2018-2020,2019.0,2018,2020,7113.8,offense,FTM,positive = good on both sides; total = offense + defense
O,ft_miss,-0.4562226490981014,0.18047784654875226,rolling,2018-2020,2019.0,2018,2020,7113.8,offense,FT miss,positive = good on both sides; total = offense + defense
O,orb,0.6226783817370299,0.10400912644826583,rolling,2018-2020,2019.0,2018,2020,7113.8,offense,ORB,positive = good on both sides; total = offense + defense
O,drb,-0.044823191431616116,0.05204377813871515,rolling,2018-2020,2019.0,2018,2020,7113.8,offense,DRB,positive = good on both sides; total = offense + defense
O,ast,0.3473613796441297,0.053459661102461156,rolling,2018-2020,2019.0,2018,2020,7113.8,offense,AST,positive = good on both sides; total = offense + defense
O,tov,-0.5181100701581031,0.14130913720216814,rolling,2018-2020,2019.0,2018,2020,7113.8,offense,TOV,positive = good on both sides; total = offense + defense
O,stl,0.09546365000443854,0.19061926376236285,rolling,2018-2020,2019.0,2018,2020,7113.8,offense,STL,positive = good on both sides; total = offense + defense
O,blk,-0.016709714069213275,0.14803197136556154,rolling,2018-2020,2019.0,2018,2020,7113.8,offense,BLK,positive = good on both sides; total = offense + defense
O,pf,-0.3693043745541181,0.09313201395505533,rolling,2018-2020,2019.0,2018,2020,7113.8,offense,PF,positive = good on both sides; total = offense + defense
D,fg3m,0.14505699307989933,0.1531353276994922,rolling,2018-2020,2019.0,2018,2020,7113.8,defense,3PM,positive = good on both sides; total = offense + defense
D,fg3_miss,-0.25882128766752677,0.0940534567227365,rolling,2018-2020,2019.0,2018,2020,7113.8,defense,3P miss,positive = good on both sides; total = offense + defense
D,fg2m,-0.10052953968714615,0.07515713908155335,rolling,2018-2020,2019.0,2018,2020,7113.8,defense,2PM,positive = good on both sides; total = offense + defense
D,fg2_miss,-0.16363629689940606,0.07197509959315165,rolling,2018-2020,2019.0,2018,2020,7113.8,defense,2P miss,positive = good on both sides; total = offense + defense
D,ftm,0.13568894792105132,0.07193112610327032,rolling,2018-2020,2019.0,2018,2020,7113.8,defense,FTM,positive = good on both sides; total = offense + defense
D,ft_miss,0.31969763318363686,0.19450641175155145,rolling,2018-2020,2019.0,2018,2020,7113.8,defense,FT miss,positive = good on both sides; total = offense + defense
D,orb,-0.13409515951173,0.11039121729360486,rolling,2018-2020,2019.0,2018,2020,7113.8,defense,ORB,positive = good on both sides; total = offense + defense
D,drb,0.37488591192425896,0.054511006109641644,rolling,2018-2020,2019.0,2018,2020,7113.8,defense,DRB,positive = good on both sides; total = offense + defense
D,ast,0.12453382712522884,0.05626870730030193,rolling,2018-2020,2019.0,2018,2020,7113.8,defense,AST,positive = good on both sides; total = offense + defense
D,tov,-0.4340360925737376,0.15170967042015562,rolling,2018-2020,2019.0,2018,2020,7113.8,defense,TOV,positive = good on both sides; total = offense + defense
D,stl,1.4271167135892076,0.20416296025009945,rolling,2018-2020,2019.0,2018,2020,7113.8,defense,STL,positive = good on both sides; total = offense + defense
D,blk,1.0501640972303967,0.1566800144253158,rolling,2018-2020,2019.0,2018,2020,7113.8,defense,BLK,positive = good on both sides; total = offense + defense
D,pf,-0.1286126427625235,0.09856255750349247,rolling,2018-2020,2019.0,2018,2020,7113.8,defense,PF,positive = good on both sides; total = offense + defense
Total,fg3m,0.8727387984743438,0.21186903900243528,rolling,2018-2020,2019.0,2018,2020,7113.8,total,3PM,positive = good on both sides; total = offense + defense
Total,fg3_miss,-0.12324550522755648,0.12987697030537476,rolling,2018-2020,2019.0,2018,2020,7113.8,total,3P miss,positive = good on both sides; total = offense + defense
Total,fg2m,0.3975544871814929,0.10364105689515396,rolling,2018-2020,2019.0,2018,2020,7113.8,total,2PM,positive = good on both sides; total = offense + defense
Total,fg2_miss,-0.5641495193190882,0.09806793842027108,rolling,2018-2020,2019.0,2018,2020,7113.8,total,2P miss,positive = good on both sides; total = offense + defense
Total,ftm,0.7225649451259558,0.09849040120812942,rolling,2018-2020,2019.0,2018,2020,7113.8,total,FTM,positive = good on both sides; total = offense + defense
Total,ft_miss,-0.13652501591446453,0.265252186354273,rolling,2018-2020,2019.0,2018,2020,7113.8,total,FT miss,positive = good on both sides; total = offense + defense
Total,orb,0.48858322222529993,0.15144749899905754,rolling,2018-2020,2019.0,2018,2020,7113.8,total,ORB,positive = good on both sides; total = offense + defense
Total,drb,0.33006272049264285,0.07598794469187263,rolling,2018-2020,2019.0,2018,2020,7113.8,total,DRB,positive = good on both sides; total = offense + defense
Total,ast,0.4718952067693586,0.07736002563172695,rolling,2018-2020,2019.0,2018,2020,7113.8,total,AST,positive = good on both sides; total = offense + defense
Total,tov,-0.9521461627318406,0.2069660427877606,rolling,2018-2020,2019.0,2018,2020,7113.8,total,TOV,positive = good on both sides; total = offense + defense
Total,stl,1.5225803635936461,0.27959405286946787,rolling,2018-2020,2019.0,2018,2020,7113.8,total,STL,positive = good on both sides; total = offense + defense
Total,blk,1.0334543831611835,0.2156793365341946,rolling,2018-2020,2019.0,2018,2020,7113.8,total,BLK,positive = good on both sides; total = offense + defense
Total,pf,-0.49791701731664156,0.1372402210021044,rolling,2018-2020,2019.0,2018,2020,7113.8,total,PF,positive = good on both sides; total = offense + defense
O,fg3m,1.0897926547292291,0.13647904466104047,rolling,2019-2021,2020.0,2019,2021,7113.8,offense,3PM,positive = good on both sides; total = offense + defense
O,fg3_miss,-0.10340910107299801,0.08616131767015818,rolling,2019-2021,2020.0,2019,2021,7113.8,offense,3P miss,positive = good on both sides; total = offense + defense
O,fg2m,0.5348575241159937,0.07094356641210578,rolling,2019-2021,2020.0,2019,2021,7113.8,offense,2PM,positive = good on both sides; total = offense + defense
O,fg2_miss,-0.40388563781940723,0.06848814856329152,rolling,2019-2021,2020.0,2019,2021,7113.8,offense,2P miss,positive = good on both sides; total = offense + defense
O,ftm,0.5950694270601223,0.06718374919393819,rolling,2019-2021,2020.0,2019,2021,7113.8,offense,FTM,positive = good on both sides; total = offense + defense
O,ft_miss,-0.6869844855190551,0.18124583154323842,rolling,2019-2021,2020.0,2019,2021,7113.8,offense,FT miss,positive = good on both sides; total = offense + defense
O,orb,0.6422739108065811,0.10364503162679513,rolling,2019-2021,2020.0,2019,2021,7113.8,offense,ORB,positive = good on both sides; total = offense + defense
O,drb,-0.0157548812492114,0.05302466013623565,rolling,2019-2021,2020.0,2019,2021,7113.8,offense,DRB,positive = good on both sides; total = offense + defense
O,ast,0.3660515936537089,0.05388391595568146,rolling,2019-2021,2020.0,2019,2021,7113.8,offense,AST,positive = good on both sides; total = offense + defense
O,tov,-0.5304238221750978,0.14088316762041736,rolling,2019-2021,2020.0,2019,2021,7113.8,offense,TOV,positive = good on both sides; total = offense + defense
O,stl,0.06795312431425655,0.21053035434429002,rolling,2019-2021,2020.0,2019,2021,7113.8,offense,STL,positive = good on both sides; total = offense + defense
O,blk,-0.06024461640042648,0.15139785553308244,rolling,2019-2021,2020.0,2019,2021,7113.8,offense,BLK,positive = good on both sides; total = offense + defense
O,pf,-0.24178880208286269,0.09584647688592102,rolling,2019-2021,2020.0,2019,2021,7113.8,offense,PF,positive = good on both sides; total = offense + defense
D,fg3m,0.259498119696888,0.14462628339295663,rolling,2019-2021,2020.0,2019,2021,7113.8,defense,3PM,positive = good on both sides; total = offense + defense
D,fg3_miss,-0.30022088058732765,0.09144526967804979,rolling,2019-2021,2020.0,2019,2021,7113.8,defense,3P miss,positive = good on both sides; total = offense + defense
D,fg2m,-0.03300352503162593,0.07523738597897561,rolling,2019-2021,2020.0,2019,2021,7113.8,defense,2PM,positive = good on both sides; total = offense + defense
D,fg2_miss,-0.184245708126834,0.07347304241773389,rolling,2019-2021,2020.0,2019,2021,7113.8,defense,2P miss,positive = good on both sides; total = offense + defense
D,ftm,0.10788343285526762,0.07177987338826329,rolling,2019-2021,2020.0,2019,2021,7113.8,defense,FTM,positive = good on both sides; total = offense + defense
D,ft_miss,0.23403335415217713,0.1943694140964713,rolling,2019-2021,2020.0,2019,2021,7113.8,defense,FT miss,positive = good on both sides; total = offense + defense
D,orb,-0.17933621831293112,0.11012782993906416,rolling,2019-2021,2020.0,2019,2021,7113.8,defense,ORB,positive = good on both sides; total = offense + defense
D,drb,0.3900407003448965,0.05551913822174169,rolling,2019-2021,2020.0,2019,2021,7113.8,defense,DRB,positive = good on both sides; total = offense + defense
D,ast,0.17123002152642255,0.05655990917333074,rolling,2019-2021,2020.0,2019,2021,7113.8,defense,AST,positive = good on both sides; total = offense + defense
D,tov,-0.4952644679839976,0.15112624921872483,rolling,2019-2021,2020.0,2019,2021,7113.8,defense,TOV,positive = good on both sides; total = offense + defense
D,stl,1.1131408444405775,0.225011092232432,rolling,2019-2021,2020.0,2019,2021,7113.8,defense,STL,positive = good on both sides; total = offense + defense
D,blk,0.9274946720192012,0.15948412637630519,rolling,2019-2021,2020.0,2019,2021,7113.8,defense,BLK,positive = good on both sides; total = offense + defense
D,pf,-0.03660295300956923,0.10116883034829081,rolling,2019-2021,2020.0,2019,2021,7113.8,defense,PF,positive = good on both sides; total = offense + defense
Total,fg3m,1.3492907744261171,0.1997582498548302,rolling,2019-2021,2020.0,2019,2021,7113.8,total,3PM,positive = good on both sides; total = offense + defense
Total,fg3_miss,-0.40362998166032565,0.12598113535781147,rolling,2019-2021,2020.0,2019,2021,7113.8,total,3P miss,positive = good on both sides; total = offense + defense
Total,fg2m,0.5018539990843678,0.10334215701523752,rolling,2019-2021,2020.0,2019,2021,7113.8,total,2PM,positive = good on both sides; total = offense + defense
Total,fg2_miss,-0.5881313459462412,0.10008218676474498,rolling,2019-2021,2020.0,2019,2021,7113.8,total,2P miss,positive = good on both sides; total = offense + defense
Total,ftm,0.7029528599153899,0.09833758223828394,rolling,2019-2021,2020.0,2019,2021,7113.8,total,FTM,positive = good on both sides; total = offense + defense
Total,ft_miss,-0.452951131366878,0.26643915478864116,rolling,2019-2021,2020.0,2019,2021,7113.8,total,FT miss,positive = good on both sides; total = offense + defense
Total,orb,0.46293769249365,0.15123284631004053,rolling,2019-2021,2020.0,2019,2021,7113.8,total,ORB,positive = good on both sides; total = offense + defense
Total,drb,0.37428581909568515,0.07735587850500669,rolling,2019-2021,2020.0,2019,2021,7113.8,total,DRB,positive = good on both sides; total = offense + defense
Total,ast,0.5372816151801314,0.07846496665769363,rolling,2019-2021,2020.0,2019,2021,7113.8,total,AST,positive = good on both sides; total = offense + defense
Total,tov,-1.0256882901590954,0.2072655597513322,rolling,2019-2021,2020.0,2019,2021,7113.8,total,TOV,positive = good on both sides; total = offense + defense
Total,stl,1.181093968754834,0.3067004967536543,rolling,2019-2021,2020.0,2019,2021,7113.8,total,STL,positive = good on both sides; total = offense + defense
Total,blk,0.8672500556187748,0.2197208209712797,rolling,2019-2021,2020.0,2019,2021,7113.8,total,BLK,positive = good on both sides; total = offense + defense
Total,pf,-0.2783917550924319,0.14076693938921148,rolling,2019-2021,2020.0,2019,2021,7113.8,total,PF,positive = good on both sides; total = offense + defense
O,fg3m,1.185599190360037,0.12542603216785783,rolling,2020-2022,2021.0,2020,2022,7113.8,offense,3PM,positive = good on both sides; total = offense + defense
O,fg3_miss,-0.1962717454225309,0.08049595049658013,rolling,2020-2022,2021.0,2020,2022,7113.8,offense,3P miss,positive = good on both sides; total = offense + defense
O,fg2m,0.6305019348599354,0.0696451054237846,rolling,2020-2022,2021.0,2020,2022,7113.8,offense,2PM,positive = good on both sides; total = offense + defense
O,fg2_miss,-0.45186974064265933,0.06799876683363829,rolling,2020-2022,2021.0,2020,2022,7113.8,offense,2P miss,positive = good on both sides; total = offense + defense
O,ftm,0.6365011418686481,0.06784651035060008,rolling,2020-2022,2021.0,2020,2022,7113.8,offense,FTM,positive = good on both sides; total = offense + defense
O,ft_miss,-0.7512941807716349,0.18791854406974234,rolling,2020-2022,2021.0,2020,2022,7113.8,offense,FT miss,positive = good on both sides; total = offense + defense
O,orb,0.6348017034150925,0.10077148825460693,rolling,2020-2022,2021.0,2020,2022,7113.8,offense,ORB,positive = good on both sides; total = offense + defense
O,drb,-0.027119380088071292,0.05266664479767248,rolling,2020-2022,2021.0,2020,2022,7113.8,offense,DRB,positive = good on both sides; total = offense + defense
O,ast,0.29055043954507775,0.05415156861702417,rolling,2020-2022,2021.0,2020,2022,7113.8,offense,AST,positive = good on both sides; total = offense + defense
O,tov,-0.49977190897209933,0.13608038272666645,rolling,2020-2022,2021.0,2020,2022,7113.8,offense,TOV,positive = good on both sides; total = offense + defense
O,stl,0.3272618708573249,0.21483330293026975,rolling,2020-2022,2021.0,2020,2022,7113.8,offense,STL,positive = good on both sides; total = offense + defense
O,blk,-0.1714492174258573,0.15844851536375285,rolling,2020-2022,2021.0,2020,2022,7113.8,offense,BLK,positive = good on both sides; total = offense + defense
O,pf,-0.14532995359831163,0.09628131200952608,rolling,2020-2022,2021.0,2020,2022,7113.8,offense,PF,positive = good on both sides; total = offense + defense
D,fg3m,0.0992238917363186,0.13221453176901743,rolling,2020-2022,2021.0,2020,2022,7113.8,defense,3PM,positive = good on both sides; total = offense + defense
D,fg3_miss,-0.151711269319208,0.08471411510167194,rolling,2020-2022,2021.0,2020,2022,7113.8,defense,3P miss,positive = good on both sides; total = offense + defense
D,fg2m,0.03918991409483345,0.07372540235382741,rolling,2020-2022,2021.0,2020,2022,7113.8,defense,2PM,positive = good on both sides; total = offense + defense
D,fg2_miss,-0.2198943724555275,0.07285383940421708,rolling,2020-2022,2021.0,2020,2022,7113.8,defense,2P miss,positive = good on both sides; total = offense + defense
D,ftm,0.06920068052659926,0.07213424767118375,rolling,2020-2022,2021.0,2020,2022,7113.8,defense,FTM,positive = good on both sides; total = offense + defense
D,ft_miss,-0.20232665860828772,0.20059825584824742,rolling,2020-2022,2021.0,2020,2022,7113.8,defense,FT miss,positive = good on both sides; total = offense + defense
D,orb,-0.14001003789492866,0.10679659542074725,rolling,2020-2022,2021.0,2020,2022,7113.8,defense,ORB,positive = good on both sides; total = offense + defense
D,drb,0.45084459384737213,0.05509917255798425,rolling,2020-2022,2021.0,2020,2022,7113.8,defense,DRB,positive = good on both sides; total = offense + defense
D,ast,0.22810204543867435,0.05681836125281331,rolling,2020-2022,2021.0,2020,2022,7113.8,defense,AST,positive = good on both sides; total = offense + defense
D,tov,-0.3912441947480477,0.14579636590652045,rolling,2020-2022,2021.0,2020,2022,7113.8,defense,TOV,positive = good on both sides; total = offense + defense
D,stl,1.1584689466102063,0.2288146312439778,rolling,2020-2022,2021.0,2020,2022,7113.8,defense,STL,positive = good on both sides; total = offense + defense
D,blk,0.8054292403152263,0.16697408766052382,rolling,2020-2022,2021.0,2020,2022,7113.8,defense,BLK,positive = good on both sides; total = offense + defense
D,pf,-0.06780110640358615,0.10156648760235967,rolling,2020-2022,2021.0,2020,2022,7113.8,defense,PF,positive = good on both sides; total = offense + defense
Total,fg3m,1.2848230820963555,0.18345423643299621,rolling,2020-2022,2021.0,2020,2022,7113.8,total,3PM,positive = good on both sides; total = offense + defense
Total,fg3_miss,-0.34798301474173887,0.11718307880583555,rolling,2020-2022,2021.0,2020,2022,7113.8,total,3P miss,positive = good on both sides; total = offense + defense
Total,fg2m,0.6696918489547689,0.10134338586621723,rolling,2020-2022,2021.0,2020,2022,7113.8,total,2PM,positive = good on both sides; total = offense + defense
Total,fg2_miss,-0.6717641130981868,0.09896077960197883,rolling,2020-2022,2021.0,2020,2022,7113.8,total,2P miss,positive = good on both sides; total = offense + defense
Total,ftm,0.7057018223952474,0.09924184247744537,rolling,2020-2022,2021.0,2020,2022,7113.8,total,FTM,positive = good on both sides; total = offense + defense
Total,ft_miss,-0.9536208393799226,0.2747251645301748,rolling,2020-2022,2021.0,2020,2022,7113.8,total,FT miss,positive = good on both sides; total = offense + defense
Total,orb,0.4947916655201638,0.14714836844861215,rolling,2020-2022,2021.0,2020,2022,7113.8,total,ORB,positive = good on both sides; total = offense + defense
Total,drb,0.42372521375930083,0.07675630179997615,rolling,2020-2022,2021.0,2020,2022,7113.8,total,DRB,positive = good on both sides; total = offense + defense
Total,ast,0.5186524849837522,0.07900634049414354,rolling,2020-2022,2021.0,2020,2022,7113.8,total,AST,positive = good on both sides; total = offense + defense
Total,tov,-0.8910161037201471,0.20103225250624676,rolling,2020-2022,2021.0,2020,2022,7113.8,total,TOV,positive = good on both sides; total = offense + defense
Total,stl,1.4857308174675312,0.31333069760960364,rolling,2020-2022,2021.0,2020,2022,7113.8,total,STL,positive = good on both sides; total = offense + defense
Total,blk,0.633980022889369,0.23041415308636334,rolling,2020-2022,2021.0,2020,2022,7113.8,total,BLK,positive = good on both sides; total = offense + defense
Total,pf,-0.2131310600018978,0.14089059899376655,rolling,2020-2022,2021.0,2020,2022,7113.8,total,PF,positive = good on both sides; total = offense + defense
O,fg3m,1.1230127112822912,0.123220710043338,rolling,2021-2023,2022.0,2021,2023,7113.8,offense,3PM,positive = good on both sides; total = offense + defense
O,fg3_miss,-0.25011973152837896,0.07967277550221735,rolling,2021-2023,2022.0,2021,2023,7113.8,offense,3P miss,positive = good on both sides; total = offense + defense
O,fg2m,0.543895998634448,0.06842742781351359,rolling,2021-2023,2022.0,2021,2023,7113.8,offense,2PM,positive = good on both sides; total = offense + defense
O,fg2_miss,-0.48507774951056604,0.06826596531068871,rolling,2021-2023,2022.0,2021,2023,7113.8,offense,2P miss,positive = good on both sides; total = offense + defense
O,ftm,0.6997776804177114,0.06495922107546494,rolling,2021-2023,2022.0,2021,2023,7113.8,offense,FTM,positive = good on both sides; total = offense + defense
O,ft_miss,-0.8034653057450625,0.1829763176408762,rolling,2021-2023,2022.0,2021,2023,7113.8,offense,FT miss,positive = good on both sides; total = offense + defense
O,orb,0.7194429373100137,0.09639555721645901,rolling,2021-2023,2022.0,2021,2023,7113.8,offense,ORB,positive = good on both sides; total = offense + defense
O,drb,0.028046322598350652,0.05280650026785918,rolling,2021-2023,2022.0,2021,2023,7113.8,offense,DRB,positive = good on both sides; total = offense + defense
O,ast,0.3578048920430583,0.05177777013214791,rolling,2021-2023,2022.0,2021,2023,7113.8,offense,AST,positive = good on both sides; total = offense + defense
O,tov,-0.6002999251977595,0.1326813182958454,rolling,2021-2023,2022.0,2021,2023,7113.8,offense,TOV,positive = good on both sides; total = offense + defense
O,stl,0.5242675260540796,0.22071146005207223,rolling,2021-2023,2022.0,2021,2023,7113.8,offense,STL,positive = good on both sides; total = offense + defense
O,blk,-0.029601157380646496,0.15413426315804293,rolling,2021-2023,2022.0,2021,2023,7113.8,offense,BLK,positive = good on both sides; total = offense + defense
O,pf,-0.23940324301046045,0.09603520796368757,rolling,2021-2023,2022.0,2021,2023,7113.8,offense,PF,positive = good on both sides; total = offense + defense
D,fg3m,0.11320549893341893,0.13003099609462968,rolling,2021-2023,2022.0,2021,2023,7113.8,defense,3PM,positive = good on both sides; total = offense + defense
D,fg3_miss,-0.11400761854573677,0.0838449308509429,rolling,2021-2023,2022.0,2021,2023,7113.8,defense,3P miss,positive = good on both sides; total = offense + defense
D,fg2m,0.1759610051278946,0.07246882324350827,rolling,2021-2023,2022.0,2021,2023,7113.8,defense,2PM,positive = good on both sides; total = offense + defense
D,fg2_miss,-0.29466630195601523,0.07309707453907159,rolling,2021-2023,2022.0,2021,2023,7113.8,defense,2P miss,positive = good on both sides; total = offense + defense
D,ftm,0.13176987779201202,0.06905370493760259,rolling,2021-2023,2022.0,2021,2023,7113.8,defense,FTM,positive = good on both sides; total = offense + defense
D,ft_miss,-0.34911771266040414,0.19601912643021738,rolling,2021-2023,2022.0,2021,2023,7113.8,defense,FT miss,positive = good on both sides; total = offense + defense
D,orb,-0.03247493994526415,0.10237609313715937,rolling,2021-2023,2022.0,2021,2023,7113.8,defense,ORB,positive = good on both sides; total = offense + defense
D,drb,0.29485937474716745,0.055227714988629356,rolling,2021-2023,2022.0,2021,2023,7113.8,defense,DRB,positive = good on both sides; total = offense + defense
D,ast,0.20274008133997545,0.054301636126004305,rolling,2021-2023,2022.0,2021,2023,7113.8,defense,AST,positive = good on both sides; total = offense + defense
D,tov,-0.39554937163019344,0.14189527064696397,rolling,2021-2023,2022.0,2021,2023,7113.8,defense,TOV,positive = good on both sides; total = offense + defense
D,stl,1.2737029096801968,0.2347110613401595,rolling,2021-2023,2022.0,2021,2023,7113.8,defense,STL,positive = good on both sides; total = offense + defense
D,blk,0.9953447480922135,0.16309136145846237,rolling,2021-2023,2022.0,2021,2023,7113.8,defense,BLK,positive = good on both sides; total = offense + defense
D,pf,-0.04872175341239935,0.10144023244173664,rolling,2021-2023,2022.0,2021,2023,7113.8,defense,PF,positive = good on both sides; total = offense + defense
Total,fg3m,1.2362182102157102,0.18057274644289917,rolling,2021-2023,2022.0,2021,2023,7113.8,total,3PM,positive = good on both sides; total = offense + defense
Total,fg3_miss,-0.36412735007411573,0.11599217107273581,rolling,2021-2023,2022.0,2021,2023,7113.8,total,3P miss,positive = good on both sides; total = offense + defense
Total,fg2m,0.7198570037623426,0.09962637097345615,rolling,2021-2023,2022.0,2021,2023,7113.8,total,2PM,positive = good on both sides; total = offense + defense
Total,fg2_miss,-0.7797440514665812,0.09933486005808721,rolling,2021-2023,2022.0,2021,2023,7113.8,total,2P miss,positive = good on both sides; total = offense + defense
Total,ftm,0.8315475582097234,0.09457791715072618,rolling,2021-2023,2022.0,2021,2023,7113.8,total,FTM,positive = good on both sides; total = offense + defense
Total,ft_miss,-1.1525830184054666,0.2694139885574468,rolling,2021-2023,2022.0,2021,2023,7113.8,total,FT miss,positive = good on both sides; total = offense + defense
Total,orb,0.6869679973647496,0.14071943885505156,rolling,2021-2023,2022.0,2021,2023,7113.8,total,ORB,positive = good on both sides; total = offense + defense
Total,drb,0.3229056973455181,0.07676657566882736,rolling,2021-2023,2022.0,2021,2023,7113.8,total,DRB,positive = good on both sides; total = offense + defense
Total,ast,0.5605449733830338,0.07560839687387994,rolling,2021-2023,2022.0,2021,2023,7113.8,total,AST,positive = good on both sides; total = offense + defense
Total,tov,-0.995849296827953,0.19702516060308098,rolling,2021-2023,2022.0,2021,2023,7113.8,total,TOV,positive = good on both sides; total = offense + defense
Total,stl,1.7979704357342765,0.32141431697840356,rolling,2021-2023,2022.0,2021,2023,7113.8,total,STL,positive = good on both sides; total = offense + defense
Total,blk,0.965743590711567,0.22442113789504897,rolling,2021-2023,2022.0,2021,2023,7113.8,total,BLK,positive = good on both sides; total = offense + defense
Total,pf,-0.2881249964228598,0.14036216331638807,rolling,2021-2023,2022.0,2021,2023,7113.8,total,PF,positive = good on both sides; total = offense + defense
O,fg3m,0.9779397241419888,0.12672081993523587,rolling,2022-2024,2023.0,2022,2024,7113.8,offense,3PM,positive = good on both sides; total = offense + defense
O,fg3_miss,-0.21359012370699632,0.08130290615673914,rolling,2022-2024,2023.0,2022,2024,7113.8,offense,3P miss,positive = good on both sides; total = offense + defense
O,fg2m,0.5245726318652084,0.06927113293643086,rolling,2022-2024,2023.0,2022,2024,7113.8,offense,2PM,positive = good on both sides; total = offense + defense
O,fg2_miss,-0.5642415465870891,0.07155614270080633,rolling,2022-2024,2023.0,2022,2024,7113.8,offense,2P miss,positive = good on both sides; total = offense + defense
O,ftm,0.7067835592106004,0.06507180548985876,rolling,2022-2024,2023.0,2022,2024,7113.8,offense,FTM,positive = good on both sides; total = offense + defense
O,ft_miss,-0.49101204941057974,0.18713395891895934,rolling,2022-2024,2023.0,2022,2024,7113.8,offense,FT miss,positive = good on both sides; total = offense + defense
O,orb,0.6747190198440822,0.0923880403097067,rolling,2022-2024,2023.0,2022,2024,7113.8,offense,ORB,positive = good on both sides; total = offense + defense
O,drb,0.05070673235942814,0.053153478747360455,rolling,2022-2024,2023.0,2022,2024,7113.8,offense,DRB,positive = good on both sides; total = offense + defense
O,ast,0.4162669614506862,0.04995188106399391,rolling,2022-2024,2023.0,2022,2024,7113.8,offense,AST,positive = good on both sides; total = offense + defense
O,tov,-0.7871714091288404,0.13382663142275203,rolling,2022-2024,2023.0,2022,2024,7113.8,offense,TOV,positive = good on both sides; total = offense + defense
O,stl,0.37100202361011103,0.2122976966375984,rolling,2022-2024,2023.0,2022,2024,7113.8,offense,STL,positive = good on both sides; total = offense + defense
O,blk,-0.1742067497246254,0.14606306630028532,rolling,2022-2024,2023.0,2022,2024,7113.8,offense,BLK,positive = good on both sides; total = offense + defense
O,pf,-0.22655383635211976,0.09421183710886413,rolling,2022-2024,2023.0,2022,2024,7113.8,offense,PF,positive = good on both sides; total = offense + defense
D,fg3m,0.14401460705556002,0.1335023968998991,rolling,2022-2024,2023.0,2022,2024,7113.8,defense,3PM,positive = good on both sides; total = offense + defense
D,fg3_miss,-0.12436799188990004,0.08556580375984014,rolling,2022-2024,2023.0,2022,2024,7113.8,defense,3P miss,positive = good on both sides; total = offense + defense
D,fg2m,0.15599441790600482,0.07344187332615959,rolling,2022-2024,2023.0,2022,2024,7113.8,defense,2PM,positive = good on both sides; total = offense + defense
D,fg2_miss,-0.32730153859502786,0.0765429470334606,rolling,2022-2024,2023.0,2022,2024,7113.8,defense,2P miss,positive = good on both sides; total = offense + defense
D,ftm,0.1870294845768473,0.06930710073512907,rolling,2022-2024,2023.0,2022,2024,7113.8,defense,FTM,positive = good on both sides; total = offense + defense
D,ft_miss,-0.30447681410158695,0.20085899348103076,rolling,2022-2024,2023.0,2022,2024,7113.8,defense,FT miss,positive = good on both sides; total = offense + defense
D,orb,0.045726762073350295,0.09838543523790079,rolling,2022-2024,2023.0,2022,2024,7113.8,defense,ORB,positive = good on both sides; total = offense + defense
D,drb,0.3288556485647435,0.05559906303383526,rolling,2022-2024,2023.0,2022,2024,7113.8,defense,DRB,positive = good on both sides; total = offense + defense
D,ast,0.19994945667423092,0.05243871339044912,rolling,2022-2024,2023.0,2022,2024,7113.8,defense,AST,positive = good on both sides; total = offense + defense
D,tov,-0.452959417697811,0.14365293391591433,rolling,2022-2024,2023.0,2022,2024,7113.8,defense,TOV,positive = good on both sides; total = offense + defense
D,stl,1.7551156696535357,0.22598788700695835,rolling,2022-2024,2023.0,2022,2024,7113.8,defense,STL,positive = good on both sides; total = offense + defense
D,blk,1.0009084634007908,0.15546462129697128,rolling,2022-2024,2023.0,2022,2024,7113.8,defense,BLK,positive = good on both sides; total = offense + defense
D,pf,-0.07018558953035989,0.09978947990789461,rolling,2022-2024,2023.0,2022,2024,7113.8,defense,PF,positive = good on both sides; total = offense + defense
Total,fg3m,1.1219543311975488,0.18581613584801995,rolling,2022-2024,2023.0,2022,2024,7113.8,total,3PM,positive = good on both sides; total = offense + defense
Total,fg3_miss,-0.33795811559689637,0.11831222593512508,rolling,2022-2024,2023.0,2022,2024,7113.8,total,3P miss,positive = good on both sides; total = offense + defense
Total,fg2m,0.6805670497712133,0.10137783814370652,rolling,2022-2024,2023.0,2022,2024,7113.8,total,2PM,positive = good on both sides; total = offense + defense
Total,fg2_miss,-0.891543085182117,0.10453845384189137,rolling,2022-2024,2023.0,2022,2024,7113.8,total,2P miss,positive = good on both sides; total = offense + defense
Total,ftm,0.8938130437874477,0.09478768406409367,rolling,2022-2024,2023.0,2022,2024,7113.8,total,FTM,positive = good on both sides; total = offense + defense
Total,ft_miss,-0.7954888635121666,0.2749668220533946,rolling,2022-2024,2023.0,2022,2024,7113.8,total,FT miss,positive = good on both sides; total = offense + defense
Total,orb,0.7204457819174325,0.13494932737584792,rolling,2022-2024,2023.0,2022,2024,7113.8,total,ORB,positive = good on both sides; total = offense + defense
Total,drb,0.3795623809241716,0.0773581752900839,rolling,2022-2024,2023.0,2022,2024,7113.8,total,DRB,positive = good on both sides; total = offense + defense
Total,ast,0.6162164181249171,0.0727086210041027,rolling,2022-2024,2023.0,2022,2024,7113.8,total,AST,positive = good on both sides; total = offense + defense
Total,tov,-1.2401308268266513,0.1972163755212847,rolling,2022-2024,2023.0,2022,2024,7113.8,total,TOV,positive = good on both sides; total = offense + defense
Total,stl,2.1261176932636467,0.31007937159280985,rolling,2022-2024,2023.0,2022,2024,7113.8,total,STL,positive = good on both sides; total = offense + defense
Total,blk,0.8267017136761654,0.21313029862250987,rolling,2022-2024,2023.0,2022,2024,7113.8,total,BLK,positive = good on both sides; total = offense + defense
Total,pf,-0.29673942588247965,0.13765232505421232,rolling,2022-2024,2023.0,2022,2024,7113.8,total,PF,positive = good on both sides; total = offense + defense
O,fg3m,0.8267697120548692,0.12887716008706893,rolling,2023-2025,2024.0,2023,2025,7113.8,offense,3PM,positive = good on both sides; total = offense + defense
O,fg3_miss,-0.13369498464895668,0.08304667459050626,rolling,2023-2025,2024.0,2023,2025,7113.8,offense,3P miss,positive = good on both sides; total = offense + defense
O,fg2m,0.5831851557805076,0.06992665907519945,rolling,2023-2025,2024.0,2023,2025,7113.8,offense,2PM,positive = good on both sides; total = offense + defense
O,fg2_miss,-0.7207223055263952,0.07595656154475636,rolling,2023-2025,2024.0,2023,2025,7113.8,offense,2P miss,positive = good on both sides; total = offense + defense
O,ftm,0.7247407395713508,0.06815068800527256,rolling,2023-2025,2024.0,2023,2025,7113.8,offense,FTM,positive = good on both sides; total = offense + defense
O,ft_miss,-0.5793486694671632,0.1927872472145345,rolling,2023-2025,2024.0,2023,2025,7113.8,offense,FT miss,positive = good on both sides; total = offense + defense
O,orb,0.5644834696233285,0.09106904142088584,rolling,2023-2025,2024.0,2023,2025,7113.8,offense,ORB,positive = good on both sides; total = offense + defense
O,drb,0.09509741674184659,0.05488096931882252,rolling,2023-2025,2024.0,2023,2025,7113.8,offense,DRB,positive = good on both sides; total = offense + defense
O,ast,0.44232022012205985,0.04980998528547861,rolling,2023-2025,2024.0,2023,2025,7113.8,offense,AST,positive = good on both sides; total = offense + defense
O,tov,-0.846387085863475,0.1351718478968762,rolling,2023-2025,2024.0,2023,2025,7113.8,offense,TOV,positive = good on both sides; total = offense + defense
O,stl,0.6309855381134168,0.21018021904262935,rolling,2023-2025,2024.0,2023,2025,7113.8,offense,STL,positive = good on both sides; total = offense + defense
O,blk,-0.23763368724680473,0.14184601026020507,rolling,2023-2025,2024.0,2023,2025,7113.8,offense,BLK,positive = good on both sides; total = offense + defense
O,pf,-0.23068216052299975,0.09771845753346281,rolling,2023-2025,2024.0,2023,2025,7113.8,offense,PF,positive = good on both sides; total = offense + defense
D,fg3m,0.19502797267350117,0.13594421845525184,rolling,2023-2025,2024.0,2023,2025,7113.8,defense,3PM,positive = good on both sides; total = offense + defense
D,fg3_miss,-0.13686360603585407,0.08770536425345515,rolling,2023-2025,2024.0,2023,2025,7113.8,defense,3P miss,positive = good on both sides; total = offense + defense
D,fg2m,0.12373115604060672,0.07406182885945994,rolling,2023-2025,2024.0,2023,2025,7113.8,defense,2PM,positive = good on both sides; total = offense + defense
D,fg2_miss,-0.26790822162480865,0.08119442089538753,rolling,2023-2025,2024.0,2023,2025,7113.8,defense,2P miss,positive = good on both sides; total = offense + defense
D,ftm,0.20596302378280787,0.0723582087416954,rolling,2023-2025,2024.0,2023,2025,7113.8,defense,FTM,positive = good on both sides; total = offense + defense
D,ft_miss,0.023313510810192478,0.2063481499266369,rolling,2023-2025,2024.0,2023,2025,7113.8,defense,FT miss,positive = good on both sides; total = offense + defense
D,orb,0.12132321763946596,0.09722377741700605,rolling,2023-2025,2024.0,2023,2025,7113.8,defense,ORB,positive = good on both sides; total = offense + defense
D,drb,0.2768286271292536,0.05737883860598771,rolling,2023-2025,2024.0,2023,2025,7113.8,defense,DRB,positive = good on both sides; total = offense + defense
D,ast,0.13901412462790066,0.05231836102666408,rolling,2023-2025,2024.0,2023,2025,7113.8,defense,AST,positive = good on both sides; total = offense + defense
D,tov,-0.7062847280962314,0.14546596028625236,rolling,2023-2025,2024.0,2023,2025,7113.8,defense,TOV,positive = good on both sides; total = offense + defense
D,stl,1.85733173948723,0.2242598137657828,rolling,2023-2025,2024.0,2023,2025,7113.8,defense,STL,positive = good on both sides; total = offense + defense
D,blk,1.0758991655295003,0.1506429045816742,rolling,2023-2025,2024.0,2023,2025,7113.8,defense,BLK,positive = good on both sides; total = offense + defense
D,pf,0.09260825400786377,0.10363406052829145,rolling,2023-2025,2024.0,2023,2025,7113.8,defense,PF,positive = good on both sides; total = offense + defense
Total,fg3m,1.0217976847283703,0.18857594136435177,rolling,2023-2025,2024.0,2023,2025,7113.8,total,3PM,positive = good on both sides; total = offense + defense
Total,fg3_miss,-0.27055859068481075,0.12110918336112475,rolling,2023-2025,2024.0,2023,2025,7113.8,total,3P miss,positive = good on both sides; total = offense + defense
Total,fg2m,0.7069163118211143,0.10205590554311245,rolling,2023-2025,2024.0,2023,2025,7113.8,total,2PM,positive = good on both sides; total = offense + defense
Total,fg2_miss,-0.9886305271512038,0.11091311233076064,rolling,2023-2025,2024.0,2023,2025,7113.8,total,2P miss,positive = good on both sides; total = offense + defense
Total,ftm,0.9307037633541586,0.09937774481083703,rolling,2023-2025,2024.0,2023,2025,7113.8,total,FTM,positive = good on both sides; total = offense + defense
Total,ft_miss,-0.5560351586569707,0.2835086470311699,rolling,2023-2025,2024.0,2023,2025,7113.8,total,FT miss,positive = good on both sides; total = offense + defense
Total,orb,0.6858066872627945,0.13370339108046145,rolling,2023-2025,2024.0,2023,2025,7113.8,total,ORB,positive = good on both sides; total = offense + defense
Total,drb,0.3719260438711002,0.07965645729524302,rolling,2023-2025,2024.0,2023,2025,7113.8,total,DRB,positive = good on both sides; total = offense + defense
Total,ast,0.5813343447499605,0.07235753753822342,rolling,2023-2025,2024.0,2023,2025,7113.8,total,AST,positive = good on both sides; total = offense + defense
Total,tov,-1.5526718139597064,0.19847454611986096,rolling,2023-2025,2024.0,2023,2025,7113.8,total,TOV,positive = good on both sides; total = offense + defense
Total,stl,2.488317277600647,0.30668917865960554,rolling,2023-2025,2024.0,2023,2025,7113.8,total,STL,positive = good on both sides; total = offense + defense
Total,blk,0.8382654782826955,0.20700873512474763,rolling,2023-2025,2024.0,2023,2025,7113.8,total,BLK,positive = good on both sides; total = offense + defense
Total,pf,-0.13807390651513599,0.14299902030569028,rolling,2023-2025,2024.0,2023,2025,7113.8,total,PF,positive = good on both sides; total = offense + defense
O,fg3m,0.9986164369566826,0.12588692220330827,rolling,2024-2026,2025.0,2024,2026,7113.8,offense,3PM,positive = good on both sides; total = offense + defense
O,fg3_miss,-0.1354896577585745,0.08091536458179285,rolling,2024-2026,2025.0,2024,2026,7113.8,offense,3P miss,positive = good on both sides; total = offense + defense
O,fg2m,0.7083182264984514,0.07004351230736483,rolling,2024-2026,2025.0,2024,2026,7113.8,offense,2PM,positive = good on both sides; total = offense + defense
O,fg2_miss,-0.6911145120784519,0.07623778020712976,rolling,2024-2026,2025.0,2024,2026,7113.8,offense,2P miss,positive = good on both sides; total = offense + defense
O,ftm,0.6552712143113135,0.07004649100183692,rolling,2024-2026,2025.0,2024,2026,7113.8,offense,FTM,positive = good on both sides; total = offense + defense
O,ft_miss,-0.5253974018959927,0.20972264301024204,rolling,2024-2026,2025.0,2024,2026,7113.8,offense,FT miss,positive = good on both sides; total = offense + defense
O,orb,0.5758622761375992,0.08650686665920912,rolling,2024-2026,2025.0,2024,2026,7113.8,offense,ORB,positive = good on both sides; total = offense + defense
O,drb,0.0795134983766789,0.05460444201904989,rolling,2024-2026,2025.0,2024,2026,7113.8,offense,DRB,positive = good on both sides; total = offense + defense
O,ast,0.372049453491732,0.049056982869997726,rolling,2024-2026,2025.0,2024,2026,7113.8,offense,AST,positive = good on both sides; total = offense + defense
O,tov,-0.8251807468643211,0.13363606054474572,rolling,2024-2026,2025.0,2024,2026,7113.8,offense,TOV,positive = good on both sides; total = offense + defense
O,stl,0.5277303068595162,0.19594775061551686,rolling,2024-2026,2025.0,2024,2026,7113.8,offense,STL,positive = good on both sides; total = offense + defense
O,blk,-0.34243371645603865,0.14267794888665883,rolling,2024-2026,2025.0,2024,2026,7113.8,offense,BLK,positive = good on both sides; total = offense + defense
O,pf,-0.16206126369369006,0.09936224281412726,rolling,2024-2026,2025.0,2024,2026,7113.8,offense,PF,positive = good on both sides; total = offense + defense
D,fg3m,0.3250566054478822,0.13271123697267972,rolling,2024-2026,2025.0,2024,2026,7113.8,defense,3PM,positive = good on both sides; total = offense + defense
D,fg3_miss,-0.162354063054666,0.08545423864661505,rolling,2024-2026,2025.0,2024,2026,7113.8,defense,3P miss,positive = good on both sides; total = offense + defense
D,fg2m,0.01614547828489958,0.07407473757394066,rolling,2024-2026,2025.0,2024,2026,7113.8,defense,2PM,positive = good on both sides; total = offense + defense
D,fg2_miss,-0.2023656796120805,0.08163052302108476,rolling,2024-2026,2025.0,2024,2026,7113.8,defense,2P miss,positive = good on both sides; total = offense + defense
D,ftm,0.20428334231290415,0.0743428898048028,rolling,2024-2026,2025.0,2024,2026,7113.8,defense,FTM,positive = good on both sides; total = offense + defense
D,ft_miss,0.1695046656818678,0.22401404916739565,rolling,2024-2026,2025.0,2024,2026,7113.8,defense,FT miss,positive = good on both sides; total = offense + defense
D,orb,0.23735427597585831,0.09247540917381893,rolling,2024-2026,2025.0,2024,2026,7113.8,defense,ORB,positive = good on both sides; total = offense + defense
D,drb,0.3709031417865306,0.05701710024220334,rolling,2024-2026,2025.0,2024,2026,7113.8,defense,DRB,positive = good on both sides; total = offense + defense
D,ast,0.1401866674644399,0.05154205303871274,rolling,2024-2026,2025.0,2024,2026,7113.8,defense,AST,positive = good on both sides; total = offense + defense
D,tov,-0.8149658400927804,0.14362156465617912,rolling,2024-2026,2025.0,2024,2026,7113.8,defense,TOV,positive = good on both sides; total = offense + defense
D,stl,1.9198229933845203,0.20936301839208632,rolling,2024-2026,2025.0,2024,2026,7113.8,defense,STL,positive = good on both sides; total = offense + defense
D,blk,1.2409715102580878,0.15074603187183913,rolling,2024-2026,2025.0,2024,2026,7113.8,defense,BLK,positive = good on both sides; total = offense + defense
D,pf,0.012282641078247926,0.1052516023701568,rolling,2024-2026,2025.0,2024,2026,7113.8,defense,PF,positive = good on both sides; total = offense + defense
Total,fg3m,1.3236730424045646,0.18479789697986126,rolling,2024-2026,2025.0,2024,2026,7113.8,total,3PM,positive = good on both sides; total = offense + defense
Total,fg3_miss,-0.2978437208132405,0.11812680500191354,rolling,2024-2026,2025.0,2024,2026,7113.8,total,3P miss,positive = good on both sides; total = offense + defense
Total,fg2m,0.724463704783351,0.10224132467123372,rolling,2024-2026,2025.0,2024,2026,7113.8,total,2PM,positive = good on both sides; total = offense + defense
Total,fg2_miss,-0.8934801916905324,0.1117782121366736,rolling,2024-2026,2025.0,2024,2026,7113.8,total,2P miss,positive = good on both sides; total = offense + defense
Total,ftm,0.8595545566242176,0.102177832577972,rolling,2024-2026,2025.0,2024,2026,7113.8,total,FTM,positive = good on both sides; total = offense + defense
Total,ft_miss,-0.35589273621412487,0.30714165610543837,rolling,2024-2026,2025.0,2024,2026,7113.8,total,FT miss,positive = good on both sides; total = offense + defense
Total,orb,0.8132165521134576,0.12703837919762961,rolling,2024-2026,2025.0,2024,2026,7113.8,total,ORB,positive = good on both sides; total = offense + defense
Total,drb,0.4504166401632095,0.07922919724343849,rolling,2024-2026,2025.0,2024,2026,7113.8,total,DRB,positive = good on both sides; total = offense + defense
Total,ast,0.5122361209561719,0.07130203691131756,rolling,2024-2026,2025.0,2024,2026,7113.8,total,AST,positive = good on both sides; total = offense + defense
Total,tov,-1.6401465869571015,0.1955335331628585,rolling,2024-2026,2025.0,2024,2026,7113.8,total,TOV,positive = good on both sides; total = offense + defense
Total,stl,2.4475533002440364,0.2867676763103973,rolling,2024-2026,2025.0,2024,2026,7113.8,total,STL,positive = good on both sides; total = offense + defense
Total,blk,0.8985377938020491,0.20839011978684208,rolling,2024-2026,2025.0,2024,2026,7113.8,total,BLK,positive = good on both sides; total = offense + defense
Total,pf,-0.14977862261544214,0.14544272625461507,rolling,2024-2026,2025.0,2024,2026,7113.8,total,PF,positive = good on both sides; total = offense + defense
