window,window_mid,feature_i,feature_j,corr,sd_i
1997-1999,1998.0,fg3m,fg3m,1.0,1.1303815434661568
1997-1999,1998.0,fg3m,fg3_miss,0.9597354770545258,1.1303815434661568
1997-1999,1998.0,fg3m,fg2m,-0.4308404841273075,1.1303815434661568
1997-1999,1998.0,fg3m,fg2_miss,-0.37225045267673373,1.1303815434661568
1997-1999,1998.0,fg3m,ftm,-0.14048151373980552,1.1303815434661568
1997-1999,1998.0,fg3m,ft_miss,-0.48153853725829354,1.1303815434661568
1997-1999,1998.0,fg3m,orb,-0.6590515081715471,1.1303815434661568
1997-1999,1998.0,fg3m,drb,-0.569761106823663,1.1303815434661568
1997-1999,1998.0,fg3m,ast,0.30459024785663225,1.1303815434661568
1997-1999,1998.0,fg3m,tov,-0.06461218610529199,1.1303815434661568
1997-1999,1998.0,fg3m,stl,0.23939621617518234,1.1303815434661568
1997-1999,1998.0,fg3m,blk,-0.4698881433682687,1.1303815434661568
1997-1999,1998.0,fg3m,pf,-0.46591035286932114,1.1303815434661568
1997-1999,1998.0,fg3_miss,fg3m,0.9597354770545258,1.897347432753273
1997-1999,1998.0,fg3_miss,fg3_miss,1.0,1.897347432753273
1997-1999,1998.0,fg3_miss,fg2m,-0.42086361953968554,1.897347432753273
1997-1999,1998.0,fg3_miss,fg2_miss,-0.3350036693949114,1.897347432753273
1997-1999,1998.0,fg3_miss,ftm,-0.1269809304772257,1.897347432753273
1997-1999,1998.0,fg3_miss,ft_miss,-0.46499572257043414,1.897347432753273
1997-1999,1998.0,fg3_miss,orb,-0.6747952522257952,1.897347432753273
1997-1999,1998.0,fg3_miss,drb,-0.5905908044410452,1.897347432753273
1997-1999,1998.0,fg3_miss,ast,0.3550510094298911,1.897347432753273
1997-1999,1998.0,fg3_miss,tov,-0.0047595231824519345,1.897347432753273
1997-1999,1998.0,fg3_miss,stl,0.2891810581305416,1.897347432753273
1997-1999,1998.0,fg3_miss,blk,-0.4930617392089921,1.897347432753273
1997-1999,1998.0,fg3_miss,pf,-0.4744605764100469,1.897347432753273
1997-1999,1998.0,fg2m,fg3m,-0.4308404841273075,2.3330258020766137
1997-1999,1998.0,fg2m,fg3_miss,-0.42086361953968554,2.3330258020766137
1997-1999,1998.0,fg2m,fg2m,1.0,2.3330258020766137
1997-1999,1998.0,fg2m,fg2_miss,0.8613973253744239,2.3330258020766137
1997-1999,1998.0,fg2m,ftm,0.6343315470629158,2.3330258020766137
1997-1999,1998.0,fg2m,ft_miss,0.5698074246344207,2.3330258020766137
1997-1999,1998.0,fg2m,orb,0.3125741444713778,2.3330258020766137
1997-1999,1998.0,fg2m,drb,0.3774703354194361,2.3330258020766137
1997-1999,1998.0,fg2m,ast,-0.11792195563884453,2.3330258020766137
1997-1999,1998.0,fg2m,tov,0.39172704161143707,2.3330258020766137
1997-1999,1998.0,fg2m,stl,-0.13938902976039638,2.3330258020766137
1997-1999,1998.0,fg2m,blk,0.2892694397405764,2.3330258020766137
1997-1999,1998.0,fg2m,pf,-0.04088996077131204,2.3330258020766137
1997-1999,1998.0,fg2_miss,fg3m,-0.37225045267673373,2.35718840613612
1997-1999,1998.0,fg2_miss,fg3_miss,-0.3350036693949114,2.35718840613612
1997-1999,1998.0,fg2_miss,fg2m,0.8613973253744239,2.35718840613612
1997-1999,1998.0,fg2_miss,fg2_miss,1.0000000000000002,2.35718840613612
1997-1999,1998.0,fg2_miss,ftm,0.5785770614421196,2.35718840613612
1997-1999,1998.0,fg2_miss,ft_miss,0.4307315084008564,2.35718840613612
1997-1999,1998.0,fg2_miss,orb,0.1946838632132202,2.35718840613612
1997-1999,1998.0,fg2_miss,drb,0.21815410855082032,2.35718840613612
1997-1999,1998.0,fg2_miss,ast,-0.07831566868483447,2.35718840613612
1997-1999,1998.0,fg2_miss,tov,0.42666790845570907,2.35718840613612
1997-1999,1998.0,fg2_miss,stl,-0.10295093000240062,2.35718840613612
1997-1999,1998.0,fg2_miss,blk,0.1723634339328665,2.35718840613612
1997-1999,1998.0,fg2_miss,pf,-0.03799842792183171,2.35718840613612
1997-1999,1998.0,ftm,fg3m,-0.14048151373980552,1.8051325378551684
1997-1999,1998.0,ftm,fg3_miss,-0.1269809304772257,1.8051325378551684
1997-1999,1998.0,ftm,fg2m,0.6343315470629158,1.8051325378551684
1997-1999,1998.0,ftm,fg2_miss,0.5785770614421196,1.8051325378551684
1997-1999,1998.0,ftm,ftm,1.0,1.8051325378551684
1997-1999,1998.0,ftm,ft_miss,0.52764921225824,1.8051325378551684
1997-1999,1998.0,ftm,orb,0.08689509351599535,1.8051325378551684
1997-1999,1998.0,ftm,drb,0.1602685445378495,1.8051325378551684
1997-1999,1998.0,ftm,ast,0.06519095990197674,1.8051325378551684
1997-1999,1998.0,ftm,tov,0.516871504173117,1.8051325378551684
1997-1999,1998.0,ftm,stl,-0.019312197317921737,1.8051325378551684
1997-1999,1998.0,ftm,blk,0.08835815709193097,1.8051325378551684
1997-1999,1998.0,ftm,pf,-0.16791309269359328,1.8051325378551684
1997-1999,1998.0,ft_miss,fg3m,-0.48153853725829354,0.8120605448972424
1997-1999,1998.0,ft_miss,fg3_miss,-0.46499572257043414,0.8120605448972424
1997-1999,1998.0,ft_miss,fg2m,0.5698074246344206,0.8120605448972424
1997-1999,1998.0,ft_miss,fg2_miss,0.4307315084008565,0.8120605448972424
1997-1999,1998.0,ft_miss,ftm,0.52764921225824,0.8120605448972424
1997-1999,1998.0,ft_miss,ft_miss,1.0,0.8120605448972424
1997-1999,1998.0,ft_miss,orb,0.5491192764597604,0.8120605448972424
1997-1999,1998.0,ft_miss,drb,0.5124441226543821,0.8120605448972424
1997-1999,1998.0,ft_miss,ast,-0.22797959058700573,0.8120605448972424
1997-1999,1998.0,ft_miss,tov,0.3171262918841229,0.8120605448972424
1997-1999,1998.0,ft_miss,stl,-0.1630255279354173,0.8120605448972424
1997-1999,1998.0,ft_miss,blk,0.4645162876855956,0.8120605448972424
1997-1999,1998.0,ft_miss,pf,0.23300000379200086,0.8120605448972424
1997-1999,1998.0,orb,fg3m,-0.6590515081715471,1.6714268308328994
1997-1999,1998.0,orb,fg3_miss,-0.6747952522257952,1.6714268308328994
1997-1999,1998.0,orb,fg2m,0.3125741444713778,1.6714268308328994
1997-1999,1998.0,orb,fg2_miss,0.1946838632132202,1.6714268308328994
1997-1999,1998.0,orb,ftm,0.08689509351599534,1.6714268308328994
1997-1999,1998.0,orb,ft_miss,0.5491192764597604,1.6714268308328994
1997-1999,1998.0,orb,orb,1.0,1.6714268308328994
1997-1999,1998.0,orb,drb,0.795892995451925,1.6714268308328994
1997-1999,1998.0,orb,ast,-0.5820498094422359,1.6714268308328994
1997-1999,1998.0,orb,tov,-0.088720770554907,1.6714268308328994
1997-1999,1998.0,orb,stl,-0.36283333179616545,1.6714268308328994
1997-1999,1998.0,orb,blk,0.5950269313827017,1.6714268308328994
1997-1999,1998.0,orb,pf,0.5108497237332636,1.6714268308328994
1997-1999,1998.0,drb,fg3m,-0.569761106823663,2.553452342994817
1997-1999,1998.0,drb,fg3_miss,-0.5905908044410452,2.553452342994817
1997-1999,1998.0,drb,fg2m,0.3774703354194361,2.553452342994817
1997-1999,1998.0,drb,fg2_miss,0.21815410855082037,2.553452342994817
1997-1999,1998.0,drb,ftm,0.16026854453784947,2.553452342994817
1997-1999,1998.0,drb,ft_miss,0.512444122654382,2.553452342994817
1997-1999,1998.0,drb,orb,0.7958929954519248,2.553452342994817
1997-1999,1998.0,drb,drb,1.0000000000000002,2.553452342994817
1997-1999,1998.0,drb,ast,-0.44943439958918835,2.553452342994817
1997-1999,1998.0,drb,tov,-0.008601035772116392,2.553452342994817
1997-1999,1998.0,drb,stl,-0.3314936674519802,2.553452342994817
1997-1999,1998.0,drb,blk,0.6071395080087039,2.553452342994817
1997-1999,1998.0,drb,pf,0.3401804427904712,2.553452342994817
1997-1999,1998.0,ast,fg3m,0.3045902478566323,3.0418847939338254
1997-1999,1998.0,ast,fg3_miss,0.3550510094298912,3.0418847939338254
1997-1999,1998.0,ast,fg2m,-0.11792195563884453,3.0418847939338254
1997-1999,1998.0,ast,fg2_miss,-0.07831566868483444,3.0418847939338254
1997-1999,1998.0,ast,ftm,0.06519095990197674,3.0418847939338254
1997-1999,1998.0,ast,ft_miss,-0.22797959058700573,3.0418847939338254
1997-1999,1998.0,ast,orb,-0.5820498094422359,3.0418847939338254
1997-1999,1998.0,ast,drb,-0.44943439958918835,3.0418847939338254
1997-1999,1998.0,ast,ast,1.0,3.0418847939338254
1997-1999,1998.0,ast,tov,0.4693693168672429,3.0418847939338254
1997-1999,1998.0,ast,stl,0.48801970887122126,3.0418847939338254
1997-1999,1998.0,ast,blk,-0.45443164019197657,3.0418847939338254
1997-1999,1998.0,ast,pf,-0.47721664365881095,3.0418847939338254
1997-1999,1998.0,tov,fg3m,-0.064612186105292,0.8145382054863507
1997-1999,1998.0,tov,fg3_miss,-0.004759523182451917,0.8145382054863507
1997-1999,1998.0,tov,fg2m,0.39172704161143707,0.8145382054863507
1997-1999,1998.0,tov,fg2_miss,0.42666790845570907,0.8145382054863507
1997-1999,1998.0,tov,ftm,0.516871504173117,0.8145382054863507
1997-1999,1998.0,tov,ft_miss,0.3171262918841229,0.8145382054863507
1997-1999,1998.0,tov,orb,-0.088720770554907,0.8145382054863507
1997-1999,1998.0,tov,drb,-0.008601035772116393,0.8145382054863507
1997-1999,1998.0,tov,ast,0.4693693168672429,0.8145382054863507
1997-1999,1998.0,tov,tov,0.9999999999999998,0.8145382054863507
1997-1999,1998.0,tov,stl,0.17100835812995713,0.8145382054863507
1997-1999,1998.0,tov,blk,-0.021839525607802265,0.8145382054863507
1997-1999,1998.0,tov,pf,-0.05747775811917851,0.8145382054863507
1997-1999,1998.0,stl,fg3m,0.23939621617518234,0.5867889229264798
1997-1999,1998.0,stl,fg3_miss,0.2891810581305417,0.5867889229264798
1997-1999,1998.0,stl,fg2m,-0.13938902976039638,0.5867889229264798
1997-1999,1998.0,stl,fg2_miss,-0.10295093000240059,0.5867889229264798
1997-1999,1998.0,stl,ftm,-0.019312197317921737,0.5867889229264798
1997-1999,1998.0,stl,ft_miss,-0.1630255279354173,0.5867889229264798
1997-1999,1998.0,stl,orb,-0.36283333179616545,0.5867889229264798
1997-1999,1998.0,stl,drb,-0.3314936674519802,0.5867889229264798
1997-1999,1998.0,stl,ast,0.48801970887122126,0.5867889229264798
1997-1999,1998.0,stl,tov,0.1710083581299571,0.5867889229264798
1997-1999,1998.0,stl,stl,1.0,0.5867889229264798
1997-1999,1998.0,stl,blk,-0.2775495927639937,0.5867889229264798
1997-1999,1998.0,stl,pf,-0.2348953143233508,0.5867889229264798
1997-1999,1998.0,blk,fg3m,-0.4698881433682687,1.0807162498190535
1997-1999,1998.0,blk,fg3_miss,-0.4930617392089922,1.0807162498190535
1997-1999,1998.0,blk,fg2m,0.2892694397405764,1.0807162498190535
1997-1999,1998.0,blk,fg2_miss,0.1723634339328665,1.0807162498190535
1997-1999,1998.0,blk,ftm,0.08835815709193097,1.0807162498190535
1997-1999,1998.0,blk,ft_miss,0.4645162876855956,1.0807162498190535
1997-1999,1998.0,blk,orb,0.5950269313827017,1.0807162498190535
1997-1999,1998.0,blk,drb,0.6071395080087039,1.0807162498190535
1997-1999,1998.0,blk,ast,-0.45443164019197657,1.0807162498190535
1997-1999,1998.0,blk,tov,-0.02183952560780228,1.0807162498190535
1997-1999,1998.0,blk,stl,-0.2775495927639937,1.0807162498190535
1997-1999,1998.0,blk,blk,1.0,1.0807162498190535
1997-1999,1998.0,blk,pf,0.4177186230591903,1.0807162498190535
1997-1999,1998.0,pf,fg3m,-0.46591035286932114,1.529765235485464
1997-1999,1998.0,pf,fg3_miss,-0.4744605764100469,1.529765235485464
1997-1999,1998.0,pf,fg2m,-0.04088996077131204,1.529765235485464
1997-1999,1998.0,pf,fg2_miss,-0.0379984279218317,1.529765235485464
1997-1999,1998.0,pf,ftm,-0.16791309269359328,1.529765235485464
1997-1999,1998.0,pf,ft_miss,0.23300000379200092,1.529765235485464
1997-1999,1998.0,pf,orb,0.5108497237332636,1.529765235485464
1997-1999,1998.0,pf,drb,0.3401804427904712,1.529765235485464
1997-1999,1998.0,pf,ast,-0.47721664365881084,1.529765235485464
1997-1999,1998.0,pf,tov,-0.05747775811917852,1.529765235485464
1997-1999,1998.0,pf,stl,-0.23489531432335078,1.529765235485464
1997-1999,1998.0,pf,blk,0.4177186230591902,1.529765235485464
1997-1999,1998.0,pf,pf,1.0,1.529765235485464
2000-2002,2001.0,fg3m,fg3m,0.9999999999999998,1.0434011063026323
2000-2002,2001.0,fg3m,fg3_miss,0.954572421436555,1.0434011063026323
2000-2002,2001.0,fg3m,fg2m,-0.34806928707707296,1.0434011063026323
2000-2002,2001.0,fg3m,fg2_miss,-0.2779340128514422,1.0434011063026323
2000-2002,2001.0,fg3m,ftm,-0.09853448061316684,1.0434011063026323
2000-2002,2001.0,fg3m,ft_miss,-0.41948920671766915,1.0434011063026323
2000-2002,2001.0,fg3m,orb,-0.6424955391046812,1.0434011063026323
2000-2002,2001.0,fg3m,drb,-0.5071514618485979,1.0434011063026323
2000-2002,2001.0,fg3m,ast,0.30579482762979027,1.0434011063026323
2000-2002,2001.0,fg3m,tov,-0.05924728459551625,1.0434011063026323
2000-2002,2001.0,fg3m,stl,0.207443451467584,1.0434011063026323
2000-2002,2001.0,fg3m,blk,-0.45788508987953946,1.0434011063026323
2000-2002,2001.0,fg3m,pf,-0.4727269404447524,1.0434011063026323
2000-2002,2001.0,fg3_miss,fg3m,0.954572421436555,1.7384030072898375
2000-2002,2001.0,fg3_miss,fg3_miss,1.0,1.7384030072898375
2000-2002,2001.0,fg3_miss,fg2m,-0.3384477443006271,1.7384030072898375
2000-2002,2001.0,fg3_miss,fg2_miss,-0.2406763667774145,1.7384030072898375
2000-2002,2001.0,fg3_miss,ftm,-0.0945396555423538,1.7384030072898375
2000-2002,2001.0,fg3_miss,ft_miss,-0.4003874399157498,1.7384030072898375
2000-2002,2001.0,fg3_miss,orb,-0.6643611235810464,1.7384030072898375
2000-2002,2001.0,fg3_miss,drb,-0.535866253710458,1.7384030072898375
2000-2002,2001.0,fg3_miss,ast,0.3594861214597464,1.7384030072898375
2000-2002,2001.0,fg3_miss,tov,0.014861108313176753,1.7384030072898375
2000-2002,2001.0,fg3_miss,stl,0.2644458747291808,1.7384030072898375
2000-2002,2001.0,fg3_miss,blk,-0.4817953775801924,1.7384030072898375
2000-2002,2001.0,fg3_miss,pf,-0.4814058012951771,1.7384030072898375
2000-2002,2001.0,fg2m,fg3m,-0.34806928707707296,2.296252024709458
2000-2002,2001.0,fg2m,fg3_miss,-0.3384477443006272,2.296252024709458
2000-2002,2001.0,fg2m,fg2m,1.0,2.296252024709458
2000-2002,2001.0,fg2m,fg2_miss,0.878678286312826,2.296252024709458
2000-2002,2001.0,fg2m,ftm,0.6685037355750607,2.296252024709458
2000-2002,2001.0,fg2m,ft_miss,0.5278292819708449,2.296252024709458
2000-2002,2001.0,fg2m,orb,0.24011187562031472,2.296252024709458
2000-2002,2001.0,fg2m,drb,0.28266238732755933,2.296252024709458
2000-2002,2001.0,fg2m,ast,-0.04706225692822183,2.296252024709458
2000-2002,2001.0,fg2m,tov,0.42223159872728416,2.296252024709458
2000-2002,2001.0,fg2m,stl,-0.10978193492803053,2.296252024709458
2000-2002,2001.0,fg2m,blk,0.21585673180485782,2.296252024709458
2000-2002,2001.0,fg2m,pf,-0.11279602623990467,2.296252024709458
2000-2002,2001.0,fg2_miss,fg3m,-0.2779340128514422,2.40478367600066
2000-2002,2001.0,fg2_miss,fg3_miss,-0.2406763667774145,2.40478367600066
2000-2002,2001.0,fg2_miss,fg2m,0.878678286312826,2.40478367600066
2000-2002,2001.0,fg2_miss,fg2_miss,1.0000000000000002,2.40478367600066
2000-2002,2001.0,fg2_miss,ftm,0.6157614770956266,2.40478367600066
2000-2002,2001.0,fg2_miss,ft_miss,0.3861911435535035,2.40478367600066
2000-2002,2001.0,fg2_miss,orb,0.10736844508236382,2.40478367600066
2000-2002,2001.0,fg2_miss,drb,0.13166307641256714,2.40478367600066
2000-2002,2001.0,fg2_miss,ast,0.014343256510449584,2.40478367600066
2000-2002,2001.0,fg2_miss,tov,0.46654598894754573,2.40478367600066
2000-2002,2001.0,fg2_miss,stl,-0.053447327472641706,2.40478367600066
2000-2002,2001.0,fg2_miss,blk,0.05789850166540172,2.40478367600066
2000-2002,2001.0,fg2_miss,pf,-0.12058052685244873,2.40478367600066
2000-2002,2001.0,ftm,fg3m,-0.0985344806131668,1.7693667543628713
2000-2002,2001.0,ftm,fg3_miss,-0.09453965554235381,1.7693667543628713
2000-2002,2001.0,ftm,fg2m,0.6685037355750609,1.7693667543628713
2000-2002,2001.0,ftm,fg2_miss,0.6157614770956266,1.7693667543628713
2000-2002,2001.0,ftm,ftm,0.9999999999999999,1.7693667543628713
2000-2002,2001.0,ftm,ft_miss,0.5400165909496899,1.7693667543628713
2000-2002,2001.0,ftm,orb,0.10787122269760632,1.7693667543628713
2000-2002,2001.0,ftm,drb,0.17604014566182236,1.7693667543628713
2000-2002,2001.0,ftm,ast,0.041918430062313286,1.7693667543628713
2000-2002,2001.0,ftm,tov,0.4965756109993784,1.7693667543628713
2000-2002,2001.0,ftm,stl,-0.006656503442933142,1.7693667543628713
2000-2002,2001.0,ftm,blk,0.11867004441803046,1.7693667543628713
2000-2002,2001.0,ftm,pf,-0.1729828891633977,1.7693667543628713
2000-2002,2001.0,ft_miss,fg3m,-0.41948920671766915,0.780944379851135
2000-2002,2001.0,ft_miss,fg3_miss,-0.4003874399157498,0.780944379851135
2000-2002,2001.0,ft_miss,fg2m,0.5278292819708448,0.780944379851135
2000-2002,2001.0,ft_miss,fg2_miss,0.3861911435535035,0.780944379851135
2000-2002,2001.0,ft_miss,ftm,0.5400165909496899,0.780944379851135
2000-2002,2001.0,ft_miss,ft_miss,1.0,0.780944379851135
2000-2002,2001.0,ft_miss,orb,0.5295907213311303,0.780944379851135
2000-2002,2001.0,ft_miss,drb,0.4647163510389063,0.780944379851135
2000-2002,2001.0,ft_miss,ast,-0.23296893591231246,0.780944379851135
2000-2002,2001.0,ft_miss,tov,0.3190088900841552,0.780944379851135
2000-2002,2001.0,ft_miss,stl,-0.15779185883007738,0.780944379851135
2000-2002,2001.0,ft_miss,blk,0.5131783340542966,0.780944379851135
2000-2002,2001.0,ft_miss,pf,0.19803953543177952,0.780944379851135
2000-2002,2001.0,orb,fg3m,-0.6424955391046812,1.580728325185418
2000-2002,2001.0,orb,fg3_miss,-0.6643611235810464,1.580728325185418
2000-2002,2001.0,orb,fg2m,0.24011187562031472,1.580728325185418
2000-2002,2001.0,orb,fg2_miss,0.10736844508236383,1.580728325185418
2000-2002,2001.0,orb,ftm,0.10787122269760632,1.580728325185418
2000-2002,2001.0,orb,ft_miss,0.5295907213311303,1.580728325185418
2000-2002,2001.0,orb,orb,0.9999999999999998,1.580728325185418
2000-2002,2001.0,orb,drb,0.7544749827565105,1.580728325185418
2000-2002,2001.0,orb,ast,-0.609176805018656,1.580728325185418
2000-2002,2001.0,orb,tov,-0.0978716270116568,1.580728325185418
2000-2002,2001.0,orb,stl,-0.32752517357811123,1.580728325185418
2000-2002,2001.0,orb,blk,0.6456118475691904,1.580728325185418
2000-2002,2001.0,orb,pf,0.5394278899464204,1.580728325185418
2000-2002,2001.0,drb,fg3m,-0.5071514618485979,2.4739829136242113
2000-2002,2001.0,drb,fg3_miss,-0.535866253710458,2.4739829136242113
2000-2002,2001.0,drb,fg2m,0.2826623873275593,2.4739829136242113
2000-2002,2001.0,drb,fg2_miss,0.1316630764125671,2.4739829136242113
2000-2002,2001.0,drb,ftm,0.17604014566182236,2.4739829136242113
2000-2002,2001.0,drb,ft_miss,0.4647163510389063,2.4739829136242113
2000-2002,2001.0,drb,orb,0.7544749827565106,2.4739829136242113
2000-2002,2001.0,drb,drb,1.0000000000000002,2.4739829136242113
2000-2002,2001.0,drb,ast,-0.49552201105255994,2.4739829136242113
2000-2002,2001.0,drb,tov,-0.03837405022699965,2.4739829136242113
2000-2002,2001.0,drb,stl,-0.3196928075371229,2.4739829136242113
2000-2002,2001.0,drb,blk,0.6716107949309891,2.4739829136242113
2000-2002,2001.0,drb,pf,0.3427621591792752,2.4739829136242113
2000-2002,2001.0,ast,fg3m,0.3057948276297902,2.9630874328517907
2000-2002,2001.0,ast,fg3_miss,0.3594861214597464,2.9630874328517907
2000-2002,2001.0,ast,fg2m,-0.04706225692822183,2.9630874328517907
2000-2002,2001.0,ast,fg2_miss,0.014343256510449586,2.9630874328517907
2000-2002,2001.0,ast,ftm,0.041918430062313286,2.9630874328517907
2000-2002,2001.0,ast,ft_miss,-0.23296893591231246,2.9630874328517907
2000-2002,2001.0,ast,orb,-0.609176805018656,2.9630874328517907
2000-2002,2001.0,ast,drb,-0.49552201105255994,2.9630874328517907
2000-2002,2001.0,ast,ast,1.0,2.9630874328517907
2000-2002,2001.0,ast,tov,0.4467471285329606,2.9630874328517907
2000-2002,2001.0,ast,stl,0.4643482165195995,2.9630874328517907
2000-2002,2001.0,ast,blk,-0.4789063437967802,2.9630874328517907
2000-2002,2001.0,ast,pf,-0.4913751335805938,2.9630874328517907
2000-2002,2001.0,tov,fg3m,-0.05924728459551628,0.7841252429722887
2000-2002,2001.0,tov,fg3_miss,0.01486110831317677,0.7841252429722887
2000-2002,2001.0,tov,fg2m,0.42223159872728405,0.7841252429722887
2000-2002,2001.0,tov,fg2_miss,0.46654598894754573,0.7841252429722887
2000-2002,2001.0,tov,ftm,0.4965756109993784,0.7841252429722887
2000-2002,2001.0,tov,ft_miss,0.3190088900841553,0.7841252429722887
2000-2002,2001.0,tov,orb,-0.09787162701165678,0.7841252429722887
2000-2002,2001.0,tov,drb,-0.03837405022699965,0.7841252429722887
2000-2002,2001.0,tov,ast,0.4467471285329606,0.7841252429722887
2000-2002,2001.0,tov,tov,0.9999999999999998,0.7841252429722887
2000-2002,2001.0,tov,stl,0.15922275413486017,0.7841252429722887
2000-2002,2001.0,tov,blk,-0.06743064460662243,0.7841252429722887
2000-2002,2001.0,tov,pf,-0.08467384932924256,0.7841252429722887
2000-2002,2001.0,stl,fg3m,0.20744345146758406,0.5268010138646172
2000-2002,2001.0,stl,fg3_miss,0.2644458747291808,0.5268010138646172
2000-2002,2001.0,stl,fg2m,-0.10978193492803053,0.5268010138646172
2000-2002,2001.0,stl,fg2_miss,-0.053447327472641706,0.5268010138646172
2000-2002,2001.0,stl,ftm,-0.006656503442933151,0.5268010138646172
2000-2002,2001.0,stl,ft_miss,-0.1577918588300774,0.5268010138646172
2000-2002,2001.0,stl,orb,-0.32752517357811123,0.5268010138646172
2000-2002,2001.0,stl,drb,-0.3196928075371229,0.5268010138646172
2000-2002,2001.0,stl,ast,0.4643482165195995,0.5268010138646172
2000-2002,2001.0,stl,tov,0.15922275413486017,0.5268010138646172
2000-2002,2001.0,stl,stl,1.0,0.5268010138646172
2000-2002,2001.0,stl,blk,-0.32177593815494643,0.5268010138646172
2000-2002,2001.0,stl,pf,-0.24053370749279773,0.5268010138646172
2000-2002,2001.0,blk,fg3m,-0.45788508987953935,1.0795397285499453
2000-2002,2001.0,blk,fg3_miss,-0.4817953775801926,1.0795397285499453
2000-2002,2001.0,blk,fg2m,0.21585673180485776,1.0795397285499453
2000-2002,2001.0,blk,fg2_miss,0.0578985016654017,1.0795397285499453
2000-2002,2001.0,blk,ftm,0.11867004441803046,1.0795397285499453
2000-2002,2001.0,blk,ft_miss,0.5131783340542966,1.0795397285499453
2000-2002,2001.0,blk,orb,0.6456118475691904,1.0795397285499453
2000-2002,2001.0,blk,drb,0.6716107949309891,1.0795397285499453
2000-2002,2001.0,blk,ast,-0.4789063437967802,1.0795397285499453
2000-2002,2001.0,blk,tov,-0.06743064460662244,1.0795397285499453
2000-2002,2001.0,blk,stl,-0.32177593815494643,1.0795397285499453
2000-2002,2001.0,blk,blk,1.0000000000000002,1.0795397285499453
2000-2002,2001.0,blk,pf,0.401999545665284,1.0795397285499453
2000-2002,2001.0,pf,fg3m,-0.4727269404447524,1.5227494075502108
2000-2002,2001.0,pf,fg3_miss,-0.48140580129517724,1.5227494075502108
2000-2002,2001.0,pf,fg2m,-0.11279602623990466,1.5227494075502108
2000-2002,2001.0,pf,fg2_miss,-0.12058052685244873,1.5227494075502108
2000-2002,2001.0,pf,ftm,-0.1729828891633977,1.5227494075502108
2000-2002,2001.0,pf,ft_miss,0.19803953543177952,1.5227494075502108
2000-2002,2001.0,pf,orb,0.5394278899464207,1.5227494075502108
2000-2002,2001.0,pf,drb,0.3427621591792752,1.5227494075502108
2000-2002,2001.0,pf,ast,-0.4913751335805938,1.5227494075502108
2000-2002,2001.0,pf,tov,-0.08467384932924256,1.5227494075502108
2000-2002,2001.0,pf,stl,-0.2405337074927977,1.5227494075502108
2000-2002,2001.0,pf,blk,0.401999545665284,1.5227494075502108
2000-2002,2001.0,pf,pf,0.9999999999999998,1.5227494075502108
2003-2005,2004.0,fg3m,fg3m,1.0,1.0996175482641752
2003-2005,2004.0,fg3m,fg3_miss,0.9638180941284006,1.0996175482641752
2003-2005,2004.0,fg3m,fg2m,-0.34213438202948115,1.0996175482641752
2003-2005,2004.0,fg3m,fg2_miss,-0.25964985049385814,1.0996175482641752
2003-2005,2004.0,fg3m,ftm,-0.06710329853758838,1.0996175482641752
2003-2005,2004.0,fg3m,ft_miss,-0.4077190274660339,1.0996175482641752
2003-2005,2004.0,fg3m,orb,-0.6526866724708174,1.0996175482641752
2003-2005,2004.0,fg3m,drb,-0.4683285393165262,1.0996175482641752
2003-2005,2004.0,fg3m,ast,0.3346822276054564,1.0996175482641752
2003-2005,2004.0,fg3m,tov,-0.04193847088533841,1.0996175482641752
2003-2005,2004.0,fg3m,stl,0.2242716603376365,1.0996175482641752
2003-2005,2004.0,fg3m,blk,-0.4644313132701135,1.0996175482641752
2003-2005,2004.0,fg3m,pf,-0.47986172507529923,1.0996175482641752
2003-2005,2004.0,fg3_miss,fg3m,0.9638180941284006,1.868018349174767
2003-2005,2004.0,fg3_miss,fg3_miss,1.0,1.868018349174767
2003-2005,2004.0,fg3_miss,fg2m,-0.3237642011290769,1.868018349174767
2003-2005,2004.0,fg3_miss,fg2_miss,-0.21244954847743056,1.868018349174767
2003-2005,2004.0,fg3_miss,ftm,-0.04583955155444343,1.868018349174767
2003-2005,2004.0,fg3_miss,ft_miss,-0.3827415507181015,1.868018349174767
2003-2005,2004.0,fg3_miss,orb,-0.6766731600711325,1.868018349174767
2003-2005,2004.0,fg3_miss,drb,-0.49923225861123954,1.868018349174767
2003-2005,2004.0,fg3_miss,ast,0.3852617521502952,1.868018349174767
2003-2005,2004.0,fg3_miss,tov,0.03337037228881526,1.868018349174767
2003-2005,2004.0,fg3_miss,stl,0.2796656759440886,1.868018349174767
2003-2005,2004.0,fg3_miss,blk,-0.4900923899174039,1.868018349174767
2003-2005,2004.0,fg3_miss,pf,-0.49184801167801306,1.868018349174767
2003-2005,2004.0,fg2m,fg3m,-0.34213438202948115,2.1819756935603545
2003-2005,2004.0,fg2m,fg3_miss,-0.3237642011290769,2.1819756935603545
2003-2005,2004.0,fg2m,fg2m,0.9999999999999998,2.1819756935603545
2003-2005,2004.0,fg2m,fg2_miss,0.8626443910912915,2.1819756935603545
2003-2005,2004.0,fg2m,ftm,0.6510096219778957,2.1819756935603545
2003-2005,2004.0,fg2m,ft_miss,0.525660997506637,2.1819756935603545
2003-2005,2004.0,fg2m,orb,0.2486408675244912,2.1819756935603545
2003-2005,2004.0,fg2m,drb,0.324259294372117,2.1819756935603545
2003-2005,2004.0,fg2m,ast,-0.0501715836901093,2.1819756935603545
2003-2005,2004.0,fg2m,tov,0.4230518370547602,2.1819756935603545
2003-2005,2004.0,fg2m,stl,-0.11860988905500375,2.1819756935603545
2003-2005,2004.0,fg2m,blk,0.21461542401497452,2.1819756935603545
2003-2005,2004.0,fg2m,pf,-0.11262098770444456,2.1819756935603545
2003-2005,2004.0,fg2_miss,fg3m,-0.25964985049385814,2.3028722585689456
2003-2005,2004.0,fg2_miss,fg3_miss,-0.21244954847743056,2.3028722585689456
2003-2005,2004.0,fg2_miss,fg2m,0.8626443910912915,2.3028722585689456
2003-2005,2004.0,fg2_miss,fg2_miss,1.0,2.3028722585689456
2003-2005,2004.0,fg2_miss,ftm,0.5828392543030518,2.3028722585689456
2003-2005,2004.0,fg2_miss,ft_miss,0.36430921090070273,2.3028722585689456
2003-2005,2004.0,fg2_miss,orb,0.0882000631320989,2.3028722585689456
2003-2005,2004.0,fg2_miss,drb,0.16176717924664186,2.3028722585689456
2003-2005,2004.0,fg2_miss,ast,0.03986619776115952,2.3028722585689456
2003-2005,2004.0,fg2_miss,tov,0.48240052094688707,2.3028722585689456
2003-2005,2004.0,fg2_miss,stl,-0.04140682120423823,2.3028722585689456
2003-2005,2004.0,fg2_miss,blk,0.056107882656948695,2.3028722585689456
2003-2005,2004.0,fg2_miss,pf,-0.14195196282044945,2.3028722585689456
2003-2005,2004.0,ftm,fg3m,-0.0671032985375884,1.9502302572441137
2003-2005,2004.0,ftm,fg3_miss,-0.04583955155444343,1.9502302572441137
2003-2005,2004.0,ftm,fg2m,0.6510096219778957,1.9502302572441137
2003-2005,2004.0,ftm,fg2_miss,0.5828392543030518,1.9502302572441137
2003-2005,2004.0,ftm,ftm,1.0000000000000002,1.9502302572441137
2003-2005,2004.0,ftm,ft_miss,0.512496215469305,1.9502302572441137
2003-2005,2004.0,ftm,orb,0.05216603054238327,1.9502302572441137
2003-2005,2004.0,ftm,drb,0.14189404322342497,1.9502302572441137
2003-2005,2004.0,ftm,ast,0.11222684711266909,1.9502302572441137
2003-2005,2004.0,ftm,tov,0.5052714392816664,1.9502302572441137
2003-2005,2004.0,ftm,stl,0.032397401525817555,1.9502302572441137
2003-2005,2004.0,ftm,blk,0.0508279329800194,1.9502302572441137
2003-2005,2004.0,ftm,pf,-0.20390497768535099,1.9502302572441137
2003-2005,2004.0,ft_miss,fg3m,-0.4077190274660339,0.7749149065370035
2003-2005,2004.0,ft_miss,fg3_miss,-0.3827415507181015,0.7749149065370035
2003-2005,2004.0,ft_miss,fg2m,0.525660997506637,0.7749149065370035
2003-2005,2004.0,ft_miss,fg2_miss,0.36430921090070273,0.7749149065370035
2003-2005,2004.0,ft_miss,ftm,0.5124962154693049,0.7749149065370035
2003-2005,2004.0,ft_miss,ft_miss,1.0,0.7749149065370035
2003-2005,2004.0,ft_miss,orb,0.4857597557109908,0.7749149065370035
2003-2005,2004.0,ft_miss,drb,0.432929926787878,0.7749149065370035
2003-2005,2004.0,ft_miss,ast,-0.1872935574986329,0.7749149065370035
2003-2005,2004.0,ft_miss,tov,0.3583854805426703,0.7749149065370035
2003-2005,2004.0,ft_miss,stl,-0.09378977949999376,0.7749149065370035
2003-2005,2004.0,ft_miss,blk,0.44984918112227096,0.7749149065370035
2003-2005,2004.0,ft_miss,pf,0.16677857752518352,0.7749149065370035
2003-2005,2004.0,orb,fg3m,-0.6526866724708174,1.6034043928780126
2003-2005,2004.0,orb,fg3_miss,-0.6766731600711325,1.6034043928780126
2003-2005,2004.0,orb,fg2m,0.2486408675244912,1.6034043928780126
2003-2005,2004.0,orb,fg2_miss,0.0882000631320989,1.6034043928780126
2003-2005,2004.0,orb,ftm,0.05216603054238327,1.6034043928780126
2003-2005,2004.0,orb,ft_miss,0.4857597557109909,1.6034043928780126
2003-2005,2004.0,orb,orb,1.0,1.6034043928780126
2003-2005,2004.0,orb,drb,0.7490965586688385,1.6034043928780126
2003-2005,2004.0,orb,ast,-0.6239352947597552,1.6034043928780126
2003-2005,2004.0,orb,tov,-0.13412923148514302,1.6034043928780126
2003-2005,2004.0,orb,stl,-0.31395314357598075,1.6034043928780126
2003-2005,2004.0,orb,blk,0.645434312530543,1.6034043928780126
2003-2005,2004.0,orb,pf,0.537255275300205,1.6034043928780126
2003-2005,2004.0,drb,fg3m,-0.4683285393165262,2.398354614190032
2003-2005,2004.0,drb,fg3_miss,-0.49923225861123965,2.398354614190032
2003-2005,2004.0,drb,fg2m,0.324259294372117,2.398354614190032
2003-2005,2004.0,drb,fg2_miss,0.16176717924664186,2.398354614190032
2003-2005,2004.0,drb,ftm,0.14189404322342497,2.398354614190032
2003-2005,2004.0,drb,ft_miss,0.432929926787878,2.398354614190032
2003-2005,2004.0,drb,orb,0.7490965586688385,2.398354614190032
2003-2005,2004.0,drb,drb,1.0,2.398354614190032
2003-2005,2004.0,drb,ast,-0.4868538833249468,2.398354614190032
2003-2005,2004.0,drb,tov,-0.0685844927735508,2.398354614190032
2003-2005,2004.0,drb,stl,-0.2484822380405328,2.398354614190032
2003-2005,2004.0,drb,blk,0.6551026716033348,2.398354614190032
2003-2005,2004.0,drb,pf,0.31047641920718555,2.398354614190032
2003-2005,2004.0,ast,fg3m,0.3346822276054564,2.7863494715461865
2003-2005,2004.0,ast,fg3_miss,0.3852617521502952,2.7863494715461865
2003-2005,2004.0,ast,fg2m,-0.05017158369010931,2.7863494715461865
2003-2005,2004.0,ast,fg2_miss,0.03986619776115952,2.7863494715461865
2003-2005,2004.0,ast,ftm,0.11222684711266909,2.7863494715461865
2003-2005,2004.0,ast,ft_miss,-0.1872935574986329,2.7863494715461865
2003-2005,2004.0,ast,orb,-0.6239352947597552,2.7863494715461865
2003-2005,2004.0,ast,drb,-0.4868538833249466,2.7863494715461865
2003-2005,2004.0,ast,ast,0.9999999999999999,2.7863494715461865
2003-2005,2004.0,ast,tov,0.47896289555636884,2.7863494715461865
2003-2005,2004.0,ast,stl,0.44165284382904074,2.7863494715461865
2003-2005,2004.0,ast,blk,-0.46029536426855067,2.7863494715461865
2003-2005,2004.0,ast,pf,-0.47591355916971323,2.7863494715461865
2003-2005,2004.0,tov,fg3m,-0.04193847088533842,0.7914783471460403
2003-2005,2004.0,tov,fg3_miss,0.03337037228881526,0.7914783471460403
2003-2005,2004.0,tov,fg2m,0.4230518370547602,0.7914783471460403
2003-2005,2004.0,tov,fg2_miss,0.48240052094688707,0.7914783471460403
2003-2005,2004.0,tov,ftm,0.5052714392816664,0.7914783471460403
2003-2005,2004.0,tov,ft_miss,0.3583854805426703,0.7914783471460403
2003-2005,2004.0,tov,orb,-0.13412923148514302,0.7914783471460403
2003-2005,2004.0,tov,drb,-0.06858449277355082,0.7914783471460403
2003-2005,2004.0,tov,ast,0.47896289555636873,0.7914783471460403
2003-2005,2004.0,tov,tov,0.9999999999999998,0.7914783471460403
2003-2005,2004.0,tov,stl,0.2124670152403713,0.7914783471460403
2003-2005,2004.0,tov,blk,-0.08354692597017416,0.7914783471460403
2003-2005,2004.0,tov,pf,-0.06953305772294255,0.7914783471460403
2003-2005,2004.0,stl,fg3m,0.2242716603376365,0.5324171684781439
2003-2005,2004.0,stl,fg3_miss,0.2796656759440887,0.5324171684781439
2003-2005,2004.0,stl,fg2m,-0.11860988905500372,0.5324171684781439
2003-2005,2004.0,stl,fg2_miss,-0.04140682120423824,0.5324171684781439
2003-2005,2004.0,stl,ftm,0.03239740152581755,0.5324171684781439
2003-2005,2004.0,stl,ft_miss,-0.09378977949999379,0.5324171684781439
2003-2005,2004.0,stl,orb,-0.31395314357598075,0.5324171684781439
2003-2005,2004.0,stl,drb,-0.24848223804053285,0.5324171684781439
2003-2005,2004.0,stl,ast,0.44165284382904074,0.5324171684781439
2003-2005,2004.0,stl,tov,0.2124670152403713,0.5324171684781439
2003-2005,2004.0,stl,stl,1.0,0.5324171684781439
2003-2005,2004.0,stl,blk,-0.2893739793073942,0.5324171684781439
2003-2005,2004.0,stl,pf,-0.21668667524431712,0.5324171684781439
2003-2005,2004.0,blk,fg3m,-0.4644313132701135,1.0800677952027442
2003-2005,2004.0,blk,fg3_miss,-0.49009238991740395,1.0800677952027442
2003-2005,2004.0,blk,fg2m,0.21461542401497452,1.0800677952027442
2003-2005,2004.0,blk,fg2_miss,0.056107882656948695,1.0800677952027442
2003-2005,2004.0,blk,ftm,0.0508279329800194,1.0800677952027442
2003-2005,2004.0,blk,ft_miss,0.4498491811222711,1.0800677952027442
2003-2005,2004.0,blk,orb,0.645434312530543,1.0800677952027442
2003-2005,2004.0,blk,drb,0.655102671603335,1.0800677952027442
2003-2005,2004.0,blk,ast,-0.46029536426855067,1.0800677952027442
2003-2005,2004.0,blk,tov,-0.08354692597017416,1.0800677952027442
2003-2005,2004.0,blk,stl,-0.28937397930739417,1.0800677952027442
2003-2005,2004.0,blk,blk,1.0000000000000002,1.0800677952027442
2003-2005,2004.0,blk,pf,0.37451272764579946,1.0800677952027442
2003-2005,2004.0,pf,fg3m,-0.4798617250752994,1.4923423969687986
2003-2005,2004.0,pf,fg3_miss,-0.49184801167801306,1.4923423969687986
2003-2005,2004.0,pf,fg2m,-0.11262098770444456,1.4923423969687986
2003-2005,2004.0,pf,fg2_miss,-0.14195196282044947,1.4923423969687986
2003-2005,2004.0,pf,ftm,-0.20390497768535104,1.4923423969687986
2003-2005,2004.0,pf,ft_miss,0.16677857752518352,1.4923423969687986
2003-2005,2004.0,pf,orb,0.537255275300205,1.4923423969687986
2003-2005,2004.0,pf,drb,0.31047641920718566,1.4923423969687986
2003-2005,2004.0,pf,ast,-0.475913559169713,1.4923423969687986
2003-2005,2004.0,pf,tov,-0.06953305772294253,1.4923423969687986
2003-2005,2004.0,pf,stl,-0.21668667524431715,1.4923423969687986
2003-2005,2004.0,pf,blk,0.37451272764579946,1.4923423969687986
2003-2005,2004.0,pf,pf,1.0,1.4923423969687986
2006-2008,2007.0,fg3m,fg3m,0.9999999999999999,1.1965617377433924
2006-2008,2007.0,fg3m,fg3_miss,0.9615479607755646,1.1965617377433924
2006-2008,2007.0,fg3m,fg2m,-0.38168886871758567,1.1965617377433924
2006-2008,2007.0,fg3m,fg2_miss,-0.26524207610852274,1.1965617377433924
2006-2008,2007.0,fg3m,ftm,-0.05934520120671526,1.1965617377433924
2006-2008,2007.0,fg3m,ft_miss,-0.43184740176595104,1.1965617377433924
2006-2008,2007.0,fg3m,orb,-0.6524265326874096,1.1965617377433924
2006-2008,2007.0,fg3m,drb,-0.46804835420290825,1.1965617377433924
2006-2008,2007.0,fg3m,ast,0.2460509845436052,1.1965617377433924
2006-2008,2007.0,fg3m,tov,-0.12188730560128068,1.1965617377433924
2006-2008,2007.0,fg3m,stl,0.11377899455705275,1.1965617377433924
2006-2008,2007.0,fg3m,blk,-0.4670601226978888,1.1965617377433924
2006-2008,2007.0,fg3m,pf,-0.4215429962205716,1.1965617377433924
2006-2008,2007.0,fg3_miss,fg3m,0.9615479607755644,1.9472696088316308
2006-2008,2007.0,fg3_miss,fg3_miss,0.9999999999999999,1.9472696088316308
2006-2008,2007.0,fg3_miss,fg2m,-0.38155596817348053,1.9472696088316308
2006-2008,2007.0,fg3_miss,fg2_miss,-0.23790425570780704,1.9472696088316308
2006-2008,2007.0,fg3_miss,ftm,-0.048623588015196804,1.9472696088316308
2006-2008,2007.0,fg3_miss,ft_miss,-0.4100080498695983,1.9472696088316308
2006-2008,2007.0,fg3_miss,orb,-0.6750000441975295,1.9472696088316308
2006-2008,2007.0,fg3_miss,drb,-0.4867210414105073,1.9472696088316308
2006-2008,2007.0,fg3_miss,ast,0.27997597828250603,1.9472696088316308
2006-2008,2007.0,fg3_miss,tov,-0.08730300762000454,1.9472696088316308
2006-2008,2007.0,fg3_miss,stl,0.17644852072079809,1.9472696088316308
2006-2008,2007.0,fg3_miss,blk,-0.4804526216058035,1.9472696088316308
2006-2008,2007.0,fg3_miss,pf,-0.42806300003171527,1.9472696088316308
2006-2008,2007.0,fg2m,fg3m,-0.38168886871758567,2.3437075024607403
2006-2008,2007.0,fg2m,fg3_miss,-0.3815559681734805,2.3437075024607403
2006-2008,2007.0,fg2m,fg2m,1.0000000000000002,2.3437075024607403
2006-2008,2007.0,fg2m,fg2_miss,0.8541848695182763,2.3437075024607403
2006-2008,2007.0,fg2m,ftm,0.676057279127192,2.3437075024607403
2006-2008,2007.0,fg2m,ft_miss,0.49768999368294076,2.3437075024607403
2006-2008,2007.0,fg2m,orb,0.25788636536724296,2.3437075024607403
2006-2008,2007.0,fg2m,drb,0.3245760684192152,2.3437075024607403
2006-2008,2007.0,fg2m,ast,0.01967932693591657,2.3437075024607403
2006-2008,2007.0,fg2m,tov,0.4761574101127592,2.3437075024607403
2006-2008,2007.0,fg2m,stl,-0.03986028215271007,2.3437075024607403
2006-2008,2007.0,fg2m,blk,0.2012628253767506,2.3437075024607403
2006-2008,2007.0,fg2m,pf,-0.13079734373428994,2.3437075024607403
2006-2008,2007.0,fg2_miss,fg3m,-0.26524207610852274,2.2555592352163476
2006-2008,2007.0,fg2_miss,fg3_miss,-0.23790425570780704,2.2555592352163476
2006-2008,2007.0,fg2_miss,fg2m,0.8541848695182763,2.2555592352163476
2006-2008,2007.0,fg2_miss,fg2_miss,1.0,2.2555592352163476
2006-2008,2007.0,fg2_miss,ftm,0.6299754827653685,2.2555592352163476
2006-2008,2007.0,fg2_miss,ft_miss,0.3337912945013543,2.2555592352163476
2006-2008,2007.0,fg2_miss,orb,0.05946450779296369,2.2555592352163476
2006-2008,2007.0,fg2_miss,drb,0.12798833660946812,2.2555592352163476
2006-2008,2007.0,fg2_miss,ast,0.12192663518462478,2.2555592352163476
2006-2008,2007.0,fg2_miss,tov,0.4930913491973606,2.2555592352163476
2006-2008,2007.0,fg2_miss,stl,0.03321845139436097,2.2555592352163476
2006-2008,2007.0,fg2_miss,blk,0.03144149182662488,2.2555592352163476
2006-2008,2007.0,fg2_miss,pf,-0.1673051790968003,2.2555592352163476
2006-2008,2007.0,ftm,fg3m,-0.05934520120671526,2.0870460474544967
2006-2008,2007.0,ftm,fg3_miss,-0.048623588015196804,2.0870460474544967
2006-2008,2007.0,ftm,fg2m,0.676057279127192,2.0870460474544967
2006-2008,2007.0,ftm,fg2_miss,0.6299754827653685,2.0870460474544967
2006-2008,2007.0,ftm,ftm,1.0,2.0870460474544967
2006-2008,2007.0,ftm,ft_miss,0.4971138467629887,2.0870460474544967
2006-2008,2007.0,ftm,orb,-0.031190563851680835,2.0870460474544967
2006-2008,2007.0,ftm,drb,0.08629454373870589,2.0870460474544967
2006-2008,2007.0,ftm,ast,0.18737720136391614,2.0870460474544967
2006-2008,2007.0,ftm,tov,0.5475511379310436,2.0870460474544967
2006-2008,2007.0,ftm,stl,0.09515338143144843,2.0870460474544967
2006-2008,2007.0,ftm,blk,0.006238440140777678,2.0870460474544967
2006-2008,2007.0,ftm,pf,-0.26043997455738,2.0870460474544967
2006-2008,2007.0,ft_miss,fg3m,-0.4318474017659511,0.8170798573662191
2006-2008,2007.0,ft_miss,fg3_miss,-0.4100080498695983,0.8170798573662191
2006-2008,2007.0,ft_miss,fg2m,0.49768999368294076,0.8170798573662191
2006-2008,2007.0,ft_miss,fg2_miss,0.3337912945013543,0.8170798573662191
2006-2008,2007.0,ft_miss,ftm,0.4971138467629887,0.8170798573662191
2006-2008,2007.0,ft_miss,ft_miss,1.0,0.8170798573662191
2006-2008,2007.0,ft_miss,orb,0.4606727993521331,0.8170798573662191
2006-2008,2007.0,ft_miss,drb,0.4109205568810519,0.8170798573662191
2006-2008,2007.0,ft_miss,ast,-0.16408260723399892,0.8170798573662191
2006-2008,2007.0,ft_miss,tov,0.4145427920245348,0.8170798573662191
2006-2008,2007.0,ft_miss,stl,-0.011479879908385308,0.8170798573662191
2006-2008,2007.0,ft_miss,blk,0.40064567969199305,0.8170798573662191
2006-2008,2007.0,ft_miss,pf,0.1735383577445114,0.8170798573662191
2006-2008,2007.0,orb,fg3m,-0.6524265326874095,1.5892356116527042
2006-2008,2007.0,orb,fg3_miss,-0.6750000441975295,1.5892356116527042
2006-2008,2007.0,orb,fg2m,0.25788636536724296,1.5892356116527042
2006-2008,2007.0,orb,fg2_miss,0.05946450779296368,1.5892356116527042
2006-2008,2007.0,orb,ftm,-0.031190563851680824,1.5892356116527042
2006-2008,2007.0,orb,ft_miss,0.4606727993521332,1.5892356116527042
2006-2008,2007.0,orb,orb,1.0000000000000002,1.5892356116527042
2006-2008,2007.0,orb,drb,0.7628478164839386,1.5892356116527042
2006-2008,2007.0,orb,ast,-0.5803271401652653,1.5892356116527042
2006-2008,2007.0,orb,tov,-0.08684621703009965,1.5892356116527042
2006-2008,2007.0,orb,stl,-0.26699654547133883,1.5892356116527042
2006-2008,2007.0,orb,blk,0.6433266002129618,1.5892356116527042
2006-2008,2007.0,orb,pf,0.5513912518048353,1.5892356116527042
2006-2008,2007.0,drb,fg3m,-0.46804835420290825,2.519849329652459
2006-2008,2007.0,drb,fg3_miss,-0.4867210414105073,2.519849329652459
2006-2008,2007.0,drb,fg2m,0.32457606841921527,2.519849329652459
2006-2008,2007.0,drb,fg2_miss,0.12798833660946812,2.519849329652459
2006-2008,2007.0,drb,ftm,0.08629454373870589,2.519849329652459
2006-2008,2007.0,drb,ft_miss,0.41092055688105195,2.519849329652459
2006-2008,2007.0,drb,orb,0.7628478164839386,2.519849329652459
2006-2008,2007.0,drb,drb,1.0000000000000002,2.519849329652459
2006-2008,2007.0,drb,ast,-0.455376511959948,2.519849329652459
2006-2008,2007.0,drb,tov,-0.012345681769209527,2.519849329652459
2006-2008,2007.0,drb,stl,-0.24559578098404353,2.519849329652459
2006-2008,2007.0,drb,blk,0.6481911385314206,2.519849329652459
2006-2008,2007.0,drb,pf,0.3206934296177092,2.519849329652459
2006-2008,2007.0,ast,fg3m,0.24605098454360522,2.9032930386264626
2006-2008,2007.0,ast,fg3_miss,0.27997597828250603,2.9032930386264626
2006-2008,2007.0,ast,fg2m,0.01967932693591657,2.9032930386264626
2006-2008,2007.0,ast,fg2_miss,0.12192663518462478,2.9032930386264626
2006-2008,2007.0,ast,ftm,0.18737720136391614,2.9032930386264626
2006-2008,2007.0,ast,ft_miss,-0.16408260723399892,2.9032930386264626
2006-2008,2007.0,ast,orb,-0.5803271401652653,2.9032930386264626
2006-2008,2007.0,ast,drb,-0.455376511959948,2.9032930386264626
2006-2008,2007.0,ast,ast,1.0,2.9032930386264626
2006-2008,2007.0,ast,tov,0.4834363786140952,2.9032930386264626
2006-2008,2007.0,ast,stl,0.4083912116261382,2.9032930386264626
2006-2008,2007.0,ast,blk,-0.4216024065717563,2.9032930386264626
2006-2008,2007.0,ast,pf,-0.49548237560413444,2.9032930386264626
2006-2008,2007.0,tov,fg3m,-0.12188730560128068,0.7929380861155505
2006-2008,2007.0,tov,fg3_miss,-0.08730300762000454,0.7929380861155505
2006-2008,2007.0,tov,fg2m,0.47615741011275925,0.7929380861155505
2006-2008,2007.0,tov,fg2_miss,0.4930913491973606,0.7929380861155505
2006-2008,2007.0,tov,ftm,0.5475511379310436,0.7929380861155505
2006-2008,2007.0,tov,ft_miss,0.4145427920245348,0.7929380861155505
2006-2008,2007.0,tov,orb,-0.08684621703009963,0.7929380861155505
2006-2008,2007.0,tov,drb,-0.012345681769209528,0.7929380861155505
2006-2008,2007.0,tov,ast,0.4834363786140952,0.7929380861155505
2006-2008,2007.0,tov,tov,1.0,0.7929380861155505
2006-2008,2007.0,tov,stl,0.15445680727511352,0.7929380861155505
2006-2008,2007.0,tov,blk,-0.016320792065330318,0.7929380861155505
2006-2008,2007.0,tov,pf,-0.08462278594553357,0.7929380861155505
2006-2008,2007.0,stl,fg3m,0.11377899455705275,0.4996453359922489
2006-2008,2007.0,stl,fg3_miss,0.17644852072079809,0.4996453359922489
2006-2008,2007.0,stl,fg2m,-0.03986028215271007,0.4996453359922489
2006-2008,2007.0,stl,fg2_miss,0.03321845139436097,0.4996453359922489
2006-2008,2007.0,stl,ftm,0.09515338143144843,0.4996453359922489
2006-2008,2007.0,stl,ft_miss,-0.011479879908385301,0.4996453359922489
2006-2008,2007.0,stl,orb,-0.26699654547133883,0.4996453359922489
2006-2008,2007.0,stl,drb,-0.24559578098404353,0.4996453359922489
2006-2008,2007.0,stl,ast,0.4083912116261382,0.4996453359922489
2006-2008,2007.0,stl,tov,0.15445680727511352,0.4996453359922489
2006-2008,2007.0,stl,stl,1.0000000000000002,0.4996453359922489
2006-2008,2007.0,stl,blk,-0.23744631012414816,0.4996453359922489
2006-2008,2007.0,stl,pf,-0.1899019791321303,0.4996453359922489
2006-2008,2007.0,blk,fg3m,-0.4670601226978888,1.0088859514292532
2006-2008,2007.0,blk,fg3_miss,-0.4804526216058035,1.0088859514292532
2006-2008,2007.0,blk,fg2m,0.2012628253767506,1.0088859514292532
2006-2008,2007.0,blk,fg2_miss,0.03144149182662488,1.0088859514292532
2006-2008,2007.0,blk,ftm,0.006238440140777678,1.0088859514292532
2006-2008,2007.0,blk,ft_miss,0.40064567969199305,1.0088859514292532
2006-2008,2007.0,blk,orb,0.6433266002129618,1.0088859514292532
2006-2008,2007.0,blk,drb,0.6481911385314206,1.0088859514292532
2006-2008,2007.0,blk,ast,-0.42160240657175635,1.0088859514292532
2006-2008,2007.0,blk,tov,-0.01632079206533031,1.0088859514292532
2006-2008,2007.0,blk,stl,-0.23744631012414816,1.0088859514292532
2006-2008,2007.0,blk,blk,0.9999999999999998,1.0088859514292532
2006-2008,2007.0,blk,pf,0.3816587635416139,1.0088859514292532
2006-2008,2007.0,pf,fg3m,-0.4215429962205716,1.5157527687224326
2006-2008,2007.0,pf,fg3_miss,-0.42806300003171516,1.5157527687224326
2006-2008,2007.0,pf,fg2m,-0.13079734373428994,1.5157527687224326
2006-2008,2007.0,pf,fg2_miss,-0.16730517909680023,1.5157527687224326
2006-2008,2007.0,pf,ftm,-0.26043997455738,1.5157527687224326
2006-2008,2007.0,pf,ft_miss,0.17353835774451143,1.5157527687224326
2006-2008,2007.0,pf,orb,0.5513912518048351,1.5157527687224326
2006-2008,2007.0,pf,drb,0.3206934296177092,1.5157527687224326
2006-2008,2007.0,pf,ast,-0.49548237560413444,1.5157527687224326
2006-2008,2007.0,pf,tov,-0.08462278594553357,1.5157527687224326
2006-2008,2007.0,pf,stl,-0.1899019791321303,1.5157527687224326
2006-2008,2007.0,pf,blk,0.3816587635416138,1.5157527687224326
2006-2008,2007.0,pf,pf,1.0,1.5157527687224326
2009-2011,2010.0,fg3m,fg3m,0.9999999999999999,1.1943482560660394
2009-2011,2010.0,fg3m,fg3_miss,0.9595902095709844,1.1943482560660394
2009-2011,2010.0,fg3m,fg2m,-0.5038246236693318,1.1943482560660394
2009-2011,2010.0,fg3m,fg2_miss,-0.3671711867780175,1.1943482560660394
2009-2011,2010.0,fg3m,ftm,-0.10898477191666014,1.1943482560660394
2009-2011,2010.0,fg3m,ft_miss,-0.47189083405502047,1.1943482560660394
2009-2011,2010.0,fg3m,orb,-0.6919667969175521,1.1943482560660394
2009-2011,2010.0,fg3m,drb,-0.5035431251544951,1.1943482560660394
2009-2011,2010.0,fg3m,ast,0.19251307480492125,1.1943482560660394
2009-2011,2010.0,fg3m,tov,-0.12955672800890636,1.1943482560660394
2009-2011,2010.0,fg3m,stl,0.1160583755737746,1.1943482560660394
2009-2011,2010.0,fg3m,blk,-0.5214501485862305,1.1943482560660394
2009-2011,2010.0,fg3m,pf,-0.405494096389009,1.1943482560660394
2009-2011,2010.0,fg3_miss,fg3m,0.9595902095709844,1.9625104265728033
2009-2011,2010.0,fg3_miss,fg3_miss,0.9999999999999999,1.9625104265728033
2009-2011,2010.0,fg3_miss,fg2m,-0.4842742641868818,1.9625104265728033
2009-2011,2010.0,fg3_miss,fg2_miss,-0.32427796958043836,1.9625104265728033
2009-2011,2010.0,fg3_miss,ftm,-0.08615933428014759,1.9625104265728033
2009-2011,2010.0,fg3_miss,ft_miss,-0.4472652422050889,1.9625104265728033
2009-2011,2010.0,fg3_miss,orb,-0.7168526386331945,1.9625104265728033
2009-2011,2010.0,fg3_miss,drb,-0.5366696579438786,1.9625104265728033
2009-2011,2010.0,fg3_miss,ast,0.22975546992081022,1.9625104265728033
2009-2011,2010.0,fg3_miss,tov,-0.07749172987141031,1.9625104265728033
2009-2011,2010.0,fg3_miss,stl,0.17613596136829576,1.9625104265728033
2009-2011,2010.0,fg3_miss,blk,-0.5436478920511355,1.9625104265728033
2009-2011,2010.0,fg3_miss,pf,-0.4110203801742165,1.9625104265728033
2009-2011,2010.0,fg2m,fg3m,-0.5038246236693318,2.4354760317650075
2009-2011,2010.0,fg2m,fg3_miss,-0.4842742641868819,2.4354760317650075
2009-2011,2010.0,fg2m,fg2m,0.9999999999999999,2.4354760317650075
2009-2011,2010.0,fg2m,fg2_miss,0.8731420371101852,2.4354760317650075
2009-2011,2010.0,fg2m,ftm,0.6367535262182837,2.4354760317650075
2009-2011,2010.0,fg2m,ft_miss,0.5014951898746062,2.4354760317650075
2009-2011,2010.0,fg2m,orb,0.33503210289097024,2.4354760317650075
2009-2011,2010.0,fg2m,drb,0.3641171763003594,2.4354760317650075
2009-2011,2010.0,fg2m,ast,0.011999169927938869,2.4354760317650075
2009-2011,2010.0,fg2m,tov,0.4271788578100621,2.4354760317650075
2009-2011,2010.0,fg2m,stl,-0.07055635513223629,2.4354760317650075
2009-2011,2010.0,fg2m,blk,0.24408210102980268,2.4354760317650075
2009-2011,2010.0,fg2m,pf,-0.04468366293013084,2.4354760317650075
2009-2011,2010.0,fg2_miss,fg3m,-0.3671711867780175,2.346285905835399
2009-2011,2010.0,fg2_miss,fg3_miss,-0.32427796958043836,2.346285905835399
2009-2011,2010.0,fg2_miss,fg2m,0.8731420371101852,2.346285905835399
2009-2011,2010.0,fg2_miss,fg2_miss,1.0,2.346285905835399
2009-2011,2010.0,fg2_miss,ftm,0.610217339650013,2.346285905835399
2009-2011,2010.0,fg2_miss,ft_miss,0.3393004927783186,2.346285905835399
2009-2011,2010.0,fg2_miss,orb,0.14515873136051605,2.346285905835399
2009-2011,2010.0,fg2_miss,drb,0.149562000010667,2.346285905835399
2009-2011,2010.0,fg2_miss,ast,0.10907694878773268,2.346285905835399
2009-2011,2010.0,fg2_miss,tov,0.4791480165160842,2.346285905835399
2009-2011,2010.0,fg2_miss,stl,-0.0018626055673215175,2.346285905835399
2009-2011,2010.0,fg2_miss,blk,0.055724129134702316,2.346285905835399
2009-2011,2010.0,fg2_miss,pf,-0.10646706822003096,2.346285905835399
2009-2011,2010.0,ftm,fg3m,-0.10898477191666014,2.0562802580061357
2009-2011,2010.0,ftm,fg3_miss,-0.08615933428014758,2.0562802580061357
2009-2011,2010.0,ftm,fg2m,0.6367535262182837,2.0562802580061357
2009-2011,2010.0,ftm,fg2_miss,0.6102173396500129,2.0562802580061357
2009-2011,2010.0,ftm,ftm,1.0000000000000002,2.0562802580061357
2009-2011,2010.0,ftm,ft_miss,0.5107936101620277,2.0562802580061357
2009-2011,2010.0,ftm,orb,0.014056830148820981,2.0562802580061357
2009-2011,2010.0,ftm,drb,0.10900712403035633,2.0562802580061357
2009-2011,2010.0,ftm,ast,0.18495451988005845,2.0562802580061357
2009-2011,2010.0,ftm,tov,0.5150460382857638,2.0562802580061357
2009-2011,2010.0,ftm,stl,0.06796986596324615,2.0562802580061357
2009-2011,2010.0,ftm,blk,0.002314096716715534,2.0562802580061357
2009-2011,2010.0,ftm,pf,-0.21535609944750306,2.0562802580061357
2009-2011,2010.0,ft_miss,fg3m,-0.47189083405502047,0.7422312524133847
2009-2011,2010.0,ft_miss,fg3_miss,-0.4472652422050889,0.7422312524133847
2009-2011,2010.0,ft_miss,fg2m,0.5014951898746062,0.7422312524133847
2009-2011,2010.0,ft_miss,fg2_miss,0.3393004927783185,0.7422312524133847
2009-2011,2010.0,ft_miss,ftm,0.5107936101620278,0.7422312524133847
2009-2011,2010.0,ft_miss,ft_miss,1.0,0.7422312524133847
2009-2011,2010.0,ft_miss,orb,0.5034962731443888,0.7422312524133847
2009-2011,2010.0,ft_miss,drb,0.46100339709354854,0.7422312524133847
2009-2011,2010.0,ft_miss,ast,-0.14376300420406468,0.7422312524133847
2009-2011,2010.0,ft_miss,tov,0.336874172565512,0.7422312524133847
2009-2011,2010.0,ft_miss,stl,-0.01607719076566422,0.7422312524133847
2009-2011,2010.0,ft_miss,blk,0.43922186936765656,0.7422312524133847
2009-2011,2010.0,ft_miss,pf,0.22346521814345127,0.7422312524133847
2009-2011,2010.0,orb,fg3m,-0.6919667969175521,1.6308746998651684
2009-2011,2010.0,orb,fg3_miss,-0.7168526386331946,1.6308746998651684
2009-2011,2010.0,orb,fg2m,0.33503210289097024,1.6308746998651684
2009-2011,2010.0,orb,fg2_miss,0.14515873136051605,1.6308746998651684
2009-2011,2010.0,orb,ftm,0.014056830148820974,1.6308746998651684
2009-2011,2010.0,orb,ft_miss,0.5034962731443888,1.6308746998651684
2009-2011,2010.0,orb,orb,1.0,1.6308746998651684
2009-2011,2010.0,orb,drb,0.7568276757064801,1.6308746998651684
2009-2011,2010.0,orb,ast,-0.5085726878807854,1.6308746998651684
2009-2011,2010.0,orb,tov,-0.0878964729155949,1.6308746998651684
2009-2011,2010.0,orb,stl,-0.29132685528393876,1.6308746998651684
2009-2011,2010.0,orb,blk,0.6879579598881559,1.6308746998651684
2009-2011,2010.0,orb,pf,0.5671828878260345,1.6308746998651684
2009-2011,2010.0,drb,fg3m,-0.5035431251544951,2.539075657565907
2009-2011,2010.0,drb,fg3_miss,-0.5366696579438786,2.539075657565907
2009-2011,2010.0,drb,fg2m,0.36411717630035934,2.539075657565907
2009-2011,2010.0,drb,fg2_miss,0.149562000010667,2.539075657565907
2009-2011,2010.0,drb,ftm,0.10900712403035631,2.539075657565907
2009-2011,2010.0,drb,ft_miss,0.4610033970935485,2.539075657565907
2009-2011,2010.0,drb,orb,0.7568276757064801,2.539075657565907
2009-2011,2010.0,drb,drb,0.9999999999999999,2.539075657565907
2009-2011,2010.0,drb,ast,-0.43194116067361016,2.539075657565907
2009-2011,2010.0,drb,tov,-0.060451204421948505,2.539075657565907
2009-2011,2010.0,drb,stl,-0.29120286919584976,2.539075657565907
2009-2011,2010.0,drb,blk,0.6324145287146952,2.539075657565907
2009-2011,2010.0,drb,pf,0.34783518004165165,2.539075657565907
2009-2011,2010.0,ast,fg3m,0.19251307480492127,3.019967610624803
2009-2011,2010.0,ast,fg3_miss,0.22975546992081025,3.019967610624803
2009-2011,2010.0,ast,fg2m,0.011999169927938872,3.019967610624803
2009-2011,2010.0,ast,fg2_miss,0.10907694878773268,3.019967610624803
2009-2011,2010.0,ast,ftm,0.1849545198800585,3.019967610624803
2009-2011,2010.0,ast,ft_miss,-0.14376300420406468,3.019967610624803
2009-2011,2010.0,ast,orb,-0.5085726878807854,3.019967610624803
2009-2011,2010.0,ast,drb,-0.43194116067361016,3.019967610624803
2009-2011,2010.0,ast,ast,1.0,3.019967610624803
2009-2011,2010.0,ast,tov,0.6036677586426741,3.019967610624803
2009-2011,2010.0,ast,stl,0.45432421953800756,3.019967610624803
2009-2011,2010.0,ast,blk,-0.445210715967632,3.019967610624803
2009-2011,2010.0,ast,pf,-0.4473660975040797,3.019967610624803
2009-2011,2010.0,tov,fg3m,-0.12955672800890636,0.8355932889317776
2009-2011,2010.0,tov,fg3_miss,-0.07749172987141031,0.8355932889317776
2009-2011,2010.0,tov,fg2m,0.4271788578100621,0.8355932889317776
2009-2011,2010.0,tov,fg2_miss,0.47914801651608424,0.8355932889317776
2009-2011,2010.0,tov,ftm,0.5150460382857638,0.8355932889317776
2009-2011,2010.0,tov,ft_miss,0.336874172565512,0.8355932889317776
2009-2011,2010.0,tov,orb,-0.08789647291559487,0.8355932889317776
2009-2011,2010.0,tov,drb,-0.060451204421948505,0.8355932889317776
2009-2011,2010.0,tov,ast,0.6036677586426741,0.8355932889317776
2009-2011,2010.0,tov,tov,1.0,0.8355932889317776
2009-2011,2010.0,tov,stl,0.2509684361800092,0.8355932889317776
2009-2011,2010.0,tov,blk,-0.06693696027398886,0.8355932889317776
2009-2011,2010.0,tov,pf,-0.10590496508071535,0.8355932889317776
2009-2011,2010.0,stl,fg3m,0.11605837557377462,0.4823196881455362
2009-2011,2010.0,stl,fg3_miss,0.17613596136829576,0.4823196881455362
2009-2011,2010.0,stl,fg2m,-0.07055635513223629,0.4823196881455362
2009-2011,2010.0,stl,fg2_miss,-0.0018626055673215175,0.4823196881455362
2009-2011,2010.0,stl,ftm,0.06796986596324617,0.4823196881455362
2009-2011,2010.0,stl,ft_miss,-0.016077190765664214,0.4823196881455362
2009-2011,2010.0,stl,orb,-0.29132685528393876,0.4823196881455362
2009-2011,2010.0,stl,drb,-0.29120286919584976,0.4823196881455362
2009-2011,2010.0,stl,ast,0.45432421953800756,0.4823196881455362
2009-2011,2010.0,stl,tov,0.2509684361800092,0.4823196881455362
2009-2011,2010.0,stl,stl,1.0000000000000002,0.4823196881455362
2009-2011,2010.0,stl,blk,-0.28414908256317545,0.4823196881455362
2009-2011,2010.0,stl,pf,-0.2084655173345481,0.4823196881455362
2009-2011,2010.0,blk,fg3m,-0.5214501485862305,0.9227910156801504
2009-2011,2010.0,blk,fg3_miss,-0.5436478920511354,0.9227910156801504
2009-2011,2010.0,blk,fg2m,0.24408210102980268,0.9227910156801504
2009-2011,2010.0,blk,fg2_miss,0.055724129134702295,0.9227910156801504
2009-2011,2010.0,blk,ftm,0.0023140967167155375,0.9227910156801504
2009-2011,2010.0,blk,ft_miss,0.43922186936765656,0.9227910156801504
2009-2011,2010.0,blk,orb,0.6879579598881559,0.9227910156801504
2009-2011,2010.0,blk,drb,0.6324145287146952,0.9227910156801504
2009-2011,2010.0,blk,ast,-0.445210715967632,0.9227910156801504
2009-2011,2010.0,blk,tov,-0.06693696027398885,0.9227910156801504
2009-2011,2010.0,blk,stl,-0.2841490825631754,0.9227910156801504
2009-2011,2010.0,blk,blk,1.0,0.9227910156801504
2009-2011,2010.0,blk,pf,0.46915602278739077,0.9227910156801504
2009-2011,2010.0,pf,fg3m,-0.40549409638900913,1.430057360088385
2009-2011,2010.0,pf,fg3_miss,-0.4110203801742165,1.430057360088385
2009-2011,2010.0,pf,fg2m,-0.04468366293013083,1.430057360088385
2009-2011,2010.0,pf,fg2_miss,-0.10646706822003094,1.430057360088385
2009-2011,2010.0,pf,ftm,-0.21535609944750306,1.430057360088385
2009-2011,2010.0,pf,ft_miss,0.2234652181434513,1.430057360088385
2009-2011,2010.0,pf,orb,0.5671828878260344,1.430057360088385
2009-2011,2010.0,pf,drb,0.3478351800416516,1.430057360088385
2009-2011,2010.0,pf,ast,-0.44736609750407974,1.430057360088385
2009-2011,2010.0,pf,tov,-0.10590496508071535,1.430057360088385
2009-2011,2010.0,pf,stl,-0.2084655173345481,1.430057360088385
2009-2011,2010.0,pf,blk,0.4691560227873907,1.430057360088385
2009-2011,2010.0,pf,pf,1.0000000000000002,1.430057360088385
2012-2014,2013.0,fg3m,fg3m,1.0,1.2761140259733141
2012-2014,2013.0,fg3m,fg3_miss,0.9541789104553301,1.2761140259733141
2012-2014,2013.0,fg3m,fg2m,-0.5055007280486051,1.2761140259733141
2012-2014,2013.0,fg3m,fg2_miss,-0.38987232020639573,1.2761140259733141
2012-2014,2013.0,fg3m,ftm,-0.05977119939113003,1.2761140259733141
2012-2014,2013.0,fg3m,ft_miss,-0.4798480141284301,1.2761140259733141
2012-2014,2013.0,fg3m,orb,-0.6932517891830987,1.2761140259733141
2012-2014,2013.0,fg3m,drb,-0.5698288841524949,1.2761140259733141
2012-2014,2013.0,fg3m,ast,0.24555495851182596,1.2761140259733141
2012-2014,2013.0,fg3m,tov,-0.07173711799413057,1.2761140259733141
2012-2014,2013.0,fg3m,stl,0.095859595099359,1.2761140259733141
2012-2014,2013.0,fg3m,blk,-0.543183835163527,1.2761140259733141
2012-2014,2013.0,fg3m,pf,-0.3957729453969729,1.2761140259733141
2012-2014,2013.0,fg3_miss,fg3m,0.9541789104553301,2.0953953614212333
2012-2014,2013.0,fg3_miss,fg3_miss,0.9999999999999998,2.0953953614212333
2012-2014,2013.0,fg3_miss,fg2m,-0.507635651942736,2.0953953614212333
2012-2014,2013.0,fg3_miss,fg2_miss,-0.3619887127208395,2.0953953614212333
2012-2014,2013.0,fg3_miss,ftm,-0.05349498442683077,2.0953953614212333
2012-2014,2013.0,fg3_miss,ft_miss,-0.4590848355210313,2.0953953614212333
2012-2014,2013.0,fg3_miss,orb,-0.7222850250520088,2.0953953614212333
2012-2014,2013.0,fg3_miss,drb,-0.6017928444773508,2.0953953614212333
2012-2014,2013.0,fg3_miss,ast,0.27571052549748587,2.0953953614212333
2012-2014,2013.0,fg3_miss,tov,-0.02548772086212154,2.0953953614212333
2012-2014,2013.0,fg3_miss,stl,0.14398133985832573,2.0953953614212333
2012-2014,2013.0,fg3_miss,blk,-0.5769667213245728,2.0953953614212333
2012-2014,2013.0,fg3_miss,pf,-0.3981545567655948,2.0953953614212333
2012-2014,2013.0,fg2m,fg3m,-0.5055007280486051,2.475727495366553
2012-2014,2013.0,fg2m,fg3_miss,-0.507635651942736,2.475727495366553
2012-2014,2013.0,fg2m,fg2m,1.0000000000000002,2.475727495366553
2012-2014,2013.0,fg2m,fg2_miss,0.8607926119925176,2.475727495366553
2012-2014,2013.0,fg2m,ftm,0.5926834789256895,2.475727495366553
2012-2014,2013.0,fg2m,ft_miss,0.4979187414372706,2.475727495366553
2012-2014,2013.0,fg2m,orb,0.3958174717448338,2.475727495366553
2012-2014,2013.0,fg2m,drb,0.4534597808223704,2.475727495366553
2012-2014,2013.0,fg2m,ast,7.418410433936653e-05,2.475727495366553
2012-2014,2013.0,fg2m,tov,0.3938733029543522,2.475727495366553
2012-2014,2013.0,fg2m,stl,-0.05794099905831475,2.475727495366553
2012-2014,2013.0,fg2m,blk,0.29641903090570854,2.475727495366553
2012-2014,2013.0,fg2m,pf,-0.04988686877026012,2.475727495366553
2012-2014,2013.0,fg2_miss,fg3m,-0.38987232020639573,2.43627357989542
2012-2014,2013.0,fg2_miss,fg3_miss,-0.3619887127208395,2.43627357989542
2012-2014,2013.0,fg2_miss,fg2m,0.8607926119925176,2.43627357989542
2012-2014,2013.0,fg2_miss,fg2_miss,1.0,2.43627357989542
2012-2014,2013.0,fg2_miss,ftm,0.5649055500578091,2.43627357989542
2012-2014,2013.0,fg2_miss,ft_miss,0.3391199632773171,2.43627357989542
2012-2014,2013.0,fg2_miss,orb,0.21131236507109086,2.43627357989542
2012-2014,2013.0,fg2_miss,drb,0.26487814703479085,2.43627357989542
2012-2014,2013.0,fg2_miss,ast,0.10151970716493644,2.43627357989542
2012-2014,2013.0,fg2_miss,tov,0.44997895376740593,2.43627357989542
2012-2014,2013.0,fg2_miss,stl,-0.03406971585485015,2.43627357989542
2012-2014,2013.0,fg2_miss,blk,0.11373533531042851,2.43627357989542
2012-2014,2013.0,fg2_miss,pf,-0.08791873905795888,2.43627357989542
2012-2014,2013.0,ftm,fg3m,-0.05977119939113003,1.8520010414364567
2012-2014,2013.0,ftm,fg3_miss,-0.05349498442683077,1.8520010414364567
2012-2014,2013.0,ftm,fg2m,0.5926834789256895,1.8520010414364567
2012-2014,2013.0,ftm,fg2_miss,0.5649055500578091,1.8520010414364567
2012-2014,2013.0,ftm,ftm,1.0,1.8520010414364567
2012-2014,2013.0,ftm,ft_miss,0.4673677362085117,1.8520010414364567
2012-2014,2013.0,ftm,orb,0.014914714928536932,1.8520010414364567
2012-2014,2013.0,ftm,drb,0.10296240211337501,1.8520010414364567
2012-2014,2013.0,ftm,ast,0.23246871340599135,1.8520010414364567
2012-2014,2013.0,ftm,tov,0.5168091131188132,1.8520010414364567
2012-2014,2013.0,ftm,stl,0.09702827816217552,1.8520010414364567
2012-2014,2013.0,ftm,blk,-0.03191989954165337,1.8520010414364567
2012-2014,2013.0,ftm,pf,-0.23691174204415116,1.8520010414364567
2012-2014,2013.0,ft_miss,fg3m,-0.4798480141284301,0.7385227146286757
2012-2014,2013.0,ft_miss,fg3_miss,-0.45908483552103146,0.7385227146286757
2012-2014,2013.0,ft_miss,fg2m,0.4979187414372708,0.7385227146286757
2012-2014,2013.0,ft_miss,fg2_miss,0.339119963277317,0.7385227146286757
2012-2014,2013.0,ft_miss,ftm,0.4673677362085117,0.7385227146286757
2012-2014,2013.0,ft_miss,ft_miss,1.0,0.7385227146286757
2012-2014,2013.0,ft_miss,orb,0.4968068844757226,0.7385227146286757
2012-2014,2013.0,ft_miss,drb,0.49748956092929036,0.7385227146286757
2012-2014,2013.0,ft_miss,ast,-0.1391693829433611,0.7385227146286757
2012-2014,2013.0,ft_miss,tov,0.2952880907760961,0.7385227146286757
2012-2014,2013.0,ft_miss,stl,0.03512377320599286,0.7385227146286757
2012-2014,2013.0,ft_miss,blk,0.37631027032713094,0.7385227146286757
2012-2014,2013.0,ft_miss,pf,0.16887357860099272,0.7385227146286757
2012-2014,2013.0,orb,fg3m,-0.6932517891830987,1.7208295214031304
2012-2014,2013.0,orb,fg3_miss,-0.7222850250520088,1.7208295214031304
2012-2014,2013.0,orb,fg2m,0.3958174717448338,1.7208295214031304
2012-2014,2013.0,orb,fg2_miss,0.21131236507109086,1.7208295214031304
2012-2014,2013.0,orb,ftm,0.014914714928536929,1.7208295214031304
2012-2014,2013.0,orb,ft_miss,0.4968068844757226,1.7208295214031304
2012-2014,2013.0,orb,orb,1.0,1.7208295214031304
2012-2014,2013.0,orb,drb,0.7552381754569943,1.7208295214031304
2012-2014,2013.0,orb,ast,-0.5279769344581324,1.7208295214031304
2012-2014,2013.0,orb,tov,-0.12321797467435038,1.7208295214031304
2012-2014,2013.0,orb,stl,-0.22752535707755905,1.7208295214031304
2012-2014,2013.0,orb,blk,0.6629832500917523,1.7208295214031304
2012-2014,2013.0,orb,pf,0.5160431136133269,1.7208295214031304
2012-2014,2013.0,drb,fg3m,-0.5698288841524949,2.639017856999907
2012-2014,2013.0,drb,fg3_miss,-0.6017928444773508,2.639017856999907
2012-2014,2013.0,drb,fg2m,0.4534597808223704,2.639017856999907
2012-2014,2013.0,drb,fg2_miss,0.26487814703479085,2.639017856999907
2012-2014,2013.0,drb,ftm,0.10296240211337501,2.639017856999907
2012-2014,2013.0,drb,ft_miss,0.49748956092929036,2.639017856999907
2012-2014,2013.0,drb,orb,0.7552381754569943,2.639017856999907
2012-2014,2013.0,drb,drb,0.9999999999999999,2.639017856999907
2012-2014,2013.0,drb,ast,-0.4229855596422696,2.639017856999907
2012-2014,2013.0,drb,tov,-0.022415504037997854,2.639017856999907
2012-2014,2013.0,drb,stl,-0.21377831854394885,2.639017856999907
2012-2014,2013.0,drb,blk,0.613071756175579,2.639017856999907
2012-2014,2013.0,drb,pf,0.3436344550985486,2.639017856999907
2012-2014,2013.0,ast,fg3m,0.24555495851182593,3.010355792303106
2012-2014,2013.0,ast,fg3_miss,0.275710525497486,3.010355792303106
2012-2014,2013.0,ast,fg2m,7.418410433936714e-05,3.010355792303106
2012-2014,2013.0,ast,fg2_miss,0.10151970716493645,3.010355792303106
2012-2014,2013.0,ast,ftm,0.2324687134059913,3.010355792303106
2012-2014,2013.0,ast,ft_miss,-0.1391693829433611,3.010355792303106
2012-2014,2013.0,ast,orb,-0.5279769344581323,3.010355792303106
2012-2014,2013.0,ast,drb,-0.4229855596422696,3.010355792303106
2012-2014,2013.0,ast,ast,1.0,3.010355792303106
2012-2014,2013.0,ast,tov,0.6476754332673562,3.010355792303106
2012-2014,2013.0,ast,stl,0.39691267518821494,3.010355792303106
2012-2014,2013.0,ast,blk,-0.4488954366598387,3.010355792303106
2012-2014,2013.0,ast,pf,-0.40086052414772566,3.010355792303106
2012-2014,2013.0,tov,fg3m,-0.07173711799413057,0.8716802901916096
2012-2014,2013.0,tov,fg3_miss,-0.02548772086212154,0.8716802901916096
2012-2014,2013.0,tov,fg2m,0.39387330295435213,0.8716802901916096
2012-2014,2013.0,tov,fg2_miss,0.44997895376740593,0.8716802901916096
2012-2014,2013.0,tov,ftm,0.5168091131188133,0.8716802901916096
2012-2014,2013.0,tov,ft_miss,0.295288090776096,0.8716802901916096
2012-2014,2013.0,tov,orb,-0.12321797467435036,0.8716802901916096
2012-2014,2013.0,tov,drb,-0.02241550403799785,0.8716802901916096
2012-2014,2013.0,tov,ast,0.6476754332673562,0.8716802901916096
2012-2014,2013.0,tov,tov,1.0,0.8716802901916096
2012-2014,2013.0,tov,stl,0.2643467311874304,0.8716802901916096
2012-2014,2013.0,tov,blk,-0.12247171089353896,0.8716802901916096
2012-2014,2013.0,tov,pf,-0.0962419035193209,0.8716802901916096
2012-2014,2013.0,stl,fg3m,0.095859595099359,0.5167517457433345
2012-2014,2013.0,stl,fg3_miss,0.14398133985832573,0.5167517457433345
2012-2014,2013.0,stl,fg2m,-0.05794099905831475,0.5167517457433345
2012-2014,2013.0,stl,fg2_miss,-0.03406971585485014,0.5167517457433345
2012-2014,2013.0,stl,ftm,0.09702827816217552,0.5167517457433345
2012-2014,2013.0,stl,ft_miss,0.03512377320599286,0.5167517457433345
2012-2014,2013.0,stl,orb,-0.22752535707755905,0.5167517457433345
2012-2014,2013.0,stl,drb,-0.21377831854394885,0.5167517457433345
2012-2014,2013.0,stl,ast,0.39691267518821494,0.5167517457433345
2012-2014,2013.0,stl,tov,0.2643467311874304,0.5167517457433345
2012-2014,2013.0,stl,stl,0.9999999999999998,0.5167517457433345
2012-2014,2013.0,stl,blk,-0.22519873467987792,0.5167517457433345
2012-2014,2013.0,stl,pf,-0.09285646202091871,0.5167517457433345
2012-2014,2013.0,blk,fg3m,-0.543183835163527,0.955258392710923
2012-2014,2013.0,blk,fg3_miss,-0.5769667213245728,0.955258392710923
2012-2014,2013.0,blk,fg2m,0.29641903090570854,0.955258392710923
2012-2014,2013.0,blk,fg2_miss,0.11373533531042847,0.955258392710923
2012-2014,2013.0,blk,ftm,-0.03191989954165336,0.955258392710923
2012-2014,2013.0,blk,ft_miss,0.37631027032713094,0.955258392710923
2012-2014,2013.0,blk,orb,0.6629832500917523,0.955258392710923
2012-2014,2013.0,blk,drb,0.613071756175579,0.955258392710923
2012-2014,2013.0,blk,ast,-0.4488954366598387,0.955258392710923
2012-2014,2013.0,blk,tov,-0.12247171089353896,0.955258392710923
2012-2014,2013.0,blk,stl,-0.22519873467987792,0.955258392710923
2012-2014,2013.0,blk,blk,1.0000000000000002,0.955258392710923
2012-2014,2013.0,blk,pf,0.44738217573356864,0.955258392710923
2012-2014,2013.0,pf,fg3m,-0.3957729453969729,1.3056520178360758
2012-2014,2013.0,pf,fg3_miss,-0.39815455676559475,1.3056520178360758
2012-2014,2013.0,pf,fg2m,-0.04988686877026007,1.3056520178360758
2012-2014,2013.0,pf,fg2_miss,-0.0879187390579589,1.3056520178360758
2012-2014,2013.0,pf,ftm,-0.23691174204415116,1.3056520178360758
2012-2014,2013.0,pf,ft_miss,0.16887357860099272,1.3056520178360758
2012-2014,2013.0,pf,orb,0.516043113613327,1.3056520178360758
2012-2014,2013.0,pf,drb,0.3436344550985487,1.3056520178360758
2012-2014,2013.0,pf,ast,-0.40086052414772577,1.3056520178360758
2012-2014,2013.0,pf,tov,-0.09624190351932088,1.3056520178360758
2012-2014,2013.0,pf,stl,-0.09285646202091871,1.3056520178360758
2012-2014,2013.0,pf,blk,0.44738217573356864,1.3056520178360758
2012-2014,2013.0,pf,pf,1.0000000000000002,1.3056520178360758
2015-2017,2016.0,fg3m,fg3m,0.9999999999999999,1.2942477158501509
2015-2017,2016.0,fg3m,fg3_miss,0.9481531190026196,1.2942477158501509
2015-2017,2016.0,fg3m,fg2m,-0.44522860605581227,1.2942477158501509
2015-2017,2016.0,fg3m,fg2_miss,-0.30789408616442526,1.2942477158501509
2015-2017,2016.0,fg3m,ftm,0.0371197808419404,1.2942477158501509
2015-2017,2016.0,fg3m,ft_miss,-0.4503806338493576,1.2942477158501509
2015-2017,2016.0,fg3m,orb,-0.6768273094748968,1.2942477158501509
2015-2017,2016.0,fg3m,drb,-0.5051470014380572,1.2942477158501509
2015-2017,2016.0,fg3m,ast,0.17104875303779832,1.2942477158501509
2015-2017,2016.0,fg3m,tov,-0.01989417151257898,1.2942477158501509
2015-2017,2016.0,fg3m,stl,0.08991533385418496,1.2942477158501509
2015-2017,2016.0,fg3m,blk,-0.5069994038083458,1.2942477158501509
2015-2017,2016.0,fg3m,pf,-0.3983959615945241,1.2942477158501509
2015-2017,2016.0,fg3_miss,fg3m,0.9481531190026198,2.13669761174409
2015-2017,2016.0,fg3_miss,fg3_miss,1.0,2.13669761174409
2015-2017,2016.0,fg3_miss,fg2m,-0.47021268785468956,2.13669761174409
2015-2017,2016.0,fg3_miss,fg2_miss,-0.2947013462349207,2.13669761174409
2015-2017,2016.0,fg3_miss,ftm,0.03654115394019016,2.13669761174409
2015-2017,2016.0,fg3_miss,ft_miss,-0.44347777587459103,2.13669761174409
2015-2017,2016.0,fg3_miss,orb,-0.7089224959165469,2.13669761174409
2015-2017,2016.0,fg3_miss,drb,-0.5319819765719076,2.13669761174409
2015-2017,2016.0,fg3_miss,ast,0.20070781968746607,2.13669761174409
2015-2017,2016.0,fg3_miss,tov,0.017303366046664995,2.13669761174409
2015-2017,2016.0,fg3_miss,stl,0.1230461873141022,2.13669761174409
2015-2017,2016.0,fg3_miss,blk,-0.5348055736740622,2.13669761174409
2015-2017,2016.0,fg3_miss,pf,-0.38088599275973817,2.13669761174409
2015-2017,2016.0,fg2m,fg3m,-0.44522860605581227,2.4540413227244566
2015-2017,2016.0,fg2m,fg3_miss,-0.47021268785468956,2.4540413227244566
2015-2017,2016.0,fg2m,fg2m,0.9999999999999999,2.4540413227244566
2015-2017,2016.0,fg2m,fg2_miss,0.8599550625769883,2.4540413227244566
2015-2017,2016.0,fg2m,ftm,0.5789008532193584,2.4540413227244566
2015-2017,2016.0,fg2m,ft_miss,0.4793356918234631,2.4540413227244566
2015-2017,2016.0,fg2m,orb,0.43008008344537696,2.4540413227244566
2015-2017,2016.0,fg2m,drb,0.4368984614842391,2.4540413227244566
2015-2017,2016.0,fg2m,ast,0.10379385048001304,2.4540413227244566
2015-2017,2016.0,fg2m,tov,0.419703802931746,2.4540413227244566
2015-2017,2016.0,fg2m,stl,-0.04738814719830543,2.4540413227244566
2015-2017,2016.0,fg2m,blk,0.35018652192690913,2.4540413227244566
2015-2017,2016.0,fg2m,pf,-0.024770613825199093,2.4540413227244566
2015-2017,2016.0,fg2_miss,fg3m,-0.3078940861644252,2.388747614962577
2015-2017,2016.0,fg2_miss,fg3_miss,-0.2947013462349207,2.388747614962577
2015-2017,2016.0,fg2_miss,fg2m,0.8599550625769883,2.388747614962577
2015-2017,2016.0,fg2_miss,fg2_miss,1.0000000000000002,2.388747614962577
2015-2017,2016.0,fg2_miss,ftm,0.5930432481370982,2.388747614962577
2015-2017,2016.0,fg2_miss,ft_miss,0.31862746718013946,2.388747614962577
2015-2017,2016.0,fg2_miss,orb,0.18272133321522036,2.388747614962577
2015-2017,2016.0,fg2_miss,drb,0.21311898141482272,2.388747614962577
2015-2017,2016.0,fg2_miss,ast,0.24942891822502464,2.388747614962577
2015-2017,2016.0,fg2_miss,tov,0.510060521125264,2.388747614962577
2015-2017,2016.0,fg2_miss,stl,0.011452228081367075,2.388747614962577
2015-2017,2016.0,fg2_miss,blk,0.1087307756715563,2.388747614962577
2015-2017,2016.0,fg2_miss,pf,-0.1086681143144724,2.388747614962577
2015-2017,2016.0,ftm,fg3m,0.0371197808419404,2.0061815626758173
2015-2017,2016.0,ftm,fg3_miss,0.036541153940190155,2.0061815626758173
2015-2017,2016.0,ftm,fg2m,0.5789008532193584,2.0061815626758173
2015-2017,2016.0,ftm,fg2_miss,0.5930432481370982,2.0061815626758173
2015-2017,2016.0,ftm,ftm,1.0,2.0061815626758173
2015-2017,2016.0,ftm,ft_miss,0.42693291678616735,2.0061815626758173
2015-2017,2016.0,ftm,orb,0.0337460851233655,2.0061815626758173
2015-2017,2016.0,ftm,drb,0.15922389211219667,2.0061815626758173
2015-2017,2016.0,ftm,ast,0.3152185160323143,2.0061815626758173
2015-2017,2016.0,ftm,tov,0.5501269771191108,2.0061815626758173
2015-2017,2016.0,ftm,stl,0.13151789739932962,2.0061815626758173
2015-2017,2016.0,ftm,blk,0.06102236768024879,2.0061815626758173
2015-2017,2016.0,ftm,pf,-0.21411411120122362,2.0061815626758173
2015-2017,2016.0,ft_miss,fg3m,-0.4503806338493576,0.7696129538389855
2015-2017,2016.0,ft_miss,fg3_miss,-0.4434777758745911,0.7696129538389855
2015-2017,2016.0,ft_miss,fg2m,0.4793356918234631,0.7696129538389855
2015-2017,2016.0,ft_miss,fg2_miss,0.3186274671801394,0.7696129538389855
2015-2017,2016.0,ft_miss,ftm,0.4269329167861674,0.7696129538389855
2015-2017,2016.0,ft_miss,ft_miss,1.0,0.7696129538389855
2015-2017,2016.0,ft_miss,orb,0.5594640428969353,0.7696129538389855
2015-2017,2016.0,ft_miss,drb,0.5415399513383381,0.7696129538389855
2015-2017,2016.0,ft_miss,ast,-0.061265264139024535,0.7696129538389855
2015-2017,2016.0,ft_miss,tov,0.2864405209805598,0.7696129538389855
2015-2017,2016.0,ft_miss,stl,0.04953871193247977,0.7696129538389855
2015-2017,2016.0,ft_miss,blk,0.46419844230811746,0.7696129538389855
2015-2017,2016.0,ft_miss,pf,0.21414401302429903,0.7696129538389855
2015-2017,2016.0,orb,fg3m,-0.6768273094748968,1.6494753963694784
2015-2017,2016.0,orb,fg3_miss,-0.7089224959165469,1.6494753963694784
2015-2017,2016.0,orb,fg2m,0.43008008344537696,1.6494753963694784
2015-2017,2016.0,orb,fg2_miss,0.18272133321522036,1.6494753963694784
2015-2017,2016.0,orb,ftm,0.03374608512336551,1.6494753963694784
2015-2017,2016.0,orb,ft_miss,0.5594640428969355,1.6494753963694784
2015-2017,2016.0,orb,orb,1.0,1.6494753963694784
2015-2017,2016.0,orb,drb,0.7692322017451797,1.6494753963694784
2015-2017,2016.0,orb,ast,-0.41791333106986317,1.6494753963694784
2015-2017,2016.0,orb,tov,-0.0634455148081055,1.6494753963694784
2015-2017,2016.0,orb,stl,-0.19649524956582803,1.6494753963694784
2015-2017,2016.0,orb,blk,0.6747343812975802,1.6494753963694784
2015-2017,2016.0,orb,pf,0.5070842145422971,1.6494753963694784
2015-2017,2016.0,drb,fg3m,-0.5051470014380572,2.714384447955329
2015-2017,2016.0,drb,fg3_miss,-0.5319819765719076,2.714384447955329
2015-2017,2016.0,drb,fg2m,0.4368984614842391,2.714384447955329
2015-2017,2016.0,drb,fg2_miss,0.21311898141482272,2.714384447955329
2015-2017,2016.0,drb,ftm,0.15922389211219667,2.714384447955329
2015-2017,2016.0,drb,ft_miss,0.5415399513383381,2.714384447955329
2015-2017,2016.0,drb,orb,0.7692322017451797,2.714384447955329
2015-2017,2016.0,drb,drb,1.0000000000000002,2.714384447955329
2015-2017,2016.0,drb,ast,-0.2837757999501127,2.714384447955329
2015-2017,2016.0,drb,tov,0.06284324701320583,2.714384447955329
2015-2017,2016.0,drb,stl,-0.14550509415949062,2.714384447955329
2015-2017,2016.0,drb,blk,0.6582739646428445,2.714384447955329
2015-2017,2016.0,drb,pf,0.37844678858585845,2.714384447955329
2015-2017,2016.0,ast,fg3m,0.17104875303779835,2.9416809349584296
2015-2017,2016.0,ast,fg3_miss,0.20070781968746607,2.9416809349584296
2015-2017,2016.0,ast,fg2m,0.10379385048001304,2.9416809349584296
2015-2017,2016.0,ast,fg2_miss,0.24942891822502458,2.9416809349584296
2015-2017,2016.0,ast,ftm,0.3152185160323144,2.9416809349584296
2015-2017,2016.0,ast,ft_miss,-0.061265264139024556,2.9416809349584296
2015-2017,2016.0,ast,orb,-0.4179133310698633,2.9416809349584296
2015-2017,2016.0,ast,drb,-0.2837757999501127,2.9416809349584296
2015-2017,2016.0,ast,ast,1.0,2.9416809349584296
2015-2017,2016.0,ast,tov,0.7093805898293383,2.9416809349584296
2015-2017,2016.0,ast,stl,0.4225639918510211,2.9416809349584296
2015-2017,2016.0,ast,blk,-0.35101444634861073,2.9416809349584296
2015-2017,2016.0,ast,pf,-0.30939299007510795,2.9416809349584296
2015-2017,2016.0,tov,fg3m,-0.01989417151257898,0.9666982162690954
2015-2017,2016.0,tov,fg3_miss,0.017303366046665,0.9666982162690954
2015-2017,2016.0,tov,fg2m,0.419703802931746,0.9666982162690954
2015-2017,2016.0,tov,fg2_miss,0.510060521125264,0.9666982162690954
2015-2017,2016.0,tov,ftm,0.550126977119111,0.9666982162690954
2015-2017,2016.0,tov,ft_miss,0.2864405209805598,0.9666982162690954
2015-2017,2016.0,tov,orb,-0.06344551480810548,0.9666982162690954
2015-2017,2016.0,tov,drb,0.06284324701320583,0.9666982162690954
2015-2017,2016.0,tov,ast,0.7093805898293383,0.9666982162690954
2015-2017,2016.0,tov,tov,1.0,0.9666982162690954
2015-2017,2016.0,tov,stl,0.3045433795888712,0.9666982162690954
2015-2017,2016.0,tov,blk,-0.03755958360392011,0.9666982162690954
2015-2017,2016.0,tov,pf,-0.03307135322508818,0.9666982162690954
2015-2017,2016.0,stl,fg3m,0.08991533385418499,0.517222086638533
2015-2017,2016.0,stl,fg3_miss,0.1230461873141022,0.517222086638533
2015-2017,2016.0,stl,fg2m,-0.04738814719830543,0.517222086638533
2015-2017,2016.0,stl,fg2_miss,0.01145222808136707,0.517222086638533
2015-2017,2016.0,stl,ftm,0.13151789739932965,0.517222086638533
2015-2017,2016.0,stl,ft_miss,0.04953871193247977,0.517222086638533
2015-2017,2016.0,stl,orb,-0.19649524956582803,0.517222086638533
2015-2017,2016.0,stl,drb,-0.14550509415949062,0.517222086638533
2015-2017,2016.0,stl,ast,0.4225639918510211,0.517222086638533
2015-2017,2016.0,stl,tov,0.3045433795888712,0.517222086638533
2015-2017,2016.0,stl,stl,1.0000000000000002,0.517222086638533
2015-2017,2016.0,stl,blk,-0.16215968631194233,0.517222086638533
2015-2017,2016.0,stl,pf,-0.07071784183691682,0.517222086638533
2015-2017,2016.0,blk,fg3m,-0.5069994038083458,0.8707791587738614
2015-2017,2016.0,blk,fg3_miss,-0.5348055736740622,0.8707791587738614
2015-2017,2016.0,blk,fg2m,0.35018652192690913,0.8707791587738614
2015-2017,2016.0,blk,fg2_miss,0.1087307756715563,0.8707791587738614
2015-2017,2016.0,blk,ftm,0.061022367680248775,0.8707791587738614
2015-2017,2016.0,blk,ft_miss,0.46419844230811746,0.8707791587738614
2015-2017,2016.0,blk,orb,0.6747343812975802,0.8707791587738614
2015-2017,2016.0,blk,drb,0.6582739646428445,0.8707791587738614
2015-2017,2016.0,blk,ast,-0.35101444634861073,0.8707791587738614
2015-2017,2016.0,blk,tov,-0.037559583603920116,0.8707791587738614
2015-2017,2016.0,blk,stl,-0.16215968631194233,0.8707791587738614
2015-2017,2016.0,blk,blk,1.0,0.8707791587738614
2015-2017,2016.0,blk,pf,0.4417082039051244,0.8707791587738614
2015-2017,2016.0,pf,fg3m,-0.3983959615945241,1.1705556977633322
2015-2017,2016.0,pf,fg3_miss,-0.38088599275973817,1.1705556977633322
2015-2017,2016.0,pf,fg2m,-0.02477061382519909,1.1705556977633322
2015-2017,2016.0,pf,fg2_miss,-0.1086681143144724,1.1705556977633322
2015-2017,2016.0,pf,ftm,-0.21411411120122356,1.1705556977633322
2015-2017,2016.0,pf,ft_miss,0.214144013024299,1.1705556977633322
2015-2017,2016.0,pf,orb,0.5070842145422971,1.1705556977633322
2015-2017,2016.0,pf,drb,0.37844678858585845,1.1705556977633322
2015-2017,2016.0,pf,ast,-0.30939299007510795,1.1705556977633322
2015-2017,2016.0,pf,tov,-0.03307135322508818,1.1705556977633322
2015-2017,2016.0,pf,stl,-0.07071784183691682,1.1705556977633322
2015-2017,2016.0,pf,blk,0.4417082039051243,1.1705556977633322
2015-2017,2016.0,pf,pf,1.0000000000000002,1.1705556977633322
2018-2020,2019.0,fg3m,fg3m,1.0,1.3089940025312026
2018-2020,2019.0,fg3m,fg3_miss,0.9403101659700228,1.3089940025312026
2018-2020,2019.0,fg3m,fg2m,-0.4098621244386713,1.3089940025312026
2018-2020,2019.0,fg3m,fg2_miss,-0.20464597195952602,1.3089940025312026
2018-2020,2019.0,fg3m,ftm,0.058932672853194736,1.3089940025312026
2018-2020,2019.0,fg3m,ft_miss,-0.4368746226265493,1.3089940025312026
2018-2020,2019.0,fg3m,orb,-0.6580078981772537,1.3089940025312026
2018-2020,2019.0,fg3m,drb,-0.42518610237836213,1.3089940025312026
2018-2020,2019.0,fg3m,ast,0.08925912265256462,1.3089940025312026
2018-2020,2019.0,fg3m,tov,-0.01819810055402392,1.3089940025312026
2018-2020,2019.0,fg3m,stl,-0.05474776762163087,1.3089940025312026
2018-2020,2019.0,fg3m,blk,-0.462661826702128,1.3089940025312026
2018-2020,2019.0,fg3m,pf,-0.430600109394656,1.3089940025312026
2018-2020,2019.0,fg3_miss,fg3m,0.9403101659700228,2.115937575940854
2018-2020,2019.0,fg3_miss,fg3_miss,1.0000000000000002,2.115937575940854
2018-2020,2019.0,fg3_miss,fg2m,-0.41181000687314173,2.115937575940854
2018-2020,2019.0,fg3_miss,fg2_miss,-0.177998625073624,2.115937575940854
2018-2020,2019.0,fg3_miss,ftm,0.07702069841526542,2.115937575940854
2018-2020,2019.0,fg3_miss,ft_miss,-0.38906375371061214,2.115937575940854
2018-2020,2019.0,fg3_miss,orb,-0.6791573840743804,2.115937575940854
2018-2020,2019.0,fg3_miss,drb,-0.4381668491803053,2.115937575940854
2018-2020,2019.0,fg3_miss,ast,0.12962605852390635,2.115937575940854
2018-2020,2019.0,fg3_miss,tov,0.03540470677732164,2.115937575940854
2018-2020,2019.0,fg3_miss,stl,-0.016368230462756306,2.115937575940854
2018-2020,2019.0,fg3_miss,blk,-0.46664239140717423,2.115937575940854
2018-2020,2019.0,fg3_miss,pf,-0.39939001092338544,2.115937575940854
2018-2020,2019.0,fg2m,fg3m,-0.4098621244386713,2.523362465548686
2018-2020,2019.0,fg2m,fg3_miss,-0.41181000687314173,2.523362465548686
2018-2020,2019.0,fg2m,fg2m,1.0,2.523362465548686
2018-2020,2019.0,fg2m,fg2_miss,0.829979975507393,2.523362465548686
2018-2020,2019.0,fg2m,ftm,0.6310482013531992,2.523362465548686
2018-2020,2019.0,fg2m,ft_miss,0.6405529931858648,2.523362465548686
2018-2020,2019.0,fg2m,orb,0.47569761336605765,2.523362465548686
2018-2020,2019.0,fg2m,drb,0.4769996346655926,2.523362465548686
2018-2020,2019.0,fg2m,ast,0.2265383209301491,2.523362465548686
2018-2020,2019.0,fg2m,tov,0.5526395205981876,2.523362465548686
2018-2020,2019.0,fg2m,stl,0.01850775877457559,2.523362465548686
2018-2020,2019.0,fg2m,blk,0.34657208294380965,2.523362465548686
2018-2020,2019.0,fg2m,pf,0.013686206134247907,2.523362465548686
2018-2020,2019.0,fg2_miss,fg3m,-0.20464597195952602,2.1474223426352705
2018-2020,2019.0,fg2_miss,fg3_miss,-0.177998625073624,2.1474223426352705
2018-2020,2019.0,fg2_miss,fg2m,0.829979975507393,2.1474223426352705
2018-2020,2019.0,fg2_miss,fg2_miss,0.9999999999999998,2.1474223426352705
2018-2020,2019.0,fg2_miss,ftm,0.6172056005467894,2.1474223426352705
2018-2020,2019.0,fg2_miss,ft_miss,0.4631864974727198,2.1474223426352705
2018-2020,2019.0,fg2_miss,orb,0.14615076090383508,2.1474223426352705
2018-2020,2019.0,fg2_miss,drb,0.20937823523206883,2.1474223426352705
2018-2020,2019.0,fg2_miss,ast,0.3702825595651095,2.1474223426352705
2018-2020,2019.0,fg2_miss,tov,0.6136616321834784,2.1474223426352705
2018-2020,2019.0,fg2_miss,stl,0.08233380843571625,2.1474223426352705
2018-2020,2019.0,fg2_miss,blk,0.05294863009802068,2.1474223426352705
2018-2020,2019.0,fg2_miss,pf,-0.1685162811942316,2.1474223426352705
2018-2020,2019.0,ftm,fg3m,0.058932672853194736,1.9520510952077452
2018-2020,2019.0,ftm,fg3_miss,0.07702069841526542,1.9520510952077452
2018-2020,2019.0,ftm,fg2m,0.6310482013531992,1.9520510952077452
2018-2020,2019.0,ftm,fg2_miss,0.6172056005467894,1.9520510952077452
2018-2020,2019.0,ftm,ftm,1.0000000000000002,1.9520510952077452
2018-2020,2019.0,ftm,ft_miss,0.5622908675343087,1.9520510952077452
2018-2020,2019.0,ftm,orb,0.1010281971467923,1.9520510952077452
2018-2020,2019.0,ftm,drb,0.2538800890634179,1.9520510952077452
2018-2020,2019.0,ftm,ast,0.3624872909297678,1.9520510952077452
2018-2020,2019.0,ftm,tov,0.632941180913637,1.9520510952077452
2018-2020,2019.0,ftm,stl,0.0644066413537922,1.9520510952077452
2018-2020,2019.0,ftm,blk,0.10248002064916967,1.9520510952077452
2018-2020,2019.0,ftm,pf,-0.14933305804419045,1.9520510952077452
2018-2020,2019.0,ft_miss,fg3m,-0.4368746226265493,0.6586242853841474
2018-2020,2019.0,ft_miss,fg3_miss,-0.38906375371061214,0.6586242853841474
2018-2020,2019.0,ft_miss,fg2m,0.6405529931858648,0.6586242853841474
2018-2020,2019.0,ft_miss,fg2_miss,0.46318649747271967,0.6586242853841474
2018-2020,2019.0,ft_miss,ftm,0.5622908675343087,0.6586242853841474
2018-2020,2019.0,ft_miss,ft_miss,0.9999999999999999,0.6586242853841474
2018-2020,2019.0,ft_miss,orb,0.5268109275040241,0.6586242853841474
2018-2020,2019.0,ft_miss,drb,0.5181007028873467,0.6586242853841474
2018-2020,2019.0,ft_miss,ast,0.11799109619950189,0.6586242853841474
2018-2020,2019.0,ft_miss,tov,0.47597317198558653,0.6586242853841474
2018-2020,2019.0,ft_miss,stl,0.05324139240340564,0.6586242853841474
2018-2020,2019.0,ft_miss,blk,0.4133466433802756,0.6586242853841474
2018-2020,2019.0,ft_miss,pf,0.20647263498586133,0.6586242853841474
2018-2020,2019.0,orb,fg3m,-0.6580078981772537,1.5249728565436487
2018-2020,2019.0,orb,fg3_miss,-0.6791573840743806,1.5249728565436487
2018-2020,2019.0,orb,fg2m,0.4756976133660576,1.5249728565436487
2018-2020,2019.0,orb,fg2_miss,0.14615076090383508,1.5249728565436487
2018-2020,2019.0,orb,ftm,0.10102819714679234,1.5249728565436487
2018-2020,2019.0,orb,ft_miss,0.526810927504024,1.5249728565436487
2018-2020,2019.0,orb,orb,1.0,1.5249728565436487
2018-2020,2019.0,orb,drb,0.7291772983291108,1.5249728565436487
2018-2020,2019.0,orb,ast,-0.29836903555000827,1.5249728565436487
2018-2020,2019.0,orb,tov,0.03048913358418623,1.5249728565436487
2018-2020,2019.0,orb,stl,-0.11071062415667017,1.5249728565436487
2018-2020,2019.0,orb,blk,0.642063506725217,1.5249728565436487
2018-2020,2019.0,orb,pf,0.5017368949276174,1.5249728565436487
2018-2020,2019.0,drb,fg3m,-0.42518610237836213,2.7619386467821756
2018-2020,2019.0,drb,fg3_miss,-0.4381668491803052,2.7619386467821756
2018-2020,2019.0,drb,fg2m,0.4769996346655926,2.7619386467821756
2018-2020,2019.0,drb,fg2_miss,0.20937823523206883,2.7619386467821756
2018-2020,2019.0,drb,ftm,0.25388008906341797,2.7619386467821756
2018-2020,2019.0,drb,ft_miss,0.5181007028873467,2.7619386467821756
2018-2020,2019.0,drb,orb,0.7291772983291108,2.7619386467821756
2018-2020,2019.0,drb,drb,1.0,2.7619386467821756
2018-2020,2019.0,drb,ast,-0.13892599702459832,2.7619386467821756
2018-2020,2019.0,drb,tov,0.21508934624132495,2.7619386467821756
2018-2020,2019.0,drb,stl,-0.07953721025289291,2.7619386467821756
2018-2020,2019.0,drb,blk,0.5858664886745324,2.7619386467821756
2018-2020,2019.0,drb,pf,0.34548381626611596,2.7619386467821756
2018-2020,2019.0,ast,fg3m,0.08925912265256461,2.7477843642922575
2018-2020,2019.0,ast,fg3_miss,0.12962605852390638,2.7477843642922575
2018-2020,2019.0,ast,fg2m,0.2265383209301491,2.7477843642922575
2018-2020,2019.0,ast,fg2_miss,0.3702825595651095,2.7477843642922575
2018-2020,2019.0,ast,ftm,0.3624872909297678,2.7477843642922575
2018-2020,2019.0,ast,ft_miss,0.1179910961995019,2.7477843642922575
2018-2020,2019.0,ast,orb,-0.29836903555000827,2.7477843642922575
2018-2020,2019.0,ast,drb,-0.13892599702459832,2.7477843642922575
2018-2020,2019.0,ast,ast,1.0,2.7477843642922575
2018-2020,2019.0,ast,tov,0.6996500059119521,2.7477843642922575
2018-2020,2019.0,ast,stl,0.3504977117639771,2.7477843642922575
2018-2020,2019.0,ast,blk,-0.2876552774910832,2.7477843642922575
2018-2020,2019.0,ast,pf,-0.3094820435908253,2.7477843642922575
2018-2020,2019.0,tov,fg3m,-0.018198100554023922,0.9858984045192355
2018-2020,2019.0,tov,fg3_miss,0.03540470677732163,0.9858984045192355
2018-2020,2019.0,tov,fg2m,0.5526395205981876,0.9858984045192355
2018-2020,2019.0,tov,fg2_miss,0.6136616321834784,0.9858984045192355
2018-2020,2019.0,tov,ftm,0.632941180913637,0.9858984045192355
2018-2020,2019.0,tov,ft_miss,0.47597317198558653,0.9858984045192355
2018-2020,2019.0,tov,orb,0.030489133584186232,0.9858984045192355
2018-2020,2019.0,tov,drb,0.21508934624132495,0.9858984045192355
2018-2020,2019.0,tov,ast,0.699650005911952,0.9858984045192355
2018-2020,2019.0,tov,tov,1.0,0.9858984045192355
2018-2020,2019.0,tov,stl,0.2297287449805117,0.9858984045192355
2018-2020,2019.0,tov,blk,-0.0022885640614796407,0.9858984045192355
2018-2020,2019.0,tov,pf,-0.04180725370376346,0.9858984045192355
2018-2020,2019.0,stl,fg3m,-0.05474776762163088,0.4723027844500085
2018-2020,2019.0,stl,fg3_miss,-0.01636823046275631,0.4723027844500085
2018-2020,2019.0,stl,fg2m,0.01850775877457559,0.4723027844500085
2018-2020,2019.0,stl,fg2_miss,0.08233380843571625,0.4723027844500085
2018-2020,2019.0,stl,ftm,0.0644066413537922,0.4723027844500085
2018-2020,2019.0,stl,ft_miss,0.05324139240340565,0.4723027844500085
2018-2020,2019.0,stl,orb,-0.1107106241566702,0.4723027844500085
2018-2020,2019.0,stl,drb,-0.0795372102528929,0.4723027844500085
2018-2020,2019.0,stl,ast,0.3504977117639771,0.4723027844500085
2018-2020,2019.0,stl,tov,0.22972874498051174,0.4723027844500085
2018-2020,2019.0,stl,stl,1.0000000000000002,0.4723027844500085
2018-2020,2019.0,stl,blk,-0.04521459567772979,0.4723027844500085
2018-2020,2019.0,stl,pf,-0.025051739958947123,0.4723027844500085
2018-2020,2019.0,blk,fg3m,-0.462661826702128,0.7939355150867967
2018-2020,2019.0,blk,fg3_miss,-0.46664239140717423,0.7939355150867967
2018-2020,2019.0,blk,fg2m,0.34657208294380965,0.7939355150867967
2018-2020,2019.0,blk,fg2_miss,0.052948630098020685,0.7939355150867967
2018-2020,2019.0,blk,ftm,0.10248002064916967,0.7939355150867967
2018-2020,2019.0,blk,ft_miss,0.4133466433802756,0.7939355150867967
2018-2020,2019.0,blk,orb,0.642063506725217,0.7939355150867967
2018-2020,2019.0,blk,drb,0.5858664886745324,0.7939355150867967
2018-2020,2019.0,blk,ast,-0.2876552774910832,0.7939355150867967
2018-2020,2019.0,blk,tov,-0.0022885640614796433,0.7939355150867967
2018-2020,2019.0,blk,stl,-0.0452145956777298,0.7939355150867967
2018-2020,2019.0,blk,blk,1.0,0.7939355150867967
2018-2020,2019.0,blk,pf,0.46290108928427004,0.7939355150867967
2018-2020,2019.0,pf,fg3m,-0.4306001093946559,1.1076388085414919
2018-2020,2019.0,pf,fg3_miss,-0.39939001092338544,1.1076388085414919
2018-2020,2019.0,pf,fg2m,0.013686206134247892,1.1076388085414919
2018-2020,2019.0,pf,fg2_miss,-0.1685162811942316,1.1076388085414919
2018-2020,2019.0,pf,ftm,-0.1493330580441905,1.1076388085414919
2018-2020,2019.0,pf,ft_miss,0.20647263498586127,1.1076388085414919
2018-2020,2019.0,pf,orb,0.5017368949276174,1.1076388085414919
2018-2020,2019.0,pf,drb,0.345483816266116,1.1076388085414919
2018-2020,2019.0,pf,ast,-0.3094820435908253,1.1076388085414919
2018-2020,2019.0,pf,tov,-0.041807253703763474,1.1076388085414919
2018-2020,2019.0,pf,stl,-0.025051739958947147,1.1076388085414919
2018-2020,2019.0,pf,blk,0.46290108928426993,1.1076388085414919
2018-2020,2019.0,pf,pf,1.0000000000000002,1.1076388085414919
2021-2023,2022.0,fg3m,fg3m,1.0000000000000002,1.3754827407969783
2021-2023,2022.0,fg3m,fg3_miss,0.9330959430157552,1.3754827407969783
2021-2023,2022.0,fg3m,fg2m,-0.37587838183948297,1.3754827407969783
2021-2023,2022.0,fg3m,fg2_miss,-0.12466386498045912,1.3754827407969783
2021-2023,2022.0,fg3m,ftm,-0.011687200401119226,1.3754827407969783
2021-2023,2022.0,fg3m,ft_miss,-0.43822223297228846,1.3754827407969783
2021-2023,2022.0,fg3m,orb,-0.6756947151348431,1.3754827407969783
2021-2023,2022.0,fg3m,drb,-0.42987900289255715,1.3754827407969783
2021-2023,2022.0,fg3m,ast,0.10593997873916458,1.3754827407969783
2021-2023,2022.0,fg3m,tov,-0.007019774061503216,1.3754827407969783
2021-2023,2022.0,fg3m,stl,-0.07104306548495876,1.3754827407969783
2021-2023,2022.0,fg3m,blk,-0.48586149256828065,1.3754827407969783
2021-2023,2022.0,fg3m,pf,-0.44307041443688633,1.3754827407969783
2021-2023,2022.0,fg3_miss,fg3m,0.9330959430157552,2.190861602019209
2021-2023,2022.0,fg3_miss,fg3_miss,1.0000000000000002,2.190861602019209
2021-2023,2022.0,fg3_miss,fg2m,-0.3714495457506634,2.190861602019209
2021-2023,2022.0,fg3_miss,fg2_miss,-0.08173891713848155,2.190861602019209
2021-2023,2022.0,fg3_miss,ftm,0.007938137710134728,2.190861602019209
2021-2023,2022.0,fg3_miss,ft_miss,-0.39094110937617693,2.190861602019209
2021-2023,2022.0,fg3_miss,orb,-0.6937354534636824,2.190861602019209
2021-2023,2022.0,fg3_miss,drb,-0.44354011605457627,2.190861602019209
2021-2023,2022.0,fg3_miss,ast,0.1288684947750652,2.190861602019209
2021-2023,2022.0,fg3_miss,tov,0.04355044292235839,2.190861602019209
2021-2023,2022.0,fg3_miss,stl,-0.04345060913560773,2.190861602019209
2021-2023,2022.0,fg3_miss,blk,-0.4978105018406425,2.190861602019209
2021-2023,2022.0,fg3_miss,pf,-0.4081352382487522,2.190861602019209
2021-2023,2022.0,fg2m,fg3m,-0.37587838183948297,2.608029272808881
2021-2023,2022.0,fg2m,fg3_miss,-0.37144954575066336,2.608029272808881
2021-2023,2022.0,fg2m,fg2m,0.9999999999999999,2.608029272808881
2021-2023,2022.0,fg2m,fg2_miss,0.8137042398951573,2.608029272808881
2021-2023,2022.0,fg2m,ftm,0.697282441470986,2.608029272808881
2021-2023,2022.0,fg2m,ft_miss,0.6503221585669825,2.608029272808881
2021-2023,2022.0,fg2m,orb,0.3696149382667366,2.608029272808881
2021-2023,2022.0,fg2m,drb,0.4809094946926178,2.608029272808881
2021-2023,2022.0,fg2m,ast,0.26920029724515704,2.608029272808881
2021-2023,2022.0,fg2m,tov,0.5664253365724781,2.608029272808881
2021-2023,2022.0,fg2m,stl,-0.06445238925352886,2.608029272808881
2021-2023,2022.0,fg2m,blk,0.2755776107261358,2.608029272808881
2021-2023,2022.0,fg2m,pf,0.02201598351441712,2.608029272808881
2021-2023,2022.0,fg2_miss,fg3m,-0.12466386498045912,2.1187851367055806
2021-2023,2022.0,fg2_miss,fg3_miss,-0.08173891713848158,2.1187851367055806
2021-2023,2022.0,fg2_miss,fg2m,0.8137042398951573,2.1187851367055806
2021-2023,2022.0,fg2_miss,fg2_miss,1.0,2.1187851367055806
2021-2023,2022.0,fg2_miss,ftm,0.6867277479438514,2.1187851367055806
2021-2023,2022.0,fg2_miss,ft_miss,0.47327364742498323,2.1187851367055806
2021-2023,2022.0,fg2_miss,orb,0.027373002604382062,2.1187851367055806
2021-2023,2022.0,fg2_miss,drb,0.20132119780868765,2.1187851367055806
2021-2023,2022.0,fg2_miss,ast,0.4397530990201935,2.1187851367055806
2021-2023,2022.0,fg2_miss,tov,0.6507218253762923,2.1187851367055806
2021-2023,2022.0,fg2_miss,stl,0.024458096304322358,2.1187851367055806
2021-2023,2022.0,fg2_miss,blk,-0.03317855899613819,2.1187851367055806
2021-2023,2022.0,fg2_miss,pf,-0.15721085007054486,2.1187851367055806
2021-2023,2022.0,ftm,fg3m,-0.01168720040111923,2.1070058976347976
2021-2023,2022.0,ftm,fg3_miss,0.007938137710134723,2.1070058976347976
2021-2023,2022.0,ftm,fg2m,0.697282441470986,2.1070058976347976
2021-2023,2022.0,ftm,fg2_miss,0.6867277479438514,2.1070058976347976
2021-2023,2022.0,ftm,ftm,1.0,2.1070058976347976
2021-2023,2022.0,ftm,ft_miss,0.5815443143988023,2.1070058976347976
2021-2023,2022.0,ftm,orb,0.016870980713792075,2.1070058976347976
2021-2023,2022.0,ftm,drb,0.231279377965917,2.1070058976347976
2021-2023,2022.0,ftm,ast,0.3693751444261655,2.1070058976347976
2021-2023,2022.0,ftm,tov,0.6123775981301584,2.1070058976347976
2021-2023,2022.0,ftm,stl,-0.06427035359509327,2.1070058976347976
2021-2023,2022.0,ftm,blk,0.03385267492084542,2.1070058976347976
2021-2023,2022.0,ftm,pf,-0.13558222983096202,2.1070058976347976
2021-2023,2022.0,ft_miss,fg3m,-0.4382222329722885,0.6515074363400359
2021-2023,2022.0,ft_miss,fg3_miss,-0.390941109376177,0.6515074363400359
2021-2023,2022.0,ft_miss,fg2m,0.6503221585669825,0.6515074363400359
2021-2023,2022.0,ft_miss,fg2_miss,0.47327364742498323,0.6515074363400359
2021-2023,2022.0,ft_miss,ftm,0.5815443143988023,0.6515074363400359
2021-2023,2022.0,ft_miss,ft_miss,0.9999999999999999,0.6515074363400359
2021-2023,2022.0,ft_miss,orb,0.47757982545172317,0.6515074363400359
2021-2023,2022.0,ft_miss,drb,0.521909316891286,0.6515074363400359
2021-2023,2022.0,ft_miss,ast,0.0930264680637088,0.6515074363400359
2021-2023,2022.0,ft_miss,tov,0.4472367952244083,0.6515074363400359
2021-2023,2022.0,ft_miss,stl,-0.0630354278409097,0.6515074363400359
2021-2023,2022.0,ft_miss,blk,0.3642124195999673,0.6515074363400359
2021-2023,2022.0,ft_miss,pf,0.21379415011848008,0.6515074363400359
2021-2023,2022.0,orb,fg3m,-0.6756947151348431,1.5528199714481161
2021-2023,2022.0,orb,fg3_miss,-0.6937354534636824,1.5528199714481161
2021-2023,2022.0,orb,fg2m,0.3696149382667366,1.5528199714481161
2021-2023,2022.0,orb,fg2_miss,0.027373002604382034,1.5528199714481161
2021-2023,2022.0,orb,ftm,0.01687098071379207,1.5528199714481161
2021-2023,2022.0,orb,ft_miss,0.47757982545172317,1.5528199714481161
2021-2023,2022.0,orb,orb,1.0,1.5528199714481161
2021-2023,2022.0,orb,drb,0.6795107083066718,1.5528199714481161
2021-2023,2022.0,orb,ast,-0.3206588664327826,1.5528199714481161
2021-2023,2022.0,orb,tov,-0.033080003996591015,1.5528199714481161
2021-2023,2022.0,orb,stl,-0.08513139780440696,1.5528199714481161
2021-2023,2022.0,orb,blk,0.6505818315143174,1.5528199714481161
2021-2023,2022.0,orb,pf,0.5332036692970592,1.5528199714481161
2021-2023,2022.0,drb,fg3m,-0.42987900289255715,2.6107750588789735
2021-2023,2022.0,drb,fg3_miss,-0.44354011605457627,2.6107750588789735
2021-2023,2022.0,drb,fg2m,0.4809094946926178,2.6107750588789735
2021-2023,2022.0,drb,fg2_miss,0.20132119780868765,2.6107750588789735
2021-2023,2022.0,drb,ftm,0.231279377965917,2.6107750588789735
2021-2023,2022.0,drb,ft_miss,0.521909316891286,2.6107750588789735
2021-2023,2022.0,drb,orb,0.6795107083066719,2.6107750588789735
2021-2023,2022.0,drb,drb,1.0,2.6107750588789735
2021-2023,2022.0,drb,ast,-0.09445853667558486,2.6107750588789735
2021-2023,2022.0,drb,tov,0.22495374914531488,2.6107750588789735
2021-2023,2022.0,drb,stl,-0.14005631378601333,2.6107750588789735
2021-2023,2022.0,drb,blk,0.538531812165271,2.6107750588789735
2021-2023,2022.0,drb,pf,0.3249113106134276,2.6107750588789735
2021-2023,2022.0,ast,fg3m,0.10593997873916455,2.7953205664469336
2021-2023,2022.0,ast,fg3_miss,0.1288684947750652,2.7953205664469336
2021-2023,2022.0,ast,fg2m,0.26920029724515704,2.7953205664469336
2021-2023,2022.0,ast,fg2_miss,0.4397530990201935,2.7953205664469336
2021-2023,2022.0,ast,ftm,0.3693751444261655,2.7953205664469336
2021-2023,2022.0,ast,ft_miss,0.09302646806370883,2.7953205664469336
2021-2023,2022.0,ast,orb,-0.3206588664327826,2.7953205664469336
2021-2023,2022.0,ast,drb,-0.09445853667558489,2.7953205664469336
2021-2023,2022.0,ast,ast,0.9999999999999999,2.7953205664469336
2021-2023,2022.0,ast,tov,0.6967809792813554,2.7953205664469336
2021-2023,2022.0,ast,stl,0.33124340532059765,2.7953205664469336
2021-2023,2022.0,ast,blk,-0.32384993152321,2.7953205664469336
2021-2023,2022.0,ast,pf,-0.30959364452928895,2.7953205664469336
2021-2023,2022.0,tov,fg3m,-0.0070197740615032134,1.000788425209365
2021-2023,2022.0,tov,fg3_miss,0.0435504429223584,1.000788425209365
2021-2023,2022.0,tov,fg2m,0.5664253365724781,1.000788425209365
2021-2023,2022.0,tov,fg2_miss,0.6507218253762923,1.000788425209365
2021-2023,2022.0,tov,ftm,0.6123775981301584,1.000788425209365
2021-2023,2022.0,tov,ft_miss,0.4472367952244082,1.000788425209365
2021-2023,2022.0,tov,orb,-0.03308000399659101,1.000788425209365
2021-2023,2022.0,tov,drb,0.22495374914531482,1.000788425209365
2021-2023,2022.0,tov,ast,0.6967809792813554,1.000788425209365
2021-2023,2022.0,tov,tov,1.0000000000000002,1.000788425209365
2021-2023,2022.0,tov,stl,0.1177962090815714,1.000788425209365
2021-2023,2022.0,tov,blk,-0.05627720942948594,1.000788425209365
2021-2023,2022.0,tov,pf,-0.03528652381819596,1.000788425209365
2021-2023,2022.0,stl,fg3m,-0.07104306548495876,0.4200703240236626
2021-2023,2022.0,stl,fg3_miss,-0.04345060913560772,0.4200703240236626
2021-2023,2022.0,stl,fg2m,-0.06445238925352889,0.4200703240236626
2021-2023,2022.0,stl,fg2_miss,0.02445809630432235,0.4200703240236626
2021-2023,2022.0,stl,ftm,-0.06427035359509327,0.4200703240236626
2021-2023,2022.0,stl,ft_miss,-0.0630354278409097,0.4200703240236626
2021-2023,2022.0,stl,orb,-0.08513139780440696,0.4200703240236626
2021-2023,2022.0,stl,drb,-0.1400563137860133,0.4200703240236626
2021-2023,2022.0,stl,ast,0.33124340532059765,0.4200703240236626
2021-2023,2022.0,stl,tov,0.11779620908157143,0.4200703240236626
2021-2023,2022.0,stl,stl,1.0000000000000002,0.4200703240236626
2021-2023,2022.0,stl,blk,-0.054104504732302286,0.4200703240236626
2021-2023,2022.0,stl,pf,0.009796037032943043,0.4200703240236626
2021-2023,2022.0,blk,fg3m,-0.48586149256828054,0.7605153170005422
2021-2023,2022.0,blk,fg3_miss,-0.4978105018406425,0.7605153170005422
2021-2023,2022.0,blk,fg2m,0.2755776107261358,0.7605153170005422
2021-2023,2022.0,blk,fg2_miss,-0.0331785589961382,0.7605153170005422
2021-2023,2022.0,blk,ftm,0.03385267492084541,0.7605153170005422
2021-2023,2022.0,blk,ft_miss,0.3642124195999673,0.7605153170005422
2021-2023,2022.0,blk,orb,0.6505818315143174,0.7605153170005422
2021-2023,2022.0,blk,drb,0.538531812165271,0.7605153170005422
2021-2023,2022.0,blk,ast,-0.3238499315232099,0.7605153170005422
2021-2023,2022.0,blk,tov,-0.05627720942948595,0.7605153170005422
2021-2023,2022.0,blk,stl,-0.054104504732302286,0.7605153170005422
2021-2023,2022.0,blk,blk,0.9999999999999998,0.7605153170005422
2021-2023,2022.0,blk,pf,0.4854927192662673,0.7605153170005422
2021-2023,2022.0,pf,fg3m,-0.44307041443688616,1.0865439913154002
2021-2023,2022.0,pf,fg3_miss,-0.4081352382487522,1.0865439913154002
2021-2023,2022.0,pf,fg2m,0.022015983514417123,1.0865439913154002
2021-2023,2022.0,pf,fg2_miss,-0.15721085007054486,1.0865439913154002
2021-2023,2022.0,pf,ftm,-0.13558222983096202,1.0865439913154002
2021-2023,2022.0,pf,ft_miss,0.21379415011848005,1.0865439913154002
2021-2023,2022.0,pf,orb,0.5332036692970592,1.0865439913154002
2021-2023,2022.0,pf,drb,0.3249113106134276,1.0865439913154002
2021-2023,2022.0,pf,ast,-0.309593644529289,1.0865439913154002
2021-2023,2022.0,pf,tov,-0.03528652381819597,1.0865439913154002
2021-2023,2022.0,pf,stl,0.009796037032943022,1.0865439913154002
2021-2023,2022.0,pf,blk,0.4854927192662674,1.0865439913154002
2021-2023,2022.0,pf,pf,0.9999999999999998,1.0865439913154002
2024-2026,2025.0,fg3m,fg3m,1.0,1.3666281326633496
2024-2026,2025.0,fg3m,fg3_miss,0.9334761012214128,1.3666281326633496
2024-2026,2025.0,fg3m,fg2m,-0.37423176586121143,1.3666281326633496
2024-2026,2025.0,fg3m,fg2_miss,-0.15442912473892598,1.3666281326633496
2024-2026,2025.0,fg3m,ftm,0.019251285774861644,1.3666281326633496
2024-2026,2025.0,fg3m,ft_miss,-0.43940196696413136,1.3666281326633496
2024-2026,2025.0,fg3m,orb,-0.6743560622403161,1.3666281326633496
2024-2026,2025.0,fg3m,drb,-0.44126720677553505,1.3666281326633496
2024-2026,2025.0,fg3m,ast,0.11099471513165236,1.3666281326633496
2024-2026,2025.0,fg3m,tov,0.018465451068190215,1.3666281326633496
2024-2026,2025.0,fg3m,stl,-0.07063704309878133,1.3666281326633496
2024-2026,2025.0,fg3m,blk,-0.43005212597785025,1.3666281326633496
2024-2026,2025.0,fg3m,pf,-0.39386718584880204,1.3666281326633496
2024-2026,2025.0,fg3_miss,fg3m,0.9334761012214128,2.16227563849561
2024-2026,2025.0,fg3_miss,fg3_miss,0.9999999999999998,2.16227563849561
2024-2026,2025.0,fg3_miss,fg2m,-0.36790919700676905,2.16227563849561
2024-2026,2025.0,fg3_miss,fg2_miss,-0.10151478915114696,2.16227563849561
2024-2026,2025.0,fg3_miss,ftm,0.04856553279488689,2.16227563849561
2024-2026,2025.0,fg3_miss,ft_miss,-0.4011990291566411,2.16227563849561
2024-2026,2025.0,fg3_miss,orb,-0.6847651089506389,2.16227563849561
2024-2026,2025.0,fg3_miss,drb,-0.44849076546490874,2.16227563849561
2024-2026,2025.0,fg3_miss,ast,0.13118114952432297,2.16227563849561
2024-2026,2025.0,fg3_miss,tov,0.081408820600844,2.16227563849561
2024-2026,2025.0,fg3_miss,stl,-0.03113316938024458,2.16227563849561
2024-2026,2025.0,fg3_miss,blk,-0.43519686484239906,2.16227563849561
2024-2026,2025.0,fg3_miss,pf,-0.36929264973625725,2.16227563849561
2024-2026,2025.0,fg2m,fg3m,-0.37423176586121143,2.5798961812347985
2024-2026,2025.0,fg2m,fg3_miss,-0.36790919700676905,2.5798961812347985
2024-2026,2025.0,fg2m,fg2m,1.0000000000000002,2.5798961812347985
2024-2026,2025.0,fg2m,fg2_miss,0.841977463926073,2.5798961812347985
2024-2026,2025.0,fg2m,ftm,0.6976426046853689,2.5798961812347985
2024-2026,2025.0,fg2m,ft_miss,0.6758096304571932,2.5798961812347985
2024-2026,2025.0,fg2m,orb,0.3156345172490784,2.5798961812347985
2024-2026,2025.0,fg2m,drb,0.49170332778349035,2.5798961812347985
2024-2026,2025.0,fg2m,ast,0.2899805867249169,2.5798961812347985
2024-2026,2025.0,fg2m,tov,0.5335187215842279,2.5798961812347985
2024-2026,2025.0,fg2m,stl,-0.04430065627911952,2.5798961812347985
2024-2026,2025.0,fg2m,blk,0.25959015962591475,2.5798961812347985
2024-2026,2025.0,fg2m,pf,-0.05959068268091255,2.5798961812347985
2024-2026,2025.0,fg2_miss,fg3m,-0.15442912473892598,2.018623716878945
2024-2026,2025.0,fg2_miss,fg3_miss,-0.10151478915114695,2.018623716878945
2024-2026,2025.0,fg2_miss,fg2m,0.841977463926073,2.018623716878945
2024-2026,2025.0,fg2_miss,fg2_miss,1.0,2.018623716878945
2024-2026,2025.0,fg2_miss,ftm,0.7235513745977384,2.018623716878945
2024-2026,2025.0,fg2_miss,ft_miss,0.5391936666980317,2.018623716878945
2024-2026,2025.0,fg2_miss,orb,0.023013557217450163,2.018623716878945
2024-2026,2025.0,fg2_miss,drb,0.2410319832856765,2.018623716878945
2024-2026,2025.0,fg2_miss,ast,0.4360263123266829,2.018623716878945
2024-2026,2025.0,fg2_miss,tov,0.6544668520005354,2.018623716878945
2024-2026,2025.0,fg2_miss,stl,0.004755431593812067,2.018623716878945
2024-2026,2025.0,fg2_miss,blk,0.010830941648208477,2.018623716878945
2024-2026,2025.0,fg2_miss,pf,-0.1948666624178621,2.018623716878945
2024-2026,2025.0,ftm,fg3m,0.01925128577486165,2.044879184173617
2024-2026,2025.0,ftm,fg3_miss,0.04856553279488688,2.044879184173617
2024-2026,2025.0,ftm,fg2m,0.6976426046853689,2.044879184173617
2024-2026,2025.0,ftm,fg2_miss,0.7235513745977384,2.044879184173617
2024-2026,2025.0,ftm,ftm,1.0000000000000002,2.044879184173617
2024-2026,2025.0,ftm,ft_miss,0.6023905833150284,2.044879184173617
2024-2026,2025.0,ftm,orb,-0.04931500556459307,2.044879184173617
2024-2026,2025.0,ftm,drb,0.20914624410540644,2.044879184173617
2024-2026,2025.0,ftm,ast,0.401091913246031,2.044879184173617
2024-2026,2025.0,ftm,tov,0.6171229999639972,2.044879184173617
2024-2026,2025.0,ftm,stl,-0.05448795412755225,2.044879184173617
2024-2026,2025.0,ftm,blk,0.014885031001999822,2.044879184173617
2024-2026,2025.0,ftm,pf,-0.20868704039058722,2.044879184173617
2024-2026,2025.0,ft_miss,fg3m,-0.43940196696413136,0.5936559315839536
2024-2026,2025.0,ft_miss,fg3_miss,-0.4011990291566411,0.5936559315839536
2024-2026,2025.0,ft_miss,fg2m,0.6758096304571932,0.5936559315839536
2024-2026,2025.0,ft_miss,fg2_miss,0.5391936666980317,0.5936559315839536
2024-2026,2025.0,ft_miss,ftm,0.6023905833150284,0.5936559315839536
2024-2026,2025.0,ft_miss,ft_miss,1.0000000000000002,0.5936559315839536
2024-2026,2025.0,ft_miss,orb,0.42309149388005757,0.5936559315839536
2024-2026,2025.0,ft_miss,drb,0.4971006623944537,0.5936559315839536
2024-2026,2025.0,ft_miss,ast,0.13377741762372133,0.5936559315839536
2024-2026,2025.0,ft_miss,tov,0.43723857897048785,0.5936559315839536
2024-2026,2025.0,ft_miss,stl,-0.023969682056886685,0.5936559315839536
2024-2026,2025.0,ft_miss,blk,0.3117447124374508,0.5936559315839536
2024-2026,2025.0,ft_miss,pf,0.1202987725851299,0.5936559315839536
2024-2026,2025.0,orb,fg3m,-0.6743560622403161,1.550893071929606
2024-2026,2025.0,orb,fg3_miss,-0.6847651089506389,1.550893071929606
2024-2026,2025.0,orb,fg2m,0.3156345172490784,1.550893071929606
2024-2026,2025.0,orb,fg2_miss,0.02301355721745017,1.550893071929606
2024-2026,2025.0,orb,ftm,-0.04931500556459307,1.550893071929606
2024-2026,2025.0,orb,ft_miss,0.42309149388005757,1.550893071929606
2024-2026,2025.0,orb,orb,0.9999999999999998,1.550893071929606
2024-2026,2025.0,orb,drb,0.6815301546430799,1.550893071929606
2024-2026,2025.0,orb,ast,-0.3163457642663948,1.550893071929606
2024-2026,2025.0,orb,tov,-0.08798791727555146,1.550893071929606
2024-2026,2025.0,orb,stl,-0.030989981230421716,1.550893071929606
2024-2026,2025.0,orb,blk,0.5921017694809801,1.550893071929606
2024-2026,2025.0,orb,pf,0.4752317471251916,1.550893071929606
2024-2026,2025.0,drb,fg3m,-0.44126720677553505,2.4983907743329747
2024-2026,2025.0,drb,fg3_miss,-0.44849076546490874,2.4983907743329747
2024-2026,2025.0,drb,fg2m,0.49170332778349035,2.4983907743329747
2024-2026,2025.0,drb,fg2_miss,0.2410319832856765,2.4983907743329747
2024-2026,2025.0,drb,ftm,0.20914624410540644,2.4983907743329747
2024-2026,2025.0,drb,ft_miss,0.49710066239445366,2.4983907743329747
2024-2026,2025.0,drb,orb,0.6815301546430799,2.4983907743329747
2024-2026,2025.0,drb,drb,1.0,2.4983907743329747
2024-2026,2025.0,drb,ast,-0.07340431022932492,2.4983907743329747
2024-2026,2025.0,drb,tov,0.20567255468407947,2.4983907743329747
2024-2026,2025.0,drb,stl,-0.1347356368481779,2.4983907743329747
2024-2026,2025.0,drb,blk,0.5486996534882697,2.4983907743329747
2024-2026,2025.0,drb,pf,0.23034557556079316,2.4983907743329747
2024-2026,2025.0,ast,fg3m,0.11099471513165236,2.7028171002326347
2024-2026,2025.0,ast,fg3_miss,0.131181149524323,2.7028171002326347
2024-2026,2025.0,ast,fg2m,0.2899805867249169,2.7028171002326347
2024-2026,2025.0,ast,fg2_miss,0.4360263123266829,2.7028171002326347
2024-2026,2025.0,ast,ftm,0.401091913246031,2.7028171002326347
2024-2026,2025.0,ast,ft_miss,0.13377741762372133,2.7028171002326347
2024-2026,2025.0,ast,orb,-0.31634576426639477,2.7028171002326347
2024-2026,2025.0,ast,drb,-0.07340431022932493,2.7028171002326347
2024-2026,2025.0,ast,ast,1.0000000000000002,2.7028171002326347
2024-2026,2025.0,ast,tov,0.6877617183310286,2.7028171002326347
2024-2026,2025.0,ast,stl,0.2108020338029956,2.7028171002326347
2024-2026,2025.0,ast,blk,-0.2796669963992873,2.7028171002326347
2024-2026,2025.0,ast,pf,-0.28316384328725247,2.7028171002326347
2024-2026,2025.0,tov,fg3m,0.018465451068190215,0.9608336703186976
2024-2026,2025.0,tov,fg3_miss,0.08140882060084398,0.9608336703186976
2024-2026,2025.0,tov,fg2m,0.5335187215842279,0.9608336703186976
2024-2026,2025.0,tov,fg2_miss,0.6544668520005354,0.9608336703186976
2024-2026,2025.0,tov,ftm,0.6171229999639972,0.9608336703186976
2024-2026,2025.0,tov,ft_miss,0.43723857897048785,0.9608336703186976
2024-2026,2025.0,tov,orb,-0.08798791727555146,0.9608336703186976
2024-2026,2025.0,tov,drb,0.2056725546840795,0.9608336703186976
2024-2026,2025.0,tov,ast,0.6877617183310286,0.9608336703186976
2024-2026,2025.0,tov,tov,1.0,0.9608336703186976
2024-2026,2025.0,tov,stl,0.09072972029153353,0.9608336703186976
2024-2026,2025.0,tov,blk,-0.03949616573451952,0.9608336703186976
2024-2026,2025.0,tov,pf,-0.045445243841051135,0.9608336703186976
2024-2026,2025.0,stl,fg3m,-0.07063704309878133,0.4503056988149314
2024-2026,2025.0,stl,fg3_miss,-0.03113316938024458,0.4503056988149314
2024-2026,2025.0,stl,fg2m,-0.04430065627911952,0.4503056988149314
2024-2026,2025.0,stl,fg2_miss,0.004755431593812072,0.4503056988149314
2024-2026,2025.0,stl,ftm,-0.05448795412755225,0.4503056988149314
2024-2026,2025.0,stl,ft_miss,-0.023969682056886682,0.4503056988149314
2024-2026,2025.0,stl,orb,-0.030989981230421723,0.4503056988149314
2024-2026,2025.0,stl,drb,-0.1347356368481779,0.4503056988149314
2024-2026,2025.0,stl,ast,0.2108020338029956,0.4503056988149314
2024-2026,2025.0,stl,tov,0.09072972029153355,0.4503056988149314
2024-2026,2025.0,stl,stl,1.0000000000000002,0.4503056988149314
2024-2026,2025.0,stl,blk,-0.040645361184158776,0.4503056988149314
2024-2026,2025.0,stl,pf,0.10623677040951154,0.4503056988149314
2024-2026,2025.0,blk,fg3m,-0.4300521259778502,0.7611514530957646
2024-2026,2025.0,blk,fg3_miss,-0.43519686484239906,0.7611514530957646
2024-2026,2025.0,blk,fg2m,0.25959015962591475,0.7611514530957646
2024-2026,2025.0,blk,fg2_miss,0.010830941648208463,0.7611514530957646
2024-2026,2025.0,blk,ftm,0.014885031001999834,0.7611514530957646
2024-2026,2025.0,blk,ft_miss,0.3117447124374508,0.7611514530957646
2024-2026,2025.0,blk,orb,0.5921017694809801,0.7611514530957646
2024-2026,2025.0,blk,drb,0.5486996534882697,0.7611514530957646
2024-2026,2025.0,blk,ast,-0.2796669963992873,0.7611514530957646
2024-2026,2025.0,blk,tov,-0.03949616573451952,0.7611514530957646
2024-2026,2025.0,blk,stl,-0.04064536118415877,0.7611514530957646
2024-2026,2025.0,blk,blk,1.0,0.7611514530957646
2024-2026,2025.0,blk,pf,0.35547412513939247,0.7611514530957646
2024-2026,2025.0,pf,fg3m,-0.39386718584880204,0.9970545338885269
2024-2026,2025.0,pf,fg3_miss,-0.36929264973625725,0.9970545338885269
2024-2026,2025.0,pf,fg2m,-0.05959068268091253,0.9970545338885269
2024-2026,2025.0,pf,fg2_miss,-0.19486666241786207,0.9970545338885269
2024-2026,2025.0,pf,ftm,-0.2086870403905872,0.9970545338885269
2024-2026,2025.0,pf,ft_miss,0.12029877258512987,0.9970545338885269
2024-2026,2025.0,pf,orb,0.4752317471251916,0.9970545338885269
2024-2026,2025.0,pf,drb,0.23034557556079316,0.9970545338885269
2024-2026,2025.0,pf,ast,-0.28316384328725247,0.9970545338885269
2024-2026,2025.0,pf,tov,-0.04544524384105112,0.9970545338885269
2024-2026,2025.0,pf,stl,0.10623677040951154,0.9970545338885269
2024-2026,2025.0,pf,blk,0.3554741251393925,0.9970545338885269
2024-2026,2025.0,pf,pf,1.0000000000000002,0.9970545338885269
