pool,window,side,feature,coef,se,delta,delta_se,coef_playoff,se_playoff,n_po_rows,lam_delta,side_name,stat,delta_z,sign_convention
era_third,1997-2006,O,fg3m,0.9526,0.1128,0.722,0.4025,1.6746,0.3977,42783,100.0,offense,3PM,1.7938,positive = good on both sides; total = offense + defense
era_third,1997-2006,O,fg3_miss,0.0852,0.0675,-0.4221,0.2434,-0.3369,0.2407,42783,100.0,offense,3P miss,-1.7341,positive = good on both sides; total = offense + defense
era_third,1997-2006,O,fg2m,0.7124,0.0397,0.1144,0.139,0.8268,0.1375,42783,100.0,offense,2PM,0.8231,positive = good on both sides; total = offense + defense
era_third,1997-2006,O,fg2_miss,-0.4571,0.0339,0.1223,0.1203,-0.3348,0.1194,42783,100.0,offense,2P miss,1.0166,positive = good on both sides; total = offense + defense
era_third,1997-2006,O,ftm,0.6304,0.0358,-0.2577,0.1212,0.3727,0.1199,42783,100.0,offense,FTM,-2.1256,positive = good on both sides; total = offense + defense
era_third,1997-2006,O,ft_miss,-0.2355,0.0813,0.3978,0.2348,0.1623,0.2321,42783,100.0,offense,FT miss,1.6941,positive = good on both sides; total = offense + defense
era_third,1997-2006,O,orb,0.4144,0.0523,-0.1313,0.1841,0.2831,0.1819,42783,100.0,offense,ORB,-0.7135,positive = good on both sides; total = offense + defense
era_third,1997-2006,O,drb,0.0734,0.0333,-0.0193,0.1234,0.0541,0.1213,42783,100.0,offense,DRB,-0.1564,positive = good on both sides; total = offense + defense
era_third,1997-2006,O,ast,0.4286,0.0289,-0.0911,0.1046,0.3375,0.1031,42783,100.0,offense,AST,-0.871,positive = good on both sides; total = offense + defense
era_third,1997-2006,O,tov,-0.7848,0.0755,0.0089,0.2619,-0.7759,0.2607,42783,100.0,offense,TOV,0.034,positive = good on both sides; total = offense + defense
era_third,1997-2006,O,stl,0.4543,0.0947,0.0076,0.3214,0.4619,0.3183,42783,100.0,offense,STL,0.0238,positive = good on both sides; total = offense + defense
era_third,1997-2006,O,blk,-0.0164,0.0594,0.3673,0.219,0.3508,0.2157,42783,100.0,offense,BLK,1.6771,positive = good on both sides; total = offense + defense
era_third,1997-2006,O,pf,-0.3097,0.0378,0.1774,0.1417,-0.1323,0.1402,42783,100.0,offense,PF,1.2516,positive = good on both sides; total = offense + defense
era_third,1997-2006,D,fg3m,-0.0954,0.1201,-0.2646,0.404,-0.3601,0.4015,42783,100.0,defense,3PM,-0.655,positive = good on both sides; total = offense + defense
era_third,1997-2006,D,fg3_miss,-0.1651,0.0718,0.1355,0.2441,-0.0296,0.2428,42783,100.0,defense,3P miss,0.5549,positive = good on both sides; total = offense + defense
era_third,1997-2006,D,fg2m,0.126,0.0422,0.0162,0.1393,0.1421,0.1386,42783,100.0,defense,2PM,0.1162,positive = good on both sides; total = offense + defense
era_third,1997-2006,D,fg2_miss,-0.3342,0.0362,0.0995,0.1207,-0.2348,0.1206,42783,100.0,defense,2P miss,0.8243,positive = good on both sides; total = offense + defense
era_third,1997-2006,D,ftm,0.1027,0.0383,-0.0433,0.1216,0.0594,0.121,42783,100.0,defense,FTM,-0.3562,positive = good on both sides; total = offense + defense
era_third,1997-2006,D,ft_miss,-0.0234,0.0873,0.123,0.2356,0.0996,0.2352,42783,100.0,defense,FT miss,0.5221,positive = good on both sides; total = offense + defense
era_third,1997-2006,D,orb,-0.1422,0.0556,0.0801,0.1847,-0.062,0.1835,42783,100.0,defense,ORB,0.4339,positive = good on both sides; total = offense + defense
era_third,1997-2006,D,drb,0.461,0.035,0.1083,0.1235,0.5693,0.1219,42783,100.0,defense,DRB,0.8767,positive = good on both sides; total = offense + defense
era_third,1997-2006,D,ast,0.1036,0.0306,0.0299,0.1049,0.1336,0.1038,42783,100.0,defense,AST,0.2855,positive = good on both sides; total = offense + defense
era_third,1997-2006,D,tov,-0.485,0.0816,0.1348,0.2628,-0.3502,0.2635,42783,100.0,defense,TOV,0.5132,positive = good on both sides; total = offense + defense
era_third,1997-2006,D,stl,1.3643,0.1021,-0.0102,0.3227,1.3542,0.3217,42783,100.0,defense,STL,-0.0315,positive = good on both sides; total = offense + defense
era_third,1997-2006,D,blk,0.8982,0.0629,-0.3564,0.2197,0.5418,0.2173,42783,100.0,defense,BLK,-1.6225,positive = good on both sides; total = offense + defense
era_third,1997-2006,D,pf,0.1091,0.0401,0.0794,0.1419,0.1886,0.1411,42783,100.0,defense,PF,0.5598,positive = good on both sides; total = offense + defense
era_third,1997-2006,Total,fg3m,0.8571,0.1649,0.4574,0.5635,1.3145,0.5586,42783,100.0,total,3PM,0.8117,positive = good on both sides; total = offense + defense
era_third,1997-2006,Total,fg3_miss,-0.0798,0.0987,-0.2867,0.3401,-0.3665,0.3374,42783,100.0,total,3P miss,-0.843,positive = good on both sides; total = offense + defense
era_third,1997-2006,Total,fg2m,0.8383,0.0584,0.1306,0.2074,0.9689,0.2052,42783,100.0,total,2PM,0.6299,positive = good on both sides; total = offense + defense
era_third,1997-2006,Total,fg2_miss,-0.7913,0.0497,0.2217,0.1804,-0.5696,0.179,42783,100.0,total,2P miss,1.2294,positive = good on both sides; total = offense + defense
era_third,1997-2006,Total,ftm,0.733,0.0525,-0.301,0.1669,0.4321,0.1655,42783,100.0,total,FTM,-1.8031,positive = good on both sides; total = offense + defense
era_third,1997-2006,Total,ft_miss,-0.2589,0.1192,0.5208,0.3359,0.2619,0.3333,42783,100.0,total,FT miss,1.5507,positive = good on both sides; total = offense + defense
era_third,1997-2006,Total,orb,0.2722,0.0767,-0.0512,0.2674,0.221,0.2645,42783,100.0,total,ORB,-0.1915,positive = good on both sides; total = offense + defense
era_third,1997-2006,Total,drb,0.5345,0.0492,0.089,0.1784,0.6235,0.1754,42783,100.0,total,DRB,0.4986,positive = good on both sides; total = offense + defense
era_third,1997-2006,Total,ast,0.5322,0.0424,-0.0612,0.1453,0.471,0.1436,42783,100.0,total,AST,-0.4211,positive = good on both sides; total = offense + defense
era_third,1997-2006,Total,tov,-1.2699,0.111,0.1437,0.3811,-1.1261,0.38,42783,100.0,total,TOV,0.3772,positive = good on both sides; total = offense + defense
era_third,1997-2006,Total,stl,1.8186,0.1398,-0.0025,0.4766,1.8161,0.4725,42783,100.0,total,STL,-0.0053,positive = good on both sides; total = offense + defense
era_third,1997-2006,Total,blk,0.8817,0.0869,0.0109,0.3005,0.8926,0.2967,42783,100.0,total,BLK,0.0363,positive = good on both sides; total = offense + defense
era_third,1997-2006,Total,pf,-0.2005,0.0561,0.2568,0.2015,0.0563,0.1997,42783,100.0,total,PF,1.2746,positive = good on both sides; total = offense + defense
era_third,1997-2006,O,fg3m,0.99,0.111,-0.0005,0.0713,0.9895,0.1296,42783,1000000.0,offense,3PM,-0.0071,positive = good on both sides; total = offense + defense
era_third,1997-2006,O,fg3_miss,0.0667,0.0665,-0.0429,0.0629,0.0238,0.0894,42783,1000000.0,offense,3P miss,-0.682,positive = good on both sides; total = offense + defense
era_third,1997-2006,O,fg2m,0.7185,0.0392,0.0548,0.0611,0.7732,0.0697,42783,1000000.0,offense,2PM,0.8963,positive = good on both sides; total = offense + defense
era_third,1997-2006,O,fg2_miss,-0.4542,0.0335,0.0299,0.0581,-0.4242,0.0646,42783,1000000.0,offense,2P miss,0.5153,positive = good on both sides; total = offense + defense
era_third,1997-2006,O,ftm,0.6187,0.0353,-0.0478,0.0608,0.5709,0.0673,42783,1000000.0,offense,FTM,-0.7866,positive = good on both sides; total = offense + defense
era_third,1997-2006,O,ft_miss,-0.2088,0.0796,0.036,0.0711,-0.1728,0.1029,42783,1000000.0,offense,FT miss,0.5061,positive = good on both sides; total = offense + defense
era_third,1997-2006,O,orb,0.4058,0.0515,-0.0008,0.0687,0.405,0.0829,42783,1000000.0,offense,ORB,-0.0121,positive = good on both sides; total = offense + defense
era_third,1997-2006,O,drb,0.0715,0.0328,0.013,0.062,0.0845,0.067,42783,1000000.0,offense,DRB,0.2102,positive = good on both sides; total = offense + defense
era_third,1997-2006,O,ast,0.4256,0.0285,-0.0476,0.0579,0.3781,0.0616,42783,1000000.0,offense,AST,-0.8209,positive = good on both sides; total = offense + defense
era_third,1997-2006,O,tov,-0.7873,0.0746,-0.0039,0.0726,-0.7912,0.1016,42783,1000000.0,offense,TOV,-0.0538,positive = good on both sides; total = offense + defense
era_third,1997-2006,O,stl,0.4531,0.0932,-0.0152,0.074,0.4379,0.1164,42783,1000000.0,offense,STL,-0.2051,positive = good on both sides; total = offense + defense
era_third,1997-2006,O,blk,-0.0005,0.0584,0.0583,0.0714,0.0578,0.0892,42783,1000000.0,offense,BLK,0.8168,positive = good on both sides; total = offense + defense
era_third,1997-2006,O,pf,-0.3033,0.0373,0.044,0.0644,-0.2593,0.0717,42783,1000000.0,offense,PF,0.6826,positive = good on both sides; total = offense + defense
era_third,1997-2006,D,fg3m,-0.1066,0.1183,-0.0236,0.0713,-0.1302,0.136,42783,1000000.0,defense,3PM,-0.3308,positive = good on both sides; total = offense + defense
era_third,1997-2006,D,fg3_miss,-0.1589,0.0709,-0.0147,0.0629,-0.1736,0.0928,42783,1000000.0,defense,3P miss,-0.2339,positive = good on both sides; total = offense + defense
era_third,1997-2006,D,fg2m,0.1265,0.0417,0.0225,0.0611,0.149,0.0712,42783,1000000.0,defense,2PM,0.3688,positive = good on both sides; total = offense + defense
era_third,1997-2006,D,fg2_miss,-0.3327,0.0359,0.0492,0.0581,-0.2835,0.0659,42783,1000000.0,defense,2P miss,0.8461,positive = good on both sides; total = offense + defense
era_third,1997-2006,D,ftm,0.1002,0.0379,0.0095,0.0608,0.1097,0.0688,42783,1000000.0,defense,FTM,0.1555,positive = good on both sides; total = offense + defense
era_third,1997-2006,D,ft_miss,-0.0155,0.0858,0.0215,0.0711,0.006,0.1079,42783,1000000.0,defense,FT miss,0.302,positive = good on both sides; total = offense + defense
era_third,1997-2006,D,orb,-0.14,0.0549,0.0251,0.0688,-0.1149,0.0851,42783,1000000.0,defense,ORB,0.3654,positive = good on both sides; total = offense + defense
era_third,1997-2006,D,drb,0.4653,0.0345,0.0126,0.062,0.4779,0.0678,42783,1000000.0,defense,DRB,0.2025,positive = good on both sides; total = offense + defense
era_third,1997-2006,D,ast,0.1045,0.0302,0.0147,0.058,0.1192,0.0625,42783,1000000.0,defense,AST,0.2538,positive = good on both sides; total = offense + defense
era_third,1997-2006,D,tov,-0.4817,0.0807,0.023,0.0726,-0.4587,0.1062,42783,1000000.0,defense,TOV,0.3163,positive = good on both sides; total = offense + defense
era_third,1997-2006,D,stl,1.3686,0.1007,0.0129,0.074,1.3814,0.1224,42783,1000000.0,defense,STL,0.1737,positive = good on both sides; total = offense + defense
era_third,1997-2006,D,blk,0.8833,0.0619,-0.0312,0.0714,0.8522,0.0916,42783,1000000.0,defense,BLK,-0.4365,positive = good on both sides; total = offense + defense
era_third,1997-2006,D,pf,0.1115,0.0397,0.0184,0.0645,0.1299,0.073,42783,1000000.0,defense,PF,0.2851,positive = good on both sides; total = offense + defense
era_third,1997-2006,Total,fg3m,0.8834,0.1623,-0.0241,0.1011,0.8593,0.188,42783,1000000.0,total,3PM,-0.2382,positive = good on both sides; total = offense + defense
era_third,1997-2006,Total,fg3_miss,-0.0922,0.0973,-0.0576,0.09,-0.1498,0.1296,42783,1000000.0,total,3P miss,-0.6405,positive = good on both sides; total = offense + defense
era_third,1997-2006,Total,fg2m,0.845,0.0576,0.0773,0.0879,0.9223,0.101,42783,1000000.0,total,2PM,0.8788,positive = good on both sides; total = offense + defense
era_third,1997-2006,Total,fg2_miss,-0.7869,0.0491,0.0791,0.0834,-0.7077,0.0933,42783,1000000.0,total,2P miss,0.9485,positive = good on both sides; total = offense + defense
era_third,1997-2006,Total,ftm,0.7189,0.0519,-0.0383,0.0861,0.6806,0.0961,42783,1000000.0,total,FTM,-0.4452,positive = good on both sides; total = offense + defense
era_third,1997-2006,Total,ft_miss,-0.2243,0.1169,0.0575,0.1009,-0.1668,0.1492,42783,1000000.0,total,FT miss,0.5696,positive = good on both sides; total = offense + defense
era_third,1997-2006,Total,orb,0.2658,0.0756,0.0243,0.098,0.2901,0.1195,42783,1000000.0,total,ORB,0.2479,positive = good on both sides; total = offense + defense
era_third,1997-2006,Total,drb,0.5368,0.0485,0.0256,0.0892,0.5624,0.0968,42783,1000000.0,total,DRB,0.2872,positive = good on both sides; total = offense + defense
era_third,1997-2006,Total,ast,0.5301,0.0419,-0.0328,0.0835,0.4973,0.0892,42783,1000000.0,total,AST,-0.3932,positive = good on both sides; total = offense + defense
era_third,1997-2006,Total,tov,-1.269,0.1097,0.019,0.1032,-1.2499,0.1473,42783,1000000.0,total,TOV,0.1845,positive = good on both sides; total = offense + defense
era_third,1997-2006,Total,stl,1.8216,0.1377,-0.0023,0.1053,1.8193,0.1699,42783,1000000.0,total,STL,-0.0221,positive = good on both sides; total = offense + defense
era_third,1997-2006,Total,blk,0.8828,0.0855,0.0271,0.1007,0.9099,0.1278,42783,1000000.0,total,BLK,0.2694,positive = good on both sides; total = offense + defense
era_third,1997-2006,Total,pf,-0.1918,0.0554,0.0624,0.0929,-0.1294,0.1042,42783,1000000.0,total,PF,0.6714,positive = good on both sides; total = offense + defense
era_third,2007-2016,O,fg3m,0.9657,0.0928,0.3032,0.3237,1.2688,0.3199,46862,100.0,offense,3PM,0.9365,positive = good on both sides; total = offense + defense
era_third,2007-2016,O,fg3_miss,0.04,0.057,-0.3426,0.2055,-0.3026,0.2032,46862,100.0,offense,3P miss,-1.6673,positive = good on both sides; total = offense + defense
era_third,2007-2016,O,fg2m,0.6147,0.0384,-0.1946,0.1361,0.4202,0.1343,46862,100.0,offense,2PM,-1.4294,positive = good on both sides; total = offense + defense
era_third,2007-2016,O,fg2_miss,-0.49,0.0327,-0.0476,0.1109,-0.5376,0.1099,46862,100.0,offense,2P miss,-0.4293,positive = good on both sides; total = offense + defense
era_third,2007-2016,O,ftm,0.6134,0.0342,0.0711,0.1147,0.6845,0.1136,46862,100.0,offense,FTM,0.6202,positive = good on both sides; total = offense + defense
era_third,2007-2016,O,ft_miss,-0.4028,0.0811,-0.2319,0.2553,-0.6346,0.2524,46862,100.0,offense,FT miss,-0.9084,positive = good on both sides; total = offense + defense
era_third,2007-2016,O,orb,0.4732,0.0519,-0.0188,0.181,0.4544,0.1785,46862,100.0,offense,ORB,-0.1042,positive = good on both sides; total = offense + defense
era_third,2007-2016,O,drb,0.0189,0.0302,-0.0732,0.1093,-0.0542,0.1072,46862,100.0,offense,DRB,-0.6696,positive = good on both sides; total = offense + defense
era_third,2007-2016,O,ast,0.4053,0.0282,0.1108,0.1027,0.5161,0.1011,46862,100.0,offense,AST,1.0785,positive = good on both sides; total = offense + defense
era_third,2007-2016,O,tov,-0.6088,0.075,0.3704,0.2496,-0.2385,0.248,46862,100.0,offense,TOV,1.484,positive = good on both sides; total = offense + defense
era_third,2007-2016,O,stl,0.6835,0.0993,-0.2476,0.3105,0.4359,0.3071,46862,100.0,offense,STL,-0.7976,positive = good on both sides; total = offense + defense
era_third,2007-2016,O,blk,-0.0958,0.0684,0.3989,0.2401,0.3031,0.2356,46862,100.0,offense,BLK,1.6611,positive = good on both sides; total = offense + defense
era_third,2007-2016,O,pf,-0.3101,0.0407,-0.0817,0.1496,-0.3918,0.1479,46862,100.0,offense,PF,-0.546,positive = good on both sides; total = offense + defense
era_third,2007-2016,D,fg3m,0.1051,0.0984,0.4262,0.3242,0.5313,0.3224,46862,100.0,defense,3PM,1.3147,positive = good on both sides; total = offense + defense
era_third,2007-2016,D,fg3_miss,-0.2216,0.0604,-0.4519,0.206,-0.6735,0.2049,46862,100.0,defense,3P miss,-2.1936,positive = good on both sides; total = offense + defense
era_third,2007-2016,D,fg2m,0.0292,0.0409,-0.0569,0.1365,-0.0277,0.1354,46862,100.0,defense,2PM,-0.4168,positive = good on both sides; total = offense + defense
era_third,2007-2016,D,fg2_miss,-0.2213,0.0352,-0.0111,0.1112,-0.2324,0.1111,46862,100.0,defense,2P miss,-0.0997,positive = good on both sides; total = offense + defense
era_third,2007-2016,D,ftm,0.0745,0.0367,-0.2054,0.115,-0.1308,0.1147,46862,100.0,defense,FTM,-1.7855,positive = good on both sides; total = offense + defense
era_third,2007-2016,D,ft_miss,-0.0844,0.0872,0.2908,0.2561,0.2064,0.2554,46862,100.0,defense,FT miss,1.1357,positive = good on both sides; total = offense + defense
era_third,2007-2016,D,orb,-0.1516,0.0552,-0.005,0.1817,-0.1566,0.1803,46862,100.0,defense,ORB,-0.0274,positive = good on both sides; total = offense + defense
era_third,2007-2016,D,drb,0.4708,0.0317,0.01,0.1096,0.4808,0.1079,46862,100.0,defense,DRB,0.0915,positive = good on both sides; total = offense + defense
era_third,2007-2016,D,ast,0.1359,0.0297,0.1009,0.103,0.2367,0.1018,46862,100.0,defense,AST,0.9796,positive = good on both sides; total = offense + defense
era_third,2007-2016,D,tov,-0.509,0.081,0.2378,0.2502,-0.2712,0.2506,46862,100.0,defense,TOV,0.9504,positive = good on both sides; total = offense + defense
era_third,2007-2016,D,stl,1.4383,0.1069,-0.0883,0.3114,1.35,0.3106,46862,100.0,defense,STL,-0.2835,positive = good on both sides; total = offense + defense
era_third,2007-2016,D,blk,0.7935,0.0725,-0.3715,0.2407,0.422,0.2372,46862,100.0,defense,BLK,-1.5433,positive = good on both sides; total = offense + defense
era_third,2007-2016,D,pf,0.0272,0.0431,0.0378,0.1501,0.065,0.1491,46862,100.0,defense,PF,0.2516,positive = good on both sides; total = offense + defense
era_third,2007-2016,Total,fg3m,1.0707,0.1354,0.7294,0.4558,1.8001,0.4519,46862,100.0,total,3PM,1.6001,positive = good on both sides; total = offense + defense
era_third,2007-2016,Total,fg3_miss,-0.1816,0.0831,-0.7946,0.2911,-0.9761,0.2885,46862,100.0,total,3P miss,-2.7295,positive = good on both sides; total = offense + defense
era_third,2007-2016,Total,fg2m,0.6439,0.0564,-0.2515,0.1894,0.3924,0.1873,46862,100.0,total,2PM,-1.3273,positive = good on both sides; total = offense + defense
era_third,2007-2016,Total,fg2_miss,-0.7113,0.0481,-0.0587,0.1575,-0.77,0.1566,46862,100.0,total,2P miss,-0.3726,positive = good on both sides; total = offense + defense
era_third,2007-2016,Total,ftm,0.6879,0.0503,-0.1342,0.1673,0.5537,0.166,46862,100.0,total,FTM,-0.8023,positive = good on both sides; total = offense + defense
era_third,2007-2016,Total,ft_miss,-0.4872,0.119,0.0589,0.3631,-0.4283,0.3607,46862,100.0,total,FT miss,0.1623,positive = good on both sides; total = offense + defense
era_third,2007-2016,Total,orb,0.3216,0.0762,-0.0238,0.2638,0.2978,0.2609,46862,100.0,total,ORB,-0.0903,positive = good on both sides; total = offense + defense
era_third,2007-2016,Total,drb,0.4897,0.0447,-0.0631,0.1591,0.4266,0.1561,46862,100.0,total,DRB,-0.3969,positive = good on both sides; total = offense + defense
era_third,2007-2016,Total,ast,0.5412,0.0412,0.2116,0.1437,0.7528,0.1417,46862,100.0,total,AST,1.4724,positive = good on both sides; total = offense + defense
era_third,2007-2016,Total,tov,-1.1179,0.11,0.6082,0.3529,-0.5097,0.3512,46862,100.0,total,TOV,1.7234,positive = good on both sides; total = offense + defense
era_third,2007-2016,Total,stl,2.1218,0.1463,-0.3359,0.4538,1.7859,0.4497,46862,100.0,total,STL,-0.7402,positive = good on both sides; total = offense + defense
era_third,2007-2016,Total,blk,0.6977,0.1,0.0274,0.3375,0.725,0.3319,46862,100.0,total,BLK,0.0811,positive = good on both sides; total = offense + defense
era_third,2007-2016,Total,pf,-0.2829,0.0604,-0.0439,0.2237,-0.3268,0.221,46862,100.0,total,PF,-0.1963,positive = good on both sides; total = offense + defense
era_third,2007-2016,O,fg3m,0.9792,0.0912,0.0003,0.072,0.9795,0.1136,46862,1000000.0,offense,3PM,0.0043,positive = good on both sides; total = offense + defense
era_third,2007-2016,O,fg3_miss,0.0254,0.0562,-0.0459,0.0629,-0.0205,0.0821,46862,1000000.0,offense,3P miss,-0.7305,positive = good on both sides; total = offense + defense
era_third,2007-2016,O,fg2m,0.6057,0.0378,-0.0431,0.0612,0.5626,0.0689,46862,1000000.0,offense,2PM,-0.7035,positive = good on both sides; total = offense + defense
era_third,2007-2016,O,fg2_miss,-0.4913,0.0323,-0.0528,0.0574,-0.5441,0.0631,46862,1000000.0,offense,2P miss,-0.9202,positive = good on both sides; total = offense + defense
era_third,2007-2016,O,ftm,0.6165,0.0338,0.0058,0.0601,0.6223,0.0659,46862,1000000.0,offense,FTM,0.0965,positive = good on both sides; total = offense + defense
era_third,2007-2016,O,ft_miss,-0.4156,0.0797,-0.0224,0.074,-0.4381,0.1055,46862,1000000.0,offense,FT miss,-0.303,positive = good on both sides; total = offense + defense
era_third,2007-2016,O,orb,0.4739,0.051,-0.0177,0.07,0.4562,0.0833,46862,1000000.0,offense,ORB,-0.2528,positive = good on both sides; total = offense + defense
era_third,2007-2016,O,drb,0.0145,0.0298,-0.0025,0.0607,0.012,0.0644,46862,1000000.0,offense,DRB,-0.0409,positive = good on both sides; total = offense + defense
era_third,2007-2016,O,ast,0.4076,0.0278,0.064,0.0572,0.4716,0.0606,46862,1000000.0,offense,AST,1.1188,positive = good on both sides; total = offense + defense
era_third,2007-2016,O,tov,-0.5866,0.074,0.0428,0.074,-0.5439,0.1017,46862,1000000.0,offense,TOV,0.5783,positive = good on both sides; total = offense + defense
era_third,2007-2016,O,stl,0.6678,0.0975,-0.0076,0.076,0.6602,0.1207,46862,1000000.0,offense,STL,-0.1005,positive = good on both sides; total = offense + defense
era_third,2007-2016,O,blk,-0.0737,0.067,0.043,0.0741,-0.0307,0.0964,46862,1000000.0,offense,BLK,0.5806,positive = good on both sides; total = offense + defense
era_third,2007-2016,O,pf,-0.3155,0.0402,-0.0198,0.0668,-0.3353,0.075,46862,1000000.0,offense,PF,-0.2961,positive = good on both sides; total = offense + defense
era_third,2007-2016,D,fg3m,0.1269,0.0971,-0.0099,0.072,0.117,0.1184,46862,1000000.0,defense,3PM,-0.1373,positive = good on both sides; total = offense + defense
era_third,2007-2016,D,fg3_miss,-0.2406,0.0596,-0.0673,0.0629,-0.3079,0.0845,46862,1000000.0,defense,3P miss,-1.0703,positive = good on both sides; total = offense + defense
era_third,2007-2016,D,fg2m,0.0274,0.0403,-0.0194,0.0612,0.008,0.0704,46862,1000000.0,defense,2PM,-0.317,positive = good on both sides; total = offense + defense
era_third,2007-2016,D,fg2_miss,-0.2208,0.0349,-0.0148,0.0574,-0.2357,0.0646,46862,1000000.0,defense,2P miss,-0.2578,positive = good on both sides; total = offense + defense
era_third,2007-2016,D,ftm,0.0658,0.0363,-0.0703,0.0601,-0.0045,0.0673,46862,1000000.0,defense,FTM,-1.17,positive = good on both sides; total = offense + defense
era_third,2007-2016,D,ft_miss,-0.0674,0.0859,0.0127,0.074,-0.0547,0.1104,46862,1000000.0,defense,FT miss,0.1721,positive = good on both sides; total = offense + defense
era_third,2007-2016,D,orb,-0.1519,0.0545,0.0009,0.07,-0.151,0.0856,46862,1000000.0,defense,ORB,0.0132,positive = good on both sides; total = offense + defense
era_third,2007-2016,D,drb,0.4718,0.0313,-0.0047,0.0608,0.4671,0.0651,46862,1000000.0,defense,DRB,-0.0768,positive = good on both sides; total = offense + defense
era_third,2007-2016,D,ast,0.1389,0.0294,0.0633,0.0573,0.2022,0.0614,46862,1000000.0,defense,AST,1.1061,positive = good on both sides; total = offense + defense
era_third,2007-2016,D,tov,-0.4989,0.0801,0.0195,0.074,-0.4794,0.1062,46862,1000000.0,defense,TOV,0.2641,positive = good on both sides; total = offense + defense
era_third,2007-2016,D,stl,1.4327,0.1052,-0.0023,0.076,1.4304,0.127,46862,1000000.0,defense,STL,-0.0298,positive = good on both sides; total = offense + defense
era_third,2007-2016,D,blk,0.7727,0.0711,-0.0359,0.0741,0.7368,0.0993,46862,1000000.0,defense,BLK,-0.4846,positive = good on both sides; total = offense + defense
era_third,2007-2016,D,pf,0.0293,0.0426,0.0333,0.0669,0.0625,0.0764,46862,1000000.0,defense,PF,0.4973,positive = good on both sides; total = offense + defense
era_third,2007-2016,Total,fg3m,1.1061,0.1333,-0.0096,0.1022,1.0965,0.1643,46862,1000000.0,total,3PM,-0.0937,positive = good on both sides; total = offense + defense
era_third,2007-2016,Total,fg3_miss,-0.2152,0.0819,-0.1132,0.0905,-0.3284,0.1188,46862,1000000.0,total,3P miss,-1.2515,positive = good on both sides; total = offense + defense
era_third,2007-2016,Total,fg2m,0.6331,0.0556,-0.0625,0.0873,0.5706,0.099,46862,1000000.0,total,2PM,-0.7158,positive = good on both sides; total = offense + defense
era_third,2007-2016,Total,fg2_miss,-0.7122,0.0476,-0.0676,0.0813,-0.7798,0.0904,46862,1000000.0,total,2P miss,-0.8314,positive = good on both sides; total = offense + defense
era_third,2007-2016,Total,ftm,0.6823,0.0497,-0.0645,0.0867,0.6178,0.0958,46862,1000000.0,total,FTM,-0.7444,positive = good on both sides; total = offense + defense
era_third,2007-2016,Total,ft_miss,-0.4831,0.1172,-0.0097,0.1046,-0.4927,0.1526,46862,1000000.0,total,FT miss,-0.0926,positive = good on both sides; total = offense + defense
era_third,2007-2016,Total,orb,0.322,0.0751,-0.0168,0.1,0.3052,0.1206,46862,1000000.0,total,ORB,-0.1677,positive = good on both sides; total = offense + defense
era_third,2007-2016,Total,drb,0.4862,0.044,-0.0072,0.0882,0.4791,0.0938,46862,1000000.0,total,DRB,-0.0812,positive = good on both sides; total = offense + defense
era_third,2007-2016,Total,ast,0.5465,0.0406,0.1273,0.0819,0.6738,0.0871,46862,1000000.0,total,AST,1.5541,positive = good on both sides; total = offense + defense
era_third,2007-2016,Total,tov,-1.0856,0.1085,0.0623,0.1046,-1.0233,0.1464,46862,1000000.0,total,TOV,0.5959,positive = good on both sides; total = offense + defense
era_third,2007-2016,Total,stl,2.1005,0.1438,-0.0099,0.1077,2.0906,0.1756,46862,1000000.0,total,STL,-0.092,positive = good on both sides; total = offense + defense
era_third,2007-2016,Total,blk,0.6989,0.0981,0.0071,0.1049,0.706,0.1388,46862,1000000.0,total,BLK,0.0676,positive = good on both sides; total = offense + defense
era_third,2007-2016,Total,pf,-0.2862,0.0596,0.0135,0.0969,-0.2727,0.1096,46862,1000000.0,total,PF,0.1391,positive = good on both sides; total = offense + defense
era_third,2017-2026,O,fg3m,0.9885,0.0725,0.2695,0.2661,1.258,0.2622,48185,100.0,offense,3PM,1.0128,positive = good on both sides; total = offense + defense
era_third,2017-2026,O,fg3_miss,-0.0972,0.0459,-0.283,0.1631,-0.3802,0.1613,48185,100.0,offense,3P miss,-1.7347,positive = good on both sides; total = offense + defense
era_third,2017-2026,O,fg2m,0.6107,0.038,-0.1601,0.1281,0.4506,0.1264,48185,100.0,offense,2PM,-1.2493,positive = good on both sides; total = offense + defense
era_third,2017-2026,O,fg2_miss,-0.5344,0.0374,0.0056,0.1233,-0.5288,0.1226,48185,100.0,offense,2P miss,0.0451,positive = good on both sides; total = offense + defense
era_third,2017-2026,O,ftm,0.6412,0.036,-0.1733,0.1202,0.4679,0.1182,48185,100.0,offense,FTM,-1.4421,positive = good on both sides; total = offense + defense
era_third,2017-2026,O,ft_miss,-0.5266,0.1011,-0.5087,0.3673,-1.0353,0.3628,48185,100.0,offense,FT miss,-1.3849,positive = good on both sides; total = offense + defense
era_third,2017-2026,O,orb,0.6235,0.0513,-0.0379,0.1754,0.5856,0.1735,48185,100.0,offense,ORB,-0.2162,positive = good on both sides; total = offense + defense
era_third,2017-2026,O,drb,-0.0011,0.0289,0.2176,0.1038,0.2165,0.1019,48185,100.0,offense,DRB,2.0958,positive = good on both sides; total = offense + defense
era_third,2017-2026,O,ast,0.3581,0.028,0.0206,0.0995,0.3787,0.0979,48185,100.0,offense,AST,0.207,positive = good on both sides; total = offense + defense
era_third,2017-2026,O,tov,-0.6786,0.0734,0.5356,0.2729,-0.143,0.2702,48185,100.0,offense,TOV,1.9624,positive = good on both sides; total = offense + defense
era_third,2017-2026,O,stl,0.4305,0.1081,-0.005,0.3501,0.4256,0.3469,48185,100.0,offense,STL,-0.0142,positive = good on both sides; total = offense + defense
era_third,2017-2026,O,blk,-0.1427,0.0806,-0.0196,0.2757,-0.1623,0.2714,48185,100.0,offense,BLK,-0.0711,positive = good on both sides; total = offense + defense
era_third,2017-2026,O,pf,-0.2744,0.0511,-0.0369,0.1888,-0.3113,0.1862,48185,100.0,offense,PF,-0.1955,positive = good on both sides; total = offense + defense
era_third,2017-2026,D,fg3m,0.1851,0.0766,-0.0999,0.2671,0.0852,0.2645,48185,100.0,defense,3PM,-0.374,positive = good on both sides; total = offense + defense
era_third,2017-2026,D,fg3_miss,-0.1859,0.0486,-0.0621,0.1638,-0.248,0.1628,48185,100.0,defense,3P miss,-0.3791,positive = good on both sides; total = offense + defense
era_third,2017-2026,D,fg2m,0.0171,0.0403,0.2983,0.1287,0.3153,0.1277,48185,100.0,defense,2PM,2.3181,positive = good on both sides; total = offense + defense
era_third,2017-2026,D,fg2_miss,-0.2137,0.0402,-0.449,0.1236,-0.6627,0.1239,48185,100.0,defense,2P miss,-3.6315,positive = good on both sides; total = offense + defense
era_third,2017-2026,D,ftm,0.1675,0.0384,0.0347,0.1205,0.2022,0.1192,48185,100.0,defense,FTM,0.2883,positive = good on both sides; total = offense + defense
era_third,2017-2026,D,ft_miss,-0.0347,0.1085,-0.0545,0.3686,-0.0892,0.3663,48185,100.0,defense,FT miss,-0.1479,positive = good on both sides; total = offense + defense
era_third,2017-2026,D,orb,0.0393,0.0546,-0.0364,0.176,0.0029,0.1752,48185,100.0,defense,ORB,-0.2066,positive = good on both sides; total = offense + defense
era_third,2017-2026,D,drb,0.3458,0.0302,-0.1206,0.104,0.2252,0.1024,48185,100.0,defense,DRB,-1.1602,positive = good on both sides; total = offense + defense
era_third,2017-2026,D,ast,0.1477,0.0294,-0.045,0.0997,0.1027,0.0985,48185,100.0,defense,AST,-0.452,positive = good on both sides; total = offense + defense
era_third,2017-2026,D,tov,-0.5352,0.0788,0.4318,0.2742,-0.1033,0.2729,48185,100.0,defense,TOV,1.575,positive = good on both sides; total = offense + defense
era_third,2017-2026,D,stl,1.5619,0.1154,0.7453,0.3506,2.3072,0.35,48185,100.0,defense,STL,2.1261,positive = good on both sides; total = offense + defense
era_third,2017-2026,D,blk,1.0675,0.0853,-0.3162,0.2771,0.7513,0.2745,48185,100.0,defense,BLK,-1.141,positive = good on both sides; total = offense + defense
era_third,2017-2026,D,pf,-0.0328,0.0541,0.0526,0.1895,0.0197,0.1878,48185,100.0,defense,PF,0.2774,positive = good on both sides; total = offense + defense
era_third,2017-2026,Total,fg3m,1.1735,0.1063,0.1696,0.3782,1.3432,0.3733,48185,100.0,total,3PM,0.4486,positive = good on both sides; total = offense + defense
era_third,2017-2026,Total,fg3_miss,-0.2831,0.0671,-0.3451,0.2377,-0.6282,0.2351,48185,100.0,total,3P miss,-1.4517,positive = good on both sides; total = offense + defense
era_third,2017-2026,Total,fg2m,0.6277,0.0556,0.1382,0.1906,0.7659,0.1879,48185,100.0,total,2PM,0.7251,positive = good on both sides; total = offense + defense
era_third,2017-2026,Total,fg2_miss,-0.7481,0.0549,-0.4435,0.1871,-1.1915,0.1856,48185,100.0,total,2P miss,-2.3697,positive = good on both sides; total = offense + defense
era_third,2017-2026,Total,ftm,0.8087,0.0527,-0.1385,0.1731,0.6701,0.1708,48185,100.0,total,FTM,-0.8001,positive = good on both sides; total = offense + defense
era_third,2017-2026,Total,ft_miss,-0.5612,0.1486,-0.5632,0.5079,-1.1245,0.5034,48185,100.0,total,FT miss,-1.109,positive = good on both sides; total = offense + defense
era_third,2017-2026,Total,orb,0.6628,0.0753,-0.0743,0.2686,0.5885,0.2651,48185,100.0,total,ORB,-0.2766,positive = good on both sides; total = offense + defense
era_third,2017-2026,Total,drb,0.3447,0.0421,0.097,0.1541,0.4417,0.1511,48185,100.0,total,DRB,0.6297,positive = good on both sides; total = offense + defense
era_third,2017-2026,Total,ast,0.5058,0.0407,-0.0244,0.1448,0.4814,0.1425,48185,100.0,total,AST,-0.1688,positive = good on both sides; total = offense + defense
era_third,2017-2026,Total,tov,-1.2138,0.108,0.9674,0.397,-0.2464,0.3934,48185,100.0,total,TOV,2.4365,positive = good on both sides; total = offense + defense
era_third,2017-2026,Total,stl,1.9924,0.1588,0.7403,0.515,2.7328,0.5098,48185,100.0,total,STL,1.4374,positive = good on both sides; total = offense + defense
era_third,2017-2026,Total,blk,0.9248,0.1175,-0.3358,0.3985,0.589,0.3933,48185,100.0,total,BLK,-0.8426,positive = good on both sides; total = offense + defense
era_third,2017-2026,Total,pf,-0.3072,0.0752,0.0157,0.2781,-0.2916,0.2745,48185,100.0,total,PF,0.0563,positive = good on both sides; total = offense + defense
era_third,2017-2026,O,fg3m,1.0079,0.0713,0.0229,0.074,1.0308,0.0997,48185,1000000.0,offense,3PM,0.3098,positive = good on both sides; total = offense + defense
era_third,2017-2026,O,fg3_miss,-0.1109,0.0453,-0.0511,0.0622,-0.1621,0.0741,48185,1000000.0,offense,3P miss,-0.8221,positive = good on both sides; total = offense + defense
era_third,2017-2026,O,fg2m,0.6048,0.0375,-0.0716,0.0613,0.5332,0.0686,48185,1000000.0,offense,2PM,-1.1669,positive = good on both sides; total = offense + defense
era_third,2017-2026,O,fg2_miss,-0.5333,0.037,0.0024,0.0621,-0.5309,0.0694,48185,1000000.0,offense,2P miss,0.038,positive = good on both sides; total = offense + defense
era_third,2017-2026,O,ftm,0.6352,0.0355,-0.0913,0.0623,0.5439,0.0679,48185,1000000.0,offense,FTM,-1.4666,positive = good on both sides; total = offense + defense
era_third,2017-2026,O,ft_miss,-0.5512,0.0995,-0.0393,0.08,-0.5906,0.125,48185,1000000.0,offense,FT miss,-0.4917,positive = good on both sides; total = offense + defense
era_third,2017-2026,O,orb,0.6248,0.0505,-0.0313,0.0725,0.5936,0.085,48185,1000000.0,offense,ORB,-0.4311,positive = good on both sides; total = offense + defense
era_third,2017-2026,O,drb,0.0051,0.0285,0.0906,0.0613,0.0957,0.0641,48185,1000000.0,offense,DRB,1.4789,positive = good on both sides; total = offense + defense
era_third,2017-2026,O,ast,0.358,0.0276,0.0369,0.0562,0.3948,0.0595,48185,1000000.0,offense,AST,0.6555,positive = good on both sides; total = offense + defense
era_third,2017-2026,O,tov,-0.6519,0.0724,0.0408,0.0776,-0.6112,0.1032,48185,1000000.0,offense,TOV,0.5254,positive = good on both sides; total = offense + defense
era_third,2017-2026,O,stl,0.4315,0.1063,-0.0064,0.0804,0.4251,0.1304,48185,1000000.0,offense,STL,-0.0793,positive = good on both sides; total = offense + defense
era_third,2017-2026,O,blk,-0.1439,0.0791,-0.0041,0.0789,-0.148,0.1083,48185,1000000.0,offense,BLK,-0.0524,positive = good on both sides; total = offense + defense
era_third,2017-2026,O,pf,-0.2776,0.0503,0.0012,0.0742,-0.2764,0.0865,48185,1000000.0,offense,PF,0.0165,positive = good on both sides; total = offense + defense
era_third,2017-2026,D,fg3m,0.1779,0.0755,-0.0234,0.074,0.1545,0.1028,48185,1000000.0,defense,3PM,-0.3163,positive = good on both sides; total = offense + defense
era_third,2017-2026,D,fg3_miss,-0.1885,0.048,-0.0238,0.0622,-0.2122,0.0759,48185,1000000.0,defense,3P miss,-0.3821,positive = good on both sides; total = offense + defense
era_third,2017-2026,D,fg2m,0.0288,0.0398,0.05,0.0614,0.0788,0.0699,48185,1000000.0,defense,2PM,0.8149,positive = good on both sides; total = offense + defense
era_third,2017-2026,D,fg2_miss,-0.2298,0.0398,-0.1148,0.0621,-0.3446,0.071,48185,1000000.0,defense,2P miss,-1.8484,positive = good on both sides; total = offense + defense
era_third,2017-2026,D,ftm,0.169,0.0379,0.028,0.0623,0.197,0.0693,48185,1000000.0,defense,FTM,0.4496,positive = good on both sides; total = offense + defense
era_third,2017-2026,D,ft_miss,-0.0361,0.107,0.0118,0.08,-0.0242,0.1311,48185,1000000.0,defense,FT miss,0.1481,positive = good on both sides; total = offense + defense
era_third,2017-2026,D,orb,0.0358,0.0539,0.0142,0.0725,0.05,0.0872,48185,1000000.0,defense,ORB,0.1956,positive = good on both sides; total = offense + defense
era_third,2017-2026,D,drb,0.3427,0.0298,-0.0631,0.0613,0.2796,0.0648,48185,1000000.0,defense,DRB,-1.029,positive = good on both sides; total = offense + defense
era_third,2017-2026,D,ast,0.1434,0.0291,0.0612,0.0563,0.2045,0.0603,48185,1000000.0,defense,AST,1.0868,positive = good on both sides; total = offense + defense
era_third,2017-2026,D,tov,-0.5178,0.0779,0.0329,0.0776,-0.4849,0.1072,48185,1000000.0,defense,TOV,0.4236,positive = good on both sides; total = offense + defense
era_third,2017-2026,D,stl,1.5993,0.1138,0.0457,0.0804,1.6449,0.1366,48185,1000000.0,defense,STL,0.5681,positive = good on both sides; total = offense + defense
era_third,2017-2026,D,blk,1.0545,0.0839,-0.0091,0.0789,1.0454,0.112,48185,1000000.0,defense,BLK,-0.1153,positive = good on both sides; total = offense + defense
era_third,2017-2026,D,pf,-0.0317,0.0534,0.0147,0.0743,-0.017,0.0883,48185,1000000.0,defense,PF,0.1984,positive = good on both sides; total = offense + defense
era_third,2017-2026,Total,fg3m,1.1858,0.1045,-0.0005,0.1051,1.1853,0.1439,48185,1000000.0,total,3PM,-0.0046,positive = good on both sides; total = offense + defense
era_third,2017-2026,Total,fg3_miss,-0.2994,0.0662,-0.0749,0.0894,-0.3743,0.1073,48185,1000000.0,total,3P miss,-0.8377,positive = good on both sides; total = offense + defense
era_third,2017-2026,Total,fg2m,0.6336,0.0548,-0.0215,0.0886,0.6121,0.0995,48185,1000000.0,total,2PM,-0.2431,positive = good on both sides; total = offense + defense
era_third,2017-2026,Total,fg2_miss,-0.763,0.0543,-0.1125,0.0904,-0.8755,0.1013,48185,1000000.0,total,2P miss,-1.2439,positive = good on both sides; total = offense + defense
era_third,2017-2026,Total,ftm,0.8042,0.052,-0.0633,0.0904,0.7409,0.0992,48185,1000000.0,total,FTM,-0.7005,positive = good on both sides; total = offense + defense
era_third,2017-2026,Total,ft_miss,-0.5873,0.1463,-0.0275,0.1131,-0.6148,0.1811,48185,1000000.0,total,FT miss,-0.243,positive = good on both sides; total = offense + defense
era_third,2017-2026,Total,orb,0.6606,0.0742,-0.0171,0.1044,0.6435,0.1234,48185,1000000.0,total,ORB,-0.1634,positive = good on both sides; total = offense + defense
era_third,2017-2026,Total,drb,0.3478,0.0415,0.0276,0.0881,0.3753,0.0925,48185,1000000.0,total,DRB,0.3129,positive = good on both sides; total = offense + defense
era_third,2017-2026,Total,ast,0.5013,0.0402,0.098,0.0814,0.5994,0.0863,48185,1000000.0,total,AST,1.2048,positive = good on both sides; total = offense + defense
era_third,2017-2026,Total,tov,-1.1697,0.1066,0.0736,0.1102,-1.0961,0.1494,48185,1000000.0,total,TOV,0.668,positive = good on both sides; total = offense + defense
era_third,2017-2026,Total,stl,2.0307,0.1561,0.0393,0.114,2.07,0.1892,48185,1000000.0,total,STL,0.3447,positive = good on both sides; total = offense + defense
era_third,2017-2026,Total,blk,0.9106,0.1155,-0.0132,0.1118,0.8974,0.156,48185,1000000.0,total,BLK,-0.1184,positive = good on both sides; total = offense + defense
era_third,2017-2026,Total,pf,-0.3093,0.0741,0.016,0.1064,-0.2934,0.1251,48185,1000000.0,total,PF,0.15,positive = good on both sides; total = offense + defense
era,1997-2026,O,fg3m,0.9743,0.051,0.3739,0.1831,1.3482,0.1795,137830,100.0,offense,3PM,2.0423,positive = good on both sides; total = offense + defense
era,1997-2026,O,fg3_miss,-0.0151,0.0316,-0.3311,0.1131,-0.3462,0.1113,137830,100.0,offense,3P miss,-2.9268,positive = good on both sides; total = offense + defense
era,1997-2026,O,fg2m,0.6442,0.0223,-0.086,0.0775,0.5582,0.0765,137830,100.0,offense,2PM,-1.1101,positive = good on both sides; total = offense + defense
era,1997-2026,O,fg2_miss,-0.4912,0.0199,0.0229,0.068,-0.4683,0.0675,137830,100.0,offense,2P miss,0.3363,positive = good on both sides; total = offense + defense
era,1997-2026,O,ftm,0.6278,0.0204,-0.1131,0.0685,0.5147,0.0676,137830,100.0,offense,FTM,-1.652,positive = good on both sides; total = offense + defense
era,1997-2026,O,ft_miss,-0.3698,0.0499,-0.0028,0.1564,-0.3726,0.1539,137830,100.0,offense,FT miss,-0.0179,positive = good on both sides; total = offense + defense
era,1997-2026,O,orb,0.5051,0.0299,-0.0614,0.1039,0.4437,0.1027,137830,100.0,offense,ORB,-0.5908,positive = good on both sides; total = offense + defense
era,1997-2026,O,drb,0.0268,0.0177,0.0528,0.0643,0.0796,0.063,137830,100.0,offense,DRB,0.8218,positive = good on both sides; total = offense + defense
era,1997-2026,O,ast,0.3966,0.0164,0.0148,0.059,0.4115,0.0581,137830,100.0,offense,AST,0.2512,positive = good on both sides; total = offense + defense
era,1997-2026,O,tov,-0.6902,0.0431,0.3011,0.1506,-0.3891,0.1496,137830,100.0,offense,TOV,1.9985,positive = good on both sides; total = offense + defense
era,1997-2026,O,stl,0.5253,0.0579,-0.0899,0.1883,0.4355,0.1863,137830,100.0,offense,STL,-0.4773,positive = good on both sides; total = offense + defense
era,1997-2026,O,blk,-0.0723,0.0392,0.2788,0.1396,0.2065,0.1368,137830,100.0,offense,BLK,1.9981,positive = good on both sides; total = offense + defense
era,1997-2026,O,pf,-0.3018,0.0243,0.0338,0.0903,-0.268,0.0889,137830,100.0,offense,PF,0.3746,positive = good on both sides; total = offense + defense
era,1997-2026,D,fg3m,0.1043,0.054,0.0349,0.1836,0.1391,0.1811,137830,100.0,defense,3PM,0.1899,positive = good on both sides; total = offense + defense
era,1997-2026,D,fg3_miss,-0.1923,0.0335,-0.1377,0.1135,-0.33,0.1123,137830,100.0,defense,3P miss,-1.2133,positive = good on both sides; total = offense + defense
era,1997-2026,D,fg2m,0.0555,0.0237,0.0954,0.0777,0.1509,0.0772,137830,100.0,defense,2PM,1.2275,positive = good on both sides; total = offense + defense
era,1997-2026,D,fg2_miss,-0.2585,0.0214,-0.109,0.0682,-0.3675,0.0682,137830,100.0,defense,2P miss,-1.5984,positive = good on both sides; total = offense + defense
era,1997-2026,D,ftm,0.1136,0.0218,-0.0757,0.0687,0.0379,0.0682,137830,100.0,defense,FTM,-1.1027,positive = good on both sides; total = offense + defense
era,1997-2026,D,ft_miss,-0.0492,0.0536,0.1538,0.1569,0.1046,0.1557,137830,100.0,defense,FT miss,0.9806,positive = good on both sides; total = offense + defense
era,1997-2026,D,orb,-0.0836,0.0318,0.0112,0.1043,-0.0724,0.1037,137830,100.0,defense,ORB,0.1069,positive = good on both sides; total = offense + defense
era,1997-2026,D,drb,0.4209,0.0186,-0.0134,0.0644,0.4076,0.0634,137830,100.0,defense,DRB,-0.2078,positive = good on both sides; total = offense + defense
era,1997-2026,D,ast,0.1297,0.0173,0.0269,0.0591,0.1566,0.0585,137830,100.0,defense,AST,0.4554,positive = good on both sides; total = offense + defense
era,1997-2026,D,tov,-0.5103,0.0464,0.2627,0.1512,-0.2476,0.1511,137830,100.0,defense,TOV,1.7379,positive = good on both sides; total = offense + defense
era,1997-2026,D,stl,1.4467,0.0622,0.1802,0.1888,1.627,0.1882,137830,100.0,defense,STL,0.9546,positive = good on both sides; total = offense + defense
era,1997-2026,D,blk,0.9039,0.0415,-0.3513,0.14,0.5527,0.138,137830,100.0,defense,BLK,-2.5085,positive = good on both sides; total = offense + defense
era,1997-2026,D,pf,0.0474,0.0258,0.0581,0.0906,0.1056,0.0896,137830,100.0,defense,PF,0.6417,positive = good on both sides; total = offense + defense
era,1997-2026,Total,fg3m,1.0785,0.074,0.4088,0.2558,1.4873,0.2514,137830,100.0,total,3PM,1.598,positive = good on both sides; total = offense + defense
era,1997-2026,Total,fg3_miss,-0.2074,0.0456,-0.4688,0.1596,-0.6762,0.1571,137830,100.0,total,3P miss,-2.9374,positive = good on both sides; total = offense + defense
era,1997-2026,Total,fg2m,0.6997,0.0324,0.0094,0.109,0.7091,0.1075,137830,100.0,total,2PM,0.0861,positive = good on both sides; total = offense + defense
era,1997-2026,Total,fg2_miss,-0.7497,0.0289,-0.0861,0.0976,-0.8359,0.0966,137830,100.0,total,2P miss,-0.8829,positive = good on both sides; total = offense + defense
era,1997-2026,Total,ftm,0.7414,0.0298,-0.1888,0.0957,0.5526,0.0947,137830,100.0,total,FTM,-1.9726,positive = good on both sides; total = offense + defense
era,1997-2026,Total,ft_miss,-0.4191,0.0726,0.151,0.2141,-0.268,0.2112,137830,100.0,total,FT miss,0.7055,positive = good on both sides; total = offense + defense
era,1997-2026,Total,orb,0.4216,0.0438,-0.0503,0.1508,0.3713,0.1489,137830,100.0,total,ORB,-0.3333,positive = good on both sides; total = offense + defense
era,1997-2026,Total,drb,0.4477,0.0259,0.0394,0.0932,0.4872,0.0913,137830,100.0,total,DRB,0.4233,positive = good on both sides; total = offense + defense
era,1997-2026,Total,ast,0.5263,0.0237,0.0418,0.0813,0.5681,0.0801,137830,100.0,total,AST,0.5134,positive = good on both sides; total = offense + defense
era,1997-2026,Total,tov,-1.2005,0.0628,0.5638,0.2102,-0.6367,0.2088,137830,100.0,total,TOV,2.6821,positive = good on both sides; total = offense + defense
era,1997-2026,Total,stl,1.9721,0.0846,0.0904,0.2707,2.0624,0.2677,137830,100.0,total,STL,0.3338,positive = good on both sides; total = offense + defense
era,1997-2026,Total,blk,0.8316,0.0566,-0.0724,0.1894,0.7592,0.1857,137830,100.0,total,BLK,-0.3823,positive = good on both sides; total = offense + defense
era,1997-2026,Total,pf,-0.2544,0.0356,0.092,0.1292,-0.1624,0.127,137830,100.0,total,PF,0.7121,positive = good on both sides; total = offense + defense
window,1997-1999,O,fg3m,0.439,0.2053,-0.3727,0.7823,0.0663,0.7732,11465,100.0,offense,3PM,-0.4764,positive = good on both sides; total = offense + defense
window,1997-1999,O,fg3_miss,0.2828,0.1223,0.1129,0.4623,0.3957,0.4564,11465,100.0,offense,3P miss,0.2443,positive = good on both sides; total = offense + defense
window,1997-1999,O,fg2m,0.6981,0.0735,0.4479,0.2766,1.1459,0.2732,11465,100.0,offense,2PM,1.619,positive = good on both sides; total = offense + defense
window,1997-1999,O,fg2_miss,-0.5274,0.0627,0.0763,0.2352,-0.4511,0.233,11465,100.0,offense,2P miss,0.3244,positive = good on both sides; total = offense + defense
window,1997-1999,O,ftm,0.5748,0.0691,-0.7189,0.2425,-0.1441,0.2392,11465,100.0,offense,FTM,-2.965,positive = good on both sides; total = offense + defense
window,1997-1999,O,ft_miss,-0.16,0.1538,0.7944,0.4969,0.6344,0.4894,11465,100.0,offense,FT miss,1.5986,positive = good on both sides; total = offense + defense
window,1997-1999,O,orb,0.3187,0.0963,-0.6204,0.3717,-0.3016,0.3672,11465,100.0,offense,ORB,-1.669,positive = good on both sides; total = offense + defense
window,1997-1999,O,drb,0.0991,0.0624,0.1336,0.2457,0.2327,0.2412,11465,100.0,offense,DRB,0.5437,positive = good on both sides; total = offense + defense
window,1997-1999,O,ast,0.4649,0.0538,-0.2449,0.1993,0.22,0.1959,11465,100.0,offense,AST,-1.2292,positive = good on both sides; total = offense + defense
window,1997-1999,O,tov,-0.7647,0.1441,-0.1552,0.5556,-0.9199,0.551,11465,100.0,offense,TOV,-0.2794,positive = good on both sides; total = offense + defense
window,1997-1999,O,stl,0.3415,0.1658,0.2506,0.5918,0.5921,0.5836,11465,100.0,offense,STL,0.4234,positive = good on both sides; total = offense + defense
window,1997-1999,O,blk,0.0929,0.1089,0.2006,0.4252,0.2935,0.4174,11465,100.0,offense,BLK,0.4719,positive = good on both sides; total = offense + defense
window,1997-1999,O,pf,-0.2949,0.0707,0.2291,0.2845,-0.0658,0.281,11465,100.0,offense,PF,0.8051,positive = good on both sides; total = offense + defense
window,1997-1999,D,fg3m,-0.3564,0.2182,-0.5175,0.7851,-0.8739,0.7798,11465,100.0,defense,3PM,-0.6592,positive = good on both sides; total = offense + defense
window,1997-1999,D,fg3_miss,-0.0733,0.13,0.6078,0.4635,0.5345,0.46,11465,100.0,defense,3P miss,1.3113,positive = good on both sides; total = offense + defense
window,1997-1999,D,fg2m,0.2501,0.0778,0.0542,0.2775,0.3043,0.2753,11465,100.0,defense,2PM,0.1953,positive = good on both sides; total = offense + defense
window,1997-1999,D,fg2_miss,-0.3714,0.0668,0.3749,0.2358,0.0035,0.2348,11465,100.0,defense,2P miss,1.5897,positive = good on both sides; total = offense + defense
window,1997-1999,D,ftm,0.0829,0.0739,-0.0037,0.2432,0.0793,0.2414,11465,100.0,defense,FTM,-0.015,positive = good on both sides; total = offense + defense
window,1997-1999,D,ft_miss,0.0048,0.1638,-0.2889,0.4977,-0.2842,0.4936,11465,100.0,defense,FT miss,-0.5805,positive = good on both sides; total = offense + defense
window,1997-1999,D,orb,-0.2876,0.1022,0.1211,0.3727,-0.1665,0.3699,11465,100.0,defense,ORB,0.3248,positive = good on both sides; total = offense + defense
window,1997-1999,D,drb,0.5508,0.0655,0.3098,0.246,0.8606,0.2421,11465,100.0,defense,DRB,1.2594,positive = good on both sides; total = offense + defense
window,1997-1999,D,ast,0.1138,0.0569,0.2059,0.2004,0.3197,0.1978,11465,100.0,defense,AST,1.0278,positive = good on both sides; total = offense + defense
window,1997-1999,D,tov,-0.6729,0.1547,-0.0606,0.5559,-0.7336,0.5544,11465,100.0,defense,TOV,-0.1091,positive = good on both sides; total = offense + defense
window,1997-1999,D,stl,1.419,0.1784,-0.0279,0.5922,1.3911,0.5872,11465,100.0,defense,STL,-0.0471,positive = good on both sides; total = offense + defense
window,1997-1999,D,blk,0.7437,0.1151,-0.2047,0.4256,0.539,0.4191,11465,100.0,defense,BLK,-0.481,positive = good on both sides; total = offense + defense
window,1997-1999,D,pf,0.2451,0.0751,0.6195,0.2854,0.8647,0.2831,11465,100.0,defense,PF,2.1705,positive = good on both sides; total = offense + defense
window,1997-1999,Total,fg3m,0.0826,0.3013,-0.8902,1.0791,-0.8076,1.0695,11465,100.0,total,3PM,-0.8249,positive = good on both sides; total = offense + defense
window,1997-1999,Total,fg3_miss,0.2095,0.1794,0.7207,0.6307,0.9302,0.6248,11465,100.0,total,3P miss,1.1428,positive = good on both sides; total = offense + defense
window,1997-1999,Total,fg2m,0.9482,0.1079,0.5021,0.4313,1.4502,0.426,11465,100.0,total,2PM,1.164,positive = good on both sides; total = offense + defense
window,1997-1999,Total,fg2_miss,-0.8988,0.0921,0.4512,0.3566,-0.4476,0.3526,11465,100.0,total,2P miss,1.2653,positive = good on both sides; total = offense + defense
window,1997-1999,Total,ftm,0.6577,0.101,-0.7225,0.3391,-0.0648,0.3359,11465,100.0,total,FTM,-2.1308,positive = good on both sides; total = offense + defense
window,1997-1999,Total,ft_miss,-0.1552,0.2246,0.5055,0.6992,0.3502,0.6905,11465,100.0,total,FT miss,0.7229,positive = good on both sides; total = offense + defense
window,1997-1999,Total,orb,0.0311,0.1408,-0.4993,0.5365,-0.4682,0.5306,11465,100.0,total,ORB,-0.9307,positive = good on both sides; total = offense + defense
window,1997-1999,Total,drb,0.6499,0.0922,0.4433,0.3514,1.0932,0.3448,11465,100.0,total,DRB,1.2615,positive = good on both sides; total = offense + defense
window,1997-1999,Total,ast,0.5787,0.0789,-0.039,0.289,0.5397,0.2847,11465,100.0,total,AST,-0.1349,positive = good on both sides; total = offense + defense
window,1997-1999,Total,tov,-1.4376,0.2113,-0.2158,0.8038,-1.6534,0.7994,11465,100.0,total,TOV,-0.2685,positive = good on both sides; total = offense + defense
window,1997-1999,Total,stl,1.7605,0.2452,0.2227,0.8281,1.9832,0.8202,11465,100.0,total,STL,0.2689,positive = good on both sides; total = offense + defense
window,1997-1999,Total,blk,0.8366,0.1602,-0.0041,0.5879,0.8325,0.578,11465,100.0,total,BLK,-0.0069,positive = good on both sides; total = offense + defense
window,1997-1999,Total,pf,-0.0498,0.1049,0.8486,0.4197,0.7988,0.4155,11465,100.0,total,PF,2.0217,positive = good on both sides; total = offense + defense
window,2000-2002,O,fg3m,1.2862,0.2093,1.0908,0.8682,2.377,0.8586,11662,100.0,offense,3PM,1.2563,positive = good on both sides; total = offense + defense
window,2000-2002,O,fg3_miss,-0.0694,0.1242,-0.5029,0.5362,-0.5723,0.5312,11662,100.0,offense,3P miss,-0.9379,positive = good on both sides; total = offense + defense
window,2000-2002,O,fg2m,0.7708,0.0711,-0.0843,0.264,0.6865,0.2613,11662,100.0,offense,2PM,-0.3194,positive = good on both sides; total = offense + defense
window,2000-2002,O,fg2_miss,-0.4188,0.0614,0.1137,0.2575,-0.3051,0.2555,11662,100.0,offense,2P miss,0.4416,positive = good on both sides; total = offense + defense
window,2000-2002,O,ftm,0.6205,0.0703,0.0596,0.2738,0.6801,0.2707,11662,100.0,offense,FTM,0.2176,positive = good on both sides; total = offense + defense
window,2000-2002,O,ft_miss,-0.2456,0.1548,0.6626,0.4777,0.4169,0.4724,11662,100.0,offense,FT miss,1.3869,positive = good on both sides; total = offense + defense
window,2000-2002,O,orb,0.3876,0.0965,0.5285,0.406,0.9161,0.4016,11662,100.0,offense,ORB,1.3018,positive = good on both sides; total = offense + defense
window,2000-2002,O,drb,0.0485,0.0607,-0.0492,0.2644,-0.0007,0.2607,11662,100.0,offense,DRB,-0.1863,positive = good on both sides; total = offense + defense
window,2000-2002,O,ast,0.3622,0.0516,0.2899,0.2018,0.6521,0.1989,11662,100.0,offense,AST,1.4367,positive = good on both sides; total = offense + defense
window,2000-2002,O,tov,-1.0034,0.1375,0.3517,0.5691,-0.6517,0.5653,11662,100.0,offense,TOV,0.6181,positive = good on both sides; total = offense + defense
window,2000-2002,O,stl,0.5523,0.179,-0.2782,0.6661,0.2741,0.6602,11662,100.0,offense,STL,-0.4177,positive = good on both sides; total = offense + defense
window,2000-2002,O,blk,-0.1222,0.1099,-0.2169,0.4635,-0.339,0.4583,11662,100.0,offense,BLK,-0.4679,positive = good on both sides; total = offense + defense
window,2000-2002,O,pf,-0.3569,0.0661,0.1404,0.2642,-0.2165,0.2618,11662,100.0,offense,PF,0.5315,positive = good on both sides; total = offense + defense
window,2000-2002,D,fg3m,-0.2987,0.2217,0.4555,0.8723,0.1568,0.8659,11662,100.0,defense,3PM,0.5222,positive = good on both sides; total = offense + defense
window,2000-2002,D,fg3_miss,-0.027,0.1316,-0.0189,0.5383,-0.0459,0.5352,11662,100.0,defense,3P miss,-0.0351,positive = good on both sides; total = offense + defense
window,2000-2002,D,fg2m,0.1293,0.0757,0.0824,0.2647,0.2118,0.2634,11662,100.0,defense,2PM,0.3115,positive = good on both sides; total = offense + defense
window,2000-2002,D,fg2_miss,-0.3501,0.0658,-0.162,0.2587,-0.5122,0.2579,11662,100.0,defense,2P miss,-0.6262,positive = good on both sides; total = offense + defense
window,2000-2002,D,ftm,0.2153,0.0751,0.078,0.2744,0.2933,0.2725,11662,100.0,defense,FTM,0.2843,positive = good on both sides; total = offense + defense
window,2000-2002,D,ft_miss,-0.1883,0.1667,0.2451,0.4796,0.0568,0.4787,11662,100.0,defense,FT miss,0.5111,positive = good on both sides; total = offense + defense
window,2000-2002,D,orb,-0.1176,0.1026,0.3061,0.4078,0.1885,0.4049,11662,100.0,defense,ORB,0.7507,positive = good on both sides; total = offense + defense
window,2000-2002,D,drb,0.4977,0.0636,-0.2117,0.2641,0.286,0.261,11662,100.0,defense,DRB,-0.8017,positive = good on both sides; total = offense + defense
window,2000-2002,D,ast,0.0511,0.0547,0.1022,0.2018,0.1533,0.1998,11662,100.0,defense,AST,0.5063,positive = good on both sides; total = offense + defense
window,2000-2002,D,tov,-0.4531,0.1487,0.0886,0.5733,-0.3644,0.5723,11662,100.0,defense,TOV,0.1546,positive = good on both sides; total = offense + defense
window,2000-2002,D,stl,1.5107,0.1929,-0.4805,0.6692,1.0301,0.667,11662,100.0,defense,STL,-0.7181,positive = good on both sides; total = offense + defense
window,2000-2002,D,blk,0.9608,0.1163,-0.7032,0.4646,0.2576,0.461,11662,100.0,defense,BLK,-1.5137,positive = good on both sides; total = offense + defense
window,2000-2002,D,pf,0.0549,0.0705,-0.0107,0.2647,0.0442,0.2636,11662,100.0,defense,PF,-0.0403,positive = good on both sides; total = offense + defense
window,2000-2002,Total,fg3m,0.9875,0.3052,1.5463,1.213,2.5338,1.2022,11662,100.0,total,3PM,1.2748,positive = good on both sides; total = offense + defense
window,2000-2002,Total,fg3_miss,-0.0964,0.1812,-0.5218,0.7571,-0.6182,0.7511,11662,100.0,total,3P miss,-0.6892,positive = good on both sides; total = offense + defense
window,2000-2002,Total,fg2m,0.9001,0.1046,-0.0019,0.38,0.8983,0.3767,11662,100.0,total,2PM,-0.005,positive = good on both sides; total = offense + defense
window,2000-2002,Total,fg2_miss,-0.769,0.0904,-0.0483,0.3719,-0.8173,0.3694,11662,100.0,total,2P miss,-0.13,positive = good on both sides; total = offense + defense
window,2000-2002,Total,ftm,0.8358,0.1028,0.1376,0.3675,0.9734,0.3646,11662,100.0,total,FTM,0.3744,positive = good on both sides; total = offense + defense
window,2000-2002,Total,ft_miss,-0.4339,0.227,0.9077,0.6456,0.4737,0.6427,11662,100.0,total,FT miss,1.406,positive = good on both sides; total = offense + defense
window,2000-2002,Total,orb,0.27,0.1412,0.8346,0.5834,1.1046,0.5784,11662,100.0,total,ORB,1.4305,positive = good on both sides; total = offense + defense
window,2000-2002,Total,drb,0.5462,0.0901,-0.261,0.3799,0.2852,0.3747,11662,100.0,total,DRB,-0.6869,positive = good on both sides; total = offense + defense
window,2000-2002,Total,ast,0.4133,0.0756,0.3921,0.2757,0.8054,0.2726,11662,100.0,total,AST,1.4224,positive = good on both sides; total = offense + defense
window,2000-2002,Total,tov,-1.4565,0.2017,0.4404,0.8091,-1.0161,0.8068,11662,100.0,total,TOV,0.5443,positive = good on both sides; total = offense + defense
window,2000-2002,Total,stl,2.063,0.2628,-0.7588,0.9994,1.3042,0.9927,11662,100.0,total,STL,-0.7592,positive = good on both sides; total = offense + defense
window,2000-2002,Total,blk,0.8387,0.1608,-0.9201,0.6151,-0.0814,0.6093,11662,100.0,total,BLK,-1.4959,positive = good on both sides; total = offense + defense
window,2000-2002,Total,pf,-0.3021,0.0984,0.1298,0.3706,-0.1723,0.3682,11662,100.0,total,PF,0.3501,positive = good on both sides; total = offense + defense
window,2003-2005,O,fg3m,0.9507,0.215,0.8022,0.7692,1.7529,0.7587,14501,100.0,offense,3PM,1.043,positive = good on both sides; total = offense + defense
window,2003-2005,O,fg3_miss,0.1392,0.1287,-0.5179,0.4677,-0.3787,0.4618,14501,100.0,offense,3P miss,-1.1072,positive = good on both sides; total = offense + defense
window,2003-2005,O,fg2m,0.6823,0.0743,0.305,0.2716,0.9874,0.2684,14501,100.0,offense,2PM,1.123,positive = good on both sides; total = offense + defense
window,2003-2005,O,fg2_miss,-0.435,0.0625,-0.0707,0.23,-0.5057,0.2273,14501,100.0,offense,2P miss,-0.3075,positive = good on both sides; total = offense + defense
window,2003-2005,O,ftm,0.6603,0.062,-0.3671,0.2253,0.2932,0.2229,14501,100.0,offense,FTM,-1.6291,positive = good on both sides; total = offense + defense
window,2003-2005,O,ft_miss,-0.3019,0.1472,0.2629,0.4359,-0.039,0.4308,14501,100.0,offense,FT miss,0.6032,positive = good on both sides; total = offense + defense
window,2003-2005,O,orb,0.5155,0.097,-0.0891,0.3493,0.4264,0.3439,14501,100.0,offense,ORB,-0.255,positive = good on both sides; total = offense + defense
window,2003-2005,O,drb,0.0343,0.0616,-0.1494,0.2287,-0.1151,0.2243,14501,100.0,offense,DRB,-0.6533,positive = good on both sides; total = offense + defense
window,2003-2005,O,ast,0.5075,0.0545,-0.3658,0.2087,0.1417,0.2055,14501,100.0,offense,AST,-1.7528,positive = good on both sides; total = offense + defense
window,2003-2005,O,tov,-0.8044,0.1353,0.3669,0.4898,-0.4375,0.4865,14501,100.0,offense,TOV,0.749,positive = good on both sides; total = offense + defense
window,2003-2005,O,stl,0.3158,0.1767,0.6656,0.6191,0.9814,0.612,14501,100.0,offense,STL,1.0751,positive = good on both sides; total = offense + defense
window,2003-2005,O,blk,0.0206,0.1102,0.6481,0.3968,0.6688,0.3905,14501,100.0,offense,BLK,1.6335,positive = good on both sides; total = offense + defense
window,2003-2005,O,pf,-0.3248,0.0715,-0.1073,0.2666,-0.4321,0.2636,14501,100.0,offense,PF,-0.4024,positive = good on both sides; total = offense + defense
window,2003-2005,D,fg3m,0.3652,0.2288,-0.3542,0.7716,0.011,0.7652,14501,100.0,defense,3PM,-0.4591,positive = good on both sides; total = offense + defense
window,2003-2005,D,fg3_miss,-0.3886,0.1367,-0.0222,0.4687,-0.4108,0.4652,14501,100.0,defense,3P miss,-0.0474,positive = good on both sides; total = offense + defense
window,2003-2005,D,fg2m,-0.0047,0.0789,-0.0093,0.2712,-0.014,0.2695,14501,100.0,defense,2PM,-0.0345,positive = good on both sides; total = offense + defense
window,2003-2005,D,fg2_miss,-0.2751,0.0666,0.0287,0.2305,-0.2465,0.229,14501,100.0,defense,2P miss,0.1245,positive = good on both sides; total = offense + defense
window,2003-2005,D,ftm,0.127,0.0664,-0.3737,0.226,-0.2467,0.2247,14501,100.0,defense,FTM,-1.6532,positive = good on both sides; total = offense + defense
window,2003-2005,D,ft_miss,-0.0969,0.1587,0.438,0.4374,0.3411,0.4368,14501,100.0,defense,FT miss,1.0013,positive = good on both sides; total = offense + defense
window,2003-2005,D,orb,-0.0164,0.103,-0.0217,0.3501,-0.0381,0.3464,14501,100.0,defense,ORB,-0.062,positive = good on both sides; total = offense + defense
window,2003-2005,D,drb,0.4076,0.0646,0.1844,0.2297,0.592,0.2262,14501,100.0,defense,DRB,0.8027,positive = good on both sides; total = offense + defense
window,2003-2005,D,ast,0.095,0.0575,0.0223,0.209,0.1172,0.2066,14501,100.0,defense,AST,0.1065,positive = good on both sides; total = offense + defense
window,2003-2005,D,tov,-0.3769,0.1467,0.5332,0.4912,0.1563,0.4911,14501,100.0,defense,TOV,1.0856,positive = good on both sides; total = offense + defense
window,2003-2005,D,stl,1.3227,0.1902,0.247,0.621,1.5696,0.6175,14501,100.0,defense,STL,0.3976,positive = good on both sides; total = offense + defense
window,2003-2005,D,blk,0.9497,0.1164,-0.3161,0.3984,0.6335,0.3941,14501,100.0,defense,BLK,-0.7935,positive = good on both sides; total = offense + defense
window,2003-2005,D,pf,0.1152,0.0755,-0.395,0.2665,-0.2799,0.2647,14501,100.0,defense,PF,-1.4823,positive = good on both sides; total = offense + defense
window,2003-2005,Total,fg3m,1.3159,0.3127,0.448,1.0595,1.7639,1.0503,14501,100.0,total,3PM,0.4228,positive = good on both sides; total = offense + defense
window,2003-2005,Total,fg3_miss,-0.2494,0.1874,-0.5401,0.6348,-0.7895,0.6299,14501,100.0,total,3P miss,-0.8508,positive = good on both sides; total = offense + defense
window,2003-2005,Total,fg2m,0.6776,0.109,0.2957,0.3962,0.9733,0.392,14501,100.0,total,2PM,0.7463,positive = good on both sides; total = offense + defense
window,2003-2005,Total,fg2_miss,-0.7102,0.0908,-0.042,0.3391,-0.7522,0.3359,14501,100.0,total,2P miss,-0.124,positive = good on both sides; total = offense + defense
window,2003-2005,Total,ftm,0.7873,0.091,-0.7408,0.3164,0.0465,0.313,14501,100.0,total,FTM,-2.3414,positive = good on both sides; total = offense + defense
window,2003-2005,Total,ft_miss,-0.3988,0.216,0.7009,0.6391,0.3022,0.6342,14501,100.0,total,FT miss,1.0967,positive = good on both sides; total = offense + defense
window,2003-2005,Total,orb,0.4991,0.1421,-0.1108,0.4931,0.3883,0.4875,14501,100.0,total,ORB,-0.2246,positive = good on both sides; total = offense + defense
window,2003-2005,Total,drb,0.4419,0.0903,0.035,0.3214,0.4769,0.3159,14501,100.0,total,DRB,0.1088,positive = good on both sides; total = offense + defense
window,2003-2005,Total,ast,0.6025,0.0797,-0.3436,0.28,0.259,0.2765,14501,100.0,total,AST,-1.2272,positive = good on both sides; total = offense + defense
window,2003-2005,Total,tov,-1.1813,0.1989,0.9001,0.6793,-0.2812,0.6782,14501,100.0,total,TOV,1.3249,positive = good on both sides; total = offense + defense
window,2003-2005,Total,stl,1.6384,0.26,0.9126,0.8747,2.551,0.8667,14501,100.0,total,STL,1.0433,positive = good on both sides; total = offense + defense
window,2003-2005,Total,blk,0.9703,0.161,0.332,0.5428,1.3023,0.5355,14501,100.0,total,BLK,0.6116,positive = good on both sides; total = offense + defense
window,2003-2005,Total,pf,-0.2096,0.1055,-0.5023,0.3771,-0.7119,0.3733,14501,100.0,total,PF,-1.3321,positive = good on both sides; total = offense + defense
window,2006-2008,O,fg3m,1.0437,0.1902,0.41,0.6512,1.4537,0.6433,14283,100.0,offense,3PM,0.6297,positive = good on both sides; total = offense + defense
window,2006-2008,O,fg3_miss,0.0238,0.1166,-0.3476,0.4174,-0.3238,0.4126,14283,100.0,offense,3P miss,-0.8328,positive = good on both sides; total = offense + defense
window,2006-2008,O,fg2m,0.7312,0.0703,-0.3508,0.2598,0.3804,0.2566,14283,100.0,offense,2PM,-1.3501,positive = good on both sides; total = offense + defense
window,2006-2008,O,fg2_miss,-0.4939,0.061,0.3623,0.2197,-0.1316,0.2184,14283,100.0,offense,2P miss,1.649,positive = good on both sides; total = offense + defense
window,2006-2008,O,ftm,0.67,0.0613,-0.078,0.2148,0.592,0.2118,14283,100.0,offense,FTM,-0.3631,positive = good on both sides; total = offense + defense
window,2006-2008,O,ft_miss,-0.4495,0.1418,0.5366,0.4621,0.0871,0.4559,14283,100.0,offense,FT miss,1.1612,positive = good on both sides; total = offense + defense
window,2006-2008,O,orb,0.4947,0.0983,-0.0979,0.3574,0.3968,0.3518,14283,100.0,offense,ORB,-0.2738,positive = good on both sides; total = offense + defense
window,2006-2008,O,drb,0.0743,0.0578,-0.099,0.2126,-0.0247,0.209,14283,100.0,offense,DRB,-0.4657,positive = good on both sides; total = offense + defense
window,2006-2008,O,ast,0.3601,0.0512,0.29,0.1916,0.6501,0.189,14283,100.0,offense,AST,1.5139,positive = good on both sides; total = offense + defense
window,2006-2008,O,tov,-0.4988,0.1443,-0.8234,0.5031,-1.3222,0.4991,14283,100.0,offense,TOV,-1.6366,positive = good on both sides; total = offense + defense
window,2006-2008,O,stl,0.8128,0.1924,-1.0614,0.7089,-0.2486,0.7002,14283,100.0,offense,STL,-1.4971,positive = good on both sides; total = offense + defense
window,2006-2008,O,blk,-0.0941,0.1137,0.4007,0.4202,0.3066,0.413,14283,100.0,offense,BLK,0.9537,positive = good on both sides; total = offense + defense
window,2006-2008,O,pf,-0.2518,0.0706,0.118,0.2782,-0.1338,0.2748,14283,100.0,offense,PF,0.4242,positive = good on both sides; total = offense + defense
window,2006-2008,D,fg3m,0.0873,0.2018,0.2561,0.6519,0.3433,0.6485,14283,100.0,defense,3PM,0.3928,positive = good on both sides; total = offense + defense
window,2006-2008,D,fg3_miss,-0.1732,0.1236,-0.2844,0.4178,-0.4576,0.4155,14283,100.0,defense,3P miss,-0.6807,positive = good on both sides; total = offense + defense
window,2006-2008,D,fg2m,-0.0305,0.0749,-0.0093,0.2605,-0.0398,0.2586,14283,100.0,defense,2PM,-0.0357,positive = good on both sides; total = offense + defense
window,2006-2008,D,fg2_miss,-0.1609,0.0658,-0.1921,0.2203,-0.353,0.2205,14283,100.0,defense,2P miss,-0.8719,positive = good on both sides; total = offense + defense
window,2006-2008,D,ftm,0.0278,0.0656,0.1995,0.2155,0.2273,0.2137,14283,100.0,defense,FTM,0.9262,positive = good on both sides; total = offense + defense
window,2006-2008,D,ft_miss,0.014,0.1519,0.664,0.4626,0.6781,0.4596,14283,100.0,defense,FT miss,1.4353,positive = good on both sides; total = offense + defense
window,2006-2008,D,orb,-0.0764,0.1048,0.1399,0.3582,0.0635,0.3541,14283,100.0,defense,ORB,0.3905,positive = good on both sides; total = offense + defense
window,2006-2008,D,drb,0.4411,0.0608,-0.0702,0.2128,0.371,0.2101,14283,100.0,defense,DRB,-0.3296,positive = good on both sides; total = offense + defense
window,2006-2008,D,ast,0.2002,0.0542,-0.0407,0.1922,0.1595,0.1905,14283,100.0,defense,AST,-0.2118,positive = good on both sides; total = offense + defense
window,2006-2008,D,tov,-0.5311,0.1551,-0.3542,0.5054,-0.8854,0.5047,14283,100.0,defense,TOV,-0.7009,positive = good on both sides; total = offense + defense
window,2006-2008,D,stl,1.1011,0.2061,-0.4448,0.7094,0.6562,0.7043,14283,100.0,defense,STL,-0.6271,positive = good on both sides; total = offense + defense
window,2006-2008,D,blk,0.9378,0.1203,-0.4413,0.421,0.4966,0.4156,14283,100.0,defense,BLK,-1.0482,positive = good on both sides; total = offense + defense
window,2006-2008,D,pf,0.0969,0.0747,0.0025,0.2793,0.0993,0.2771,14283,100.0,defense,PF,0.0089,positive = good on both sides; total = offense + defense
window,2006-2008,Total,fg3m,1.1309,0.2767,0.6661,0.9064,1.7971,0.9001,14283,100.0,total,3PM,0.7349,positive = good on both sides; total = offense + defense
window,2006-2008,Total,fg3_miss,-0.1494,0.1699,-0.632,0.5818,-0.7814,0.5776,14283,100.0,total,3P miss,-1.0864,positive = good on both sides; total = offense + defense
window,2006-2008,Total,fg2m,0.7007,0.1032,-0.3601,0.3636,0.3406,0.3601,14283,100.0,total,2PM,-0.9903,positive = good on both sides; total = offense + defense
window,2006-2008,Total,fg2_miss,-0.6548,0.0893,0.1702,0.3072,-0.4846,0.3064,14283,100.0,total,2P miss,0.5541,positive = good on both sides; total = offense + defense
window,2006-2008,Total,ftm,0.6977,0.0896,0.1215,0.2831,0.8193,0.2807,14283,100.0,total,FTM,0.4293,positive = good on both sides; total = offense + defense
window,2006-2008,Total,ft_miss,-0.4354,0.2082,1.2006,0.6579,0.7652,0.651,14283,100.0,total,FT miss,1.825,positive = good on both sides; total = offense + defense
window,2006-2008,Total,orb,0.4183,0.1447,0.042,0.5206,0.4603,0.5131,14283,100.0,total,ORB,0.0807,positive = good on both sides; total = offense + defense
window,2006-2008,Total,drb,0.5154,0.0851,-0.1691,0.3016,0.3463,0.2969,14283,100.0,total,DRB,-0.5607,positive = good on both sides; total = offense + defense
window,2006-2008,Total,ast,0.5602,0.075,0.2493,0.254,0.8095,0.2515,14283,100.0,total,AST,0.9814,positive = good on both sides; total = offense + defense
window,2006-2008,Total,tov,-1.0299,0.2113,-1.1777,0.6941,-2.2076,0.6896,14283,100.0,total,TOV,-1.6967,positive = good on both sides; total = offense + defense
window,2006-2008,Total,stl,1.9138,0.2837,-1.5062,0.9862,0.4077,0.9786,14283,100.0,total,STL,-1.5272,positive = good on both sides; total = offense + defense
window,2006-2008,Total,blk,0.8437,0.1662,-0.0406,0.5968,0.8032,0.588,14283,100.0,total,BLK,-0.068,positive = good on both sides; total = offense + defense
window,2006-2008,Total,pf,-0.155,0.1044,0.1205,0.4081,-0.0344,0.4037,14283,100.0,total,PF,0.2953,positive = good on both sides; total = offense + defense
window,2009-2011,O,fg3m,0.9401,0.1845,0.8386,0.7021,1.7787,0.6951,13460,100.0,offense,3PM,1.1944,positive = good on both sides; total = offense + defense
window,2009-2011,O,fg3_miss,0.1149,0.1134,-0.7064,0.4419,-0.5915,0.4372,13460,100.0,offense,3P miss,-1.5985,positive = good on both sides; total = offense + defense
window,2009-2011,O,fg2m,0.5675,0.0721,-0.2797,0.2795,0.2878,0.2762,13460,100.0,offense,2PM,-1.001,positive = good on both sides; total = offense + defense
window,2009-2011,O,fg2_miss,-0.4494,0.063,-0.2963,0.2494,-0.7457,0.2473,13460,100.0,offense,2P miss,-1.188,positive = good on both sides; total = offense + defense
window,2009-2011,O,ftm,0.5738,0.0621,0.1935,0.2381,0.7673,0.2359,13460,100.0,offense,FTM,0.8124,positive = good on both sides; total = offense + defense
window,2009-2011,O,ft_miss,-0.2471,0.157,-0.8753,0.4994,-1.1224,0.4928,13460,100.0,offense,FT miss,-1.7529,positive = good on both sides; total = offense + defense
window,2009-2011,O,orb,0.5698,0.0991,-0.0595,0.378,0.5103,0.3733,13460,100.0,offense,ORB,-0.1574,positive = good on both sides; total = offense + defense
window,2009-2011,O,drb,0.0528,0.0556,0.0744,0.216,0.1272,0.2119,13460,100.0,offense,DRB,0.3445,positive = good on both sides; total = offense + defense
window,2009-2011,O,ast,0.4609,0.0529,0.0083,0.2272,0.4691,0.2239,13460,100.0,offense,AST,0.0365,positive = good on both sides; total = offense + defense
window,2009-2011,O,tov,-0.621,0.1419,0.942,0.5769,0.3209,0.5723,13460,100.0,offense,TOV,1.6328,positive = good on both sides; total = offense + defense
window,2009-2011,O,stl,0.4709,0.1902,0.427,0.6577,0.8979,0.6491,13460,100.0,offense,STL,0.6491,positive = good on both sides; total = offense + defense
window,2009-2011,O,blk,-0.0689,0.1301,0.3879,0.5072,0.319,0.4975,13460,100.0,offense,BLK,0.7648,positive = good on both sides; total = offense + defense
window,2009-2011,O,pf,-0.2777,0.0707,-0.1199,0.2819,-0.3976,0.2779,13460,100.0,offense,PF,-0.4253,positive = good on both sides; total = offense + defense
window,2009-2011,D,fg3m,0.2456,0.1962,-0.6968,0.7023,-0.4513,0.6986,13460,100.0,defense,3PM,-0.9923,positive = good on both sides; total = offense + defense
window,2009-2011,D,fg3_miss,-0.2931,0.1205,0.0917,0.4418,-0.2014,0.4392,13460,100.0,defense,3P miss,0.2076,positive = good on both sides; total = offense + defense
window,2009-2011,D,fg2m,0.0776,0.0765,0.0553,0.2802,0.1328,0.2781,13460,100.0,defense,2PM,0.1973,positive = good on both sides; total = offense + defense
window,2009-2011,D,fg2_miss,-0.1937,0.0677,-0.3995,0.2503,-0.5932,0.2494,13460,100.0,defense,2P miss,-1.5963,positive = good on both sides; total = offense + defense
window,2009-2011,D,ftm,-0.006,0.0664,-0.2676,0.2385,-0.2737,0.2374,13460,100.0,defense,FTM,-1.1221,positive = good on both sides; total = offense + defense
window,2009-2011,D,ft_miss,0.2882,0.1681,0.0632,0.5005,0.3514,0.4977,13460,100.0,defense,FT miss,0.1262,positive = good on both sides; total = offense + defense
window,2009-2011,D,orb,-0.1756,0.1052,-0.124,0.3792,-0.2996,0.3763,13460,100.0,defense,ORB,-0.3269,positive = good on both sides; total = offense + defense
window,2009-2011,D,drb,0.4801,0.0584,-0.0927,0.2161,0.3875,0.2127,13460,100.0,defense,DRB,-0.4289,positive = good on both sides; total = offense + defense
window,2009-2011,D,ast,0.086,0.0557,-0.1535,0.2273,-0.0675,0.2246,13460,100.0,defense,AST,-0.6754,positive = good on both sides; total = offense + defense
window,2009-2011,D,tov,-0.5255,0.1533,1.3498,0.5775,0.8243,0.5757,13460,100.0,defense,TOV,2.3374,positive = good on both sides; total = offense + defense
window,2009-2011,D,stl,1.3733,0.2051,-0.0161,0.6603,1.3572,0.6558,13460,100.0,defense,STL,-0.0244,positive = good on both sides; total = offense + defense
window,2009-2011,D,blk,0.6694,0.1373,0.4063,0.51,1.0757,0.5018,13460,100.0,defense,BLK,0.7967,positive = good on both sides; total = offense + defense
window,2009-2011,D,pf,-0.0312,0.0747,-0.1116,0.2832,-0.1428,0.2803,13460,100.0,defense,PF,-0.3942,positive = good on both sides; total = offense + defense
window,2009-2011,Total,fg3m,1.1857,0.2685,0.1417,0.9816,1.3274,0.9727,13460,100.0,total,3PM,0.1444,positive = good on both sides; total = offense + defense
window,2009-2011,Total,fg3_miss,-0.1782,0.165,-0.6146,0.6289,-0.7929,0.6229,13460,100.0,total,3P miss,-0.9773,positive = good on both sides; total = offense + defense
window,2009-2011,Total,fg2m,0.6451,0.1056,-0.2245,0.3858,0.4206,0.3819,13460,100.0,total,2PM,-0.5818,positive = good on both sides; total = offense + defense
window,2009-2011,Total,fg2_miss,-0.6431,0.0927,-0.6958,0.35,-1.3389,0.3473,13460,100.0,total,2P miss,-1.9883,positive = good on both sides; total = offense + defense
window,2009-2011,Total,ftm,0.5678,0.0909,-0.0742,0.3382,0.4936,0.3358,13460,100.0,total,FTM,-0.2193,positive = good on both sides; total = offense + defense
window,2009-2011,Total,ft_miss,0.0411,0.2299,-0.8122,0.7041,-0.7711,0.6974,13460,100.0,total,FT miss,-1.1535,positive = good on both sides; total = offense + defense
window,2009-2011,Total,orb,0.3942,0.1455,-0.1835,0.5519,0.2107,0.5462,13460,100.0,total,ORB,-0.3325,positive = good on both sides; total = offense + defense
window,2009-2011,Total,drb,0.5329,0.0823,-0.0183,0.3106,0.5147,0.3055,13460,100.0,total,DRB,-0.0588,positive = good on both sides; total = offense + defense
window,2009-2011,Total,ast,0.5468,0.0774,-0.1452,0.3251,0.4016,0.321,13460,100.0,total,AST,-0.4467,positive = good on both sides; total = offense + defense
window,2009-2011,Total,tov,-1.1465,0.208,2.2918,0.8386,1.1452,0.834,13460,100.0,total,TOV,2.7329,positive = good on both sides; total = offense + defense
window,2009-2011,Total,stl,1.8442,0.2801,0.4108,0.9387,2.2551,0.9285,13460,100.0,total,STL,0.4377,positive = good on both sides; total = offense + defense
window,2009-2011,Total,blk,0.6005,0.1899,0.7942,0.702,1.3947,0.6895,13460,100.0,total,BLK,1.1313,positive = good on both sides; total = offense + defense
window,2009-2011,Total,pf,-0.3088,0.1047,-0.2315,0.4046,-0.5404,0.3995,13460,100.0,total,PF,-0.5723,positive = good on both sides; total = offense + defense
window,2012-2014,O,fg3m,0.9504,0.1632,1.1077,0.6237,2.058,0.6159,14592,100.0,offense,3PM,1.7758,positive = good on both sides; total = offense + defense
window,2012-2014,O,fg3_miss,0.0281,0.1026,-0.6336,0.4112,-0.6055,0.4056,14592,100.0,offense,3P miss,-1.5408,positive = good on both sides; total = offense + defense
window,2012-2014,O,fg2m,0.5705,0.0698,0.0148,0.2484,0.5852,0.2447,14592,100.0,offense,2PM,0.0594,positive = good on both sides; total = offense + defense
window,2012-2014,O,fg2_miss,-0.492,0.058,-0.0887,0.1915,-0.5807,0.1895,14592,100.0,offense,2P miss,-0.463,positive = good on both sides; total = offense + defense
window,2012-2014,O,ftm,0.619,0.0645,-0.1209,0.2175,0.4981,0.2148,14592,100.0,offense,FTM,-0.5556,positive = good on both sides; total = offense + defense
window,2012-2014,O,ft_miss,-0.5138,0.1542,-0.4487,0.5381,-0.9625,0.5324,14592,100.0,offense,FT miss,-0.8338,positive = good on both sides; total = offense + defense
window,2012-2014,O,orb,0.416,0.0911,0.1683,0.321,0.5843,0.3164,14592,100.0,offense,ORB,0.5243,positive = good on both sides; total = offense + defense
window,2012-2014,O,drb,-0.0234,0.0563,-0.268,0.1971,-0.2913,0.1923,14592,100.0,offense,DRB,-1.3593,positive = good on both sides; total = offense + defense
window,2012-2014,O,ast,0.4209,0.0515,0.2534,0.1836,0.6742,0.1802,14592,100.0,offense,AST,1.3802,positive = good on both sides; total = offense + defense
window,2012-2014,O,tov,-0.6801,0.1405,0.9738,0.4641,0.2937,0.4575,14592,100.0,offense,TOV,2.098,positive = good on both sides; total = offense + defense
window,2012-2014,O,stl,0.7908,0.1817,0.3424,0.5907,1.1333,0.5824,14592,100.0,offense,STL,0.5797,positive = good on both sides; total = offense + defense
window,2012-2014,O,blk,-0.0125,0.128,0.9045,0.416,0.892,0.4064,14592,100.0,offense,BLK,2.1743,positive = good on both sides; total = offense + defense
window,2012-2014,O,pf,-0.2981,0.0783,0.0688,0.3015,-0.2293,0.2976,14592,100.0,offense,PF,0.2283,positive = good on both sides; total = offense + defense
window,2012-2014,D,fg3m,-0.1913,0.1726,1.978,0.626,1.7867,0.6209,14592,100.0,defense,3PM,3.1598,positive = good on both sides; total = offense + defense
window,2012-2014,D,fg3_miss,-0.1722,0.1081,-1.3443,0.4135,-1.5164,0.4094,14592,100.0,defense,3P miss,-3.2508,positive = good on both sides; total = offense + defense
window,2012-2014,D,fg2m,-0.0189,0.0743,-0.1289,0.2491,-0.1478,0.2467,14592,100.0,defense,2PM,-0.5176,positive = good on both sides; total = offense + defense
window,2012-2014,D,fg2_miss,-0.2372,0.0625,0.3138,0.192,0.0766,0.1915,14592,100.0,defense,2P miss,1.6346,positive = good on both sides; total = offense + defense
window,2012-2014,D,ftm,0.1869,0.0695,-0.0327,0.2184,0.1541,0.2171,14592,100.0,defense,FTM,-0.15,positive = good on both sides; total = offense + defense
window,2012-2014,D,ft_miss,-0.3465,0.1664,-0.7998,0.5392,-1.1463,0.5372,14592,100.0,defense,FT miss,-1.4833,positive = good on both sides; total = offense + defense
window,2012-2014,D,orb,-0.2164,0.0969,0.0844,0.3222,-0.132,0.3195,14592,100.0,defense,ORB,0.262,positive = good on both sides; total = offense + defense
window,2012-2014,D,drb,0.3888,0.0589,0.2587,0.198,0.6476,0.1938,14592,100.0,defense,DRB,1.3065,positive = good on both sides; total = offense + defense
window,2012-2014,D,ast,0.1171,0.0541,0.0779,0.184,0.195,0.1815,14592,100.0,defense,AST,0.4235,positive = good on both sides; total = offense + defense
window,2012-2014,D,tov,-0.4702,0.1501,0.4161,0.4651,-0.0541,0.4618,14592,100.0,defense,TOV,0.8946,positive = good on both sides; total = offense + defense
window,2012-2014,D,stl,1.4269,0.195,1.0373,0.5914,2.4642,0.5873,14592,100.0,defense,STL,1.7539,positive = good on both sides; total = offense + defense
window,2012-2014,D,blk,0.8525,0.1353,-0.8344,0.4169,0.0181,0.4092,14592,100.0,defense,BLK,-2.0012,positive = good on both sides; total = offense + defense
window,2012-2014,D,pf,-0.0758,0.0829,0.1898,0.3007,0.114,0.2981,14592,100.0,defense,PF,0.6311,positive = good on both sides; total = offense + defense
window,2012-2014,Total,fg3m,0.7591,0.2384,3.0857,0.8621,3.8448,0.8533,14592,100.0,total,3PM,3.5792,positive = good on both sides; total = offense + defense
window,2012-2014,Total,fg3_miss,-0.1441,0.1494,-1.9779,0.5579,-2.122,0.5517,14592,100.0,total,3P miss,-3.5455,positive = good on both sides; total = offense + defense
window,2012-2014,Total,fg2m,0.5516,0.1027,-0.1141,0.348,0.4374,0.3432,14592,100.0,total,2PM,-0.328,positive = good on both sides; total = offense + defense
window,2012-2014,Total,fg2_miss,-0.7292,0.0853,0.2252,0.2737,-0.5041,0.2716,14592,100.0,total,2P miss,0.8225,positive = good on both sides; total = offense + defense
window,2012-2014,Total,ftm,0.8059,0.0952,-0.1536,0.3145,0.6523,0.3119,14592,100.0,total,FTM,-0.4884,positive = good on both sides; total = offense + defense
window,2012-2014,Total,ft_miss,-0.8603,0.2252,-1.2485,0.7348,-2.1088,0.7318,14592,100.0,total,FT miss,-1.6992,positive = good on both sides; total = offense + defense
window,2012-2014,Total,orb,0.1996,0.1339,0.2527,0.4661,0.4523,0.4605,14592,100.0,total,ORB,0.5422,positive = good on both sides; total = offense + defense
window,2012-2014,Total,drb,0.3655,0.083,-0.0092,0.2831,0.3562,0.276,14592,100.0,total,DRB,-0.0327,positive = good on both sides; total = offense + defense
window,2012-2014,Total,ast,0.5379,0.0753,0.3313,0.2636,0.8692,0.2591,14592,100.0,total,AST,1.2567,positive = good on both sides; total = offense + defense
window,2012-2014,Total,tov,-1.1503,0.2041,1.3899,0.6249,0.2395,0.6189,14592,100.0,total,TOV,2.2241,positive = good on both sides; total = offense + defense
window,2012-2014,Total,stl,2.2177,0.2667,1.3797,0.8776,3.5974,0.8673,14592,100.0,total,STL,1.5721,positive = good on both sides; total = offense + defense
window,2012-2014,Total,blk,0.84,0.1861,0.0701,0.5848,0.9101,0.5728,14592,100.0,total,BLK,0.1199,positive = good on both sides; total = offense + defense
window,2012-2014,Total,pf,-0.3739,0.1162,0.2586,0.4363,-0.1153,0.4308,14592,100.0,total,PF,0.5927,positive = good on both sides; total = offense + defense
window,2015-2017,O,fg3m,1.2198,0.1577,-0.28,0.5437,0.9398,0.5355,14137,100.0,offense,3PM,-0.515,positive = good on both sides; total = offense + defense
window,2015-2017,O,fg3_miss,-0.1289,0.0958,0.2101,0.3443,0.0812,0.3398,14137,100.0,offense,3P miss,0.6101,positive = good on both sides; total = offense + defense
window,2015-2017,O,fg2m,0.6722,0.0721,-0.1313,0.265,0.5408,0.2613,14137,100.0,offense,2PM,-0.4957,positive = good on both sides; total = offense + defense
window,2015-2017,O,fg2_miss,-0.5113,0.0626,0.2214,0.2392,-0.2899,0.237,14137,100.0,offense,2P miss,0.9256,positive = good on both sides; total = offense + defense
window,2015-2017,O,ftm,0.5931,0.0624,-0.3968,0.2359,0.1963,0.2329,14137,100.0,offense,FTM,-1.6819,positive = good on both sides; total = offense + defense
window,2015-2017,O,ft_miss,-0.2834,0.1458,0.8202,0.5045,0.5368,0.4992,14137,100.0,offense,FT miss,1.6259,positive = good on both sides; total = offense + defense
window,2015-2017,O,orb,0.4628,0.0953,-0.4748,0.3651,-0.012,0.3602,14137,100.0,offense,ORB,-1.3002,positive = good on both sides; total = offense + defense
window,2015-2017,O,drb,-0.0323,0.0538,0.356,0.214,0.3236,0.2099,14137,100.0,offense,DRB,1.6637,positive = good on both sides; total = offense + defense
window,2015-2017,O,ast,0.3447,0.0522,0.2695,0.193,0.6142,0.1896,14137,100.0,offense,AST,1.3961,positive = good on both sides; total = offense + defense
window,2015-2017,O,tov,-0.5905,0.1315,0.334,0.4901,-0.2565,0.4864,14137,100.0,offense,TOV,0.6816,positive = good on both sides; total = offense + defense
window,2015-2017,O,stl,0.8177,0.179,-0.7893,0.6089,0.0285,0.6004,14137,100.0,offense,STL,-1.2962,positive = good on both sides; total = offense + defense
window,2015-2017,O,blk,-0.1534,0.1336,0.1132,0.4871,-0.0402,0.4795,14137,100.0,offense,BLK,0.2325,positive = good on both sides; total = offense + defense
window,2015-2017,O,pf,-0.4082,0.084,-0.425,0.3231,-0.8333,0.3187,14137,100.0,offense,PF,-1.3154,positive = good on both sides; total = offense + defense
window,2015-2017,D,fg3m,0.2541,0.1673,-0.5068,0.5441,-0.2527,0.5391,14137,100.0,defense,3PM,-0.9315,positive = good on both sides; total = offense + defense
window,2015-2017,D,fg3_miss,-0.2591,0.1016,-0.196,0.3459,-0.4551,0.3432,14137,100.0,defense,3P miss,-0.5666,positive = good on both sides; total = offense + defense
window,2015-2017,D,fg2m,0.0777,0.0767,0.1963,0.2658,0.2741,0.2634,14137,100.0,defense,2PM,0.7387,positive = good on both sides; total = offense + defense
window,2015-2017,D,fg2_miss,-0.3065,0.0673,-0.2685,0.2393,-0.575,0.2383,14137,100.0,defense,2P miss,-1.122,positive = good on both sides; total = offense + defense
window,2015-2017,D,ftm,0.089,0.0667,-0.0733,0.2367,0.0157,0.2347,14137,100.0,defense,FTM,-0.3097,positive = good on both sides; total = offense + defense
window,2015-2017,D,ft_miss,-0.315,0.1571,0.6172,0.5064,0.3021,0.5045,14137,100.0,defense,FT miss,1.2187,positive = good on both sides; total = offense + defense
window,2015-2017,D,orb,-0.0184,0.1017,0.4767,0.3667,0.4584,0.3633,14137,100.0,defense,ORB,1.3001,positive = good on both sides; total = offense + defense
window,2015-2017,D,drb,0.4153,0.0564,-0.2796,0.2146,0.1357,0.2111,14137,100.0,defense,DRB,-1.3028,positive = good on both sides; total = offense + defense
window,2015-2017,D,ast,0.1678,0.0552,0.2872,0.1936,0.4549,0.1911,14137,100.0,defense,AST,1.4831,positive = good on both sides; total = offense + defense
window,2015-2017,D,tov,-0.4949,0.1426,0.3522,0.4927,-0.1427,0.4923,14137,100.0,defense,TOV,0.7148,positive = good on both sides; total = offense + defense
window,2015-2017,D,stl,1.7123,0.1919,0.0659,0.6117,1.7782,0.6071,14137,100.0,defense,STL,0.1077,positive = good on both sides; total = offense + defense
window,2015-2017,D,blk,0.9074,0.1423,-0.6823,0.4886,0.2251,0.4835,14137,100.0,defense,BLK,-1.3965,positive = good on both sides; total = offense + defense
window,2015-2017,D,pf,0.0654,0.0893,-0.5015,0.324,-0.4362,0.3209,14137,100.0,defense,PF,-1.5482,positive = good on both sides; total = offense + defense
window,2015-2017,Total,fg3m,1.4739,0.2295,-0.7868,0.7785,0.6871,0.7695,14137,100.0,total,3PM,-1.0106,positive = good on both sides; total = offense + defense
window,2015-2017,Total,fg3_miss,-0.388,0.139,0.0141,0.4895,-0.3739,0.4853,14137,100.0,total,3P miss,0.0288,positive = good on both sides; total = offense + defense
window,2015-2017,Total,fg2m,0.7499,0.1058,0.065,0.3744,0.8149,0.3698,14137,100.0,total,2PM,0.1736,positive = good on both sides; total = offense + defense
window,2015-2017,Total,fg2_miss,-0.8178,0.0924,-0.0471,0.3495,-0.8649,0.3462,14137,100.0,total,2P miss,-0.1349,positive = good on both sides; total = offense + defense
window,2015-2017,Total,ftm,0.6821,0.0919,-0.4701,0.3281,0.212,0.3244,14137,100.0,total,FTM,-1.4328,positive = good on both sides; total = offense + defense
window,2015-2017,Total,ft_miss,-0.5984,0.2145,1.4374,0.7563,0.839,0.7502,14137,100.0,total,FT miss,1.9005,positive = good on both sides; total = offense + defense
window,2015-2017,Total,orb,0.4444,0.1398,0.002,0.5247,0.4464,0.5185,14137,100.0,total,ORB,0.0037,positive = good on both sides; total = offense + defense
window,2015-2017,Total,drb,0.383,0.079,0.0763,0.3237,0.4593,0.3179,14137,100.0,total,DRB,0.2358,positive = good on both sides; total = offense + defense
window,2015-2017,Total,ast,0.5125,0.0759,0.5567,0.2663,1.0692,0.2623,14137,100.0,total,AST,2.0907,positive = good on both sides; total = offense + defense
window,2015-2017,Total,tov,-1.0854,0.1931,0.6862,0.6424,-0.3992,0.6403,14137,100.0,total,TOV,1.0683,positive = good on both sides; total = offense + defense
window,2015-2017,Total,stl,2.53,0.2633,-0.7234,0.8219,1.8067,0.8135,14137,100.0,total,STL,-0.8801,positive = good on both sides; total = offense + defense
window,2015-2017,Total,blk,0.754,0.1954,-0.5691,0.7078,0.1848,0.6992,14137,100.0,total,BLK,-0.8041,positive = good on both sides; total = offense + defense
window,2015-2017,Total,pf,-0.3429,0.1237,-0.9266,0.4563,-1.2695,0.4509,14137,100.0,total,PF,-2.0306,positive = good on both sides; total = offense + defense
window,2018-2020,O,fg3m,0.7169,0.1445,0.9105,0.5233,1.6274,0.5139,14514,100.0,offense,3PM,1.7399,positive = good on both sides; total = offense + defense
window,2018-2020,O,fg3_miss,0.1359,0.0886,-1.0718,0.3087,-0.9359,0.3044,14514,100.0,offense,3P miss,-3.472,positive = good on both sides; total = offense + defense
window,2018-2020,O,fg2m,0.493,0.071,-0.1892,0.2563,0.3038,0.2517,14514,100.0,offense,2PM,-0.7381,positive = good on both sides; total = offense + defense
window,2018-2020,O,fg2_miss,-0.3985,0.0669,-0.4816,0.2464,-0.8801,0.2437,14514,100.0,offense,2P miss,-1.9546,positive = good on both sides; total = offense + defense
window,2018-2020,O,ftm,0.59,0.0669,0.2011,0.2305,0.7911,0.2267,14514,100.0,offense,FTM,0.8724,positive = good on both sides; total = offense + defense
window,2018-2020,O,ft_miss,-0.4633,0.1801,-1.206,0.6841,-1.6693,0.6759,14514,100.0,offense,FT miss,-1.7628,positive = good on both sides; total = offense + defense
window,2018-2020,O,orb,0.6163,0.1038,0.4264,0.3742,1.0427,0.3683,14514,100.0,offense,ORB,1.1395,positive = good on both sides; total = offense + defense
window,2018-2020,O,drb,-0.0438,0.052,-0.0798,0.192,-0.1235,0.1881,14514,100.0,offense,DRB,-0.4153,positive = good on both sides; total = offense + defense
window,2018-2020,O,ast,0.3414,0.0533,-0.1294,0.1903,0.212,0.1873,14514,100.0,offense,AST,-0.6802,positive = good on both sides; total = offense + defense
window,2018-2020,O,tov,-0.5164,0.1409,1.7047,0.5686,1.1883,0.5641,14514,100.0,offense,TOV,2.9983,positive = good on both sides; total = offense + defense
window,2018-2020,O,stl,0.0965,0.1901,0.0008,0.6868,0.0974,0.6797,14514,100.0,offense,STL,0.0012,positive = good on both sides; total = offense + defense
window,2018-2020,O,blk,-0.0288,0.1478,-0.182,0.5401,-0.2108,0.5303,14514,100.0,offense,BLK,-0.3369,positive = good on both sides; total = offense + defense
window,2018-2020,O,pf,-0.3707,0.093,-0.2527,0.3594,-0.6233,0.3534,14514,100.0,offense,PF,-0.7029,positive = good on both sides; total = offense + defense
window,2018-2020,D,fg3m,0.1389,0.1527,-0.011,0.5253,0.1279,0.5181,14514,100.0,defense,3PM,-0.0209,positive = good on both sides; total = offense + defense
window,2018-2020,D,fg3_miss,-0.2512,0.0938,-0.1898,0.31,-0.4409,0.3075,14514,100.0,defense,3P miss,-0.6121,positive = good on both sides; total = offense + defense
window,2018-2020,D,fg2m,-0.0996,0.075,0.0235,0.2581,-0.0761,0.2548,14514,100.0,defense,2PM,0.0911,positive = good on both sides; total = offense + defense
window,2018-2020,D,fg2_miss,-0.1617,0.0718,-0.4446,0.247,-0.6063,0.2458,14514,100.0,defense,2P miss,-1.8001,positive = good on both sides; total = offense + defense
window,2018-2020,D,ftm,0.1359,0.0717,0.4963,0.2313,0.6322,0.2287,14514,100.0,defense,FTM,2.1461,positive = good on both sides; total = offense + defense
window,2018-2020,D,ft_miss,0.3256,0.194,-1.9984,0.6869,-1.6727,0.6821,14514,100.0,defense,FT miss,-2.9094,positive = good on both sides; total = offense + defense
window,2018-2020,D,orb,-0.1316,0.1101,0.1924,0.3756,0.0608,0.3716,14514,100.0,defense,ORB,0.5121,positive = good on both sides; total = offense + defense
window,2018-2020,D,drb,0.3745,0.0544,-0.1266,0.1926,0.2479,0.1893,14514,100.0,defense,DRB,-0.6574,positive = good on both sides; total = offense + defense
window,2018-2020,D,ast,0.1278,0.0561,-0.0796,0.1906,0.0482,0.1884,14514,100.0,defense,AST,-0.4176,positive = good on both sides; total = offense + defense
window,2018-2020,D,tov,-0.4406,0.1512,0.7048,0.5709,0.2643,0.5687,14514,100.0,defense,TOV,1.2347,positive = good on both sides; total = offense + defense
window,2018-2020,D,stl,1.3961,0.2035,1.4179,0.6877,2.814,0.6849,14514,100.0,defense,STL,2.0617,positive = good on both sides; total = offense + defense
window,2018-2020,D,blk,1.0285,0.1563,0.2296,0.5415,1.2581,0.5339,14514,100.0,defense,BLK,0.424,positive = good on both sides; total = offense + defense
window,2018-2020,D,pf,-0.1154,0.0983,-0.1253,0.3622,-0.2407,0.3573,14514,100.0,defense,PF,-0.346,positive = good on both sides; total = offense + defense
window,2018-2020,Total,fg3m,0.8558,0.2114,0.8995,0.7543,1.7553,0.7423,14514,100.0,total,3PM,1.1924,positive = good on both sides; total = offense + defense
window,2018-2020,Total,fg3_miss,-0.1153,0.1296,-1.2616,0.4384,-1.3769,0.4333,14514,100.0,total,3P miss,-2.8779,positive = good on both sides; total = offense + defense
window,2018-2020,Total,fg2m,0.3934,0.1035,-0.1656,0.3597,0.2278,0.3538,14514,100.0,total,2PM,-0.4605,positive = good on both sides; total = offense + defense
window,2018-2020,Total,fg2_miss,-0.5603,0.0979,-0.9262,0.3465,-1.4865,0.3438,14514,100.0,total,2P miss,-2.6729,positive = good on both sides; total = offense + defense
window,2018-2020,Total,ftm,0.7259,0.0983,0.6974,0.3287,1.4233,0.3243,14514,100.0,total,FTM,2.122,positive = good on both sides; total = offense + defense
window,2018-2020,Total,ft_miss,-0.1376,0.2646,-3.2044,0.9173,-3.342,0.9098,14514,100.0,total,FT miss,-3.4932,positive = good on both sides; total = offense + defense
window,2018-2020,Total,orb,0.4847,0.1511,0.6188,0.5417,1.1035,0.5341,14514,100.0,total,ORB,1.1422,positive = good on both sides; total = offense + defense
window,2018-2020,Total,drb,0.3307,0.0759,-0.2063,0.2728,0.1244,0.2676,14514,100.0,total,DRB,-0.7563,positive = good on both sides; total = offense + defense
window,2018-2020,Total,ast,0.4692,0.0772,-0.209,0.2898,0.2602,0.2852,14514,100.0,total,AST,-0.7214,positive = good on both sides; total = offense + defense
window,2018-2020,Total,tov,-0.957,0.2065,2.4095,0.8356,1.4526,0.828,14514,100.0,total,TOV,2.8837,positive = good on both sides; total = offense + defense
window,2018-2020,Total,stl,1.4926,0.2788,1.4187,1.0044,2.9114,0.9966,14514,100.0,total,STL,1.4125,positive = good on both sides; total = offense + defense
window,2018-2020,Total,blk,0.9997,0.2152,0.0476,0.7847,1.0473,0.7719,14514,100.0,total,BLK,0.0607,positive = good on both sides; total = offense + defense
window,2018-2020,Total,pf,-0.486,0.137,-0.378,0.5386,-0.864,0.5298,14514,100.0,total,PF,-0.7018,positive = good on both sides; total = offense + defense
window,2021-2023,O,fg3m,1.1376,0.123,-0.0787,0.4425,1.0589,0.4363,14354,100.0,offense,3PM,-0.1779,positive = good on both sides; total = offense + defense
window,2021-2023,O,fg3_miss,-0.2597,0.0795,0.1237,0.2856,-0.1359,0.2821,14354,100.0,offense,3P miss,0.4332,positive = good on both sides; total = offense + defense
window,2021-2023,O,fg2m,0.5437,0.0683,-0.2155,0.242,0.3282,0.2383,14354,100.0,offense,2PM,-0.8902,positive = good on both sides; total = offense + defense
window,2021-2023,O,fg2_miss,-0.4826,0.0681,0.1803,0.2498,-0.3022,0.2472,14354,100.0,offense,2P miss,0.7218,positive = good on both sides; total = offense + defense
window,2021-2023,O,ftm,0.7004,0.0648,-0.1616,0.2146,0.5388,0.211,14354,100.0,offense,FTM,-0.7529,positive = good on both sides; total = offense + defense
window,2021-2023,O,ft_miss,-0.7841,0.1826,-0.9207,0.6555,-1.7048,0.6464,14354,100.0,offense,FT miss,-1.4045,positive = good on both sides; total = offense + defense
window,2021-2023,O,orb,0.7168,0.0962,0.3292,0.3636,1.046,0.3584,14354,100.0,offense,ORB,0.9053,positive = good on both sides; total = offense + defense
window,2021-2023,O,drb,0.0209,0.0527,0.3846,0.2029,0.4055,0.1994,14354,100.0,offense,DRB,1.8954,positive = good on both sides; total = offense + defense
window,2021-2023,O,ast,0.3587,0.0517,0.2383,0.1952,0.597,0.1914,14354,100.0,offense,AST,1.2206,positive = good on both sides; total = offense + defense
window,2021-2023,O,tov,-0.61,0.1324,-0.3366,0.4887,-0.9466,0.481,14354,100.0,offense,TOV,-0.6886,positive = good on both sides; total = offense + defense
window,2021-2023,O,stl,0.5071,0.2201,0.3246,0.7498,0.8317,0.7392,14354,100.0,offense,STL,0.4328,positive = good on both sides; total = offense + defense
window,2021-2023,O,blk,-0.0385,0.1539,-0.1037,0.5482,-0.1423,0.5404,14354,100.0,offense,BLK,-0.1892,positive = good on both sides; total = offense + defense
window,2021-2023,O,pf,-0.2373,0.0958,-0.1385,0.3716,-0.3758,0.3658,14354,100.0,offense,PF,-0.3727,positive = good on both sides; total = offense + defense
window,2021-2023,D,fg3m,0.1203,0.1297,0.3011,0.4442,0.4214,0.4403,14354,100.0,defense,3PM,0.6778,positive = good on both sides; total = offense + defense
window,2021-2023,D,fg3_miss,-0.1168,0.0836,-0.118,0.2874,-0.2348,0.2853,14354,100.0,defense,3P miss,-0.4106,positive = good on both sides; total = offense + defense
window,2021-2023,D,fg2m,0.1649,0.0723,0.2892,0.2426,0.4541,0.2402,14354,100.0,defense,2PM,1.1922,positive = good on both sides; total = offense + defense
window,2021-2023,D,fg2_miss,-0.2782,0.0729,-0.4121,0.2507,-0.6904,0.2494,14354,100.0,defense,2P miss,-1.644,positive = good on both sides; total = offense + defense
window,2021-2023,D,ftm,0.1222,0.0689,-0.0603,0.2153,0.0619,0.2129,14354,100.0,defense,FTM,-0.2801,positive = good on both sides; total = offense + defense
window,2021-2023,D,ft_miss,-0.3111,0.1955,1.7376,0.6571,1.4266,0.6516,14354,100.0,defense,FT miss,2.6445,positive = good on both sides; total = offense + defense
window,2021-2023,D,orb,-0.0381,0.1021,-0.4443,0.3652,-0.4824,0.3615,14354,100.0,defense,ORB,-1.2167,positive = good on both sides; total = offense + defense
window,2021-2023,D,drb,0.2954,0.0551,-0.1783,0.2029,0.1171,0.1999,14354,100.0,defense,DRB,-0.8788,positive = good on both sides; total = offense + defense
window,2021-2023,D,ast,0.2031,0.0542,-0.221,0.1955,-0.0178,0.1923,14354,100.0,defense,AST,-1.1301,positive = good on both sides; total = offense + defense
window,2021-2023,D,tov,-0.4046,0.1415,0.0102,0.4911,-0.3944,0.4854,14354,100.0,defense,TOV,0.0207,positive = good on both sides; total = offense + defense
window,2021-2023,D,stl,1.2749,0.2338,1.0732,0.751,2.3482,0.7449,14354,100.0,defense,STL,1.4291,positive = good on both sides; total = offense + defense
window,2021-2023,D,blk,1.007,0.1627,-0.2573,0.551,0.7498,0.5465,14354,100.0,defense,BLK,-0.4669,positive = good on both sides; total = offense + defense
window,2021-2023,D,pf,-0.043,0.1012,0.792,0.3724,0.7489,0.3682,14354,100.0,defense,PF,2.1265,positive = good on both sides; total = offense + defense
window,2021-2023,Total,fg3m,1.2579,0.1802,0.2223,0.6205,1.4803,0.6126,14354,100.0,total,3PM,0.3583,positive = good on both sides; total = offense + defense
window,2021-2023,Total,fg3_miss,-0.3765,0.1158,0.0057,0.4193,-0.3707,0.4142,14354,100.0,total,3P miss,0.0137,positive = good on both sides; total = offense + defense
window,2021-2023,Total,fg2m,0.7086,0.0994,0.0737,0.3454,0.7823,0.3406,14354,100.0,total,2PM,0.2135,positive = good on both sides; total = offense + defense
window,2021-2023,Total,fg2_miss,-0.7608,0.0991,-0.2318,0.3615,-0.9926,0.358,14354,100.0,total,2P miss,-0.6412,positive = good on both sides; total = offense + defense
window,2021-2023,Total,ftm,0.8226,0.0944,-0.2219,0.3117,0.6007,0.3075,14354,100.0,total,FTM,-0.7118,positive = good on both sides; total = offense + defense
window,2021-2023,Total,ft_miss,-1.0952,0.2687,0.817,0.8814,-0.2782,0.8716,14354,100.0,total,FT miss,0.9269,positive = good on both sides; total = offense + defense
window,2021-2023,Total,orb,0.6787,0.1404,-0.1151,0.5223,0.5636,0.5157,14354,100.0,total,ORB,-0.2204,positive = good on both sides; total = offense + defense
window,2021-2023,Total,drb,0.3163,0.0767,0.2063,0.3071,0.5226,0.3016,14354,100.0,total,DRB,0.6717,positive = good on both sides; total = offense + defense
window,2021-2023,Total,ast,0.5618,0.0755,0.0173,0.2727,0.5791,0.2674,14354,100.0,total,AST,0.0634,positive = good on both sides; total = offense + defense
window,2021-2023,Total,tov,-1.0146,0.1966,-0.3264,0.6877,-1.341,0.6771,14354,100.0,total,TOV,-0.4746,positive = good on both sides; total = offense + defense
window,2021-2023,Total,stl,1.782,0.3205,1.3978,1.0501,3.1798,1.0369,14354,100.0,total,STL,1.3311,positive = good on both sides; total = offense + defense
window,2021-2023,Total,blk,0.9685,0.2239,-0.361,0.7686,0.6075,0.76,14354,100.0,total,BLK,-0.4697,positive = good on both sides; total = offense + defense
window,2021-2023,Total,pf,-0.2803,0.14,0.6535,0.5136,0.3731,0.5065,14354,100.0,total,PF,1.2724,positive = good on both sides; total = offense + defense
window,2024-2026,O,fg3m,0.9783,0.1256,-0.334,0.5371,0.6443,0.5307,14862,100.0,offense,3PM,-0.6218,positive = good on both sides; total = offense + defense
window,2024-2026,O,fg3_miss,-0.1269,0.0808,0.3733,0.3398,0.2463,0.3362,14862,100.0,offense,3P miss,1.0985,positive = good on both sides; total = offense + defense
window,2024-2026,O,fg2m,0.708,0.0699,0.1927,0.268,0.9006,0.2645,14862,100.0,offense,2PM,0.719,positive = good on both sides; total = offense + defense
window,2024-2026,O,fg2_miss,-0.6861,0.0761,-0.0965,0.289,-0.7826,0.2861,14862,100.0,offense,2P miss,-0.334,positive = good on both sides; total = offense + defense
window,2024-2026,O,ftm,0.6541,0.0699,-0.3944,0.2541,0.2596,0.2504,14862,100.0,offense,FTM,-1.5523,positive = good on both sides; total = offense + defense
window,2024-2026,O,ft_miss,-0.5388,0.2093,-0.1508,0.7693,-0.6896,0.7595,14862,100.0,offense,FT miss,-0.1961,positive = good on both sides; total = offense + defense
window,2024-2026,O,orb,0.5845,0.0863,-0.4687,0.3143,0.1158,0.3098,14862,100.0,offense,ORB,-1.4915,positive = good on both sides; total = offense + defense
window,2024-2026,O,drb,0.0731,0.0545,0.1446,0.1998,0.2177,0.1953,14862,100.0,offense,DRB,0.7239,positive = good on both sides; total = offense + defense
window,2024-2026,O,ast,0.3723,0.049,-0.097,0.1899,0.2753,0.1869,14862,100.0,offense,AST,-0.5108,positive = good on both sides; total = offense + defense
window,2024-2026,O,tov,-0.8197,0.1333,-0.0653,0.5174,-0.885,0.5127,14862,100.0,offense,TOV,-0.1262,positive = good on both sides; total = offense + defense
window,2024-2026,O,stl,0.5232,0.1951,-0.0329,0.6765,0.4904,0.6704,14862,100.0,offense,STL,-0.0486,positive = good on both sides; total = offense + defense
window,2024-2026,O,blk,-0.3531,0.1423,0.2739,0.5106,-0.0792,0.5027,14862,100.0,offense,BLK,0.5364,positive = good on both sides; total = offense + defense
window,2024-2026,O,pf,-0.1622,0.0991,0.1871,0.3858,0.0249,0.3816,14862,100.0,offense,PF,0.4849,positive = good on both sides; total = offense + defense
window,2024-2026,D,fg3m,0.3076,0.1324,-0.6064,0.5391,-0.2988,0.5345,14862,100.0,defense,3PM,-1.1247,positive = good on both sides; total = offense + defense
window,2024-2026,D,fg3_miss,-0.1595,0.0852,-0.0508,0.3402,-0.2104,0.3379,14862,100.0,defense,3P miss,-0.1494,positive = good on both sides; total = offense + defense
window,2024-2026,D,fg2m,0.0164,0.0739,0.1805,0.2687,0.1969,0.2666,14862,100.0,defense,2PM,0.6717,positive = good on both sides; total = offense + defense
window,2024-2026,D,fg2_miss,-0.1984,0.0814,-0.1231,0.2902,-0.3215,0.2889,14862,100.0,defense,2P miss,-0.4243,positive = good on both sides; total = offense + defense
window,2024-2026,D,ftm,0.199,0.0741,0.006,0.2549,0.2051,0.2524,14862,100.0,defense,FTM,0.0236,positive = good on both sides; total = offense + defense
window,2024-2026,D,ft_miss,0.1663,0.2234,-0.8832,0.7722,-0.7169,0.7666,14862,100.0,defense,FT miss,-1.1438,positive = good on both sides; total = offense + defense
window,2024-2026,D,orb,0.2347,0.0922,-0.3243,0.3155,-0.0896,0.3128,14862,100.0,defense,ORB,-1.0278,positive = good on both sides; total = offense + defense
window,2024-2026,D,drb,0.3679,0.0569,0.015,0.1999,0.3829,0.1961,14862,100.0,defense,DRB,0.0752,positive = good on both sides; total = offense + defense
window,2024-2026,D,ast,0.1409,0.0514,-0.1958,0.1897,-0.0548,0.1874,14862,100.0,defense,AST,-1.0321,positive = good on both sides; total = offense + defense
window,2024-2026,D,tov,-0.8039,0.1432,0.3914,0.5188,-0.4124,0.5169,14862,100.0,defense,TOV,0.7544,positive = good on both sides; total = offense + defense
window,2024-2026,D,stl,1.9522,0.2084,-0.6019,0.6786,1.3503,0.6764,14862,100.0,defense,STL,-0.887,positive = good on both sides; total = offense + defense
window,2024-2026,D,blk,1.2205,0.1503,-0.749,0.514,0.4715,0.5087,14862,100.0,defense,BLK,-1.4571,positive = good on both sides; total = offense + defense
window,2024-2026,D,pf,0.0022,0.1049,0.4022,0.3867,0.4045,0.384,14862,100.0,defense,PF,1.0402,positive = good on both sides; total = offense + defense
window,2024-2026,Total,fg3m,1.2859,0.1844,-0.9404,0.7694,0.3455,0.7615,14862,100.0,total,3PM,-1.2222,positive = good on both sides; total = offense + defense
window,2024-2026,Total,fg3_miss,-0.2865,0.1179,0.3224,0.5027,0.036,0.4979,14862,100.0,total,3P miss,0.6414,positive = good on both sides; total = offense + defense
window,2024-2026,Total,fg2m,0.7244,0.1021,0.3731,0.372,1.0975,0.3676,14862,100.0,total,2PM,1.003,positive = good on both sides; total = offense + defense
window,2024-2026,Total,fg2_miss,-0.8845,0.1116,-0.2197,0.413,-1.1041,0.4091,14862,100.0,total,2P miss,-0.5319,positive = good on both sides; total = offense + defense
window,2024-2026,Total,ftm,0.8531,0.1019,-0.3884,0.3602,0.4647,0.3556,14862,100.0,total,FTM,-1.0783,positive = good on both sides; total = offense + defense
window,2024-2026,Total,ft_miss,-0.3724,0.3063,-1.0341,1.0772,-1.4065,1.0667,14862,100.0,total,FT miss,-0.96,positive = good on both sides; total = offense + defense
window,2024-2026,Total,orb,0.8192,0.1268,-0.793,0.4631,0.0262,0.4577,14862,100.0,total,ORB,-1.7122,positive = good on both sides; total = offense + defense
window,2024-2026,Total,drb,0.441,0.0791,0.1597,0.2819,0.6007,0.2764,14862,100.0,total,DRB,0.5665,positive = good on both sides; total = offense + defense
window,2024-2026,Total,ast,0.5132,0.0712,-0.2928,0.2635,0.2205,0.26,14862,100.0,total,AST,-1.1111,positive = good on both sides; total = offense + defense
window,2024-2026,Total,tov,-1.6236,0.1951,0.3262,0.7319,-1.2974,0.7273,14862,100.0,total,TOV,0.4456,positive = good on both sides; total = offense + defense
window,2024-2026,Total,stl,2.4754,0.286,-0.6348,0.9947,1.8406,0.9832,14862,100.0,total,STL,-0.6382,positive = good on both sides; total = offense + defense
window,2024-2026,Total,blk,0.8674,0.2078,-0.4751,0.7155,0.3923,0.7059,14862,100.0,total,BLK,-0.664,positive = good on both sides; total = offense + defense
window,2024-2026,Total,pf,-0.16,0.1451,0.5893,0.5831,0.4293,0.5772,14862,100.0,total,PF,1.0106,positive = good on both sides; total = offense + defense
