player_id,window,poss_off,poss_def,prior_off,prior_def,boost_off,boost_def,u_off,u_def,prior_total,boost_total,u_total,rating_off,rating_def,rating_total,player_name
2,1997-1999,2779.0,2784.0,1.0493,-1.3572,-0.7015,0.3769,0.1436,0.4875,-0.3078,-0.3246,0.631,0.4914,-0.4928,-0.0014,Byron Scott
3,1997-1999,5857.0,5848.0,-1.1234,1.1862,0.0576,0.3748,-0.1936,1.8376,0.0628,0.4324,1.644,-1.2594,3.3986,2.1392,Grant Long
7,1997-1999,3510.0,3494.0,-3.8659,0.2443,-0.3235,0.3136,0.4738,0.7257,-3.6216,-0.0098,1.1996,-3.7155,1.2837,-2.4319,Dan Schayes
9,1997-1999,654.0,650.0,-2.4393,-1.1158,0.3735,0.7369,-0.0964,-0.2804,-3.555,1.1105,-0.3768,-2.1621,-0.6593,-2.8214,Sedale Threatt
12,1997-1999,78.0,82.0,-7.4909,-0.6401,1.4237,-0.5243,-0.0479,-0.0227,-8.1311,0.8994,-0.0706,-6.1151,-1.1871,-7.3022,Chris King
15,1997-1999,7221.0,7195.0,0.7653,-1.7964,-0.2011,-0.0895,0.223,0.528,-1.0311,-0.2906,0.751,0.7872,-1.3579,-0.5707,Eric Piatkowski
17,1997-1999,9146.0,9126.0,3.9658,0.1715,0.0136,0.4105,-0.2792,0.6584,4.1373,0.4241,0.3793,3.7002,1.2404,4.9406,Clyde Drexler
21,1997-1999,6928.0,6945.0,2.9778,0.8508,-1.5085,0.173,-0.2163,0.3903,3.8285,-1.3354,0.174,1.253,1.4141,2.6671,Greg Anthony
22,1997-1999,8958.0,8882.0,-0.5864,1.2853,0.0704,-0.2252,0.4875,0.1215,0.6989,-0.1548,0.609,-0.0285,1.1816,1.1531,Rik Smits
23,1997-1999,10102.0,10104.0,-1.0115,1.5522,1.638,-0.383,0.0817,-0.7603,0.5407,1.2551,-0.6786,0.7082,0.4089,1.1172,Dennis Rodman
26,1997-1999,7636.0,7616.0,-2.3344,0.1491,0.1094,0.5984,-0.1628,0.6353,-2.1853,0.7078,0.4726,-2.3877,1.3828,-1.005,Luc Longley
28,1997-1999,5513.0,5497.0,-3.1516,-0.014,-0.1621,0.0486,-0.18,-0.0392,-3.1656,-0.1135,-0.2192,-3.4937,-0.0045,-3.4983,Doug West
29,1997-1999,5587.0,5598.0,-4.966,4.6599,0.2227,-1.2127,0.2016,-0.3111,-0.3061,-0.99,-0.1095,-4.5417,3.1361,-1.4056,Jim McIlvaine
31,1997-1999,749.0,749.0,-3.817,1.2382,0.0539,-0.0148,0.0046,-1.0032,-2.5789,0.0392,-0.9986,-3.7585,0.2202,-3.5383,Lorenzo Williams
32,1997-1999,1444.0,1444.0,-2.4017,2.2185,0.7008,0.0706,-0.0561,-0.7294,-0.1832,0.7714,-0.7856,-1.757,1.5597,-0.1973,Clifford Rozier
35,1997-1999,1676.0,1685.0,-4.3576,3.5322,0.3385,-0.3467,0.1538,-0.1875,-0.8254,-0.0082,-0.0337,-3.8653,2.998,-0.8673,Eric Riley
36,1997-1999,490.0,483.0,-3.211,-4.0941,0.3128,-0.0171,-0.1469,0.3962,-7.3051,0.2957,0.2492,-3.0452,-3.715,-6.7602,Sarunas Marciulionis
37,1997-1999,508.0,514.0,-0.9045,-2.0305,0.0104,-0.552,0.1097,0.1454,-2.935,-0.5416,0.2551,-0.7844,-2.4371,-3.2215,Greg Graham
38,1997-1999,271.0,276.0,-3.348,-1.5846,-0.0175,-0.0975,-0.0641,-0.6015,-4.9326,-0.1151,-0.6656,-3.4296,-2.2837,-5.7133,Brad Lohaus
42,1997-1999,4988.0,5000.0,-1.9764,-0.6916,-0.3684,0.588,-0.5062,-0.1188,-2.668,0.2195,-0.6249,-2.851,-0.2224,-3.0734,Monty Williams
43,1997-1999,5160.0,5144.0,2.6124,-0.5982,-0.8823,0.1978,-0.1843,0.1973,2.0142,-0.6845,0.0129,1.5458,-0.2031,1.3427,Chris Whitney
45,1997-1999,7614.0,7633.0,0.4478,-0.1484,-0.3815,-0.1479,-0.5098,0.2438,0.2994,-0.5294,-0.266,-0.4434,-0.0525,-0.4959,George McCloud
47,1997-1999,1500.0,1480.0,-5.2848,-2.1297,-0.4588,0.1045,0.0589,-0.2428,-7.4146,-0.3543,-0.1839,-5.6847,-2.268,-7.9527,Wayman Tisdale
49,1997-1999,3455.0,3437.0,-0.729,4.1683,-1.3326,-1.4931,0.482,0.8531,3.4394,-2.8257,1.3351,-1.5796,3.5283,1.9488,Gheorghe Muresan
51,1997-1999,5098.0,5089.0,-0.7315,-3.2934,0.1636,-0.1229,-0.1352,0.5517,-4.025,0.0408,0.4165,-0.7031,-2.8646,-3.5677,Mahmoud Abdul-Rauf
52,1997-1999,356.0,357.0,-0.984,-0.544,-0.6095,0.4517,0.075,-0.3268,-1.5281,-0.1577,-0.2517,-1.5185,-0.4191,-1.9375,Micheal Williams
53,1997-1999,11345.0,11323.0,1.4026,-0.3795,-0.2195,0.0789,0.0906,-0.3896,1.0231,-0.1407,-0.299,1.2738,-0.6903,0.5835,Mario Elie
54,1997-1999,4301.0,4299.0,-1.769,-0.6262,0.0949,0.0642,-0.4131,-0.544,-2.3952,0.1591,-0.9571,-2.0872,-1.106,-3.1932,Dickey Simpkins
55,1997-1999,3748.0,3727.0,-1.5607,-0.7933,0.4558,0.2136,-0.1432,-0.8092,-2.354,0.6694,-0.9525,-1.2481,-1.389,-2.6371,Marty Conlon
56,1997-1999,15784.0,15772.0,5.6192,0.9633,-0.1614,-0.192,0.0059,-0.3562,6.5825,-0.3533,-0.3503,5.4637,0.4152,5.8789,Gary Payton
57,1997-1999,14968.0,14954.0,1.3327,1.2817,0.0157,0.3794,0.0553,-1.3047,2.6144,0.3951,-1.2494,1.4038,0.3564,1.7602,Doug Christie
61,1997-1999,4873.0,4871.0,-4.3835,0.2174,-0.5207,-0.2318,-0.1925,0.2193,-4.1661,-0.7525,0.0268,-5.0968,0.2049,-4.8919,Carl Herrera
63,1997-1999,8759.0,8795.0,-0.4058,2.6074,1.9463,-0.2398,0.2329,-1.4332,2.2017,1.7065,-1.2003,1.7734,0.9345,2.7079,Michael Smith
64,1997-1999,8270.0,8300.0,1.0847,0.2652,0.2052,-0.0093,0.3209,1.0907,1.3499,0.1959,1.4116,1.6109,1.3466,2.9575,Sam Perkins
65,1997-1999,4808.0,4823.0,-1.5128,-0.3529,0.7752,0.2752,0.2825,2.2011,-1.8657,1.0504,2.4836,-0.4551,2.1235,1.6684,Greg Minor
67,1997-1999,6987.0,7020.0,-2.4509,-0.6867,0.4038,0.243,0.1892,-0.7798,-3.1376,0.6468,-0.5906,-1.8579,-1.2235,-3.0814,Tom Hammonds
70,1997-1999,7073.0,7075.0,1.0022,-1.3637,-0.3673,0.4123,-0.1619,0.8804,-0.3615,0.045,0.7185,0.473,-0.071,0.402,Steve Kerr
71,1997-1999,4752.0,4754.0,-0.1396,-1.3151,-0.6581,-0.3717,-0.1723,-0.6138,-1.4547,-1.0298,-0.7861,-0.97,-2.3006,-3.2706,Pooh Richardson
72,1997-1999,11421.0,11388.0,2.8142,-0.7313,-0.3906,0.0105,-0.0763,-0.8191,2.0828,-0.3802,-0.8954,2.3472,-1.54,0.8072,Kenny Anderson
73,1997-1999,7387.0,7463.0,-1.3993,2.899,0.3358,-0.0596,0.1991,0.9674,1.4998,0.2762,1.1665,-0.8644,3.8069,2.9425,Hot Williams
76,1997-1999,5342.0,5310.0,0.9139,-0.3822,-0.3166,-0.3835,-0.0359,0.4813,0.5317,-0.7001,0.4454,0.5614,-0.2845,0.2769,Cedric Ceballos
77,1997-1999,2313.0,2300.0,-1.1285,-1.9472,-0.2409,-0.1038,-0.1372,0.4292,-3.0757,-0.3447,0.292,-1.5066,-1.6218,-3.1284,Doug Overton
78,1997-1999,277.0,288.0,-7.691,1.1741,0.0395,-0.3042,-0.0962,-0.1243,-6.5169,-0.2647,-0.2204,-7.7477,0.7457,-7.002,LaSalle Thompson
80,1997-1999,435.0,433.0,-3.1985,-2.1241,0.8575,-0.4714,-0.2676,0.5777,-5.3226,0.3861,0.3101,-2.6086,-2.0179,-4.6265,Ken Norman
81,1997-1999,681.0,684.0,-3.1236,-1.5707,0.0872,0.7554,0.1365,0.0987,-4.6943,0.8426,0.2352,-2.8999,-0.7166,-3.6165,Jeff Grayer
82,1997-1999,3149.0,3171.0,-4.0332,-0.4282,1.0186,0.7425,-0.4244,0.4189,-4.4614,1.7612,-0.0055,-3.4391,0.7332,-2.7058,Bill Wennington
84,1997-1999,9872.0,9878.0,2.6995,-1.8383,0.1763,-0.3022,0.3004,-1.6527,0.8612,-0.1258,-1.3523,3.1762,-3.7932,-0.617,Latrell Sprewell
85,1997-1999,4895.0,4891.0,0.1502,-1.8265,0.5299,0.3013,0.1188,-0.4859,-1.6763,0.8313,-0.3671,0.799,-2.0111,-1.2121,Brent Price
87,1997-1999,13873.0,13832.0,0.1033,4.7395,-0.1566,1.1213,-0.454,2.1277,4.8429,0.9647,1.6738,-0.5072,7.9885,7.4813,Dikembe Mutombo
88,1997-1999,59.0,56.0,-4.6249,0.0809,-0.4444,-0.375,0.0091,-0.0503,-4.544,-0.8194,-0.0412,-5.0602,-0.3444,-5.4045,Steve Scheffler
89,1997-1999,13051.0,13055.0,3.2036,-3.5446,-0.3705,-0.5031,0.1839,-0.9071,-0.341,-0.8736,-0.7232,3.017,-4.9548,-1.9378,Nick Van Exel
93,1997-1999,8374.0,8341.0,-1.2828,-3.5659,0.9547,-0.1976,0.5186,-0.2474,-4.8486,0.757,0.2712,0.1905,-4.0109,-3.8204,Hubert Davis
95,1997-1999,6230.0,6203.0,-2.0789,0.9263,-0.0404,0.1632,0.1648,-0.7487,-1.1527,0.1228,-0.5838,-1.9544,0.3408,-1.6137,Mark Bryant
96,1997-1999,12558.0,12590.0,2.536,0.474,0.2602,0.2383,0.2615,0.0824,3.01,0.4984,0.344,3.0578,0.7947,3.8524,Detlef Schrempf
98,1997-1999,10114.0,10123.0,1.7708,-0.0593,-0.1527,0.1298,0.2559,0.5806,1.7115,-0.0229,0.8364,1.874,0.651,2.5251,Nick Anderson
100,1997-1999,1249.0,1239.0,-3.6145,-2.0576,0.144,0.4401,0.0089,-0.0362,-5.6721,0.5841,-0.0273,-3.4617,-1.6536,-5.1153,Tim Legler
103,1997-1999,4798.0,4789.0,0.6751,-1.0965,-0.1765,-0.3083,-0.1083,-1.5648,-0.4214,-0.4848,-1.673,0.3904,-2.9696,-2.5792,Todd Day
104,1997-1999,544.0,546.0,-3.4153,0.0662,-0.6849,-0.451,0.0578,0.1802,-3.3491,-1.136,0.238,-4.0424,-0.2047,-4.2471,Benoit Benjamin
105,1997-1999,8768.0,8779.0,0.7935,0.1259,0.0414,-0.1695,-0.1116,-0.2701,0.9194,-0.1281,-0.3817,0.7234,-0.3137,0.4096,Dan Majerle
107,1997-1999,11590.0,11598.0,0.666,-3.5696,-0.8826,-0.0606,-0.1248,-0.561,-2.9035,-0.9432,-0.6858,-0.3414,-4.1912,-4.5326,Dale Ellis
109,1997-1999,8402.0,8400.0,-0.1445,3.6975,0.6724,-0.4826,0.2163,0.5069,3.5531,0.1898,0.7232,0.7443,3.7219,4.4661,Robert Horry
111,1997-1999,9659.0,9660.0,0.1475,-1.1953,-0.0436,-0.0669,0.0498,-1.5695,-1.0478,-0.1104,-1.5196,0.1538,-2.8317,-2.6779,LaPhonso Ellis
112,1997-1999,1106.0,1106.0,-1.9521,-2.4518,-0.017,0.34,0.0523,0.3369,-4.4039,0.323,0.3891,-1.9168,-1.775,-3.6917,Dontonio Wingfield
116,1997-1999,486.0,499.0,-2.2143,1.4168,0.3414,1.0876,-0.0343,0.1081,-0.7975,1.429,0.0738,-1.9072,2.6125,0.7053,David Wood
120,1997-1999,12756.0,12726.0,2.3538,-3.1443,0.2227,-0.1191,0.3152,0.2674,-0.7905,0.1036,0.5826,2.8917,-2.996,-0.1043,Steven Smith
121,1997-1999,9544.0,9538.0,0.2522,3.1309,-0.0226,0.7163,0.035,1.2961,3.3831,0.6936,1.3311,0.2646,5.1433,5.4079,Patrick Ewing
122,1997-1999,90.0,91.0,-4.0208,-1.7246,-0.6807,-1.2299,-0.0101,-0.0938,-5.7454,-1.9106,-0.1039,-4.7116,-3.0483,-7.7599,Fred Roberts
123,1997-1999,5017.0,5006.0,0.3747,-2.4574,-1.0713,-0.3746,-0.6583,-0.3903,-2.0827,-1.4459,-1.0486,-1.3549,-3.2223,-4.5772,Robert Pack
124,1997-1999,12102.0,12149.0,0.8298,3.2055,0.278,0.442,0.3839,1.3901,4.0353,0.72,1.774,1.4917,5.0376,6.5293,Vlade Divac
128,1997-1999,2167.0,2183.0,-1.9389,-0.6124,-0.2896,-0.2798,0.3148,0.8056,-2.5514,-0.5694,1.1203,-1.9137,-0.0867,-2.0004,David Benoit
129,1997-1999,1701.0,1695.0,-3.2852,1.1956,0.0374,-0.0333,-0.0878,1.0307,-2.0896,0.0041,0.9429,-3.3356,2.193,-1.1426,Dino Radja
133,1997-1999,14801.0,14828.0,2.0987,-0.0172,-0.3612,-0.2632,-0.3708,0.1389,2.0815,-0.6244,-0.232,1.3666,-0.1415,1.2251,David Wesley
134,1997-1999,7712.0,7698.0,4.8733,-0.9374,0.2291,-0.5639,0.2878,-1.5828,3.9359,-0.3348,-1.295,5.3903,-3.0841,2.3062,Kevin Johnson
136,1997-1999,11960.0,11962.0,-1.4096,2.307,-0.0706,0.0217,0.1141,1.4852,0.8975,-0.0489,1.5993,-1.3661,3.8139,2.4479,P.J. Brown
137,1997-1999,7065.0,7101.0,0.2047,-2.6971,-0.2263,-0.0773,-0.0836,1.0652,-2.4924,-0.3036,0.9816,-0.1052,-1.7091,-1.8143,Vernon Maxwell
138,1997-1999,86.0,82.0,-7.5565,-5.717,2.1056,0.4557,-0.0684,0.3227,-13.2735,2.5613,0.2543,-5.5193,-4.9386,-10.4579,Anthony Avent
140,1997-1999,2280.0,2317.0,-2.9156,-0.6561,-0.0964,0.327,0.1794,0.2813,-3.5717,0.2305,0.4607,-2.8326,-0.0478,-2.8804,Donald Royal
143,1997-1999,5257.0,5239.0,-0.6553,-2.5756,-0.7129,0.0079,-0.0958,0.6451,-3.2309,-0.7049,0.5493,-1.4639,-1.9226,-3.3865,Terry Dehere
145,1997-1999,9212.0,9155.0,0.8242,-1.8143,-0.7321,-0.5638,-0.4035,-0.2646,-0.9901,-1.2959,-0.6682,-0.3115,-2.6428,-2.9542,Tracy Murray
146,1997-1999,4595.0,4576.0,-0.8879,-0.1502,0.1591,0.2373,-0.2286,0.818,-1.0381,0.3963,0.5895,-0.9573,0.905,-0.0523,Jud Buechler
147,1997-1999,7731.0,7764.0,-0.419,-0.1146,0.1007,-0.1022,0.3024,0.0028,-0.5336,-0.0015,0.3051,-0.0159,-0.2141,-0.2299,Jalen Rose
154,1997-1999,1165.0,1157.0,-4.2358,0.9794,-0.3974,-0.4212,0.1243,-0.3721,-3.2564,-0.8186,-0.2478,-4.5089,0.186,-4.3229,Adrian Caldwell
156,1997-1999,5032.0,5019.0,-3.4955,0.6635,0.4202,0.5345,0.0651,-0.1779,-2.832,0.9547,-0.1128,-3.0102,1.0201,-1.9901,Antoine Carr
157,1997-1999,9462.0,9484.0,0.1899,-1.5163,-0.0777,-0.6405,0.0113,-1.6191,-1.3265,-0.7182,-1.6077,0.1235,-3.7759,-3.6524,Derek Harper
160,1997-1999,59.0,60.0,-6.0913,-0.3576,0.319,-0.2199,0.0008,0.2156,-6.4489,0.0992,0.2164,-5.7715,-0.3619,-6.1333,Tim Breaux
164,1997-1999,9216.0,9195.0,-0.2434,-0.469,-0.366,0.2741,0.0711,1.0296,-0.7124,-0.0918,1.1007,-0.5383,0.8348,0.2965,Chris Childs
165,1997-1999,11870.0,11839.0,1.2723,4.6779,-1.0733,0.2217,-0.5293,1.1906,5.9502,-0.8517,0.6613,-0.3303,6.0901,5.7598,Hakeem Olajuwon
166,1997-1999,9431.0,9429.0,0.8793,1.658,-0.1715,0.5913,0.1963,0.7932,2.5373,0.4198,0.9895,0.9041,3.0426,3.9466,Ron Harper
168,1997-1999,12160.0,12168.0,-0.2493,0.0623,0.1624,0.1129,0.1921,2.0661,-0.1869,0.2753,2.2583,0.1053,2.2414,2.3466,Chris Mills
170,1997-1999,3071.0,3105.0,-4.6939,-0.707,0.724,0.7306,-0.2863,-1.0165,-5.4008,1.4546,-1.3028,-4.2561,-0.9928,-5.249,Joe Kleine
173,1997-1999,5320.0,5309.0,-2.6302,0.5333,0.969,0.6241,0.0623,0.456,-2.097,1.5931,0.5183,-1.5989,1.6133,0.0144,Keith Askins
175,1997-1999,1077.0,1075.0,-4.8917,1.1618,0.25,-0.3878,-0.0729,-0.2631,-3.7299,-0.1378,-0.336,-4.7145,0.5108,-4.2037,Alton Lister
176,1997-1999,58.0,62.0,-3.9031,3.573,0.1782,-0.7049,0.0316,0.0525,-0.3301,-0.5267,0.0841,-3.6933,2.9206,-0.7727,Antonio Harvey
177,1997-1999,7695.0,7738.0,1.8143,-0.1016,-1.1501,-0.0984,-0.0373,0.5788,1.7127,-1.2485,0.5415,0.6269,0.3788,1.0057,Muggsy Bogues
178,1997-1999,11009.0,11043.0,-2.3092,-0.6384,-0.2498,0.4834,-0.1726,0.3509,-2.9476,0.2337,0.1783,-2.7315,0.196,-2.5356,Olden Polynice
179,1997-1999,7087.0,7102.0,-0.3233,-2.0977,-0.6494,-0.0114,-0.1483,-0.2255,-2.4209,-0.6608,-0.3738,-1.121,-2.3346,-3.4556,Bryant Stith
180,1997-1999,2720.0,2712.0,-0.0495,-2.4887,0.1259,-0.1105,-0.4218,-0.3826,-2.5381,0.0154,-0.8043,-0.3453,-2.9817,-3.3271,John Crotty
181,1997-1999,1487.0,1488.0,0.0728,-5.4515,-0.9681,-0.0706,-0.0229,-0.694,-5.3788,-1.0387,-0.7169,-0.9183,-6.2161,-7.1344,Kenny Smith
182,1997-1999,9169.0,9172.0,-0.9852,0.0237,-0.0592,0.1115,0.0254,0.6749,-0.9615,0.0524,0.7003,-1.019,0.8102,-0.2088,Billy Owens
183,1997-1999,7168.0,7131.0,-1.2386,1.013,-1.2393,-0.1187,-0.2968,-0.0983,-0.2256,-1.358,-0.395,-2.7747,0.7961,-1.9786,Bison Dele
184,1997-1999,10631.0,10656.0,-0.0868,-0.5166,0.0721,0.0929,0.8268,0.4116,-0.6035,0.165,1.2384,0.8121,-0.0122,0.8,Bobby Phills
185,1997-1999,14243.0,14252.0,1.6381,2.7385,-0.311,0.1015,0.0941,0.3214,4.3766,-0.2096,0.4155,1.4211,3.1613,4.5825,Chris Webber
187,1997-1999,5614.0,5597.0,-1.7083,1.2693,0.2171,-0.3566,0.1661,-0.7986,-0.439,-0.1395,-0.6325,-1.3251,0.1141,-1.2111,Terry Cummings
190,1997-1999,2024.0,2035.0,-5.4194,2.8894,-0.2565,-0.4083,-0.2021,-0.5178,-2.53,-0.6648,-0.7199,-5.8779,1.9633,-3.9146,Duane Causwell
192,1997-1999,9706.0,9678.0,-0.3824,-2.528,0.0601,0.1332,0.1714,1.9144,-2.9104,0.1933,2.0858,-0.1509,-0.4804,-0.6313,Dennis Scott
193,1997-1999,11629.0,11687.0,2.4188,2.4587,-0.6143,0.1012,-0.277,-0.2232,4.8775,-0.513,-0.5002,1.5276,2.3367,3.8643,Anthony Mason
194,1997-1999,432.0,440.0,-2.4367,-0.4659,0.4696,0.5528,0.0588,-0.1266,-2.9026,1.0224,-0.0678,-1.9083,-0.0397,-1.9479,Anthony Bowie
195,1997-1999,7433.0,7394.0,-0.126,-1.4748,0.1468,-0.1122,0.0939,-0.367,-1.6008,0.0346,-0.2731,0.1146,-1.954,-1.8394,Lee Mayberry
197,1997-1999,5231.0,5240.0,-0.6936,0.7993,-0.0068,0.4661,-0.3126,0.9776,0.1057,0.4593,0.6649,-1.013,2.2429,1.2299,Scott Burrell
198,1997-1999,8362.0,8407.0,-1.6478,-1.1206,0.5144,0.2146,0.3532,0.0376,-2.7684,0.729,0.3908,-0.7802,-0.8683,-1.6486,Danny Ferry
199,1997-1999,406.0,408.0,-1.8846,0.5587,0.528,-0.2319,-0.0536,-0.1944,-1.326,0.2961,-0.248,-1.4102,0.1323,-1.2779,Reggie Williams
201,1997-1999,6238.0,6216.0,-4.0042,2.594,0.609,0.5047,0.1698,2.4288,-1.4102,1.1138,2.5985,-3.2254,5.5275,2.3021,Chris Dudley
202,1997-1999,1365.0,1365.0,0.4542,-0.0599,-0.1529,0.0818,-0.1233,-0.0182,0.3943,-0.0711,-0.1414,0.178,0.0038,0.1818,Gary Grant
203,1997-1999,1974.0,1977.0,1.9205,3.6909,-0.3937,0.1318,0.1403,0.6316,5.6114,-0.2619,0.772,1.6672,4.4544,6.1215,Nate McMillan
204,1997-1999,12380.0,12384.0,2.9699,0.671,0.1279,0.0953,0.4537,-0.8664,3.6409,0.2232,-0.4127,3.5515,-0.1001,3.4514,Jeff Hornacek
208,1997-1999,8807.0,8758.0,3.031,-1.163,0.9902,0.2215,0.4907,0.5183,1.8681,1.2117,1.0089,4.5119,-0.4232,4.0887,Sam Cassell
209,1997-1999,7278.0,7296.0,0.5489,-2.4727,0.6369,-0.0269,0.2784,-0.4622,-1.9238,0.61,-0.1839,1.4642,-2.9618,-1.4977,Dell Curry
210,1997-1999,10767.0,10749.0,3.4798,0.6116,0.1708,-0.4302,0.4885,-1.521,4.0914,-0.2594,-1.0325,4.1392,-1.3397,2.7995,Terrell Brandon
211,1997-1999,582.0,580.0,-5.262,-2.4101,0.665,1.0171,-0.206,-0.0239,-7.6721,1.6821,-0.23,-4.8031,-1.4169,-6.22,Eric Mobley
212,1997-1999,758.0,757.0,-6.1897,-0.5527,0.6916,-0.1554,0.1124,-0.1228,-6.7424,0.5362,-0.0104,-5.3857,-0.8309,-6.2166,Yinka Dare
213,1997-1999,10752.0,10821.0,-0.8499,1.4181,-0.4322,-0.2522,-0.0347,0.9473,0.5683,-0.6844,0.9125,-1.3168,2.1133,0.7964,Antonio Davis
216,1997-1999,6451.0,6446.0,-1.3775,-1.5998,-0.0834,0.0212,-0.287,-0.6694,-2.9773,-0.0622,-0.9564,-1.7479,-2.248,-3.9959,Brian Shaw
219,1997-1999,9270.0,9248.0,-0.1457,-1.0847,0.299,-0.015,0.2132,-2.1161,-1.2304,0.2841,-1.9029,0.3665,-3.2157,-2.8492,Vinny Del Negro
221,1997-1999,12150.0,12131.0,-0.9136,1.2829,-0.609,-0.3687,-0.6845,-0.2205,0.3693,-0.9777,-0.905,-2.207,0.6937,-1.5134,Clar. Weatherspoon
223,1997-1999,1017.0,1015.0,-4.3382,1.9973,0.4488,0.3761,0.4177,0.0958,-2.3409,0.825,0.5134,-3.4717,2.4693,-1.0024,Bill Curley
224,1997-1999,15002.0,14994.0,2.3999,1.3563,-0.1118,0.2674,0.2236,0.3342,3.7561,0.1556,0.5578,2.5117,1.9579,4.4696,Eddie Jones
226,1997-1999,1669.0,1689.0,-4.3309,0.9652,0.809,0.4571,0.0009,-0.3164,-3.3657,1.2661,-0.3156,-3.521,1.1059,-2.4151,Antonio Lang
228,1997-1999,6748.0,6751.0,-0.6092,0.9463,0.486,0.3619,0.4104,0.5442,0.3371,0.8479,0.9547,0.2872,1.8525,2.1397,Adam Keefe
234,1997-1999,6566.0,6527.0,-0.2924,-2.3284,-0.1285,0.0003,-0.067,-0.5242,-2.6207,-0.1282,-0.5912,-0.4879,-2.8523,-3.3402,Khalid Reeves
236,1997-1999,1917.0,1907.0,-2.8631,-3.4996,-0.0169,-0.1468,0.2465,0.2132,-6.3627,-0.1637,0.4597,-2.6335,-3.4332,-6.0667,Kevin Edwards
238,1997-1999,10335.0,10305.0,-0.3395,1.9963,-0.701,0.1734,-0.2095,1.2898,1.6567,-0.5276,1.0803,-1.25,3.4595,2.2095,Tyrone Hill
239,1997-1999,9749.0,9697.0,0.9702,-2.5462,0.8735,-0.2482,0.5226,0.0575,-1.576,0.6253,0.5801,2.3663,-2.7369,-0.3706,Darrick Martin
240,1997-1999,2391.0,2382.0,0.9646,-1.9204,-0.8054,0.2012,0.2936,-1.4106,-0.9558,-0.6042,-1.117,0.4528,-3.1298,-2.677,Brooks Thompson
241,1997-1999,302.0,300.0,-3.0288,0.0607,0.2963,0.2953,-0.0264,0.2652,-2.9681,0.5915,0.2388,-2.7589,0.6212,-2.1377,Darrin Hancock
243,1997-1999,8321.0,8323.0,-1.4266,1.6033,0.0279,-0.0414,-0.38,1.0994,0.1767,-0.0135,0.7194,-1.7786,2.6613,0.8827,Aaron McKie
244,1997-1999,7169.0,7192.0,0.7319,-1.4744,-0.5855,-0.1475,-0.0317,-1.058,-0.7424,-0.733,-1.0897,0.1148,-2.6799,-2.5651,Dee Brown
246,1997-1999,3844.0,3827.0,-2.9674,4.1145,-0.0826,0.0128,-0.1503,-2.3994,1.1471,-0.0698,-2.5497,-3.2003,1.7279,-1.4724,Greg Anderson
247,1997-1999,11383.0,11436.0,2.0641,-4.1238,-0.0502,-0.0429,0.1161,0.6203,-2.0597,-0.0932,0.7365,2.13,-3.5464,-1.4164,Joe Dumars
248,1997-1999,7297.0,7304.0,-0.7649,1.79,-0.4962,0.3798,-0.2994,1.4408,1.0251,-0.1164,1.1414,-1.5605,3.6107,2.0502,George Lynch
251,1997-1999,7254.0,7248.0,-0.7036,-1.7807,-0.3283,0.3321,-0.6125,0.1015,-2.4842,0.0037,-0.511,-1.6444,-1.3471,-2.9914,Sean Elliott
252,1997-1999,14819.0,14814.0,5.872,3.4286,0.3097,-0.7289,0.0161,-1.6131,9.3006,-0.4192,-1.5969,6.1979,1.0866,7.2845,Karl Malone
255,1997-1999,14979.0,15008.0,4.0529,2.354,1.4999,0.2387,0.1574,0.3636,6.4069,1.7386,0.5209,5.7102,2.9563,8.6665,Grant Hill
258,1997-1999,7571.0,7578.0,-0.3886,0.7818,-0.1582,0.0904,0.1289,1.0683,0.3932,-0.0678,1.1972,-0.4178,1.9405,1.5227,Brian Grant
262,1997-1999,4706.0,4730.0,-2.2092,3.3849,-0.9569,0.2127,-0.1893,-0.6689,1.1757,-0.7442,-0.8582,-3.3554,2.9287,-0.4267,Michael Cage
265,1997-1999,6282.0,6347.0,-3.3188,0.5299,0.8064,0.0848,0.0036,0.4287,-2.7889,0.8912,0.4322,-2.5088,1.0434,-1.4655,Harvey Grant
270,1997-1999,12844.0,12852.0,-0.3691,1.498,0.0022,0.5167,-0.1086,1.4882,1.129,0.5189,1.3796,-0.4755,3.5029,3.0274,Horace Grant
271,1997-1999,9705.0,9703.0,-1.1732,-1.1794,0.2686,0.0051,0.0442,0.1785,-2.3526,0.2736,0.2227,-0.8604,-0.9959,-1.8562,Johnny Newman
273,1997-1999,3093.0,3119.0,-2.7689,-1.4884,0.9319,0.2704,-0.0495,-0.2267,-4.2573,1.2023,-0.2762,-1.8864,-1.4448,-3.3312,Duane Ferrell
275,1997-1999,13749.0,13673.0,-0.9531,-3.7581,0.2676,0.0684,-0.2767,1.8466,-4.7112,0.336,1.5699,-0.9621,-1.8432,-2.8053,Allan Houston
278,1997-1999,6158.0,6204.0,-2.2013,0.6064,0.5621,0.6162,-0.039,0.9526,-1.5949,1.1784,0.9137,-1.6782,2.1753,0.4971,Stacey Augmon
279,1997-1999,445.0,448.0,-4.451,0.4888,0.1743,1.3774,0.1033,0.0332,-3.9622,1.5517,0.1365,-4.1734,1.8994,-2.274,Charles Jones
280,1997-1999,4851.0,4833.0,-4.3658,2.0954,-1.0364,0.0159,0.1453,0.2981,-2.2704,-1.0205,0.4434,-5.2569,2.4095,-2.8474,Felton Spencer
281,1997-1999,4235.0,4269.0,-2.4323,2.2281,0.3932,0.6547,-0.1544,0.5174,-0.2042,1.0479,0.3631,-2.1934,3.4002,1.2068,Scott Williams
283,1997-1999,13183.0,13203.0,0.3553,-0.6415,0.0572,0.0066,0.3902,-0.4357,-0.2862,0.0638,-0.0454,0.8027,-1.0705,-0.2678,Lindsey Hunter
287,1997-1999,242.0,245.0,-5.2371,3.0686,0.162,-0.8625,-0.0483,-0.1364,-2.1685,-0.7005,-0.1847,-5.1234,2.0697,-3.0537,Eric Leckner
288,1997-1999,9127.0,9119.0,-0.8212,0.9766,-0.575,-0.7453,-0.453,-0.5324,0.1554,-1.3203,-0.9854,-1.8492,-0.3011,-2.1503,Armen Gilliam
289,1997-1999,1091.0,1080.0,-1.3735,-1.9793,-0.1186,-0.4023,-0.2918,0.991,-3.3528,-0.5209,0.6992,-1.7839,-1.3906,-3.1745,Ledell Eackles
291,1997-1999,496.0,497.0,-2.9152,1.1155,-0.4363,-0.0916,-0.0723,-0.6893,-1.7997,-0.5279,-0.7616,-3.4238,0.3346,-3.0891,Ed Pinckney
292,1997-1999,995.0,991.0,-2.2761,1.901,-0.0756,-0.2307,0.3359,-0.4955,-0.3751,-0.3063,-0.1595,-2.0157,1.1748,-0.8409,Anthony Miller
293,1997-1999,612.0,613.0,-4.2654,2.3687,1.0157,-0.5393,-0.1663,0.5787,-1.8967,0.4764,0.4124,-3.4161,2.4081,-1.0079,Charles Smith
296,1997-1999,12411.0,12387.0,0.5183,0.8168,-0.0963,-0.0735,0.1179,-1.0338,1.3351,-0.1699,-0.916,0.5399,-0.2906,0.2493,Rick Fox
297,1997-1999,10911.0,10819.0,1.173,3.7287,0.606,0.4607,0.2825,1.8827,4.9017,1.0667,2.1652,2.0615,6.0722,8.1337,Alonzo Mourning
299,1997-1999,13081.0,13041.0,-0.3267,-1.4828,1.3583,-0.0178,0.4721,1.1619,-1.8095,1.3405,1.634,1.5037,-0.3388,1.1649,Glenn Robinson
302,1997-1999,13729.0,13680.0,3.5979,0.8212,0.7047,0.1202,0.2747,1.2269,4.419,0.8249,1.5016,4.5772,2.1683,6.7455,Mookie Blaylock
304,1997-1999,11392.0,11397.0,6.0196,1.816,-0.1414,-0.041,0.013,-0.6987,7.8356,-0.1824,-0.6857,5.8913,1.0763,6.9676,John Stockton
305,1997-1999,757.0,765.0,-2.3742,-1.1809,-0.2763,0.5241,0.1907,0.3517,-3.5551,0.2478,0.5423,-2.4599,-0.3051,-2.765,Robert Parish
308,1997-1999,22.0,20.0,-6.7993,-3.1451,0.825,0.4088,-0.0191,-0.053,-9.9444,1.2338,-0.0721,-5.9934,-2.7893,-8.7827,Derrick Alston
310,1997-1999,2944.0,2961.0,-1.0025,-2.6917,0.2306,-0.1133,-0.1093,0.6529,-3.6942,0.1173,0.5436,-0.8812,-2.1521,-3.0333,Bobby Hurley
316,1997-1999,388.0,390.0,-4.9077,-2.5434,-0.3946,-0.3723,0.0239,-0.1331,-7.4511,-0.767,-0.1093,-5.2785,-3.0488,-8.3274,Richard Manning
317,1997-1999,11252.0,11238.0,1.5429,-1.9287,-0.1784,-0.0042,0.2343,0.9782,-0.3858,-0.1826,1.2125,1.5988,-0.9547,0.644,John Starks
320,1997-1999,639.0,651.0,-2.2341,0.3532,0.4122,0.3241,0.0375,-0.111,-1.8808,0.7362,-0.0736,-1.7845,0.5663,-1.2181,Jamie Watson
323,1997-1999,5202.0,5231.0,-4.3478,-0.8623,0.7594,0.1673,-0.1978,-1.4939,-5.2101,0.9267,-1.6918,-3.7862,-2.189,-5.9752,Greg Foster
324,1997-1999,8212.0,8205.0,0.2509,-1.7036,0.0542,-0.059,-0.0057,0.2917,-1.4527,-0.0047,0.2861,0.2995,-1.4709,-1.1714,Anthony Peeler
328,1997-1999,1933.0,1983.0,-4.778,0.7931,-0.6778,-0.2474,0.1057,0.676,-3.9849,-0.9252,0.7817,-5.3501,1.2217,-4.1284,Rick Mahorn
330,1997-1999,9867.0,9844.0,0.6325,2.8169,-0.3252,0.1417,-0.154,0.1236,3.4494,-0.1835,-0.0304,0.1532,3.0823,3.2355,Danny Manning
333,1997-1999,1821.0,1836.0,-1.5217,-1.6818,0.5066,0.2355,-0.0623,-0.527,-3.2036,0.7421,-0.5892,-1.0774,-1.9733,-3.0507,Kevin Gamble
335,1997-1999,547.0,546.0,-0.9481,0.1939,-0.0705,0.4656,0.0736,-0.6063,-0.7541,0.3951,-0.5326,-0.9449,0.0533,-0.8917,Willie Anderson
339,1997-1999,12023.0,12039.0,1.7448,1.0257,-0.0703,0.2312,-0.4944,-0.7184,2.7705,0.161,-1.2127,1.1801,0.5386,1.7187,Tom Gugliotta
341,1997-1999,2173.0,2186.0,-4.603,2.0402,0.3115,-0.1793,0.0452,-0.3604,-2.5628,0.1323,-0.3151,-4.2463,1.5006,-2.7457,Joe Wolf
344,1997-1999,6959.0,6986.0,2.5611,-1.2181,-0.4155,-0.287,-0.0859,0.2562,1.343,-0.7025,0.1702,2.0597,-1.2489,0.8107,Dana Barros
345,1997-1999,8997.0,8988.0,2.4517,-0.9812,-0.3318,0.0476,-0.0516,-0.8686,1.4705,-0.2842,-0.9202,2.0683,-1.8023,0.2661,Terry Porter
348,1997-1999,2042.0,2056.0,-2.1675,-1.3869,0.6758,0.5571,-0.1121,1.7403,-3.5545,1.2329,1.6282,-1.6038,0.9104,-0.6934,Mitchell Butler
349,1997-1999,12859.0,12894.0,3.5051,-0.9912,-0.2677,0.0994,0.0851,1.2438,2.5139,-0.1683,1.3289,3.3225,0.352,3.6745,Mark Jackson
351,1997-1999,202.0,202.0,-4.2793,-0.6685,-0.4877,-0.171,-0.1652,0.1108,-4.9477,-0.6586,-0.0545,-4.9322,-0.7286,-5.6608,Stacey King
353,1997-1999,7031.0,7048.0,2.8387,-0.8319,-0.0251,-0.0911,-0.2243,0.8371,2.0068,-0.1163,0.6128,2.5892,-0.0859,2.5033,Darrell Armstrong
355,1997-1999,2479.0,2479.0,-2.4606,-0.4031,0.1048,0.7415,-0.053,1.1673,-2.8637,0.8463,1.1142,-2.4089,1.5057,-0.9032,Vincent Askew
356,1997-1999,3858.0,3860.0,-0.4373,0.978,-0.1893,-0.124,-0.4406,-1.2972,0.5407,-0.3133,-1.7378,-1.0673,-0.4432,-1.5104,Chris Morris
358,1997-1999,9008.0,8985.0,2.8225,-0.1273,-0.1777,0.2966,0.0332,0.8801,2.6952,0.1189,0.9133,2.6781,1.0494,3.7274,Anfernee Hardaway
359,1997-1999,5978.0,6007.0,-2.3864,-0.4442,0.7533,0.1246,0.6096,-1.159,-2.8306,0.8779,-0.5494,-1.0235,-1.4786,-2.5021,Chucky Brown
361,1997-1999,13695.0,13705.0,0.5167,0.0583,0.3116,0.4483,0.2876,0.0459,0.575,0.7599,0.3335,1.1158,0.5526,1.6684,Clifford Robinson
363,1997-1999,10459.0,10440.0,0.8899,1.5469,-0.1894,0.1442,0.0638,0.2163,2.4369,-0.0452,0.28,0.7643,1.9074,2.6717,Christian Laettner
364,1997-1999,10251.0,10237.0,0.963,-2.8951,-0.0027,-0.2202,0.0055,0.1306,-1.9321,-0.2229,0.1361,0.9658,-2.9847,-2.0189,Rex Chapman
365,1997-1999,5479.0,5489.0,-2.1057,0.5182,0.3514,0.1742,-0.1794,0.2588,-1.5875,0.5257,0.0794,-1.9336,0.9512,-0.9824,Derrick McKey
368,1997-1999,364.0,375.0,-6.4773,-1.3369,1.2537,0.3552,0.0706,-0.0553,-7.8143,1.6089,0.0154,-5.153,-1.037,-6.19,Dwayne Schintzius
369,1997-1999,10633.0,10626.0,1.0726,1.6686,0.2681,0.2292,0.0844,0.6389,2.7413,0.4974,0.7233,1.4251,2.5368,3.9619,Charlie Ward
371,1997-1999,5014.0,5059.0,-0.0534,-0.8331,1.8352,-0.2568,0.3321,1.45,-0.8865,1.5783,1.7821,2.1139,0.3601,2.474,Terry Mills
375,1997-1999,12807.0,12806.0,-0.1558,-3.9767,0.4688,0.3243,0.1373,-0.2655,-4.1324,0.7931,-0.1282,0.4503,-3.9179,-3.4675,Isaiah Rider
376,1997-1999,5765.0,5775.0,-4.4509,2.0284,-0.6486,0.1058,-0.2307,-0.5461,-2.4225,-0.5428,-0.7768,-5.3302,1.5881,-3.7421,Eric Montross
378,1997-1999,1627.0,1639.0,-2.2907,-1.9834,0.0301,0.1426,-0.1019,0.4885,-4.2741,0.1727,0.3865,-2.3625,-1.3523,-3.7148,Craig Ehlo
380,1997-1999,2548.0,2588.0,-1.6268,-1.8151,0.0961,-0.178,0.303,-0.7156,-3.4419,-0.0819,-0.4126,-1.2277,-2.7087,-3.9364,Tony Smith
381,1997-1999,5931.0,5935.0,0.0824,-3.4844,-0.609,-0.1607,-0.3179,-1.09,-3.4021,-0.7697,-1.4079,-0.8445,-4.7352,-5.5797,James Robinson
383,1997-1999,14600.0,14541.0,0.6862,1.3379,0.2891,0.1378,0.4715,-0.5531,2.0241,0.4269,-0.0816,1.4467,0.9227,2.3694,Kendall Gill
384,1997-1999,12567.0,12551.0,-2.1214,-0.0092,1.0485,-0.2103,0.3165,-0.4744,-2.1307,0.8381,-0.1579,-0.7565,-0.6939,-1.4504,Calbert Cheaney
386,1997-1999,6954.0,6925.0,-0.3061,-0.4626,-0.3253,-0.5239,-0.2468,-0.0985,-0.7687,-0.8492,-0.3453,-0.8783,-1.085,-1.9633,Elliot Perry
389,1997-1999,10322.0,10325.0,2.5326,-1.0287,-0.0694,0.5305,-0.1041,2.2134,1.5039,0.4611,2.1093,2.3591,1.7152,4.0743,Toni Kukoc
390,1997-1999,3326.0,3323.0,-0.9192,-2.4533,-0.0219,-0.1771,-0.4683,2.1976,-3.3725,-0.1989,1.7293,-1.4093,-0.4328,-1.8421,Sasha Danilovic
393,1997-1999,14721.0,14728.0,3.6175,-0.7885,0.4128,-0.2105,0.2024,-1.0397,2.829,0.2022,-0.8373,4.2326,-2.0388,2.1939,Rod Strickland
397,1997-1999,14087.0,14103.0,3.4008,-2.6297,0.5187,-0.1309,0.3654,0.8412,0.7711,0.3878,1.2065,4.2849,-1.9195,2.3655,Reggie Miller
399,1997-1999,2954.0,2980.0,-2.5007,0.739,0.1202,0.7953,-0.2478,-1.0075,-1.7617,0.9155,-1.2552,-2.6283,0.5269,-2.1014,Sean Rooks
400,1997-1999,8067.0,8058.0,-1.0749,-0.6013,-0.2098,-0.0781,0.1543,2.3953,-1.6762,-0.2879,2.5496,-1.1304,1.7159,0.5855,Derek Strong
404,1997-1999,725.0,726.0,-6.0688,-1.5782,0.1719,0.4539,-0.0835,-0.2761,-7.647,0.6258,-0.3595,-5.9804,-1.4004,-7.3807,Kevin Duckworth
406,1997-1999,11126.0,11093.0,4.8284,3.8157,-0.0227,0.3623,0.4995,-0.4881,8.6441,0.3397,0.0114,5.3052,3.6899,8.9951,Shaquille O'Neal
412,1997-1999,1942.0,1933.0,-6.3494,-3.1389,-0.025,0.3748,-0.3202,0.7952,-9.4883,0.3497,0.475,-6.6946,-1.9689,-8.6635,Sharone Wright
416,1997-1999,845.0,854.0,-2.016,-2.2355,-1.0838,-0.3671,-0.0635,0.0254,-4.2515,-1.4509,-0.0381,-3.1633,-2.5772,-5.7406,Willie Burton
417,1997-1999,10853.0,10879.0,-0.4777,-0.2713,-0.0574,-0.145,-0.1937,-0.2265,-0.749,-0.2024,-0.4203,-0.7288,-0.6428,-1.3716,Sam Mitchell
418,1997-1999,1085.0,1116.0,-0.504,1.4771,-0.1364,0.3192,-0.2895,0.0611,0.973,0.1828,-0.2284,-0.93,1.8574,0.9274,Scott Brooks
420,1997-1999,9229.0,9194.0,-0.8692,-0.3799,-1.2845,0.1204,-0.4273,1.4445,-1.2491,-1.1641,1.0172,-2.581,1.185,-1.396,Jayson Williams
422,1997-1999,12623.0,12615.0,1.0661,-1.0044,-0.1189,-0.637,-0.2237,-0.0786,0.0617,-0.7559,-0.3023,0.7235,-1.72,-0.9965,Avery Johnson
423,1997-1999,6590.0,6622.0,-0.6939,0.4796,-0.5111,-1.0804,-0.0419,-0.1384,-0.2143,-1.5915,-0.1803,-1.2469,-0.7392,-1.9861,Chris Gatling
426,1997-1999,4269.0,4245.0,-2.4132,0.8235,0.6119,0.3956,-0.0803,0.614,-1.5897,1.0075,0.5337,-1.8816,1.8331,-0.0485,Terry Davis
428,1997-1999,9134.0,9168.0,0.9285,-1.1656,0.4197,-0.1991,0.2637,0.3877,-0.2371,0.2206,0.6513,1.6119,-0.977,0.6349,Sherman Douglas
431,1997-1999,13241.0,13150.0,0.8374,1.7553,0.142,-0.1538,0.0431,0.5279,2.5927,-0.0119,0.571,1.0225,2.1293,3.1518,Shawn Kemp
432,1997-1999,5372.0,5366.0,-1.1191,0.7107,-0.1137,0.0412,-0.0886,-2.9795,-0.4084,-0.0725,-3.0682,-1.3214,-2.2276,-3.549,Pete Chilcutt
433,1997-1999,4186.0,4218.0,-1.5694,1.1349,-0.4318,0.6152,0.2726,0.5668,-0.4345,0.1834,0.8394,-1.7286,2.3169,0.5883,Buck Williams
434,1997-1999,643.0,648.0,-3.1561,-1.7002,-0.5185,0.0269,0.0823,0.0371,-4.8563,-0.4917,0.1194,-3.5924,-1.6361,-5.2285,Tony Dumas
435,1997-1999,3483.0,3498.0,-0.1779,1.3758,-0.4017,-0.3062,-0.674,0.047,1.1979,-0.7079,-0.627,-1.2537,1.1167,-0.137,Carlos Rogers
436,1997-1999,14021.0,14031.0,-0.5004,-1.0389,0.1894,0.1596,-0.358,1.0657,-1.5393,0.349,0.7077,-0.669,0.1864,-0.4826,Juwan Howard
438,1997-1999,66.0,69.0,-5.4632,-0.7874,0.0159,-0.4475,0.028,-0.1484,-6.2506,-0.4316,-0.1203,-5.4193,-1.3833,-6.8026,Robert Werdann
440,1997-1999,2268.0,2255.0,-4.2338,0.1784,-0.0818,0.2424,-0.4419,-0.162,-4.0554,0.1606,-0.6039,-4.7576,0.2588,-4.4988,Zan Tabak
441,1997-1999,9982.0,9984.0,-0.2806,-0.4689,-0.0292,-0.598,-0.2596,0.0854,-0.7495,-0.6273,-0.1742,-0.5695,-0.9815,-1.5509,Lamond Murray
442,1997-1999,1120.0,1117.0,-3.3748,3.7573,0.6552,-0.5061,0.0987,0.7968,0.3825,0.1491,0.8956,-2.6209,4.0481,1.4271,Pervis Ellison
445,1997-1999,13220.0,13211.0,1.2316,-1.0437,-0.6015,-0.3056,-0.1439,-0.1833,0.1879,-0.9071,-0.3272,0.4862,-1.5326,-1.0464,Wesley Person
446,1997-1999,4115.0,4104.0,-1.2665,-0.9057,0.0988,-0.0921,0.0045,1.19,-2.1721,0.0067,1.1945,-1.1632,0.1922,-0.9709,Lucious Harris
448,1997-1999,11086.0,11089.0,-0.458,3.7481,0.3673,-0.1024,0.0424,1.2312,3.2901,0.2649,1.2736,-0.0483,4.8768,4.8285,Bo Outlaw
452,1997-1999,13463.0,13442.0,0.6827,0.541,0.284,0.0853,0.1435,-0.3198,1.2237,0.3693,-0.1763,1.1102,0.3064,1.4167,Vin Baker
456,1997-1999,4587.0,4577.0,-1.1362,-1.4654,0.6348,-0.2365,-0.0806,-0.1041,-2.6016,0.3983,-0.1847,-0.582,-1.8059,-2.388,Chuck Person
457,1997-1999,4212.0,4221.0,-3.9941,1.0092,-0.2164,0.3745,-0.1353,-0.0798,-2.9849,0.1581,-0.2152,-4.3459,1.3038,-3.042,Andrew Lang
458,1997-1999,7270.0,7255.0,-0.492,-1.6139,0.0179,0.017,-0.2288,-0.1322,-2.1059,0.0349,-0.3609,-0.7029,-1.729,-2.4319,Howard Eisley
461,1997-1999,5641.0,5629.0,-2.209,0.0241,1.1123,0.5759,0.3295,0.7885,-2.1849,1.6882,1.118,-0.7673,1.3884,0.6212,Popeye Jones
462,1997-1999,4072.0,4083.0,-2.0133,1.6937,0.2247,0.0009,-0.1453,0.3681,-0.3196,0.2255,0.2228,-1.934,2.0627,0.1287,J.R. Reid
467,1997-1999,13761.0,13747.0,3.5781,0.9123,-0.0436,-0.0698,0.1918,-0.0254,4.4904,-0.1134,0.1664,3.7263,0.8171,4.5433,Jason Kidd
468,1997-1999,4127.0,4136.0,1.5441,0.8746,-0.8527,0.0959,0.2194,0.4943,2.4187,-0.7567,0.7137,0.9108,1.4648,2.3756,Jon Barry
469,1997-1999,8774.0,8783.0,0.2285,-1.3801,0.0745,0.0309,-0.0915,0.6821,-1.1516,0.1054,0.5906,0.2115,-0.6672,-0.4557,Jamal Mashburn
511,1997-1999,675.0,671.0,-0.3578,-3.1546,0.2348,0.2296,0.0092,-0.146,-3.5124,0.4644,-0.1368,-0.1139,-3.0709,-3.1848,Melvin Booker
671,1997-1999,314.0,319.0,-3.0397,-2.0234,0.0647,0.1189,-0.0922,0.1426,-5.0631,0.1836,0.0505,-3.0671,-1.7619,-4.8289,Donnie Boyce
672,1997-1999,5065.0,5044.0,-0.3232,-1.441,0.8572,-0.1343,0.4526,-1.3714,-1.7642,0.7229,-0.9188,0.9866,-2.9466,-1.96,Matt Bullard
673,1997-1999,6801.0,6805.0,-0.6627,-1.1568,-0.5436,-0.6688,-0.0053,-1.3476,-1.8195,-1.2124,-1.3529,-1.2117,-3.1731,-4.3849,Alan Henderson
674,1997-1999,1813.0,1816.0,-0.8321,0.7944,0.3283,0.7257,0.3652,-0.3106,-0.0377,1.054,0.0546,-0.1386,1.2094,1.0708,Reggie Jordan
677,1997-1999,6568.0,6576.0,-1.0613,-1.9733,-0.208,-0.0253,-0.0796,0.4039,-3.0346,-0.2333,0.3243,-1.3489,-1.5947,-2.9436,Eric Williams
678,1997-1999,878.0,904.0,-3.7345,-2.1767,-0.1368,0.2533,-0.0632,-1.0477,-5.9112,0.1165,-1.1109,-3.9346,-2.9711,-6.9057,George Zidek
679,1997-1999,6941.0,6960.0,-1.9683,-1.8596,0.0764,0.4598,0.102,1.3768,-3.8278,0.5362,1.4788,-1.7899,-0.023,-1.8129,Jason Caffey
681,1997-1999,1003.0,1020.0,-2.2818,-2.5703,-0.4021,0.0984,-0.0308,-0.1055,-4.8521,-0.3038,-0.1364,-2.7148,-2.5775,-5.2922,Donny Marshall
682,1997-1999,7255.0,7286.0,0.534,0.1221,-0.2088,0.0497,-0.2658,0.3118,0.6561,-0.1591,0.046,0.0594,0.4836,0.543,Bob Sura
684,1997-1999,1510.0,1513.0,-5.936,-1.8425,-0.7711,0.1239,-0.1129,0.6359,-7.7785,-0.6472,0.523,-6.82,-1.0827,-7.9027,Loren Meyer
685,1997-1999,7260.0,7258.0,-2.5488,2.4533,0.1672,-0.2935,-0.0598,-0.9594,-0.0955,-0.1262,-1.0192,-2.4414,1.2004,-1.241,Cherokee Parks
686,1997-1999,13221.0,13183.0,-0.2077,2.5018,-0.9407,-0.7893,-0.1015,1.1495,2.2941,-1.73,1.048,-1.2499,2.8621,1.6121,Antonio McDyess
688,1997-1999,8133.0,8153.0,-1.9687,0.3573,-0.3868,0.1134,0.1162,0.5214,-1.6114,-0.2734,0.6376,-2.2393,0.9921,-1.2472,Michael Curry
689,1997-1999,9872.0,9845.0,-1.9488,3.8721,0.3386,-0.7957,0.26,-0.0068,1.9233,-0.457,0.2531,-1.3502,3.0696,1.7194,Theo Ratliff
690,1997-1999,4415.0,4394.0,-3.0525,3.5161,-0.179,0.1734,0.5445,0.2708,0.4636,-0.0056,0.8153,-2.687,3.9604,1.2734,Don Reid
691,1997-1999,220.0,221.0,-4.7455,-5.3023,0.9011,0.356,-0.086,-0.1461,-10.0478,1.2571,-0.2321,-3.9304,-5.0924,-9.0228,Lou Roe
692,1997-1999,6987.0,6977.0,-2.0273,3.0551,-0.2128,-0.7454,0.0669,-0.3227,1.0278,-0.9581,-0.2557,-2.1731,1.987,-0.1861,Andrew DeClercq
693,1997-1999,13207.0,13174.0,-1.5697,-1.4286,-0.6228,0.1258,0.0319,1.3142,-2.9983,-0.497,1.3461,-2.1605,0.0114,-2.1491,Joe Smith
694,1997-1999,6520.0,6540.0,0.1264,-2.3832,-0.3934,0.0602,-0.4965,1.9473,-2.2567,-0.3332,1.4508,-0.7635,-0.3756,-1.1391,Sam Mack
695,1997-1999,6289.0,6329.0,-0.9896,-2.8073,0.4256,-0.0425,0.1914,-0.7487,-3.7968,0.3831,-0.5573,-0.3726,-3.5984,-3.971,Eldridge Recasner
696,1997-1999,8597.0,8594.0,0.3307,-0.1016,-0.0529,0.1239,0.1513,1.0129,0.2291,0.0709,1.1642,0.429,1.0352,1.4642,Travis Best
697,1997-1999,2884.0,2885.0,0.0909,1.5696,-0.5562,-0.1742,0.0543,-0.067,1.6605,-0.7304,-0.0127,-0.411,1.3284,0.9174,Fred Hoiberg
698,1997-1999,4643.0,4663.0,0.271,-2.8603,-0.0245,0.0212,0.1964,-0.7326,-2.5893,-0.0033,-0.5362,0.4429,-3.5717,-3.1288,Eddie Johnson
699,1997-1999,7513.0,7498.0,0.9423,-0.9999,-0.3112,-0.0434,0.225,-0.916,-0.0576,-0.3546,-0.6909,0.8561,-1.9593,-1.1032,Brent Barry
700,1997-1999,136.0,140.0,-6.1982,-0.9305,0.0613,-0.169,-0.0564,0.3617,-7.1286,-0.1076,0.3054,-6.1932,-0.7377,-6.9309,Keith Tower
701,1997-1999,142.0,141.0,-3.0118,-0.6376,0.6113,0.2493,0.0517,-0.142,-3.6494,0.8606,-0.0904,-2.3488,-0.5302,-2.8791,Frankie King
702,1997-1999,9165.0,9133.0,0.6264,-2.5423,-0.1218,0.2995,0.429,0.9603,-1.9159,0.1776,1.3893,0.9336,-1.2825,-0.3489,Voshon Lenard
703,1997-1999,3017.0,2993.0,-3.3467,1.617,-0.1005,-0.7371,-0.3922,1.6788,-1.7297,-0.8376,1.2866,-3.8393,2.5587,-1.2807,Kurt Thomas
704,1997-1999,2966.0,2954.0,-0.5469,-1.7062,0.1799,0.0613,-0.3862,-1.1383,-2.2531,0.2412,-1.5245,-0.7532,-2.7832,-3.5363,Shawn Respert
706,1997-1999,1858.0,1849.0,-1.0599,-2.3258,0.5496,0.3668,0.0125,-0.1712,-3.3856,0.9164,-0.1587,-0.4978,-2.1302,-2.6279,Jerome Allen
707,1997-1999,5397.0,5407.0,-1.6608,0.3463,0.222,0.2826,-0.3811,-0.3446,-1.3145,0.5046,-0.7257,-1.8198,0.2843,-1.5355,Mark Davis
708,1997-1999,15329.0,15318.0,1.0129,2.6184,0.0963,0.4905,0.4055,1.2116,3.6314,0.5869,1.6171,1.5148,4.3205,5.8353,Kevin Garnett
709,1997-1999,1586.0,1598.0,-2.7283,-0.6233,0.6992,-0.2374,-0.0066,-0.4872,-3.3516,0.4618,-0.4939,-2.0358,-1.3479,-3.3837,Ed O'Bannon
710,1997-1999,1750.0,1766.0,-4.1079,1.0989,-0.1472,-0.5598,-0.3846,0.3608,-3.0089,-0.707,-0.0238,-4.6397,0.8999,-3.7397,David Vaughn
711,1997-1999,13512.0,13488.0,0.4078,-3.4743,0.261,-0.2598,-0.0683,0.318,-3.0665,0.0012,0.2497,0.6005,-3.4161,-2.8156,Jerry Stackhouse
712,1997-1999,777.0,772.0,0.315,2.8627,0.3797,-0.2921,0.1262,-0.8551,3.1777,0.0877,-0.7289,0.821,1.7155,2.5364,Mario Bennett
713,1997-1999,4792.0,4813.0,-0.9052,-2.2743,-0.2076,0.3125,-0.2024,0.6937,-3.1795,0.105,0.4913,-1.3151,-1.2681,-2.5832,Chris Carr
714,1997-1999,15605.0,15581.0,1.408,-1.9968,-0.0817,0.24,-0.337,0.3359,-0.5888,0.1584,-0.0011,0.9893,-1.4209,-0.4315,Michael Finley
715,1997-1999,200.0,205.0,-5.2401,-0.9757,-0.8558,-0.5266,-0.0725,-0.1607,-6.2158,-1.3824,-0.2332,-6.1684,-1.663,-7.8314,John Coker
716,1997-1999,975.0,985.0,-0.9306,-0.8921,-0.2801,0.089,0.1073,0.1055,-1.8227,-0.1911,0.2128,-1.1034,-0.6975,-1.801,Rumeal Robinson
717,1997-1999,10240.0,10186.0,2.3781,4.6779,-0.0664,0.1591,0.0826,0.1002,7.056,0.0927,0.1828,2.3943,4.9372,7.3315,Arvydas Sabonis
718,1997-1999,8807.0,8817.0,-0.0243,0.0512,-0.1983,-0.2556,0.6618,-1.3768,0.0269,-0.4539,-0.715,0.4392,-1.5812,-1.142,Gary Trent
719,1997-1999,301.0,306.0,-2.9316,-2.4489,0.2262,0.4904,-0.0914,0.4682,-5.3805,0.7166,0.3768,-2.7968,-1.4904,-4.2872,Randolph Childress
721,1997-1999,3984.0,3998.0,0.6706,-1.0552,0.0056,-0.1887,-0.174,0.9041,-0.3845,-0.1831,0.7301,0.5023,-0.3398,0.1625,Tyus Edney
722,1997-1999,12032.0,12051.0,-1.0596,-1.3728,-0.1328,0.1599,0.1962,-0.069,-2.4324,0.0271,0.1272,-0.9961,-1.2819,-2.278,Corliss Williamson
724,1997-1999,6652.0,6679.0,0.948,-0.9089,-0.4889,-0.2036,-0.2308,-0.932,0.0391,-0.6925,-1.1628,0.2283,-2.0445,-1.8162,Cory Alexander
725,1997-1999,21.0,24.0,-5.5003,-1.0548,0.8783,0.0909,-0.0724,-0.0171,-6.5551,0.9692,-0.0894,-4.6943,-0.981,-5.6753,Dell Demps
727,1997-1999,6475.0,6543.0,0.1396,1.6514,-0.612,0.1654,0.043,0.7085,1.791,-0.4466,0.7515,-0.4294,2.5253,2.0959,Eric Snow
728,1997-1999,47.0,47.0,-4.5724,-1.2531,0.6492,0.7189,-0.0521,-0.1439,-5.8255,1.3681,-0.196,-3.9753,-0.6782,-4.6534,Jimmy King
729,1997-1999,112.0,113.0,-3.8043,-2.1811,0.2776,0.8121,-0.0369,0.1353,-5.9854,1.0898,0.0984,-3.5636,-1.2337,-4.7972,Martin Lewis
731,1997-1999,8213.0,8171.0,-2.4442,4.5102,0.5592,-0.588,0.0012,0.2716,2.0661,-0.0287,0.2728,-1.8837,4.1938,2.3101,Greg Ostertag
732,1997-1999,308.0,306.0,-4.9177,0.0489,0.8458,-0.8004,-0.1659,-0.0178,-4.8688,0.0455,-0.1838,-4.2378,-0.7694,-5.0071,Ashraf Amaya
733,1997-1999,31.0,32.0,-6.4164,-3.1455,0.7927,1.085,-0.0008,-0.0873,-9.5619,1.8777,-0.0882,-5.6246,-2.1478,-7.7724,Cuonzo Martin
734,1997-1999,2346.0,2345.0,-0.6875,-2.3951,-0.302,-0.1564,-0.442,-0.2714,-3.0827,-0.4583,-0.7134,-1.4315,-2.8229,-4.2544,Lawrence Moten
735,1997-1999,11339.0,11277.0,-1.1144,-0.2072,-0.6812,0.504,-0.2449,-0.6492,-1.3216,-0.1771,-0.8941,-2.0405,-0.3524,-2.3928,Bryant Reeves
737,1997-1999,11.0,12.0,-8.3345,-0.1659,0.2596,-0.5129,-0.0132,0.0357,-8.5004,-0.2533,0.0225,-8.0881,-0.6431,-8.7312,Bob McCann
739,1997-1999,11747.0,11736.0,-0.156,1.9846,0.251,0.0902,0.4521,2.7492,1.8287,0.3412,3.2013,0.5471,4.8241,5.3712,Rasheed Wallace
753,1997-1999,6400.0,6414.0,-1.323,1.3685,-0.7135,0.25,-0.4847,1.1512,0.0455,-0.4636,0.6665,-2.5212,2.7697,0.2485,Randy Brown
754,1997-1999,13447.0,13462.0,-0.0495,-2.6632,0.2074,0.2213,-0.0154,0.6263,-2.7127,0.4287,0.6109,0.1426,-1.8157,-1.6732,Jim Jackson
757,1997-1999,14828.0,14830.0,2.8075,-3.0003,-0.0838,-0.2675,-0.1276,-0.2233,-0.1929,-0.3514,-0.3509,2.5961,-3.4911,-0.8951,Damon Stoudamire
760,1997-1999,6035.0,6034.0,-2.2317,3.4517,0.5143,0.7204,-0.093,0.6294,1.22,1.2347,0.5364,-1.8104,4.8016,2.9911,Jerome Kersey
761,1997-1999,8212.0,8278.0,-0.4928,1.2457,-0.4944,-0.3197,0.2905,-0.4452,0.753,-0.8141,-0.1547,-0.6968,0.4809,-0.2159,Matt Geiger
762,1997-1999,10080.0,10021.0,-2.3797,4.1554,0.0232,-0.2069,0.2921,1.2116,1.7757,-0.1837,1.5037,-2.0645,5.1601,3.0956,Shawn Bradley
763,1997-1999,7690.0,7726.0,-2.0398,0.2496,0.1164,-0.6565,0.0476,-1.1466,-1.7903,-0.5401,-1.099,-1.8758,-1.5535,-3.4294,Tony Massenburg
764,1997-1999,7672.0,7625.0,3.8513,5.0707,-0.5836,1.1707,-0.3499,0.5196,8.922,0.5871,0.1696,2.9177,6.761,9.6788,David Robinson
765,1997-1999,13238.0,13251.0,2.234,1.0653,-0.3304,-0.2216,-0.0788,-0.2389,3.2994,-0.552,-0.3177,1.8249,0.6048,2.4297,Hersey Hawkins
766,1997-1999,3052.0,3043.0,-2.5704,-0.1293,0.0305,0.4596,0.0875,-0.3299,-2.6997,0.49,-0.2425,-2.4525,0.0004,-2.4521,David Wingate
768,1997-1999,970.0,977.0,-4.0169,-0.6711,-0.272,-0.3987,-0.2569,0.4095,-4.6879,-0.6708,0.1526,-4.5458,-0.6603,-5.2061,Acie Earl
769,1997-1999,4250.0,4255.0,1.0482,-0.5788,-0.3348,-0.0677,-0.099,-1.4182,0.4693,-0.4025,-1.5172,0.6144,-2.0648,-1.4504,B.J. Armstrong
770,1997-1999,2748.0,2749.0,-4.7064,1.331,-0.3022,0.2493,-0.0112,1.0081,-3.3755,-0.0529,0.9969,-5.0199,2.5884,-2.4314,Mark West
771,1997-1999,12.0,11.0,-5.8235,-0.7281,1.3179,0.2022,-0.0398,-0.1304,-6.5516,1.52,-0.1702,-4.5454,-0.6563,-5.2018,Elmore Spencer
777,1997-1999,3498.0,3508.0,-0.4568,-1.9198,0.0882,0.0662,-0.3705,-0.5327,-2.3766,0.1544,-0.9032,-0.739,-2.3863,-3.1254,Rex Walters
779,1997-1999,14231.0,14268.0,1.7774,-2.9896,0.3,-0.1061,0.449,-0.3911,-1.2122,0.1939,0.0579,2.5263,-3.4867,-0.9604,Glen Rice
781,1997-1999,7166.0,7193.0,-0.9414,2.7225,0.634,0.0208,0.2593,-0.4759,1.7811,0.6548,-0.2166,-0.0481,2.2673,2.2193,Will Perdue
782,1997-1999,14530.0,14558.0,2.863,-2.5109,0.4746,-0.1588,0.0228,1.2878,0.3521,0.3158,1.3106,3.3604,-1.3819,1.9785,Mitch Richmond
783,1997-1999,508.0,505.0,-3.7782,-0.7087,0.3627,0.4415,-0.3167,-0.241,-4.4869,0.8043,-0.5577,-3.7322,-0.5082,-4.2404,Frank Brickowski
785,1997-1999,3592.0,3587.0,0.9441,2.1516,-0.2938,0.2384,-0.5553,0.8306,3.0957,-0.0554,0.2753,0.095,3.2206,3.3156,Eric Murdock
786,1997-1999,6455.0,6439.0,-2.0805,-3.9546,0.1783,-0.3474,-0.1473,0.3113,-6.0351,-0.1691,0.164,-2.0495,-3.9908,-6.0402,Gerald Wilkins
787,1997-1999,10858.0,10862.0,4.7071,2.6784,0.4022,-0.1541,0.4361,-1.4157,7.3855,0.2481,-0.9797,5.5453,1.1086,6.6539,Charles Barkley
788,1997-1999,10759.0,10788.0,-0.8412,0.577,-0.4312,-0.6654,-0.3242,0.1304,-0.2641,-1.0966,-0.1938,-1.5966,0.042,-1.5546,Kevin Willis
891,1997-1999,13462.0,13418.0,-1.1831,2.2752,-0.1616,0.1286,0.0409,0.6107,1.0921,-0.033,0.6516,-1.3037,3.0145,1.7107,Charles Oakley
892,1997-1999,64.0,62.0,-1.6822,-1.1939,-0.2655,0.0365,-0.0419,-0.0663,-2.8761,-0.229,-0.1083,-1.9896,-1.2237,-3.2134,Spud Webb
893,1997-1999,11774.0,11772.0,5.7758,0.7753,0.3985,0.5691,0.3381,0.5049,6.5511,0.9676,0.8429,6.5124,1.8493,8.3617,Michael Jordan
894,1997-1999,3221.0,3215.0,-0.1019,-2.8097,0.2623,0.029,-0.1023,-0.8598,-2.9116,0.2912,-0.9621,0.058,-3.6405,-3.5824,Ricky Pierce
895,1997-1999,11089.0,11088.0,-0.8874,-0.0881,0.3186,0.001,-0.0792,1.3623,-0.9755,0.3196,1.2831,-0.6481,1.2752,0.6272,Tyrone Corbin
896,1997-1999,14656.0,14649.0,4.9725,-1.6045,-0.1263,0.2051,0.2551,1.158,3.368,0.0788,1.4131,5.1013,-0.2413,4.86,Tim Hardaway
898,1997-1999,6996.0,6993.0,-0.8816,-0.7228,0.0295,-0.0107,0.137,-1.2583,-1.6044,0.0188,-1.1213,-0.7151,-1.9918,-2.7069,Blue Edwards
899,1997-1999,6482.0,6464.0,1.8779,-2.8847,0.2279,-0.3401,0.0633,-0.7592,-1.0068,-0.1122,-0.6958,2.1692,-3.984,-1.8149,Mark Price
900,1997-1999,19.0,18.0,-5.4916,0.826,0.9063,-0.6937,-0.0234,0.0708,-4.6656,0.2126,0.0474,-4.6087,0.2031,-4.4057,Matt Fish
901,1997-1999,11791.0,11771.0,-0.7237,0.9256,-0.1104,-0.0741,-0.2311,-0.8354,0.2019,-0.1846,-1.0665,-1.0652,0.0161,-1.0492,Otis Thorpe
902,1997-1999,7544.0,7498.0,-0.7231,-1.1762,-0.4801,-0.1428,-0.0197,0.1305,-1.8993,-0.6229,0.1108,-1.2229,-1.1885,-2.4114,Bimbo Coles
904,1997-1999,11550.0,11541.0,1.6928,0.874,0.3402,0.0384,0.3508,-0.2416,2.5668,0.3786,0.1093,2.3839,0.6708,3.0547,Chris Mullin
905,1997-1999,11350.0,11378.0,-0.8538,1.9333,0.6889,-0.3817,0.3593,-0.2607,1.0794,0.3071,0.0986,0.1943,1.2909,1.4851,Dale Davis
906,1997-1999,1664.0,1660.0,0.903,-0.0612,-0.3023,0.0417,0.3372,0.224,0.8418,-0.2606,0.5612,0.9379,0.2045,1.1423,Haywoode Workman
907,1997-1999,9250.0,9258.0,-0.9884,-0.2213,-0.332,-0.0295,-0.2419,0.8445,-1.2097,-0.3615,0.6026,-1.5623,0.5937,-0.9686,Malik Sealy
911,1997-1999,11048.0,11023.0,-1.7614,5.8596,0.2511,-1.4952,0.2754,-1.4454,4.0982,-1.2441,-1.17,-1.2349,2.919,1.6841,Ervin Johnson
912,1997-1999,698.0,699.0,-2.6208,-2.4338,-0.0201,0.799,0.1339,-0.5735,-5.0547,0.7788,-0.4397,-2.5071,-2.2084,-4.7155,Rafael Addison
913,1997-1999,12227.0,12207.0,0.0437,-1.3647,0.1945,0.4843,0.3983,0.3152,-1.321,0.6788,0.7135,0.6366,-0.5652,0.0714,Larry Johnson
914,1997-1999,3317.0,3299.0,-3.2385,2.6822,-0.5382,-0.7,-0.2214,1.5639,-0.5562,-1.2382,1.3425,-3.9981,3.5462,-0.4519,Stanley Roberts
915,1997-1999,11404.0,11381.0,-0.4393,-0.5885,0.6514,-0.0619,0.4972,-2.1966,-1.0278,0.5896,-1.6994,0.7094,-2.847,-2.1376,Rodney Rogers
916,1997-1999,4962.0,5017.0,-2.448,1.6135,-0.0796,0.3583,-0.2463,0.397,-0.8345,0.2787,0.1507,-2.7738,2.3688,-0.405,Corie Blount
917,1997-1999,292.0,293.0,-2.8873,-1.4598,-0.0861,-0.2484,0.1624,-0.1249,-4.3471,-0.3345,0.0376,-2.8109,-1.8331,-4.644,Jack Haley
919,1997-1999,6764.0,6779.0,-1.1607,1.7908,-0.621,-1.1378,-0.2264,-1.1305,0.6301,-1.7588,-1.3569,-2.0081,-0.4776,-2.4856,Loy Vaught
920,1997-1999,11264.0,11314.0,-0.9321,1.0572,-1.113,0.186,-0.5472,-0.2756,0.1251,-0.927,-0.8228,-2.5924,0.9677,-1.6247,A.C. Green
922,1997-1999,10950.0,10972.0,-0.536,1.6149,-0.8581,-0.1924,-0.3926,-0.6329,1.079,-1.0505,-1.0255,-1.7866,0.7896,-0.9971,Elden Campbell
923,1997-1999,9460.0,9455.0,-0.5874,0.0592,-0.5198,-0.3019,-0.1813,0.1615,-0.5282,-0.8217,-0.0198,-1.2885,-0.0812,-1.3697,Donyell Marshall
924,1997-1999,6417.0,6431.0,0.6936,-1.9087,-0.6047,-0.3518,-0.2173,-0.9,-1.2151,-0.9565,-1.1173,-0.1285,-3.1605,-3.289,Anthony Goldwire
925,1997-1999,26.0,28.0,-8.8569,-0.9456,-0.1213,-0.756,-0.038,-0.0327,-9.8025,-0.8772,-0.0707,-9.0162,-1.7343,-10.7504,Sean Higgins
929,1997-1999,478.0,481.0,0.5678,-2.9278,-0.0663,0.0774,-0.0254,-0.2166,-2.36,0.0111,-0.242,0.4761,-3.0671,-2.5909,Tracy Moore
931,1997-1999,2282.0,2270.0,-1.5664,-2.7608,-0.5536,-0.1639,0.0278,-1.0197,-4.3272,-0.7175,-0.9919,-2.0921,-3.9444,-6.0365,Don MacLean
932,1997-1999,5395.0,5405.0,-2.3108,2.2983,-0.2405,-0.0565,-0.1197,-0.7947,-0.0125,-0.2971,-0.9144,-2.671,1.4471,-1.2239,Oliver Miller
934,1997-1999,10438.0,10440.0,0.4374,0.2662,-0.1078,0.2675,-0.3637,0.5741,0.7037,0.1597,0.2104,-0.034,1.1078,1.0738,Derrick Coleman
935,1997-1999,12263.0,12263.0,0.5842,1.7544,0.0707,-0.2035,-0.1241,-0.1392,2.3386,-0.1328,-0.2633,0.5308,1.4116,1.9424,Bryon Russell
937,1997-1999,12732.0,12731.0,3.4546,0.8283,0.3784,0.3671,0.359,-0.6538,4.2829,0.7454,-0.2948,4.192,0.5415,4.7335,Scottie Pippen
938,1997-1999,8016.0,8003.0,-0.9698,-0.7074,-0.8381,-0.2199,-0.4726,-0.8835,-1.6772,-1.058,-1.3561,-2.2806,-1.8107,-4.0913,Rony Seikaly
939,1997-1999,76.0,78.0,-1.0967,1.0429,0.563,0.352,-0.0215,0.1143,-0.0539,0.915,0.0928,-0.5552,1.5091,0.954,Pete Myers
940,1997-1999,98.0,94.0,-4.6979,-1.8121,0.9931,1.3085,0.0135,0.0361,-6.51,2.3015,0.0496,-3.6913,-0.4675,-4.1588,Earl Cureton
941,1997-1999,42.0,45.0,-4.2378,0.6617,0.2051,0.4679,-0.0961,-0.194,-3.5761,0.673,-0.2901,-4.1288,0.9356,-3.1932,Ennis Whatley
947,1997-1999,16029.0,16013.0,3.1357,-1.755,0.3156,-0.2325,0.2262,-0.8317,1.3808,0.0831,-0.6056,3.6775,-2.8192,0.8583,Allen Iverson
948,1997-1999,9207.0,9204.0,-1.9177,2.4994,0.3905,-0.5391,-0.051,-0.7854,0.5817,-0.1485,-0.8364,-1.5782,1.1749,-0.4033,Marcus Camby
949,1997-1999,14813.0,14768.0,0.8357,-1.4717,-0.0483,0.0677,-0.0798,-2.4065,-0.636,0.0195,-2.4864,0.7076,-3.8105,-3.1029,Shareef Abdur-Rahim
950,1997-1999,14096.0,14105.0,3.0261,-3.3731,0.2869,-0.5603,0.4444,-0.4134,-0.347,-0.2734,0.031,3.7574,-4.3468,-0.5894,Stephon Marbury
951,1997-1999,14247.0,14198.0,1.0116,-2.5128,0.4419,0.1197,0.3532,0.6206,-1.5012,0.5616,0.9737,1.8067,-1.7725,0.0342,Ray Allen
952,1997-1999,15310.0,15258.0,-0.1012,-1.508,-0.0028,-0.2297,0.0647,-1.3938,-1.6092,-0.2325,-1.3291,-0.0393,-3.1315,-3.1708,Antoine Walker
953,1997-1999,9802.0,9822.0,-2.1162,1.6599,0.1327,0.0435,0.1737,-0.2529,-0.4563,0.1762,-0.0793,-1.8098,1.4505,-0.3593,Lorenzen Wright
954,1997-1999,14466.0,14421.0,0.7983,-1.0005,0.3272,-0.0002,0.2098,-0.383,-0.2022,0.327,-0.1732,1.3353,-1.3837,-0.0483,Kerry Kittles
955,1997-1999,4093.0,4068.0,-2.8239,1.4427,-0.4279,-0.7579,-0.5264,-1.2299,-1.3812,-1.1858,-1.7562,-3.7782,-0.545,-4.3232,Samaki Walker
956,1997-1999,9586.0,9582.0,-3.0674,-0.4053,-0.4912,0.4784,-0.3019,1.0962,-3.4728,-0.0128,0.7943,-3.8606,1.1692,-2.6913,Erick Dampier
957,1997-1999,3967.0,3983.0,-3.7514,-0.7646,-0.7649,-0.4462,0.0935,0.0703,-4.516,-1.2111,0.1638,-4.4228,-1.1404,-5.5633,Todd Fuller
958,1997-1999,7378.0,7374.0,-3.7906,-1.0099,-0.3274,0.6687,-0.208,2.8207,-4.8005,0.3413,2.6127,-4.3261,2.4796,-1.8465,Vitaly Potapenko
959,1997-1999,6951.0,6925.0,0.2773,-2.1695,-0.1274,0.1013,0.0802,1.0286,-1.8922,-0.0261,1.1089,0.2302,-1.0396,-0.8094,Steve Nash
960,1997-1999,6206.0,6194.0,-0.4106,-2.6271,-0.0553,-0.0779,-0.4707,-0.0198,-3.0377,-0.1332,-0.4905,-0.9366,-2.7248,-3.6614,Tony Delk
961,1997-1999,7739.0,7733.0,-2.3852,-0.511,-0.692,-0.2071,-0.0092,-1.5819,-2.8963,-0.8991,-1.5911,-3.0864,-2.3001,-5.3864,John Wallace
962,1997-1999,6231.0,6242.0,-1.9693,-0.105,0.441,0.3059,0.1991,0.9242,-2.0743,0.7469,1.1233,-1.3293,1.1252,-0.2041,Walter McCarty
963,1997-1999,192.0,197.0,-3.3569,-3.7601,1.0576,-0.0356,-0.0693,-0.0006,-7.117,1.022,-0.0699,-2.3686,-3.7963,-6.1649,Dontae' Jones
964,1997-1999,3638.0,3674.0,-3.7457,2.0291,-0.3941,0.1592,-0.0963,-2.7874,-1.7166,-0.2349,-2.8837,-4.236,-0.5991,-4.8352,Roy Rogers
965,1997-1999,7470.0,7505.0,0.2052,-0.6942,-0.1993,0.0133,0.1833,0.1705,-0.4889,-0.186,0.3539,0.1893,-0.5103,-0.3211,Derek Fisher
966,1997-1999,4885.0,4914.0,0.1739,1.8343,0.8365,-0.0671,0.276,0.214,2.0082,0.7694,0.4901,1.2864,1.9813,3.2677,Jerome Williams
967,1997-1999,2151.0,2148.0,-1.6128,-1.3593,0.7944,0.1458,-0.2214,0.1305,-2.9721,0.9402,-0.0908,-1.0397,-1.083,-2.1227,Brian Evans
968,1997-1999,1090.0,1085.0,-4.9348,-0.6603,0.5927,-0.105,0.0099,0.6696,-5.5951,0.4878,0.6795,-4.3321,-0.0957,-4.4278,Priest Lauderdale
969,1997-1999,6231.0,6238.0,-2.1903,3.021,0.3287,-0.3741,0.0659,-0.6729,0.8307,-0.0455,-0.607,-1.7957,1.974,0.1782,Travis Knight
970,1997-1999,5135.0,5148.0,-2.1426,0.1485,-0.5811,0.1586,0.1244,0.7894,-1.9941,-0.4225,0.9138,-2.5993,1.0965,-1.5027,Othella Harrington
971,1997-1999,2852.0,2863.0,-2.1553,0.4488,0.0777,-0.1728,0.1077,-0.2219,-1.7065,-0.0951,-0.1142,-1.9699,0.0541,-1.9158,Mark Hendrickson
976,1997-1999,1029.0,1036.0,-0.3696,-3.1509,0.0059,-0.1119,-0.1945,-0.0524,-3.5206,-0.106,-0.2468,-0.5582,-3.3152,-3.8734,Jeff McInnis
977,1997-1999,9892.0,9895.0,1.3641,-1.0429,-0.0448,-0.0015,-0.0868,-0.7427,0.3212,-0.0463,-0.8295,1.2326,-1.7871,-0.5545,Kobe Bryant
978,1997-1999,2022.0,2038.0,0.8652,-2.1367,-0.4324,0.0503,-0.0077,0.0363,-1.2715,-0.3821,0.0286,0.4251,-2.0501,-1.625,Peja Stojakovic
979,1997-1999,3045.0,3074.0,-3.045,0.4538,-0.4582,-0.1447,-0.0222,0.388,-2.5912,-0.6029,0.3658,-3.5254,0.697,-2.8284,Jermaine O'Neal
980,1997-1999,4772.0,4760.0,0.0189,2.5511,-0.9215,-0.1891,0.0122,0.3654,2.57,-1.1106,0.3776,-0.8904,2.7274,1.837,Zydrunas Ilgauskas
982,1997-1999,1887.0,1870.0,-0.9568,0.6598,0.506,0.2415,-0.1979,-0.1427,-0.2969,0.7475,-0.3405,-0.6487,0.7587,0.11,Martin Muursepp
983,1997-1999,443.0,451.0,-1.5377,-2.5541,0.228,0.3462,-0.2575,-0.118,-4.0918,0.5742,-0.3755,-1.5672,-2.3259,-3.8931,Moochie Norris
984,1997-1999,564.0,564.0,-3.3136,0.3968,-0.1664,0.0381,0.0538,-0.0463,-2.9167,-0.1283,0.0075,-3.4262,0.3886,-3.0376,Steve Hamer
987,1997-1999,198.0,212.0,-4.5061,-0.7198,0.5826,0.0425,-0.1563,-0.1852,-5.2259,0.6251,-0.3414,-4.0798,-0.8624,-4.9422,Jason Sasser
988,1997-1999,2085.0,2081.0,-2.9333,-1.5828,0.4898,0.0133,0.1775,0.3961,-4.516,0.5031,0.5736,-2.266,-1.1733,-3.4393,Randy Livingston
989,1997-1999,290.0,290.0,-3.9816,-3.4508,0.0766,0.17,0.0891,-0.2353,-7.4324,0.2465,-0.1462,-3.8159,-3.5162,-7.3321,Ben Davis
990,1997-1999,3036.0,3078.0,-2.2279,2.0142,0.6129,-0.4364,-0.1015,-0.7131,-0.2137,0.1765,-0.8145,-1.7164,0.8648,-0.8517,Malik Rose
992,1997-1999,357.0,353.0,-0.9052,-2.3236,-0.7761,0.0678,0.2457,-0.2407,-3.2288,-0.7083,0.005,-1.4356,-2.4965,-3.9321,Marcus Brown
994,1997-1999,3739.0,3766.0,-2.0575,1.5827,0.0408,-0.0755,0.3649,-1.8289,-0.4749,-0.0347,-1.464,-1.6518,-0.3217,-1.9735,Jamie Feick
997,1997-1999,2118.0,2111.0,-2.1203,-1.7201,0.1241,0.6108,-0.1553,-1.1936,-3.8405,0.7349,-1.3489,-2.1515,-2.3029,-4.4544,Chris Robinson
998,1997-1999,420.0,419.0,-6.101,-1.1502,0.2287,0.968,0.0297,0.1428,-7.2511,1.1967,0.1724,-5.8425,-0.0394,-5.882,Mark Pope
999,1997-1999,105.0,109.0,-2.5727,0.0959,0.2295,-0.181,0.1055,-0.1921,-2.4769,0.0484,-0.0866,-2.2378,-0.2772,-2.515,Jeff Nordgaard
1000,1997-1999,6866.0,6860.0,-0.9111,-0.4213,0.5392,-0.2256,0.3205,-0.3987,-1.3324,0.3135,-0.0782,-0.0514,-1.0456,-1.0971,Shandon Anderson
1002,1997-1999,1716.0,1721.0,-3.1475,-0.094,0.0639,0.8437,0.1254,1.2385,-3.2416,0.9075,1.3639,-2.9583,1.9881,-0.9701,Reggie Geary
1003,1997-1999,910.0,902.0,-1.128,-0.5485,-0.2213,0.4703,0.3113,-0.1654,-1.6765,0.249,0.1458,-1.038,-0.2437,-1.2817,Drew Barry
1005,1997-1999,9803.0,9800.0,0.1122,-1.0565,0.1438,0.2299,0.1533,0.875,-0.9443,0.3737,1.0283,0.4093,0.0484,0.4577,Walt Williams
1006,1997-1999,739.0,758.0,-5.2049,0.9544,-0.0196,0.2773,-0.1987,-0.2263,-4.2505,0.2577,-0.425,-5.4232,1.0054,-4.4178,Herb Williams
1023,1997-1999,1585.0,1600.0,-1.68,-2.3604,0.2605,0.4672,0.1462,0.021,-4.0404,0.7276,0.1672,-1.2733,-1.8722,-3.1456,Emanual Davis
1024,1997-1999,312.0,304.0,-4.66,3.6565,0.028,-1.1069,0.0213,0.9028,-1.0034,-1.0789,0.9241,-4.6106,3.4524,-1.1582,Horacio Llamas
1026,1997-1999,93.0,89.0,-5.0172,-3.6728,0.3154,0.5957,0.0602,0.1414,-8.69,0.9111,0.2015,-4.6416,-2.9357,-7.5774,Evric Gray
1032,1997-1999,1910.0,1887.0,-4.0275,0.3062,-0.1916,0.0504,0.3682,1.1493,-3.7214,-0.1412,1.5174,-3.851,1.5059,-2.3451,Darvin Ham
1035,1997-1999,460.0,481.0,-3.2789,2.6132,-0.3018,-0.3529,0.1335,-0.3984,-0.6657,-0.6546,-0.2649,-3.4471,1.8619,-1.5852,Shawnelle Scott
1036,1997-1999,866.0,851.0,-0.644,-0.1999,0.001,0.0403,0.094,0.5377,-0.8439,0.0413,0.6317,-0.549,0.3781,-0.1709,Litterial Green
1037,1997-1999,3388.0,3381.0,-4.4516,2.7242,0.379,0.1308,0.1254,-1.2939,-1.7273,0.5098,-1.1685,-3.9472,1.5612,-2.386,Stojko Vrankovic
1041,1997-1999,286.0,281.0,-3.2773,-2.9952,0.663,0.1398,-0.2063,-0.3527,-6.2725,0.8028,-0.559,-2.8206,-3.2081,-6.0287,Nate Driggers
1043,1997-1999,209.0,212.0,-4.3614,-0.615,0.7803,-0.0392,-0.0892,-0.0978,-4.9765,0.7411,-0.1871,-3.6704,-0.752,-4.4224,Amal McCaskill
1049,1997-1999,488.0,491.0,-1.6532,-5.147,0.1533,0.4649,0.0016,0.4242,-6.8002,0.6182,0.4258,-1.4983,-4.258,-5.7562,Shane Heal
1051,1997-1999,10037.0,10043.0,-1.3534,2.881,-0.814,-0.3448,-0.3706,-1.5599,1.5276,-1.1588,-1.9305,-2.538,0.9763,-1.5616,Dean Garrett
1055,1997-1999,39.0,35.0,-7.781,1.6278,1.1552,-0.1878,-0.0389,-0.1579,-6.1532,0.9674,-0.1967,-6.6647,1.2822,-5.3825,Ed Stokes
1059,1997-1999,116.0,120.0,-2.9974,-4.5462,0.421,1.232,-0.0444,0.1489,-7.5436,1.6531,0.1045,-2.6208,-3.1653,-5.7861,Aleksandar Djordjevic
1061,1997-1999,381.0,377.0,-7.5421,-0.2661,-0.5321,0.2991,-0.0262,0.3911,-7.8083,-0.233,0.3649,-8.1005,0.4241,-7.6764,William Cunningham
1063,1997-1999,995.0,1003.0,-1.4074,-0.3889,0.1435,-0.2404,-0.1196,-0.2991,-1.7963,-0.0969,-0.4187,-1.3834,-0.9284,-2.3119,Carl Thomas
1064,1997-1999,116.0,122.0,-4.84,-0.9607,0.5784,0.4269,-0.0012,0.1789,-5.8007,1.0054,0.1777,-4.2627,-0.3549,-4.6177,Brent Scott
1065,1997-1999,5439.0,5420.0,-0.9904,-1.4825,-0.204,-0.0613,-0.3785,0.7601,-2.4729,-0.2652,0.3817,-1.5729,-0.7836,-2.3565,Erick Strickland
1068,1997-1999,718.0,727.0,-4.3553,1.6474,0.1502,0.5164,0.0042,0.1768,-2.7079,0.6666,0.1809,-4.2009,2.3405,-1.8604,Greg Dreiling
1070,1997-1999,104.0,105.0,-6.3158,-2.6417,0.4941,-0.042,-0.0517,-0.3368,-8.9575,0.4521,-0.3885,-5.8734,-3.0205,-8.8939,Devin Gray
1073,1997-1999,4527.0,4553.0,-1.6188,-1.4869,0.2946,0.0144,0.096,-0.6878,-3.1057,0.309,-0.5918,-1.2282,-2.1604,-3.3885,Reggie Slater
1074,1997-1999,9190.0,9204.0,0.4328,-2.7069,-1.3222,0.0146,-0.1346,-0.3613,-2.2741,-1.3076,-0.4959,-1.024,-3.0535,-4.0775,Matt Maloney
1075,1997-1999,9.0,8.0,-8.3023,-0.8931,0.6963,-0.5337,-0.0247,-0.0029,-9.1954,0.1627,-0.0276,-7.6307,-1.4296,-9.0604,Michael McDonald
1077,1997-1999,1141.0,1136.0,-3.6094,0.5499,-0.0761,0.3579,-0.2321,-0.5257,-3.0595,0.2818,-0.7578,-3.9176,0.3822,-3.5354,Ray Owes
1080,1997-1999,2095.0,2088.0,-1.8609,-4.6232,0.3584,-0.3234,0.2347,-0.715,-6.4841,0.035,-0.4803,-1.2678,-5.6616,-6.9294,Henry James
1086,1997-1999,111.0,110.0,-1.434,-2.8597,-0.6342,-1.0525,-0.0526,-0.1343,-4.2937,-1.6867,-0.1869,-2.1207,-4.0465,-6.1673,Joe Stephens
1089,1997-1999,498.0,500.0,-5.8379,0.5361,1.289,-0.014,0.0355,0.3103,-5.3019,1.2749,0.3458,-4.5135,0.8323,-3.6812,Kevin Salvadori
1093,1997-1999,85.0,81.0,-3.3709,-1.4879,-0.0276,-0.7631,0.0063,0.0869,-4.8588,-0.7907,0.0932,-3.3921,-2.1641,-5.5562,Gaylon Nickerson
1096,1997-1999,2110.0,2141.0,-4.5352,0.7299,-0.0612,0.112,0.1128,0.4394,-3.8052,0.0508,0.5522,-4.4836,1.2813,-3.2023,Ivano Newbill
1099,1997-1999,20.0,21.0,-2.7365,1.9114,-0.1604,-0.487,-0.0135,-0.0355,-0.825,-0.6474,-0.049,-2.9104,1.3889,-1.5215,Matt Steigenga
1108,1997-1999,350.0,345.0,-2.1551,-0.8519,-0.1175,0.2578,0.0523,-0.5165,-3.007,0.1404,-0.4642,-2.2203,-1.1106,-3.3308,Tony Farmer
1109,1997-1999,65.0,64.0,-4.474,-1.2572,0.6354,0.447,0.0122,-0.073,-5.7312,1.0824,-0.0608,-3.8264,-0.8832,-4.7096,James Scott
1110,1997-1999,2591.0,2589.0,-1.4631,0.8827,-0.2357,-0.4187,0.0335,-1.5694,-0.5804,-0.6543,-1.5359,-1.6652,-1.1054,-2.7706,Mark Strickland
1112,1997-1999,4904.0,4960.0,-1.6486,5.217,0.9678,-1.1676,-0.0432,1.1219,3.5683,-0.1998,1.0787,-0.724,5.1713,4.4473,Ben Wallace
1114,1997-1999,7982.0,7952.0,-1.1029,-1.5374,-0.1406,1.3042,-0.2067,2.5722,-2.6404,1.1637,2.3655,-1.4502,2.339,0.8888,Jaren Jackson
1118,1997-1999,204.0,210.0,-6.8807,-2.9224,0.639,1.2712,-0.0916,0.2088,-9.8031,1.9102,0.1172,-6.3334,-1.4423,-7.7757,Tim Kempton
1120,1997-1999,159.0,159.0,-2.8122,-3.0073,0.587,0.4389,0.0537,-0.0713,-5.8194,1.0259,-0.0175,-2.1714,-2.6396,-4.811,Elmer Bennett
1121,1997-1999,92.0,95.0,-3.3116,-2.6045,-0.0843,-0.6291,-0.0042,-0.1189,-5.9162,-0.7134,-0.1231,-3.4001,-3.3525,-6.7527,Dexter Boney
1122,1997-1999,4072.0,4064.0,2.145,-3.8349,0.28,0.3124,-0.2371,-1.3346,-1.6899,0.5924,-1.5718,2.1879,-4.8571,-2.6693,Dominique Wilkins
1125,1997-1999,1917.0,1927.0,-2.2055,-0.8025,0.1741,0.1858,0.3622,0.4221,-3.008,0.3599,0.7843,-1.6693,-0.1946,-1.8639,Larry Stewart
1126,1997-1999,546.0,549.0,-1.4676,-2.505,-0.1154,0.0159,-0.1166,-0.5691,-3.9726,-0.0995,-0.6857,-1.6996,-3.0583,-4.7579,Donald Whiteside
1128,1997-1999,922.0,934.0,-1.1028,2.4951,0.077,-0.2091,-0.029,-0.0468,1.3923,-0.1321,-0.0757,-1.0547,2.2392,1.1845,Stephen Howard
1129,1997-1999,210.0,209.0,0.0286,0.4497,-0.1075,0.0198,-0.0932,0.1443,0.4783,-0.0878,0.0511,-0.1721,0.6137,0.4416,Ruben Nembhard
1131,1997-1999,41.0,42.0,-5.1965,2.1531,0.2375,-0.4856,-0.0572,-0.0123,-3.0434,-0.2481,-0.0695,-5.0161,1.6552,-3.3609,Jimmy Carruth
1133,1997-1999,1699.0,1724.0,-2.8472,0.2784,0.2782,0.5129,0.2558,-0.0466,-2.5689,0.791,0.2092,-2.3133,0.7446,-1.5687,Corey Beck
1134,1997-1999,10088.0,10089.0,-1.9464,-0.3919,-0.2713,-0.0462,-0.294,0.415,-2.3384,-0.3175,0.1209,-2.5117,-0.0232,-2.5349,Ike Austin
1136,1997-1999,1380.0,1385.0,-4.4625,1.762,-0.3563,-0.026,-0.2017,-0.8782,-2.7005,-0.3822,-1.0799,-5.0204,0.8578,-4.1626,Brett Szabo
1137,1997-1999,21.0,22.0,-4.5916,-2.8556,0.6929,0.7959,0.0397,-0.2451,-7.4472,1.4888,-0.2054,-3.859,-2.3048,-6.1637,Chris Jent
1138,1997-1999,1094.0,1091.0,-0.9643,-1.5944,0.8264,0.4003,-0.0156,-0.685,-2.5587,1.2266,-0.7006,-0.1535,-1.8792,-2.0327,Michael Hawkins
1361,1997-1999,535.0,536.0,-3.9449,-0.2348,-0.0468,0.4553,-0.1959,0.4893,-4.1797,0.4085,0.2934,-4.1877,0.7098,-3.4778,Mark Bradtke
1365,1997-1999,2689.0,2674.0,-3.3246,-0.9476,0.3016,0.1727,0.3078,0.4602,-4.2722,0.4743,0.768,-2.7152,-0.3147,-3.0299,Xavier McDaniel
1380,1997-1999,768.0,770.0,-1.045,-3.2933,0.3195,1.0114,-0.0806,-0.4343,-4.3383,1.3308,-0.5149,-0.8061,-2.7163,-3.5224,Lloyd Daniels
1381,1997-1999,733.0,724.0,-2.6857,-2.5647,0.0331,-0.0714,-0.2969,0.3168,-5.2504,-0.0383,0.0199,-2.9495,-2.3193,-5.2688,John Long
1425,1997-1999,3441.0,3446.0,-2.0571,2.1695,-0.6226,0.0066,-0.4542,-0.1682,0.1125,-0.6161,-0.6224,-3.1339,2.0079,-1.126,Aaron Williams
1429,1997-1999,136.0,135.0,-3.8519,-2.5937,0.4062,-0.5834,-0.0577,-0.212,-6.4455,-0.1772,-0.2696,-3.5034,-3.389,-6.8924,Jimmy Oliver
1432,1997-1999,197.0,194.0,-5.9959,-3.7867,-0.1888,-0.0567,0.1096,-0.1675,-9.7826,-0.2455,-0.0578,-6.075,-4.0109,-10.0859,Joe Courtney
1444,1997-1999,3977.0,3997.0,0.306,-0.7284,-0.5072,0.4806,-0.2427,-1.4605,-0.4224,-0.0266,-1.7032,-0.4439,-1.7083,-2.1521,Lawrence Funderburke
1472,1997-1999,184.0,186.0,-7.1722,-3.2353,1.0482,0.124,-0.0511,-0.3827,-10.4075,1.1722,-0.4338,-6.1751,-3.4941,-9.6692,Tom Chambers
1474,1997-1999,25.0,24.0,-2.5842,1.6217,0.2117,0.372,0.0041,-0.0385,-0.9625,0.5837,-0.0344,-2.3684,1.9552,-0.4132,Larry Krystkowiak
1477,1997-1999,3560.0,3557.0,-2.4053,1.3975,0.7446,1.2515,0.3323,0.4372,-1.0078,1.9962,0.7695,-1.3284,3.0863,1.7579,Bruce Bowen
1478,1997-1999,111.0,114.0,-3.7918,-1.3394,0.3598,0.4536,-0.0064,-0.0159,-5.1312,0.8133,-0.0223,-3.4385,-0.9017,-4.3401,Stevin Smith
1479,1997-1999,154.0,155.0,-2.8129,-0.1089,0.6443,0.2223,0.0544,-0.1999,-2.9218,0.8666,-0.1456,-2.1142,-0.0865,-2.2008,Mike Brown
1489,1997-1999,1036.0,1031.0,-2.1994,-1.0959,0.1062,0.5587,-0.1847,-0.4435,-3.2952,0.665,-0.6282,-2.2778,-0.9807,-3.2585,Lionel Simmons
1495,1997-1999,9580.0,9520.0,1.512,3.1018,0.1777,1.1976,0.2457,0.6685,4.6138,1.3753,0.9141,1.9353,4.9679,6.9032,Tim Duncan
1496,1997-1999,7535.0,7506.0,-0.2029,-1.7943,0.3434,-0.3118,0.2345,0.7885,-1.9972,0.0316,1.0231,0.375,-1.3176,-0.9425,Keith Van Horn
1497,1997-1999,7152.0,7141.0,1.3809,-2.3621,-0.6126,-0.3639,0.1278,-1.1459,-0.9813,-0.9765,-1.0181,0.8961,-3.8719,-2.9758,Chauncey Billups
1498,1997-1999,5008.0,5008.0,-0.8222,-2.4731,0.0993,-0.4748,0.0444,-0.7373,-3.2952,-0.3755,-0.6928,-0.6785,-3.6851,-4.3636,Antonio Daniels
1499,1997-1999,4960.0,4944.0,-2.5476,2.5814,0.0481,-0.284,-0.3163,-0.7438,0.0338,-0.2359,-1.0601,-2.8158,1.5536,-1.2622,Tony Battie
1500,1997-1999,8138.0,8128.0,-1.4855,-1.2308,0.0727,0.0289,0.3525,0.6816,-2.7163,0.1017,1.0341,-1.0602,-0.5203,-1.5805,Ron Mercer
1501,1997-1999,4924.0,4894.0,-0.0859,-1.2711,0.0272,-0.0864,-0.2783,-0.7148,-1.357,-0.0592,-0.9932,-0.3371,-2.0723,-2.4093,Tim Thomas
1502,1997-1999,2460.0,2455.0,-4.6659,1.4395,0.581,-0.2825,-0.5026,0.5087,-3.2264,0.2985,0.0061,-4.5875,1.6656,-2.9218,Adonal Foyle
1503,1997-1999,4488.0,4478.0,0.3989,1.4309,0.7081,0.2736,0.0562,-2.7576,1.8297,0.9817,-2.7014,1.1631,-1.0532,0.11,Tracy McGrady
1504,1997-1999,6101.0,6069.0,-1.0668,0.9299,-0.3025,-1.1838,0.2118,-1.3665,-0.1369,-1.4863,-1.1546,-1.1574,-1.6204,-2.7778,Danny Fortson
1505,1997-1999,4365.0,4374.0,-2.8523,-1.7529,0.166,-0.3947,-0.0672,0.2177,-4.6052,-0.2287,0.1505,-2.7535,-1.93,-4.6834,Tariq Abdul-Wahad
1506,1997-1999,936.0,933.0,-3.1029,-0.1901,0.3662,0.0983,-0.01,-0.7862,-3.293,0.4645,-0.7962,-2.7468,-0.878,-3.6248,Austin Croshere
1507,1997-1999,5313.0,5299.0,1.6647,-0.2612,-0.5597,0.0827,-0.376,1.5075,1.4035,-0.477,1.1314,0.729,1.329,2.058,Derek Anderson
1508,1997-1999,5734.0,5729.0,-2.4061,-2.1803,-0.3707,0.0639,0.1598,-0.9348,-4.5864,-0.3068,-0.7749,-2.6169,-3.0512,-5.6681,Maurice Taylor
1509,1997-1999,2997.0,3023.0,-3.124,4.9393,0.0416,-0.6053,-0.0181,0.1851,1.8152,-0.5637,0.167,-3.1005,4.519,1.4185,Kelvin Cato
1510,1997-1999,6917.0,6880.0,2.3305,2.9943,0.3423,0.1204,0.3063,0.2398,5.3248,0.4627,0.5461,2.979,3.3546,6.3336,Brevin Knight
1511,1997-1999,1579.0,1590.0,-3.7981,-0.2288,0.125,0.2865,0.5266,-0.2752,-4.0269,0.4115,0.2515,-3.1464,-0.2174,-3.3639,Johnny Taylor
1512,1997-1999,2231.0,2214.0,-3.2951,1.6795,0.0031,-0.3013,-0.109,-0.3866,-1.6156,-0.2982,-0.4956,-3.401,0.9916,-2.4094,Chris Anstey
1513,1997-1999,1125.0,1118.0,-1.8664,2.4181,-0.5289,0.6689,0.1417,0.1376,0.5517,0.14,0.2792,-2.2536,3.2245,0.9709,Scot Pollard
1514,1997-1999,34.0,33.0,-7.8392,-4.7152,0.2472,-0.3269,0.0168,-0.1428,-12.5544,-0.0797,-0.126,-7.5752,-5.1849,-12.7601,Paul Grant
1515,1997-1999,424.0,424.0,-0.4074,-0.7703,-0.1281,0.107,-0.1167,0.015,-1.1777,-0.021,-0.1017,-0.6522,-0.6483,-1.3004,Anthony Parker
1516,1997-1999,1525.0,1539.0,-3.7915,-3.8819,0.0439,0.0823,-0.0429,-0.7226,-7.6734,0.1262,-0.7654,-3.7905,-4.5222,-8.3126,Ed Gray
1517,1997-1999,5677.0,5663.0,-0.7044,-1.4729,0.0604,0.1816,0.0222,-0.7864,-2.1774,0.242,-0.7641,-0.6218,-2.0777,-2.6995,Bobby Jackson
1518,1997-1999,2350.0,2361.0,-4.205,-2.5492,-0.2026,0.1207,-0.4261,0.6638,-6.7542,-0.0818,0.2377,-4.8337,-1.7647,-6.5983,Rodrick Rhodes
1519,1997-1999,2201.0,2211.0,-2.8713,0.7242,-0.4663,0.6948,0.2869,0.8485,-2.1472,0.2285,1.1354,-3.0507,2.2674,-0.7833,John Thomas
1520,1997-1999,1177.0,1178.0,-3.1671,-1.828,0.0969,-0.3411,-0.1719,0.2926,-4.9951,-0.2442,0.1206,-3.2421,-1.8766,-5.1187,Charles Smith
1521,1997-1999,1024.0,1022.0,-2.7952,-2.8358,-1.111,0.4426,0.2133,-0.2716,-5.631,-0.6684,-0.0582,-3.6929,-2.6648,-6.3577,Jacque Vaughn
1522,1997-1999,867.0,871.0,-4.7747,-0.4611,-0.3753,0.0205,-0.1819,-0.5646,-5.2358,-0.3548,-0.7465,-5.3318,-1.0052,-6.337,Keith Booth
1525,1997-1999,760.0,761.0,-2.7372,-2.0996,0.6445,0.3318,0.2371,0.3383,-4.8368,0.9762,0.5754,-1.8556,-1.4295,-3.2851,Charles O'Bannon
1526,1997-1999,212.0,217.0,-2.5603,-1.3473,-0.7649,-1.4608,-0.108,-0.6568,-3.9076,-2.2257,-0.7648,-3.4331,-3.4649,-6.8981,James Cotton
1527,1997-1999,445.0,452.0,-1.8226,-0.9967,0.484,0.1751,0.0147,0.3501,-2.8193,0.6591,0.3648,-1.3239,-0.4715,-1.7954,Marko Milic
1528,1997-1999,777.0,769.0,-2.5901,-0.8741,0.5721,0.1506,-0.1285,-0.9304,-3.4641,0.7227,-1.0589,-2.1464,-1.6539,-3.8003,Bubba Wells
1529,1997-1999,227.0,236.0,-2.4486,0.9903,-0.3937,-0.5913,0.0875,0.1853,-1.4583,-0.985,0.2729,-2.7548,0.5843,-2.1705,Kebu Stewart
1530,1997-1999,228.0,225.0,-2.6922,-3.8272,-0.2909,-0.4904,-0.0025,-0.1867,-6.5195,-0.7813,-0.1892,-2.9856,-4.5044,-7.49,James Collins
1532,1997-1999,1266.0,1268.0,-2.6683,-1.9222,-0.0161,-0.0562,0.1412,0.2215,-4.5905,-0.0723,0.3626,-2.5432,-1.757,-4.3001,Jerald Honeycutt
1533,1997-1999,5999.0,6027.0,-1.9837,-2.5622,0.1864,-0.1544,-0.1191,0.2608,-4.5459,0.032,0.1417,-1.9164,-2.4558,-4.3722,Anthony Johnson
1535,1997-1999,159.0,156.0,-0.0222,5.3076,-0.3055,0.0514,0.1149,-0.2357,5.2854,-0.2541,-0.1208,-0.2128,5.1233,4.9105,Jason Lawson
1538,1997-1999,7612.0,7586.0,-2.8832,0.1932,0.2402,-0.0188,0.2196,-0.6145,-2.69,0.2214,-0.3949,-2.4235,-0.4401,-2.8635,Cedric Henderson
1539,1997-1999,325.0,321.0,-2.3632,-2.5676,-0.9831,0.2597,-0.0718,0.0006,-4.9307,-0.7234,-0.0712,-3.4181,-2.3073,-5.7254,God Shammgod
1540,1997-1999,4358.0,4350.0,-2.433,-1.7095,0.6634,-0.0136,-0.6037,-1.2799,-4.1425,0.6498,-1.8836,-2.3734,-3.0029,-5.3763,Eric Washington
1541,1997-1999,4065.0,4073.0,-1.6756,-0.8073,-0.2544,-0.1563,0.0874,-0.1926,-2.4829,-0.4107,-0.1052,-1.8426,-1.1561,-2.9988,Alvin Williams
1544,1997-1999,1950.0,1925.0,-2.7856,-2.232,-0.7221,0.6087,0.1326,-0.0357,-5.0175,-0.1134,0.097,-3.3751,-1.6589,-5.034,Chris Crawford
1545,1997-1999,1417.0,1405.0,-0.3303,-2.5562,0.0308,0.0202,-0.2815,-0.1815,-2.8865,0.0509,-0.463,-0.581,-2.7175,-3.2986,DeJuan Wheat
1562,1997-1999,141.0,141.0,-4.3776,-1.8478,1.0447,0.5528,-0.0011,0.1215,-6.2254,1.5975,0.1204,-3.334,-1.1735,-4.5075,Gerard King
1563,1997-1999,946.0,958.0,-2.6642,-2.5329,0.1729,0.1419,-0.1099,0.4675,-5.1971,0.3148,0.3576,-2.6012,-1.9235,-4.5247,Kevin Ollie
1564,1997-1999,37.0,35.0,-8.6421,-0.6744,1.3936,-0.107,-0.0476,0.1879,-9.3165,1.2866,0.1403,-7.2961,-0.5935,-7.8896,Etdrick Bohannon
1565,1997-1999,4129.0,4156.0,-3.6739,3.9827,0.8699,0.1665,0.0089,0.3215,0.3088,1.0364,0.3304,-2.7952,4.4707,1.6756,Michael Stewart
1569,1997-1999,1649.0,1673.0,-3.3719,2.4455,0.2226,-0.7716,0.1107,-1.1609,-0.9264,-0.549,-1.0502,-3.0386,0.5129,-2.5257,Keith Closs
1575,1997-1999,81.0,78.0,-1.7341,-0.2475,-0.3487,-1.0055,0.0329,-0.4128,-1.9817,-1.3541,-0.3799,-2.0499,-1.6658,-3.7157,Derek Grimm
1576,1997-1999,814.0,823.0,-2.7476,-0.9294,1.0975,0.4735,-0.0828,-0.9797,-3.677,1.5709,-1.0626,-1.7329,-1.4357,-3.1686,Travis Williams
1578,1997-1999,22.0,24.0,-6.7135,-1.656,1.2718,-0.8263,0.0019,0.0403,-8.3695,0.4455,0.0421,-5.4398,-2.442,-7.8818,Shea Seals
1585,1997-1999,295.0,287.0,-5.9401,-2.558,0.4206,-0.7163,0.1111,0.3283,-8.4981,-0.2957,0.4393,-5.4084,-2.9461,-8.3545,Brandon Williams
1591,1997-1999,49.0,50.0,-4.4966,-5.7576,0.3835,0.3854,-0.0196,-0.145,-10.2542,0.7689,-0.1646,-4.1327,-5.5172,-9.6499,Alvin Sims
1593,1997-1999,683.0,702.0,-3.2068,2.4976,0.04,-0.3186,-0.2746,0.4339,-0.7092,-0.2786,0.1593,-3.4414,2.6129,-0.8285,Charles Shackleford
1594,1997-1999,1369.0,1375.0,-1.1088,-2.0662,0.1345,0.0641,0.1673,-0.7799,-3.175,0.1986,-0.6126,-0.807,-2.7821,-3.589,Rick Brunson
1600,1997-1999,1718.0,1715.0,-1.8742,-0.7146,0.0961,0.1874,-0.4003,-0.9317,-2.5888,0.2835,-1.332,-2.1784,-1.459,-3.6374,Kornel David
1601,1997-1999,1627.0,1616.0,-2.0205,-1.5163,0.112,0.0599,0.0157,-0.6896,-3.5367,0.172,-0.6739,-1.8927,-2.146,-4.0386,Rusty LaRue
1607,1997-1999,1045.0,1043.0,0.839,-2.6026,0.1965,0.1512,0.1298,-0.1831,-1.7636,0.3477,-0.0534,1.1653,-2.6345,-1.4692,Troy Hudson
1612,1997-1999,606.0,595.0,-4.1676,-0.1156,-0.4288,0.6668,-0.1523,-0.8453,-4.2832,0.238,-0.9976,-4.7487,-0.2941,-5.0428,Chris Garner
1619,1997-1999,449.0,451.0,-2.5524,-2.4441,0.3557,0.4335,-0.1478,-0.8017,-4.9964,0.7892,-0.9495,-2.3445,-2.8122,-5.1567,Kiwane Garris
1630,1997-1999,10.0,9.0,-4.9239,-2.9001,0.3587,0.1433,0.0134,0.1077,-7.8241,0.502,0.1211,-4.5518,-2.6491,-7.2009,Mikki Moore
1666,1997-1999,445.0,449.0,-0.7592,-0.514,0.0283,0.3658,-0.0113,0.2676,-1.2732,0.3941,0.2563,-0.7422,0.1194,-0.6228,Gerald Madkins
1667,1997-1999,182.0,176.0,-1.6841,-1.7048,-0.0481,0.0758,0.0678,0.0642,-3.3889,0.0277,0.1319,-1.6644,-1.5649,-3.2293,Steve Henson
1677,1997-1999,669.0,664.0,0.1817,1.5326,-0.2824,0.3233,0.0119,-0.6426,1.7143,0.041,-0.6307,-0.0888,1.2133,1.1246,Harold Ellis
1680,1997-1999,124.0,123.0,-3.5938,-1.2199,0.7942,-0.6688,0.0658,0.0629,-4.8137,0.1254,0.1286,-2.7338,-1.8259,-4.5597,Brian Oliver
1682,1997-1999,54.0,55.0,-7.6463,0.8798,0.0197,-0.6546,-0.0112,0.0371,-6.7665,-0.635,0.0259,-7.6379,0.2623,-7.3755,Reggie Hanson
1683,1997-1999,87.0,89.0,-1.7453,-0.4052,0.0519,-1.085,-0.0474,-0.1228,-2.1506,-1.033,-0.1702,-1.7408,-1.613,-3.3538,Larry Robinson
1709,1997-1999,2393.0,2386.0,-4.2228,0.0569,-0.4979,-1.1486,-0.0541,-0.3266,-4.1659,-1.6466,-0.3807,-4.7749,-1.4184,-6.1932,Michael Olowokandi
1710,1997-1999,3316.0,3319.0,0.5953,-1.364,-0.6094,-0.4571,-0.1319,-0.1937,-0.7686,-1.0665,-0.3256,-0.146,-2.0148,-2.1608,Mike Bibby
1711,1997-1999,741.0,739.0,0.1386,1.089,-0.442,-0.4481,0.1078,-0.0821,1.2276,-0.89,0.0256,-0.1956,0.5587,0.3632,Raef LaFrentz
1712,1997-1999,2013.0,2007.0,-1.3278,-0.9639,0.2456,-0.9533,-0.1236,1.9608,-2.2917,-0.7077,1.8372,-1.2058,0.0436,-1.1622,Antawn Jamison
1713,1997-1999,3280.0,3281.0,0.7824,0.1665,-0.0799,0.2997,0.5303,-0.0536,0.949,0.2198,0.4768,1.2328,0.4127,1.6455,Vince Carter
1714,1997-1999,1442.0,1434.0,-1.4777,4.9138,0.3485,-0.6783,0.5841,-0.1762,3.4361,-0.3298,0.408,-0.5451,4.0594,3.5142,Robert Traylor
1715,1997-1999,3719.0,3727.0,1.2771,-1.6887,-1.0304,-0.1456,-0.0195,-0.713,-0.4116,-1.176,-0.7325,0.2272,-2.5473,-2.3201,Jason Williams
1716,1997-1999,1927.0,1935.0,-0.0881,-1.0449,0.0998,-0.0563,-0.0526,0.8225,-1.1331,0.0435,0.7699,-0.0409,-0.2787,-0.3197,Larry Hughes
1717,1997-1999,1833.0,1822.0,-1.5767,0.0722,-0.1775,-0.3751,0.4916,-0.0464,-1.5044,-0.5526,0.4452,-1.2626,-0.3492,-1.6118,Dirk Nowitzki
1718,1997-1999,3140.0,3122.0,0.9297,-0.3948,0.2982,0.501,0.3215,-0.3486,0.535,0.7992,-0.0271,1.5494,-0.2424,1.307,Paul Pierce
1719,1997-1999,81.0,82.0,-2.0028,-2.4449,0.7559,0.1253,-0.0562,0.0661,-4.4477,0.8812,0.0099,-1.3032,-2.2535,-3.5567,Bonzi Wells
1720,1997-1999,1473.0,1461.0,-2.5931,-0.0064,-0.5523,0.6438,0.2894,-0.2645,-2.5995,0.0915,0.0249,-2.856,0.3729,-2.4831,Michael Doleac
1721,1997-1999,783.0,796.0,-3.7789,2.1228,0.1303,-0.3746,0.1153,0.0912,-1.6561,-0.2442,0.2065,-3.5333,1.8395,-1.6939,Keon Clark
1722,1997-1999,2917.0,2913.0,-1.4796,-3.9394,0.64,0.0157,-0.0484,0.6938,-5.419,0.6557,0.6454,-0.8879,-3.2299,-4.1179,Michael Dickerson
1723,1997-1999,2089.0,2084.0,-1.8114,-1.69,0.0929,0.0668,0.0609,-0.1363,-3.5013,0.1597,-0.0754,-1.6575,-1.7595,-3.417,Matt Harpring
1724,1997-1999,848.0,842.0,-3.1441,-1.9199,-0.8014,0.5244,-0.0441,-0.172,-5.064,-0.277,-0.2161,-3.9897,-1.5675,-5.5572,Bryce Drew
1725,1997-1999,61.0,60.0,-7.3495,-4.5513,0.4389,0.1041,0.0456,0.0243,-11.9008,0.5429,0.0699,-6.865,-4.4229,-11.288,Rasho Nesterovic
1727,1997-1999,1019.0,1016.0,-1.5355,-0.9636,0.1976,0.1194,0.1778,0.0089,-2.499,0.317,0.1867,-1.1601,-0.8352,-1.9953,Pat Garrity
1728,1997-1999,648.0,650.0,-3.3905,-4.0304,0.2282,-0.0904,0.1334,-0.1499,-7.4209,0.1378,-0.0165,-3.0289,-4.2707,-7.2996,Roshown McLeod
1729,1997-1999,1054.0,1075.0,-2.0903,-2.225,-0.1241,0.2147,0.0927,0.2322,-4.3154,0.0906,0.3248,-2.1217,-1.7782,-3.8999,Ricky Davis
1730,1997-1999,494.0,492.0,-3.9003,-0.2345,0.1261,-0.7962,-0.0043,0.5094,-4.1347,-0.6701,0.5051,-3.7785,-0.5212,-4.2997,Brian Skinner
1731,1997-1999,378.0,378.0,-2.3119,-3.3846,-0.7718,0.3191,0.1422,-0.6574,-5.6965,-0.4527,-0.5152,-2.9415,-3.7229,-6.6644,Tyronn Lue
1732,1997-1999,2290.0,2290.0,-2.2359,-1.1285,0.556,0.2904,-0.0452,0.0295,-3.3645,0.8464,-0.0157,-1.7251,-0.8087,-2.5338,Felipe Lopez
1733,1997-1999,293.0,299.0,-5.4677,-3.535,-0.639,0.1432,-0.0218,0.0048,-9.0027,-0.4958,-0.0169,-6.1285,-3.3869,-9.5154,Al Harrington
1734,1997-1999,25.0,27.0,-4.4697,-1.7985,0.1278,-0.4706,0.0254,0.1171,-6.2682,-0.3429,0.1425,-4.3166,-2.1521,-6.4686,Sam Jacobson
1735,1997-1999,607.0,605.0,-4.8814,1.0517,-0.2552,-0.3152,0.1709,-0.9291,-3.8297,-0.5704,-0.7582,-4.9657,-0.1927,-5.1583,Vladimir Stepania
1736,1997-1999,616.0,617.0,-4.2827,-1.5223,-0.5488,-0.0715,-0.1417,-0.2527,-5.805,-0.6203,-0.3944,-4.9732,-1.8465,-6.8197,Corey Benjamin
1737,1997-1999,256.0,252.0,-5.5957,-2.4876,-0.5117,-0.4002,0.1069,0.6935,-8.0834,-0.9119,0.8004,-6.0005,-2.1944,-8.1948,Nazr Mohammed
1739,1997-1999,285.0,297.0,-2.7052,-2.9967,-0.8416,-0.603,0.0581,-0.2784,-5.7019,-1.4446,-0.2204,-3.4887,-3.8781,-7.3669,Ruben Patterson
1740,1997-1999,309.0,314.0,-6.0558,-4.1205,0.3299,-0.6039,-0.1186,-0.0673,-10.1762,-0.274,-0.1859,-5.8444,-4.7916,-10.6361,Rashard Lewis
1741,1997-1999,641.0,644.0,0.5739,5.4721,-1.4856,-0.7201,-0.1154,-0.9081,6.046,-2.2057,-1.0234,-1.0271,3.8439,2.8169,Jelani McCoy
1742,1997-1999,12.0,11.0,-5.0631,-4.1044,0.4213,0.2789,0.0108,-0.0806,-9.1676,0.7003,-0.0698,-4.631,-3.9061,-8.5371,Shammond Williams
1743,1997-1999,25.0,25.0,-7.536,-4.8374,0.4219,0.0258,-0.0166,-0.1286,-12.3734,0.4477,-0.1452,-7.1306,-4.9402,-12.0709,Bruno Sundov
1744,1997-1999,97.0,96.0,-7.003,-0.8608,1.0828,-0.1521,-0.1103,0.0524,-7.8638,0.9307,-0.0579,-6.0305,-0.9605,-6.991,Jerome James
1745,1997-1999,35.0,35.0,-9.0147,-7.4688,-0.148,0.3042,-0.0382,0.2283,-16.4835,0.1562,0.1901,-9.201,-6.9363,-16.1372,Casey Shaw
1748,1997-1999,32.0,30.0,-2.5918,-3.1667,0.345,-0.1287,-0.0115,0.1064,-5.7586,0.2163,0.0949,-2.2583,-3.189,-5.4473,Korleone Young
1749,1997-1999,2722.0,2729.0,-0.6005,-1.6382,-0.1094,-0.1264,-0.0154,-0.5634,-2.2387,-0.2357,-0.5789,-0.7253,-2.328,-3.0533,Cuttino Mobley
1750,1997-1999,37.0,38.0,-6.6651,-4.4888,0.8257,-0.1314,-0.0387,0.0584,-11.1539,0.6942,0.0196,-5.8782,-4.5619,-10.4401,Miles Simon
1751,1997-1999,369.0,366.0,-4.6747,1.2165,0.1116,-0.4808,0.0768,-0.203,-3.4582,-0.3692,-0.1262,-4.4863,0.5327,-3.9537,Jahidi White
1752,1997-1999,54.0,58.0,-6.071,-3.1625,-0.2239,-0.8111,0.0161,-0.5226,-9.2335,-1.035,-0.5064,-6.2788,-4.4962,-10.775,Sean Marks
1753,1997-1999,477.0,476.0,-3.4807,-2.3234,0.1698,0.1651,-0.0374,-0.3668,-5.8041,0.3349,-0.4042,-3.3484,-2.5251,-5.8734,Toby Bailey
1754,1997-1999,560.0,568.0,-2.7288,1.471,0.6044,-0.447,-0.0856,0.1045,-1.2577,0.1573,0.0189,-2.2099,1.1285,-1.0814,Andrae Patterson
1755,1997-1999,6.0,7.0,-3.311,-3.947,-0.4973,0.0741,0.0324,-0.0235,-7.2581,-0.4232,0.009,-3.776,-3.8964,-7.6724,Tyson Wheeler
1756,1997-1999,347.0,348.0,-4.6965,-1.1325,0.2069,0.8446,0.0344,-0.8734,-5.829,1.0514,-0.8391,-4.4553,-1.1614,-5.6166,Ryan Stack
1757,1997-1999,1174.0,1169.0,-4.5913,-2.7555,-0.2085,0.0589,-0.1524,-0.0591,-7.3468,-0.1496,-0.2115,-4.9522,-2.7557,-7.7079,Cory Carr
1764,1997-1999,603.0,600.0,-3.5088,-2.9325,0.5484,0.2181,-0.1155,0.2743,-6.4413,0.7665,0.1588,-3.0759,-2.44,-5.5159,J.R. Henderson
1800,1997-1999,696.0,690.0,-0.0728,-2.3763,-0.3752,0.1386,0.0675,0.4376,-2.4491,-0.2366,0.5051,-0.3806,-1.8001,-2.1807,Damon Jones
1801,1997-1999,9.0,9.0,-7.0314,-4.122,0.0305,0.0908,0.0091,0.0156,-11.1534,0.1213,0.0248,-6.9918,-4.0156,-11.0074,Jonathan Kerner
1802,1997-1999,890.0,896.0,1.2986,3.2383,-0.7912,0.114,0.4101,0.0324,4.5368,-0.6772,0.4425,0.9175,3.3846,4.3021,Brad Miller
1817,1997-1999,40.0,42.0,-2.9612,-2.4596,0.1427,0.1524,-0.0495,-0.1816,-5.4208,0.295,-0.2311,-2.8681,-2.4889,-5.357,Adonis Jordan
1820,1997-1999,10.0,11.0,-5.2835,-4.2935,-0.1779,0.4019,-0.015,0.1373,-9.5771,0.224,0.1224,-5.4764,-3.7543,-9.2307,Kelly McCarty
1823,1997-1999,50.0,47.0,-6.8127,-3.0035,-0.0736,0.6993,0.0298,-0.1408,-9.8162,0.6257,-0.111,-6.8565,-2.4449,-9.3014,Makhtar N'diaye
1824,1997-1999,14.0,14.0,-6.7641,-2.5312,0.5911,-0.198,-0.031,-0.0133,-9.2953,0.3931,-0.0443,-6.2041,-2.7424,-8.9465,Peter Aluma
1831,1997-1999,429.0,429.0,-2.8247,-2.5687,-0.2101,0.4758,-0.3987,0.4329,-5.3935,0.2657,0.0342,-3.4335,-1.66,-5.0936,Marlon Garnett
1838,1997-1999,2435.0,2425.0,0.4863,2.1068,-0.0276,0.4483,0.4008,-1.2748,2.5931,0.4207,-0.874,0.8595,1.2804,2.1399,Tyrone Nesby
1845,1997-1999,125.0,122.0,-3.2717,-4.274,-0.0539,0.5868,0.0758,0.43,-7.5458,0.5329,0.5058,-3.2498,-3.2573,-6.5071,Andrew Gaze
1847,1997-1999,992.0,993.0,-3.7701,0.4096,0.4235,0.456,0.0127,0.7771,-3.3605,0.8794,0.7898,-3.334,1.6427,-1.6913,Thurl Bailey
1852,1997-1999,345.0,352.0,-2.9158,-2.563,0.5106,0.4509,-0.0299,0.3698,-5.4788,0.9614,0.3399,-2.4351,-1.7423,-4.1774,Jeff Sheppard
1855,1997-1999,140.0,139.0,-8.0408,-5.1733,1.6593,0.6764,0.0785,0.2921,-13.2141,2.3356,0.3705,-6.303,-4.2049,-10.5079,Mark Macon
1858,1997-1999,3.0,3.0,-6.7519,-4.6625,0.5632,0.2689,-0.0045,0.0018,-11.4144,0.8321,-0.0028,-6.1932,-4.3918,-10.585,Mark Baker
1861,1997-1999,110.0,111.0,-4.8142,-2.8744,0.7888,0.6208,-0.0143,-0.1981,-7.6886,1.4096,-0.2125,-4.0397,-2.4518,-6.4915,Negele Knight
1863,1997-1999,404.0,409.0,-2.4924,-3.8413,-0.0456,-0.2548,-0.0882,0.1687,-6.3337,-0.3004,0.0805,-2.6262,-3.9274,-6.5536,Earl Boykins
1868,1997-1999,9.0,9.0,-6.4713,-2.4159,0.4867,-0.3048,0.0051,-0.0243,-8.8871,0.1819,-0.0192,-5.9795,-2.7449,-8.7244,Trevor Winter
1869,1997-1999,880.0,888.0,-2.4513,-2.542,0.1113,0.4622,-0.0761,-0.5466,-4.9934,0.5735,-0.6227,-2.4162,-2.6264,-5.0426,Charles Jones
1871,1997-1999,461.0,460.0,-3.9393,-4.3048,0.1251,0.1793,-0.0148,-0.2895,-8.2441,0.3044,-0.3043,-3.8289,-4.415,-8.2439,Gerald Brown
1872,1997-1999,538.0,536.0,-4.2984,-4.084,-0.5644,-0.0703,-0.059,0.0463,-8.3824,-0.6348,-0.0127,-4.9219,-4.108,-9.0299,Randell Jackson
3,2000-2002,8245.0,8264.0,-2.6197,0.6229,0.3797,0.1888,-0.2676,0.6558,-1.9968,0.5685,0.3882,-2.5076,1.4674,-1.0402,Grant Long
15,2000-2002,10763.0,10745.0,1.2266,-1.7004,-0.0305,-0.1692,0.3611,-1.1775,-0.4738,-0.1997,-0.8164,1.5572,-3.047,-1.4898,Eric Piatkowski
21,2000-2002,7340.0,7357.0,0.8041,-0.9367,-0.8314,0.1688,-0.0343,-0.2694,-0.1326,-0.6626,-0.3037,-0.0616,-1.0373,-1.0989,Greg Anthony
22,2000-2002,3669.0,3640.0,-1.2496,0.7246,-0.3476,0.486,-0.1111,0.3283,-0.525,0.1384,0.2172,-1.7083,1.539,-0.1693,Rik Smits
23,2000-2002,754.0,769.0,-3.4933,2.2472,0.2821,-0.1618,-0.0729,-0.6854,-1.2461,0.1204,-0.7584,-3.2841,1.4,-1.8841,Dennis Rodman
26,2000-2002,3291.0,3267.0,-5.4497,-0.6264,0.7482,0.6704,-0.2711,1.4739,-6.0761,1.4186,1.2027,-4.9726,1.5179,-3.4548,Luc Longley
28,2000-2002,1466.0,1477.0,-3.5618,-1.0337,0.8414,0.7307,0.04,0.9472,-4.5956,1.5721,0.9872,-2.6805,0.6442,-2.0363,Doug West
29,2000-2002,2423.0,2411.0,-5.6939,4.5262,0.2698,0.2437,0.0879,0.3062,-1.1678,0.5135,0.3941,-5.3362,5.076,-0.2602,Jim McIlvaine
31,2000-2002,157.0,158.0,-2.7279,2.4005,-0.0416,0.1984,-0.0109,-0.1895,-0.3273,0.1568,-0.2004,-2.7804,2.4094,-0.371,Lorenzo Williams
42,2000-2002,7944.0,7999.0,-1.6799,-1.1717,0.06,0.1795,-0.3414,0.3698,-2.8516,0.2396,0.0284,-1.9613,-0.6223,-2.5836,Monty Williams
43,2000-2002,10212.0,10175.0,2.2921,-1.1655,-0.3644,-0.033,-0.0609,0.0745,1.1267,-0.3974,0.0136,1.8669,-1.1239,0.7429,Chris Whitney
45,2000-2002,11652.0,11637.0,-0.0091,-1.6799,-0.2806,0.0908,0.0441,-2.148,-1.689,-0.1898,-2.104,-0.2457,-3.7371,-3.9828,George McCloud
49,2000-2002,544.0,548.0,-3.7181,-0.0071,0.0507,-0.0922,-0.0506,0.6101,-3.7252,-0.0415,0.5594,-3.718,0.5107,-3.2072,Gheorghe Muresan
51,2000-2002,933.0,939.0,0.9635,-3.6572,0.236,-0.0837,-0.0174,0.2925,-2.6937,0.1523,0.2751,1.1821,-3.4484,-2.2663,Mahmoud Abdul-Rauf
53,2000-2002,7102.0,7086.0,-1.2425,-0.6559,-0.1703,0.0743,-0.0042,0.4437,-1.8984,-0.0961,0.4395,-1.417,-0.1379,-1.5549,Mario Elie
54,2000-2002,3088.0,3075.0,-5.6471,-1.4134,0.091,0.5365,-0.4774,0.9606,-7.0605,0.6275,0.4832,-6.0335,0.0838,-5.9498,Dickey Simpkins
55,2000-2002,21.0,19.0,-6.75,-1.8379,0.6419,0.4871,-0.0251,-0.0277,-8.5879,1.129,-0.0528,-6.1332,-1.3785,-7.5117,Marty Conlon
56,2000-2002,19175.0,19182.0,5.2978,-0.7165,-0.0347,-0.0008,0.0445,0.6506,4.5812,-0.0355,0.695,5.3075,-0.0667,5.2408,Gary Payton
57,2000-2002,15941.0,15932.0,1.1684,1.2118,-0.3249,0.2076,0.0436,-1.1582,2.3801,-0.1173,-1.1146,0.8871,0.2612,1.1482,Doug Christie
63,2000-2002,5352.0,5392.0,-0.7204,2.9377,-0.1931,-0.667,-0.5279,-1.724,2.2173,-0.8602,-2.2519,-1.4414,0.5466,-0.8947,Michael Smith
64,2000-2002,4949.0,4964.0,-0.2366,0.4282,0.2978,0.0789,-0.0221,1.407,0.1916,0.3767,1.3848,0.0391,1.914,1.9531,Sam Perkins
67,2000-2002,839.0,864.0,-3.9943,-1.0971,-0.041,-0.7433,-0.2456,-0.186,-5.0914,-0.7843,-0.4316,-4.2809,-2.0264,-6.3073,Tom Hammonds
70,2000-2002,3210.0,3228.0,0.2069,-2.5763,-0.2483,-0.2865,0.0985,0.0134,-2.3694,-0.5348,0.1119,0.0571,-2.8493,-2.7922,Steve Kerr
72,2000-2002,11482.0,11460.0,0.8929,0.0434,-0.4235,-0.0698,-0.1073,-0.1263,0.9364,-0.4934,-0.2336,0.3621,-0.1527,0.2093,Kenny Anderson
76,2000-2002,5224.0,5234.0,1.0994,-1.6555,-0.8995,-0.528,-0.4345,-0.8063,-0.5561,-1.4276,-1.2408,-0.2347,-2.9898,-3.2244,Cedric Ceballos
77,2000-2002,2076.0,2076.0,-2.1628,-3.6936,0.2938,-0.1007,0.0053,-0.4119,-5.8564,0.1932,-0.4066,-1.8637,-4.2061,-6.0699,Doug Overton
82,2000-2002,110.0,111.0,-6.9677,1.089,0.2678,-0.2038,0.0324,0.0732,-5.8787,0.0639,0.1056,-6.6675,0.9584,-5.7091,Bill Wennington
84,2000-2002,17949.0,17931.0,0.2134,-2.313,0.2759,-0.0797,0.2625,1.8872,-2.0996,0.1962,2.1497,0.7518,-0.5055,0.2462,Latrell Sprewell
85,2000-2002,1078.0,1066.0,-1.8864,-2.0113,-0.9504,0.4108,0.0681,-0.1389,-3.8977,-0.5397,-0.0708,-2.7687,-1.7394,-4.5082,Brent Price
87,2000-2002,15861.0,15849.0,-0.7386,5.2122,0.7313,0.969,0.3015,0.8601,4.4736,1.7003,1.1616,0.2942,7.0412,7.3355,Dikembe Mutombo
89,2000-2002,15794.0,15799.0,3.5405,-3.0015,0.0967,-0.3376,0.1156,-0.4463,0.539,-0.2409,-0.3307,3.7528,-3.7854,-0.0325,Nick Van Exel
93,2000-2002,9271.0,9268.0,-0.6891,-2.951,-0.0124,-0.3346,-0.0179,-1.239,-3.6401,-0.3471,-1.257,-0.7194,-4.5246,-5.2441,Hubert Davis
95,2000-2002,3935.0,3947.0,-3.6121,-0.2929,0.4349,0.676,-0.2634,0.6301,-3.9049,1.1109,0.3667,-3.4406,1.0133,-2.4273,Mark Bryant
96,2000-2002,3876.0,3899.0,-0.3502,0.3144,0.1831,0.2351,0.2002,-0.2763,-0.0358,0.4182,-0.0761,0.0331,0.2732,0.3063,Detlef Schrempf
98,2000-2002,5292.0,5305.0,-0.5285,-1.1672,-1.4963,0.1087,-0.2374,0.3889,-1.6957,-1.3876,0.1515,-2.2622,-0.6696,-2.9319,Nick Anderson
100,2000-2002,591.0,583.0,-2.764,-2.4365,-0.5837,0.5196,-0.1425,-0.7263,-5.2005,-0.0641,-0.8688,-3.4902,-2.6432,-6.1334,Tim Legler
103,2000-2002,2590.0,2594.0,-0.3437,-0.1284,-0.5491,0.8918,0.6354,-0.208,-0.4721,0.3427,0.4274,-0.2574,0.5554,0.298,Todd Day
104,2000-2002,17.0,18.0,-7.5069,-0.9944,0.3005,0.3844,0.0113,0.1085,-8.5013,0.6849,0.1199,-7.1952,-0.5014,-7.6966,Benoit Benjamin
105,2000-2002,9068.0,9078.0,-0.0027,1.3091,0.6011,-0.1607,0.2706,0.3945,1.3063,0.4404,0.6651,0.8689,1.5429,2.4119,Dan Majerle
107,2000-2002,1100.0,1087.0,-1.0978,-2.5355,-0.5752,-0.1263,0.1459,0.2781,-3.6333,-0.7015,0.4241,-1.5271,-2.3836,-3.9107,Dale Ellis
109,2000-2002,10591.0,10577.0,-0.6676,2.6847,0.334,0.3141,-0.3086,0.3804,2.017,0.648,0.0718,-0.6422,3.3792,2.7369,Robert Horry
111,2000-2002,9296.0,9326.0,-1.5546,0.1014,-0.1263,0.1903,-0.5004,-0.6825,-1.4532,0.064,-1.183,-2.1813,-0.3908,-2.5721,LaPhonso Ellis
120,2000-2002,14081.0,14069.0,1.9973,-1.6941,-0.3335,-0.0233,0.5067,-0.7415,0.3032,-0.3567,-0.2348,2.1706,-2.4589,-0.2883,Steven Smith
121,2000-2002,9569.0,9559.0,-2.4843,2.3168,-0.1284,-0.9596,-0.0036,-0.069,-0.1676,-1.088,-0.0726,-2.6163,1.2881,-1.3282,Patrick Ewing
123,2000-2002,4391.0,4398.0,-0.7609,-1.729,-0.7955,0.0804,0.206,-1.0502,-2.4899,-0.7151,-0.8442,-1.3503,-2.6989,-4.0492,Robert Pack
124,2000-2002,14631.0,14652.0,-0.0938,2.4785,0.2714,0.5042,0.1703,2.1771,2.3846,0.7756,2.3474,0.3478,5.1597,5.5076,Vlade Divac
128,2000-2002,870.0,878.0,-2.7331,-0.776,0.217,0.0594,0.1431,-0.1561,-3.5091,0.2763,-0.0131,-2.3731,-0.8728,-3.2459,David Benoit
133,2000-2002,16047.0,16104.0,1.0284,-2.2961,-0.9115,-0.5074,-0.5633,0.3594,-1.2677,-1.419,-0.2038,-0.4464,-2.4441,-2.8905,David Wesley
134,2000-2002,216.0,223.0,1.2834,0.2978,-0.387,0.1892,0.0678,0.513,1.5812,-0.1979,0.5808,0.9641,0.9999,1.9641,Kevin Johnson
136,2000-2002,14411.0,14393.0,-0.6871,2.0997,1.2403,0.1481,0.8671,0.4315,1.4125,1.3884,1.2986,1.4202,2.6793,4.0995,P.J. Brown
137,2000-2002,3286.0,3275.0,-0.4033,-2.6575,-0.0537,0.0189,-0.438,0.296,-3.0608,-0.0348,-0.142,-0.8951,-2.3425,-3.2376,Vernon Maxwell
138,2000-2002,766.0,763.0,-6.7005,0.4792,0.3326,0.3987,0.0119,-0.7212,-6.2212,0.7313,-0.7093,-6.356,0.1568,-6.1992,Anthony Avent
145,2000-2002,5650.0,5665.0,0.3869,-1.7481,0.0497,-0.5009,0.0939,-1.2344,-1.3612,-0.4512,-1.1405,0.5305,-3.4835,-2.953,Tracy Murray
146,2000-2002,4183.0,4178.0,-1.9715,-0.2097,0.7463,0.1846,-0.0947,0.2605,-2.1811,0.9308,0.1657,-1.3199,0.2354,-1.0846,Jud Buechler
147,2000-2002,17487.0,17482.0,1.3459,-1.157,-0.0488,0.1538,0.2443,-0.033,0.1889,0.105,0.2113,1.5414,-1.0362,0.5052,Jalen Rose
156,2000-2002,426.0,426.0,-4.972,-0.4119,0.5297,0.3759,-0.1527,-0.1632,-5.384,0.9056,-0.3159,-4.5951,-0.1992,-4.7942,Antoine Carr
164,2000-2002,9476.0,9472.0,-2.3745,-0.87,-0.5905,1.0842,-0.0701,1.7269,-3.2445,0.4937,1.6568,-3.0351,1.9411,-1.0939,Chris Childs
165,2000-2002,7570.0,7560.0,-1.6617,4.2306,-0.7298,-0.8328,-0.2248,0.3355,2.5689,-1.5626,0.1107,-2.6163,3.7333,1.117,Hakeem Olajuwon
166,2000-2002,6091.0,6108.0,-1.0988,0.0834,-0.1516,0.3134,-0.0509,-0.2102,-1.0154,0.1617,-0.2611,-1.3013,0.1866,-1.1147,Ron Harper
168,2000-2002,4699.0,4675.0,-0.2707,-1.574,0.0842,-0.0709,-0.105,0.8886,-1.8446,0.0133,0.7836,-0.2914,-0.7563,-1.0477,Chris Mills
170,2000-2002,64.0,67.0,-6.6965,-0.6378,1.4279,0.1658,0.0859,0.1981,-7.3342,1.5937,0.284,-5.1827,-0.2738,-5.4565,Joe Kleine
176,2000-2002,490.0,501.0,-3.7882,0.992,0.3013,0.1879,0.0334,-0.0899,-2.7961,0.4892,-0.0565,-3.4534,1.09,-2.3634,Antonio Harvey
177,2000-2002,3411.0,3408.0,0.3707,-0.5326,-0.1142,-0.3681,-0.228,-0.0632,-0.1619,-0.4823,-0.2912,0.0284,-0.9638,-0.9354,Muggsy Bogues
178,2000-2002,6458.0,6401.0,-4.0932,0.7935,-0.8042,0.5616,0.2351,0.8951,-3.2997,-0.2426,1.1302,-4.6624,2.2502,-2.4122,Olden Polynice
179,2000-2002,7472.0,7485.0,0.0958,-0.4427,-0.3271,0.1422,-0.2254,-0.7194,-0.3469,-0.1849,-0.9448,-0.4568,-1.0199,-1.4767,Bryant Stith
180,2000-2002,3906.0,3911.0,0.2755,-1.7859,-0.0479,-0.0149,0.1477,0.962,-1.5105,-0.0628,1.1096,0.3752,-0.8389,-0.4636,John Crotty
182,2000-2002,4177.0,4204.0,-3.0597,-0.6074,0.2715,0.2659,-0.0731,1.0646,-3.6671,0.5374,0.9915,-2.8613,0.7231,-2.1382,Billy Owens
184,2000-2002,1678.0,1691.0,0.3581,-1.409,0.1379,-0.094,-0.2097,0.8934,-1.0509,0.0439,0.6837,0.2863,-0.6096,-0.3233,Bobby Phills
185,2000-2002,15895.0,15881.0,2.7595,2.1852,-0.4569,0.5423,-0.0354,-0.1156,4.9447,0.0854,-0.1509,2.2673,2.6118,4.8792,Chris Webber
187,2000-2002,795.0,792.0,-2.4726,-0.6587,-0.7259,0.029,-0.0872,0.5248,-3.1313,-0.6969,0.4376,-3.2857,-0.1049,-3.3906,Terry Cummings
190,2000-2002,1057.0,1069.0,-5.8885,2.5996,-0.3206,-0.6758,0.0066,-1.6124,-3.2888,-0.9964,-1.6058,-6.2025,0.3114,-5.8911,Duane Causwell
192,2000-2002,2430.0,2443.0,-0.6141,-1.8212,-0.5314,0.3377,0.1041,-0.4678,-2.4353,-0.1937,-0.3637,-1.0413,-1.9513,-2.9926,Dennis Scott
193,2000-2002,18102.0,18095.0,0.3608,0.8941,-0.3089,0.1595,0.0083,-1.1148,1.2549,-0.1493,-1.1066,0.0602,-0.0612,-0.001,Anthony Mason
197,2000-2002,2724.0,2712.0,0.2135,2.5599,-0.2902,0.307,0.0714,0.5327,2.7734,0.0168,0.6041,-0.0054,3.3997,3.3943,Scott Burrell
198,2000-2002,7289.0,7322.0,-1.1185,-0.5805,0.7711,-0.0757,0.4583,1.0855,-1.699,0.6954,1.5438,0.1109,0.4293,0.5402,Danny Ferry
201,2000-2002,2611.0,2632.0,-5.5241,1.841,-0.1849,0.444,0.4593,-0.3549,-3.683,0.2591,0.1043,-5.2497,1.9301,-3.3196,Chris Dudley
202,2000-2002,78.0,80.0,-4.4019,-2.846,-0.0178,0.3426,-0.0193,0.0209,-7.2479,0.3248,0.0017,-4.4389,-2.4825,-6.9214,Gary Grant
204,2000-2002,4095.0,4085.0,1.584,-1.5597,0.0541,-0.228,0.1733,0.6116,0.0243,-0.1739,0.7849,1.8115,-1.1762,0.6353,Jeff Hornacek
208,2000-2002,16088.0,16060.0,3.5264,-1.231,0.1218,0.0301,0.0062,-0.3091,2.2954,0.152,-0.3029,3.6545,-1.51,2.1445,Sam Cassell
209,2000-2002,5618.0,5624.0,1.467,-2.5174,-0.7014,0.0738,0.027,-0.6444,-1.0504,-0.6276,-0.6174,0.7926,-3.088,-2.2954,Dell Curry
210,2000-2002,12368.0,12361.0,3.6581,0.3307,-0.8154,-0.3849,-0.1157,-0.2218,3.9888,-1.2003,-0.3375,2.727,-0.2761,2.4509,Terrell Brandon
213,2000-2002,15518.0,15505.0,-0.4955,0.8724,-0.363,0.4731,0.0963,0.1227,0.3769,0.1101,0.219,-0.7622,1.4682,0.706,Antonio Davis
216,2000-2002,7264.0,7242.0,-1.0841,0.027,0.4293,0.0097,0.244,-1.3624,-1.0571,0.439,-1.1184,-0.4108,-1.3257,-1.7366,Brian Shaw
219,2000-2002,4167.0,4188.0,-0.7674,-1.3607,-0.6535,-0.1292,-0.0656,-1.3022,-2.1281,-0.7826,-1.3677,-1.4865,-2.792,-4.2784,Vinny Del Negro
221,2000-2002,11565.0,11604.0,-0.2188,2.6479,-1.0856,-0.467,-0.2464,-1.4327,2.4291,-1.5526,-1.6791,-1.5508,0.7482,-0.8026,Clar. Weatherspoon
223,2000-2002,997.0,1012.0,-4.9722,-0.0633,0.2784,0.1841,-0.0295,-0.4539,-5.0355,0.4625,-0.4835,-4.7233,-0.3331,-5.0564,Bill Curley
224,2000-2002,15460.0,15436.0,2.8007,1.3653,-0.2363,0.655,-0.293,2.1872,4.166,0.4187,1.8943,2.2714,4.2075,6.479,Eddie Jones
226,2000-2002,82.0,86.0,-7.5652,0.1292,1.6834,0.8931,-0.0248,-0.1613,-7.436,2.5766,-0.1861,-5.9066,0.861,-5.0455,Antonio Lang
228,2000-2002,2781.0,2796.0,-4.0105,0.2421,0.4108,0.7841,0.017,-0.8854,-3.7684,1.1948,-0.8684,-3.5827,0.1408,-3.442,Adam Keefe
234,2000-2002,93.0,92.0,-3.8852,-2.1415,-0.0011,0.3434,0.0228,0.1712,-6.0267,0.3422,0.1941,-3.8635,-1.627,-5.4905,Khalid Reeves
236,2000-2002,1255.0,1270.0,-3.3529,-1.1288,0.1464,0.2874,0.1023,0.7318,-4.4818,0.4338,0.8341,-3.1042,-0.1097,-3.2139,Kevin Edwards
238,2000-2002,10105.0,10105.0,-1.8127,0.314,0.4267,-0.8095,0.2558,-0.3979,-1.4987,-0.3828,-0.1421,-1.1302,-0.8934,-2.0236,Tyrone Hill
239,2000-2002,2179.0,2197.0,0.505,-2.6951,0.4746,-0.1543,-0.1604,-0.3529,-2.1901,0.3203,-0.5134,0.8192,-3.2024,-2.3832,Darrick Martin
243,2000-2002,11273.0,11265.0,0.1285,0.1638,0.1034,0.1865,-0.113,1.8706,0.2923,0.2899,1.7576,0.1189,2.2209,2.3398,Aaron McKie
244,2000-2002,1777.0,1773.0,0.2338,-2.3946,-1.5384,0.4073,-0.2043,0.537,-2.1608,-1.1311,0.3326,-1.509,-1.4503,-2.9593,Dee Brown
248,2000-2002,11434.0,11437.0,-1.5869,0.8403,0.1285,0.1857,-0.2761,1.4549,-0.7466,0.3142,1.1788,-1.7346,2.4809,0.7463,George Lynch
251,2000-2002,3048.0,3042.0,-0.8175,-0.4828,-0.409,0.007,-0.4168,1.2432,-1.3002,-0.402,0.8264,-1.6433,0.7674,-0.8758,Sean Elliott
252,2000-2002,16889.0,16867.0,3.9448,2.1942,0.3768,-0.4925,0.2716,-2.2882,6.139,-0.1157,-2.0167,4.5932,-0.5865,4.0067,Karl Malone
255,2000-2002,6868.0,6865.0,3.6059,0.0094,0.6529,0.0622,0.1433,-0.4753,3.6153,0.7152,-0.332,4.4022,-0.4036,3.9985,Grant Hill
258,2000-2002,11560.0,11519.0,-1.0966,0.8031,-0.2574,-0.0593,0.2955,0.4928,-0.2935,-0.3167,0.7884,-1.0585,1.2367,0.1782,Brian Grant
262,2000-2002,475.0,469.0,-2.4987,2.5282,1.1811,0.2261,-0.1633,0.1947,0.0296,1.4072,0.0314,-1.4809,2.949,1.4681,Michael Cage
270,2000-2002,14031.0,14092.0,-0.5316,0.5397,0.351,0.2871,0.1546,0.6444,0.0081,0.6382,0.7989,-0.026,1.4712,1.4452,Horace Grant
271,2000-2002,8847.0,8865.0,-0.2563,-1.3621,-1.1893,-0.218,-0.3272,0.315,-1.6184,-1.4073,-0.0122,-1.7728,-1.2651,-3.0379,Johnny Newman
275,2000-2002,16690.0,16664.0,1.3051,-2.9096,0.1083,-0.3235,0.0389,0.2061,-1.6045,-0.2152,0.2449,1.4523,-3.027,-1.5748,Allan Houston
278,2000-2002,6018.0,6053.0,-1.6095,0.3104,0.4696,0.2489,-0.0263,-0.2437,-1.2991,0.7186,-0.2699,-1.1661,0.3157,-0.8504,Stacey Augmon
280,2000-2002,964.0,982.0,-5.4553,1.941,-1.2053,0.1641,0.1068,0.5305,-3.5144,-1.0412,0.6373,-6.5538,2.6356,-3.9182,Felton Spencer
281,2000-2002,6710.0,6719.0,-2.0187,2.5307,0.4331,-0.2531,0.0709,0.4158,0.512,0.18,0.4867,-1.5147,2.6934,1.1788,Scott Williams
283,2000-2002,12860.0,12885.0,0.614,-0.8983,0.4143,0.2939,-0.0922,0.4231,-0.2843,0.7082,0.3309,0.9361,-0.1813,0.7548,Lindsey Hunter
288,2000-2002,1449.0,1449.0,-1.5816,-0.7761,-0.4151,0.0541,-0.2346,0.4232,-2.3577,-0.361,0.1886,-2.2313,-0.2989,-2.5301,Armen Gilliam
292,2000-2002,972.0,961.0,-1.9808,2.5343,-0.4749,-0.3149,0.0471,0.5319,0.5535,-0.7898,0.5789,-2.4086,2.7513,0.3426,Anthony Miller
296,2000-2002,11843.0,11799.0,-0.4618,-0.5082,0.2588,0.0646,-0.1591,0.7275,-0.97,0.3233,0.5684,-0.3621,0.2838,-0.0783,Rick Fox
297,2000-2002,10227.0,10185.0,0.5771,3.9442,-0.5126,0.3136,-0.1509,-0.4189,4.5213,-0.199,-0.5698,-0.0865,3.839,3.7525,Alonzo Mourning
299,2000-2002,15789.0,15755.0,1.2457,-0.9312,1.0905,-0.1577,0.1435,-2.1878,0.3145,0.9328,-2.0443,2.4796,-3.2767,-0.797,Glenn Robinson
302,2000-2002,10785.0,10790.0,1.181,0.049,-1.7758,-0.1158,-0.5108,0.3742,1.23,-1.8916,-0.1366,-1.1056,0.3073,-0.7983,Mookie Blaylock
304,2000-2002,14051.0,14047.0,4.8949,1.6407,0.2887,-0.2065,0.3445,1.4162,6.5357,0.0822,1.7607,5.5282,2.8504,8.3786,John Stockton
317,2000-2002,8154.0,8186.0,-1.5328,-2.4021,1.1125,-0.006,0.5953,0.4197,-3.9349,1.1064,1.015,0.1749,-1.9884,-1.8135,John Starks
323,2000-2002,2299.0,2285.0,-4.4326,0.0485,1.0671,0.1197,-0.2392,0.1266,-4.3841,1.1868,-0.1127,-3.6048,0.2948,-3.3099,Greg Foster
324,2000-2002,12102.0,12130.0,0.4649,-1.6258,-0.5836,0.052,-0.1607,-1.1599,-1.1609,-0.5316,-1.3206,-0.2794,-2.7337,-3.0131,Anthony Peeler
330,2000-2002,5852.0,5876.0,-2.7991,1.3713,0.8068,0.132,0.086,-0.1645,-1.4278,0.9388,-0.0786,-1.9064,1.3387,-0.5676,Danny Manning
339,2000-2002,7928.0,7923.0,-1.7608,0.7627,0.0503,0.1405,0.0446,1.0514,-0.9981,0.1908,1.096,-1.6659,1.9546,0.2886,Tom Gugliotta
344,2000-2002,5593.0,5613.0,0.6086,-2.4157,-0.1139,-0.3612,-0.4791,-1.0392,-1.8071,-0.4751,-1.5183,0.0156,-3.816,-3.8005,Dana Barros
345,2000-2002,8695.0,8714.0,1.8162,-0.3067,-0.6045,0.4484,0.2894,2.1486,1.5095,-0.1561,2.438,1.5011,2.2903,3.7913,Terry Porter
348,2000-2002,170.0,173.0,-2.7373,-2.1486,0.4696,0.3439,0.0011,-0.2276,-4.8859,0.8135,-0.2266,-2.2666,-2.0323,-4.2989,Mitchell Butler
349,2000-2002,13713.0,13731.0,2.5101,-0.7462,-0.9704,-0.3056,-0.1949,-0.6394,1.7639,-1.276,-0.8343,1.3448,-1.6912,-0.3464,Mark Jackson
353,2000-2002,16093.0,16074.0,3.2996,-0.2232,0.3717,-0.2144,0.0635,-0.6524,3.0764,0.1573,-0.5889,3.7348,-1.0899,2.6448,Darrell Armstrong
358,2000-2002,9357.0,9367.0,0.5361,-0.1198,0.0597,0.2494,0.0832,0.3918,0.4163,0.3091,0.4749,0.679,0.5213,1.2003,Anfernee Hardaway
359,2000-2002,2956.0,2981.0,-3.0702,-0.5488,0.6868,-0.0219,-0.364,0.4679,-3.619,0.6649,0.1039,-2.7474,-0.1028,-2.8502,Chucky Brown
361,2000-2002,16344.0,16303.0,0.5387,-0.8527,-0.0171,0.1199,-0.065,2.1964,-0.314,0.1028,2.1315,0.4566,1.4636,1.9202,Clifford Robinson
363,2000-2002,10850.0,10815.0,-1.1547,1.2832,0.1463,0.2708,-0.3148,-0.2369,0.1286,0.4171,-0.5517,-1.3232,1.3171,-0.006,Christian Laettner
364,2000-2002,1892.0,1896.0,-0.7767,-2.772,-0.2971,-0.1761,-0.0957,-0.1201,-3.5487,-0.4732,-0.2159,-1.1695,-3.0682,-4.2378,Rex Chapman
365,2000-2002,4514.0,4531.0,-2.9032,2.2105,1.1824,-0.0061,0.3004,-1.1398,-0.6927,1.1763,-0.8394,-1.4204,1.0646,-0.3559,Derrick McKey
369,2000-2002,8528.0,8533.0,0.7954,1.0096,-0.1977,0.1454,0.5147,1.3714,1.805,-0.0523,1.8861,1.1124,2.5264,3.6388,Charlie Ward
371,2000-2002,3906.0,3906.0,-1.3861,1.1895,0.6897,-0.9278,-0.4614,0.0166,-0.1967,-0.2381,-0.4449,-1.1579,0.2783,-0.8796,Terry Mills
375,2000-2002,6693.0,6680.0,-0.3252,-3.9246,0.7597,0.4368,0.5122,0.2346,-4.2498,1.1965,0.7468,0.9467,-3.2532,-2.3065,Isaiah Rider
376,2000-2002,3174.0,3180.0,-7.0287,0.6947,-0.2003,-0.2594,0.211,-0.7831,-6.334,-0.4597,-0.5721,-7.018,-0.3478,-7.3658,Eric Montross
380,2000-2002,155.0,160.0,-6.1583,-2.2625,-0.5576,0.387,0.019,-0.0309,-8.4208,-0.1706,-0.0119,-6.6969,-1.9064,-8.6032,Tony Smith
381,2000-2002,100.0,101.0,-6.1853,-1.3925,-0.283,-0.3653,0.0411,0.0094,-7.5778,-0.6483,0.0504,-6.4273,-1.7485,-8.1757,James Robinson
383,2000-2002,9050.0,9023.0,-1.6269,-0.2558,-0.0219,-0.0138,-0.1453,0.0823,-1.8827,-0.0357,-0.0629,-1.794,-0.1873,-1.9813,Kendall Gill
384,2000-2002,5984.0,5963.0,-3.2587,-0.9188,0.6479,0.0928,-0.0447,-0.2868,-4.1776,0.7406,-0.3315,-2.6556,-1.1129,-3.7685,Calbert Cheaney
386,2000-2002,2679.0,2684.0,-0.7461,-1.9114,0.201,-0.3291,-0.1378,0.0413,-2.6575,-0.1282,-0.0965,-0.6829,-2.1992,-2.8822,Elliot Perry
389,2000-2002,9416.0,9411.0,1.4119,-1.1389,0.0841,0.3365,0.6724,0.8144,0.273,0.4206,1.4868,2.1684,0.012,2.1804,Toni Kukoc
393,2000-2002,11130.0,11141.0,1.1126,-1.4499,0.0723,-0.168,-0.3339,-0.6688,-0.3374,-0.0957,-1.0027,0.8509,-2.2867,-1.4358,Rod Strickland
397,2000-2002,17494.0,17457.0,3.5685,-1.3859,-0.608,-0.3203,0.4677,-0.9816,2.1826,-0.9283,-0.5139,3.4282,-2.6878,0.7404,Reggie Miller
399,2000-2002,6370.0,6377.0,-3.7055,1.1061,0.506,0.4315,0.0384,0.5482,-2.5994,0.9375,0.5867,-3.1611,2.0859,-1.0753,Sean Rooks
400,2000-2002,1211.0,1223.0,-3.2738,-0.608,-0.4776,-0.4018,-0.0927,-0.1032,-3.8818,-0.8794,-0.196,-3.8442,-1.113,-4.9571,Derek Strong
406,2000-2002,16357.0,16336.0,5.4217,2.5392,-0.0226,0.5024,0.0688,-0.3416,7.9609,0.4799,-0.2728,5.4679,2.7,8.168,Shaquille O'Neal
417,2000-2002,5651.0,5671.0,-1.797,-1.4753,0.6294,0.0219,-0.0437,-1.2885,-3.2724,0.6514,-1.3322,-1.2113,-2.7419,-3.9532,Sam Mitchell
422,2000-2002,9820.0,9820.0,0.7259,-2.3054,-0.0515,-0.5999,0.1368,-0.4499,-1.5795,-0.6514,-0.3132,0.8111,-3.3552,-2.5441,Avery Johnson
423,2000-2002,8403.0,8425.0,-0.9146,0.0576,-0.4063,-0.8141,-0.1643,0.0982,-0.857,-1.2204,-0.0661,-1.4852,-0.6583,-2.1435,Chris Gatling
426,2000-2002,449.0,461.0,-3.8541,-1.5894,0.4556,0.7364,0.0039,-0.3124,-5.4435,1.192,-0.3085,-3.3946,-1.1654,-4.5601,Terry Davis
428,2000-2002,2661.0,2668.0,-1.3752,-2.3365,-0.3198,-0.3157,-0.3662,0.5022,-3.7118,-0.6355,0.136,-2.0613,-2.15,-4.2113,Sherman Douglas
431,2000-2002,9414.0,9346.0,-2.4891,1.3377,0.3851,-0.4166,-0.315,0.2407,-1.1515,-0.0315,-0.0743,-2.419,1.1618,-1.2572,Shawn Kemp
432,2000-2002,1202.0,1206.0,-2.9862,-0.0551,0.5639,0.2349,-0.2725,-0.9628,-3.0413,0.7988,-1.2353,-2.6947,-0.783,-3.4777,Pete Chilcutt
435,2000-2002,3517.0,3539.0,-0.0593,0.2508,-0.799,-0.0343,-0.6222,-1.4269,0.1915,-0.8333,-2.0492,-1.4806,-1.2104,-2.691,Carlos Rogers
436,2000-2002,16551.0,16550.0,-1.1424,-1.791,0.1944,0.3042,0.1646,0.4109,-2.9334,0.4986,0.5755,-0.7834,-1.0759,-1.8593,Juwan Howard
440,2000-2002,1697.0,1707.0,-4.3976,0.9795,-0.6901,-0.0445,0.1234,0.2858,-3.4181,-0.7346,0.4092,-4.9644,1.2208,-3.7436,Zan Tabak
441,2000-2002,13444.0,13425.0,-0.0273,-1.0691,0.1374,-0.0507,-0.322,-0.0839,-1.0964,0.0867,-0.4059,-0.2119,-1.2037,-1.4156,Lamond Murray
442,2000-2002,625.0,625.0,-4.9349,1.7886,0.5436,0.4836,-0.1923,-0.7259,-3.1463,1.0271,-0.9181,-4.5836,1.5463,-3.0373,Pervis Ellison
445,2000-2002,11291.0,11269.0,1.1211,-1.1558,0.4237,0.1382,0.493,-0.3157,-0.0347,0.5618,0.1773,2.0378,-1.3333,0.7045,Wesley Person
446,2000-2002,9870.0,9895.0,0.7372,-0.5688,0.0719,0.1261,-0.0752,0.4085,0.1684,0.198,0.3333,0.7338,-0.0342,0.6997,Lucious Harris
448,2000-2002,13205.0,13248.0,-1.5274,3.3939,1.6215,0.1011,0.4066,1.1496,1.8664,1.7226,1.5562,0.5007,4.6445,5.1452,Bo Outlaw
452,2000-2002,12715.0,12721.0,-1.9352,-2.3404,-0.9429,0.1303,-0.1077,0.3596,-4.2756,-0.8127,0.2519,-2.9858,-1.8505,-4.8364,Vin Baker
456,2000-2002,681.0,667.0,-2.1881,-1.5919,0.8014,0.4786,-0.0161,0.0193,-3.78,1.28,0.0031,-1.4028,-1.0941,-2.4969,Chuck Person
457,2000-2002,457.0,461.0,-4.1498,1.2386,-0.4279,-0.0267,0.0001,0.3208,-2.9112,-0.4546,0.3209,-4.5776,1.5327,-3.0449,Andrew Lang
458,2000-2002,9799.0,9792.0,-0.5839,-1.4543,0.1012,-0.1116,0.407,0.1323,-2.0382,-0.0104,0.5393,-0.0757,-1.4337,-1.5093,Howard Eisley
461,2000-2002,5473.0,5477.0,-0.8482,0.5181,1.5192,0.213,0.4663,0.7256,-0.3301,1.7321,1.192,1.1373,1.4567,2.594,Popeye Jones
462,2000-2002,1234.0,1245.0,-2.8628,0.8236,0.0294,0.6632,-0.0352,-0.9732,-2.0392,0.6927,-1.0084,-2.8685,0.5136,-2.3549,J.R. Reid
467,2000-2002,17198.0,17162.0,2.9961,0.9985,0.3415,0.3287,-0.1299,0.353,3.9946,0.6701,0.2231,3.2077,1.6801,4.8878,Jason Kidd
468,2000-2002,8337.0,8344.0,2.1674,0.5116,-0.6924,0.1855,-0.1829,0.4005,2.679,-0.5069,0.2176,1.2921,1.0976,2.3897,Jon Barry
469,2000-2002,14039.0,14051.0,1.5463,-1.4286,0.4181,0.236,-0.1859,1.3254,0.1177,0.6541,1.1395,1.7786,0.1328,1.9114,Jamal Mashburn
672,2000-2002,4598.0,4624.0,0.4683,-1.6898,0.8105,0.0437,0.1631,-0.05,-1.2214,0.8542,0.1131,1.4419,-1.6961,-0.2542,Matt Bullard
673,2000-2002,9743.0,9698.0,-1.397,-1.6491,-0.3405,-0.6321,0.0756,0.0369,-3.0461,-0.9725,0.1125,-1.662,-2.2443,-3.9062,Alan Henderson
674,2000-2002,507.0,512.0,-4.5743,-1.5708,0.314,0.7756,0.0294,0.8993,-6.1451,1.0895,0.9287,-4.231,0.1041,-4.1268,Reggie Jordan
676,2000-2002,535.0,528.0,-4.0579,0.6483,-0.271,-0.0647,0.0989,-0.7231,-3.4096,-0.3358,-0.6242,-4.2301,-0.1395,-4.3696,Thomas Hamilton
677,2000-2002,9659.0,9658.0,-1.5779,-0.8094,0.5986,0.8814,0.2112,1.3313,-2.3873,1.48,1.5425,-0.7681,1.4033,0.6351,Eric Williams
679,2000-2002,7651.0,7643.0,-1.8467,-0.9989,-0.2407,0.0058,0.0377,-0.441,-2.8455,-0.2349,-0.4034,-2.0497,-1.4341,-3.4837,Jason Caffey
680,2000-2002,7806.0,7857.0,-3.4216,-2.7488,-0.5777,-0.0894,-0.6705,-0.3132,-6.1705,-0.6671,-0.9837,-4.6698,-3.1515,-7.8213,John Amaechi
681,2000-2002,294.0,302.0,-4.0445,-2.0287,0.5097,0.2478,-0.0429,0.4752,-6.0732,0.7575,0.4323,-3.5777,-1.3058,-4.8835,Donny Marshall
682,2000-2002,11444.0,11462.0,0.9593,-0.9789,-0.0306,0.0061,-0.2634,-0.4432,-0.0195,-0.0244,-0.7066,0.6653,-1.4159,-0.7506,Bob Sura
685,2000-2002,4003.0,4009.0,-3.1283,1.9905,-0.0781,0.126,0.1812,-1.3479,-1.1378,0.0478,-1.1668,-3.0252,0.7685,-2.2567,Cherokee Parks
686,2000-2002,10780.0,10703.0,0.8983,1.315,-0.6996,-0.5958,-0.1534,0.3528,2.2133,-1.2954,0.1994,0.0453,1.072,1.1173,Antonio McDyess
688,2000-2002,9669.0,9661.0,-3.1532,-1.5769,-0.4816,0.0148,-0.1055,0.5004,-4.7301,-0.4668,0.3949,-3.7403,-1.0617,-4.802,Michael Curry
689,2000-2002,7059.0,7042.0,-2.2584,3.9743,0.5655,0.5989,-0.0457,0.6993,1.7159,1.1643,0.6536,-1.7387,5.2725,3.5339,Theo Ratliff
690,2000-2002,3955.0,3954.0,-4.6885,4.1747,-0.8185,-0.6175,0.1684,0.3873,-0.5138,-1.436,0.5557,-5.3385,3.9445,-1.394,Don Reid
692,2000-2002,6631.0,6642.0,-3.4776,2.0237,0.1588,-0.0381,0.0806,0.9859,-1.4539,0.1207,1.0665,-3.2382,2.9715,-0.2668,Andrew DeClercq
693,2000-2002,11285.0,11242.0,-0.9817,1.0258,0.217,0.4868,0.3688,0.7767,0.0442,0.7038,1.1456,-0.3958,2.2893,1.8935,Joe Smith
694,2000-2002,998.0,995.0,-2.745,-1.5909,0.1566,0.5533,-0.1389,0.2633,-4.3359,0.7098,0.1244,-2.7274,-0.7743,-3.5017,Sam Mack
695,2000-2002,886.0,896.0,-2.8701,-3.243,0.2377,0.3056,-0.1316,1.1723,-6.1131,0.5433,1.0407,-2.764,-1.7651,-4.529,Eldridge Recasner
696,2000-2002,11197.0,11162.0,1.3499,0.239,-0.2169,-0.1459,0.4105,-0.2159,1.5889,-0.3628,0.1946,1.5435,-0.1228,1.4206,Travis Best
697,2000-2002,8492.0,8501.0,1.3495,1.9282,-1.5305,-0.6948,-0.3602,-2.3102,3.2778,-2.2253,-2.6704,-0.5412,-1.0768,-1.6179,Fred Hoiberg
699,2000-2002,14499.0,14484.0,2.5437,1.5103,-0.1911,-0.1445,0.4469,-1.4154,4.054,-0.3356,-0.9685,2.7995,-0.0496,2.7499,Brent Barry
702,2000-2002,10440.0,10459.0,1.0417,-2.0813,-0.3352,0.0382,-0.0509,-0.5209,-1.0397,-0.2971,-0.5718,0.6555,-2.564,-1.9085,Voshon Lenard
703,2000-2002,12775.0,12740.0,-1.2334,2.0333,-0.3933,-0.2572,0.6536,0.8883,0.7998,-0.6505,1.5419,-0.9731,2.6643,1.6913,Kurt Thomas
707,2000-2002,960.0,950.0,-3.6111,-1.0449,0.4058,0.2559,0.2207,0.081,-4.656,0.6617,0.3017,-2.9846,-0.708,-3.6926,Mark Davis
708,2000-2002,18386.0,18381.0,3.2279,3.1017,0.3232,0.9203,0.3414,-0.0946,6.3296,1.2435,0.2468,3.8924,3.9275,7.8199,Kevin Garnett
711,2000-2002,17912.0,17883.0,3.3099,-3.0179,-0.0545,-0.1647,-0.2931,0.2084,0.292,-0.2192,-0.0846,2.9623,-2.9741,-0.0118,Jerry Stackhouse
712,2000-2002,11.0,10.0,-8.0339,-2.3022,0.5441,0.5561,-0.005,0.0268,-10.3361,1.1002,0.0218,-7.4948,-1.7193,-9.2141,Mario Bennett
713,2000-2002,2908.0,2874.0,-1.854,-2.4861,0.078,0.0524,-0.3649,-0.4676,-4.3401,0.1304,-0.8325,-2.1409,-2.9013,-5.0422,Chris Carr
714,2000-2002,18973.0,18971.0,2.3609,-1.8377,-0.1646,0.3403,0.0335,-1.1187,0.5232,0.1757,-1.0852,2.2298,-2.6161,-0.3863,Michael Finley
715,2000-2002,62.0,63.0,-6.8962,-4.3501,0.2741,1.1166,0.0441,0.0433,-11.2462,1.3907,0.0874,-6.5779,-3.1902,-9.7681,John Coker
717,2000-2002,5608.0,5578.0,0.3766,4.4691,-0.2965,0.7053,-0.2768,0.9115,4.8457,0.4087,0.6348,-0.1967,6.0859,5.8892,Arvydas Sabonis
718,2000-2002,3328.0,3349.0,-1.1385,-0.697,-0.6905,0.3852,0.086,-1.1493,-1.8356,-0.3053,-1.0633,-1.743,-1.4611,-3.2042,Gary Trent
721,2000-2002,544.0,540.0,-0.0404,-1.156,-0.4963,0.0494,-0.13,-0.575,-1.1964,-0.4469,-0.7051,-0.6667,-1.6816,-2.3483,Tyus Edney
722,2000-2002,10146.0,10157.0,-0.3187,-1.5614,-0.4953,-0.0393,0.3858,1.0651,-1.8801,-0.5345,1.4508,-0.4282,-0.5357,-0.9639,Corliss Williamson
724,2000-2002,1117.0,1129.0,-3.3516,-0.0328,-0.1343,0.4215,-0.2802,0.149,-3.3844,0.2872,-0.1312,-3.7661,0.5377,-3.2284,Cory Alexander
727,2000-2002,13095.0,13097.0,0.0935,-0.1058,-0.7082,0.0497,-0.0767,1.3794,-0.0124,-0.6584,1.3027,-0.6914,1.3233,0.6319,Eric Snow
731,2000-2002,7747.0,7808.0,-3.3691,4.5606,0.973,-0.3125,0.2708,-0.566,1.1915,0.6605,-0.2953,-2.1253,3.6821,1.5568,Greg Ostertag
735,2000-2002,6876.0,6866.0,-2.9821,0.217,-0.1394,0.275,-0.1094,0.3122,-2.7651,0.1356,0.2028,-3.2308,0.8041,-2.4267,Bryant Reeves
739,2000-2002,16404.0,16366.0,1.702,1.9803,-0.0188,0.2845,0.2099,2.0495,3.6823,0.2658,2.2594,1.8931,4.3144,6.2075,Rasheed Wallace
753,2000-2002,5455.0,5443.0,-3.7526,-1.143,-0.5321,0.0612,-0.2286,-0.836,-4.8956,-0.471,-1.0646,-4.5133,-1.9179,-6.4312,Randy Brown
754,2000-2002,11983.0,11972.0,-1.125,-2.5724,0.187,0.3686,-0.1128,0.6065,-3.6974,0.5556,0.4937,-1.0508,-1.5973,-2.6481,Jim Jackson
757,2000-2002,14848.0,14767.0,1.7629,-1.9794,0.2801,0.0652,0.2356,0.118,-0.2165,0.3453,0.3537,2.2786,-1.7961,0.4825,Damon Stoudamire
760,2000-2002,2955.0,2968.0,-3.6637,2.5027,0.0216,0.6883,-0.0505,0.3587,-1.1611,0.7099,0.3082,-3.6926,3.5496,-0.143,Jerome Kersey
761,2000-2002,3823.0,3868.0,-2.4212,-1.4826,-0.9358,-0.5522,-0.211,0.6496,-3.9038,-1.488,0.4386,-3.568,-1.3852,-4.9532,Matt Geiger
762,2000-2002,8974.0,8922.0,-2.2569,6.7231,-0.5909,-0.1188,-0.2391,1.6642,4.4662,-0.7097,1.4251,-3.0869,8.2685,5.1816,Shawn Bradley
763,2000-2002,4126.0,4124.0,-3.3968,0.8001,-0.8995,-0.6517,-0.1319,-1.0716,-2.5967,-1.5512,-1.2035,-4.4283,-0.9232,-5.3515,Tony Massenburg
764,2000-2002,13515.0,13473.0,1.9041,5.7526,-0.4448,-0.3598,-0.0257,0.0276,7.6568,-0.8047,0.0019,1.4336,5.4204,6.854,David Robinson
765,2000-2002,4307.0,4356.0,-0.3794,0.6888,-0.1936,-0.0055,-0.8163,-0.6952,0.3094,-0.1991,-1.5115,-1.3893,-0.0119,-1.4012,Hersey Hawkins
766,2000-2002,81.0,83.0,-6.6654,-1.903,-0.817,0.3694,0.0129,0.1542,-8.5684,-0.4476,0.1671,-7.4695,-1.3794,-8.8488,David Wingate
769,2000-2002,1095.0,1089.0,-1.325,-3.1315,-0.1385,-0.2153,-0.3973,0.6955,-4.4565,-0.3538,0.2981,-1.8608,-2.6513,-4.5121,B.J. Armstrong
770,2000-2002,256.0,265.0,-5.6202,1.5611,-0.4815,-0.475,0.0338,-0.0789,-4.0591,-0.9565,-0.045,-6.0679,1.0072,-5.0607,Mark West
777,2000-2002,747.0,749.0,-2.5155,-2.7229,-0.4128,0.5841,-0.1133,0.3563,-5.2383,0.1713,0.243,-3.0415,-1.7825,-4.824,Rex Walters
779,2000-2002,10088.0,10075.0,0.9883,-1.6982,-0.1983,0.16,0.0715,1.4701,-0.7099,-0.0383,1.5417,0.8616,-0.0681,0.7935,Glen Rice
781,2000-2002,2035.0,2048.0,-5.3402,0.4808,0.5957,0.0893,-0.1359,-0.9892,-4.8594,0.685,-1.1251,-4.8804,-0.4191,-5.2995,Will Perdue
782,2000-2002,8417.0,8435.0,0.8811,-1.447,0.3445,0.0822,0.1187,2.1494,-0.5659,0.4267,2.2681,1.3443,0.7846,2.1289,Mitch Richmond
785,2000-2002,1380.0,1382.0,-1.5664,-0.1111,0.3549,-0.0669,-0.2008,0.1019,-1.6775,0.288,-0.099,-1.4123,-0.0761,-1.4884,Eric Murdock
787,2000-2002,1232.0,1232.0,2.2506,0.2125,0.4148,-0.2603,-0.2606,0.0183,2.4631,0.1545,-0.2423,2.4048,-0.0295,2.3753,Charles Barkley
788,2000-2002,8329.0,8358.0,-1.8688,0.8876,-1.8319,-0.5362,-0.6045,-0.8207,-0.9813,-2.3681,-1.4252,-4.3053,-0.4693,-4.7746,Kevin Willis
891,2000-2002,12554.0,12548.0,-3.1932,1.8725,-0.2644,0.1562,-0.2778,-0.0681,-1.3208,-0.1082,-0.3459,-3.7355,1.9606,-1.7749,Charles Oakley
893,2000-2002,3838.0,3838.0,2.1499,-1.242,1.2568,0.287,0.24,0.1208,0.9079,1.5438,0.3608,3.6466,-0.8341,2.8125,Michael Jordan
895,2000-2002,2180.0,2165.0,-3.4137,-0.6209,0.5693,0.0134,0.1553,-0.1415,-4.0346,0.5827,0.0138,-2.6891,-0.749,-3.4381,Tyrone Corbin
896,2000-2002,11061.0,11074.0,2.8035,-2.4893,-0.5172,-0.0009,0.0962,0.2428,0.3142,-0.5181,0.339,2.3824,-2.2474,0.1351,Tim Hardaway
901,2000-2002,2686.0,2719.0,-4.0087,-0.2342,-0.2224,-0.0474,-0.0368,0.6355,-4.2429,-0.2698,0.5987,-4.2679,0.3539,-3.914,Otis Thorpe
902,2000-2002,6522.0,6539.0,-1.3862,-1.9458,-0.1737,-0.1299,-0.1201,-0.8974,-3.332,-0.3036,-1.0175,-1.68,-2.9731,-4.6531,Bimbo Coles
904,2000-2002,1912.0,1923.0,0.1064,0.2716,-0.4722,-0.0238,-0.1946,0.3778,0.378,-0.496,0.1832,-0.5604,0.6255,0.0652,Chris Mullin
905,2000-2002,12693.0,12713.0,0.1567,2.1994,0.1113,-0.3081,0.2555,0.0699,2.3561,-0.1968,0.3254,0.5234,1.9612,2.4846,Dale Davis
906,2000-2002,695.0,703.0,-1.1492,-0.8738,-0.0933,0.1791,-0.0797,-0.3987,-2.023,0.0858,-0.4783,-1.3222,-1.0934,-2.4155,Haywoode Workman
907,2000-2002,4617.0,4610.0,0.1481,-1.0481,0.4943,0.1057,0.572,0.5046,-0.9,0.6,1.0765,1.2143,-0.4378,0.7765,Malik Sealy
911,2000-2002,11010.0,11019.0,-3.2706,4.2935,0.5867,-0.7655,0.1149,-0.4362,1.0229,-0.1788,-0.3214,-2.569,3.0918,0.5227,Ervin Johnson
913,2000-2002,8035.0,7999.0,-0.8117,-0.931,0.0164,0.3531,-0.0688,1.5564,-1.7427,0.3695,1.4876,-0.8641,0.9785,0.1144,Larry Johnson
914,2000-2002,104.0,100.0,-7.1739,-0.9325,-0.6666,-0.072,-0.04,-0.0029,-8.1064,-0.7386,-0.0429,-7.8805,-1.0074,-8.8879,Stanley Roberts
915,2000-2002,12550.0,12545.0,0.5407,0.0947,0.1448,-0.0316,0.4648,1.3007,0.6354,0.1132,1.7655,1.1503,1.3639,2.5141,Rodney Rogers
916,2000-2002,6138.0,6174.0,-2.9163,0.4233,-0.5538,0.4045,-0.3484,-1.1868,-2.493,-0.1494,-1.5352,-3.8185,-0.359,-4.1775,Corie Blount
919,2000-2002,1645.0,1646.0,-3.0698,1.4944,0.0324,-0.0967,-0.0435,-0.8914,-1.5755,-0.0643,-0.9349,-3.081,0.5063,-2.5747,Loy Vaught
920,2000-2002,6293.0,6317.0,-1.582,0.0047,-0.8009,0.2561,-0.3354,2.8255,-1.5773,-0.5448,2.4901,-2.7183,3.0863,0.368,A.C. Green
922,2000-2002,13255.0,13219.0,-0.8594,3.1778,-0.368,-0.6504,0.1318,-0.3938,2.3184,-1.0184,-0.262,-1.0956,2.1335,1.0379,Elden Campbell
923,2000-2002,11942.0,11950.0,1.2807,1.6652,-0.8933,-0.0234,-0.7005,-1.8734,2.9459,-0.9167,-2.5739,-0.3131,-0.2316,-0.5447,Donyell Marshall
924,2000-2002,394.0,390.0,0.2422,-2.7236,-0.5283,-0.2628,0.05,-0.08,-2.4814,-0.7911,-0.0301,-0.2361,-3.0665,-3.3026,Anthony Goldwire
927,2000-2002,599.0,613.0,-4.9349,1.5958,0.7903,0.0016,-0.0503,0.4797,-3.3392,0.792,0.4294,-4.1949,2.0771,-2.1178,John Salley
931,2000-2002,444.0,444.0,-4.1735,-1.4769,0.7793,0.3824,-0.1416,0.3424,-5.6503,1.1617,0.2008,-3.5357,-0.7521,-4.2878,Don MacLean
932,2000-2002,2177.0,2191.0,-2.1814,3.9101,-0.1511,-0.3564,0.2119,-0.2026,1.7288,-0.5075,0.0093,-2.1206,3.3511,1.2305,Oliver Miller
934,2000-2002,9730.0,9755.0,0.5201,1.0771,-0.6994,-0.142,-0.6637,-0.7545,1.5973,-0.8414,-1.4181,-0.843,0.1807,-0.6623,Derrick Coleman
935,2000-2002,13888.0,13879.0,0.4733,0.1065,0.2294,-0.0044,0.7371,-0.255,0.5798,0.225,0.482,1.4398,-0.1529,1.2868,Bryon Russell
937,2000-2002,12993.0,12979.0,0.7186,0.9192,-0.0023,0.0886,0.1467,-1.0611,1.6378,0.0863,-0.9144,0.863,-0.0534,0.8096,Scottie Pippen
947,2000-2002,16417.0,16410.0,3.7398,-1.8502,0.3266,0.0431,0.0533,1.0776,1.8896,0.3697,1.1309,4.1197,-0.7295,3.3902,Allen Iverson
948,2000-2002,8692.0,8692.0,-0.1995,5.2596,-0.2854,-1.1034,0.0517,-0.7165,5.0601,-1.3887,-0.6648,-0.4332,3.4397,3.0066,Marcus Camby
949,2000-2002,18226.0,18211.0,1.5294,0.9277,-0.0384,0.241,-0.3255,0.3483,2.457,0.2026,0.0227,1.1654,1.5169,2.6824,Shareef Abdur-Rahim
950,2000-2002,16877.0,16862.0,3.9132,-2.9916,-0.108,-0.9071,0.015,-0.9702,0.9217,-1.015,-0.9552,3.8203,-4.8688,-1.0485,Stephon Marbury
951,2000-2002,16934.0,16828.0,4.9341,-0.8852,0.4653,0.198,0.2392,-0.0205,4.0489,0.6633,0.2187,5.6385,-0.7077,4.9308,Ray Allen
952,2000-2002,19064.0,19085.0,1.9928,-0.8287,0.0698,0.0547,-0.0554,-1.1531,1.164,0.1245,-1.2084,2.0072,-1.9271,0.08,Antoine Walker
953,2000-2002,8631.0,8640.0,-1.8561,0.206,-0.9254,-0.0984,-0.021,-0.4897,-1.6501,-1.0239,-0.5106,-2.8025,-0.3821,-3.1846,Lorenzen Wright
954,2000-2002,8819.0,8782.0,1.8014,-0.3139,0.1576,0.1312,0.1119,1.289,1.4875,0.2888,1.4009,2.0709,1.1063,3.1771,Kerry Kittles
955,2000-2002,6860.0,6871.0,-2.1596,1.9786,-0.1856,-0.4879,0.0398,-1.4136,-0.1811,-0.6735,-1.3738,-2.3055,0.0771,-2.2284,Samaki Walker
956,2000-2002,6476.0,6436.0,-4.7875,0.0658,1.146,0.704,-0.1027,-0.1209,-4.7217,1.8501,-0.2236,-3.7442,0.649,-3.0952,Erick Dampier
957,2000-2002,987.0,989.0,-3.9794,-0.6692,-0.9605,-0.6128,-0.1703,1.5147,-4.6486,-1.5732,1.3443,-5.1103,0.2327,-4.8776,Todd Fuller
958,2000-2002,9834.0,9835.0,-2.0879,-0.6542,-0.5839,0.2115,-0.2274,0.3115,-2.7421,-0.3724,0.0841,-2.8992,-0.1311,-3.0304,Vitaly Potapenko
959,2000-2002,13319.0,13301.0,3.4489,-2.2983,0.6207,-0.1633,0.3361,0.5712,1.1506,0.4575,0.9073,4.4057,-1.8904,2.5153,Steve Nash
960,2000-2002,8826.0,8804.0,0.4416,-1.8542,0.1832,0.0167,0.3404,0.4997,-1.4126,0.1999,0.8401,0.9653,-1.3378,-0.3725,Tony Delk
961,2000-2002,3540.0,3573.0,-2.5954,-2.0235,-0.2034,0.206,-0.0936,-0.8076,-4.6189,0.0026,-0.9012,-2.8924,-2.6251,-5.5175,John Wallace
962,2000-2002,4225.0,4202.0,-2.0871,-0.8916,0.387,0.4363,0.1855,-0.5023,-2.9787,0.8234,-0.3169,-1.5146,-0.9576,-2.4722,Walter McCarty
964,2000-2002,719.0,735.0,-4.0949,1.7038,0.4102,-0.4399,0.013,-0.0408,-2.3911,-0.0297,-0.0279,-3.6718,1.2231,-2.4486,Roy Rogers
965,2000-2002,8774.0,8766.0,0.7202,-1.0289,0.7883,0.5321,0.5314,2.1799,-0.3087,1.3204,2.7113,2.0399,1.6831,3.7231,Derek Fisher
966,2000-2002,9599.0,9654.0,0.3554,2.5491,0.0618,-0.4542,0.167,-0.1327,2.9044,-0.3924,0.0343,0.5841,1.9622,2.5463,Jerome Williams
969,2000-2002,2122.0,2156.0,-6.4991,0.258,0.1844,0.2037,0.0873,0.5699,-6.241,0.3881,0.6572,-6.2273,1.0316,-5.1958,Travis Knight
970,2000-2002,11425.0,11396.0,-2.4673,-0.8066,-0.1139,0.3662,0.2783,1.125,-3.2739,0.2523,1.4033,-2.3028,0.6845,-1.6183,Othella Harrington
971,2000-2002,138.0,140.0,-2.4997,0.5584,0.7625,0.2696,-0.1264,0.0365,-1.9413,1.0321,-0.09,-1.8637,0.8645,-0.9991,Mark Hendrickson
976,2000-2002,12180.0,12162.0,1.1744,-2.6218,1.1671,-0.5294,0.3906,-0.5295,-1.4474,0.6376,-0.1389,2.7321,-3.6807,-0.9487,Jeff McInnis
977,2000-2002,16315.0,16256.0,4.1705,-0.0654,0.4606,-0.0107,0.2173,-0.7503,4.1051,0.4498,-0.533,4.8484,-0.8265,4.0219,Kobe Bryant
978,2000-2002,14685.0,14746.0,3.087,-1.2184,-0.2359,-0.1151,-0.1226,0.2564,1.8686,-0.351,0.1338,2.7285,-1.0771,1.6514,Peja Stojakovic
979,2000-2002,11730.0,11658.0,-1.3428,2.9066,-0.5342,0.1621,0.101,0.4313,1.5638,-0.3721,0.5323,-1.7759,3.4999,1.724,Jermaine O'Neal
980,2000-2002,3610.0,3589.0,-1.1525,0.7526,-0.4238,0.5714,0.0991,-0.7084,-0.3998,0.1476,-0.6093,-1.4772,0.6157,-0.8615,Zydrunas Ilgauskas
983,2000-2002,8276.0,8292.0,1.2006,-1.0846,0.4646,0.1244,0.0766,0.2024,0.1161,0.589,0.279,1.7418,-0.7578,0.984,Moochie Norris
988,2000-2002,2474.0,2476.0,-1.7849,-0.6488,0.0059,-0.0375,0.2984,0.9607,-2.4337,-0.0316,1.2591,-1.4806,0.2744,-1.2062,Randy Livingston
989,2000-2002,42.0,46.0,-6.3318,-0.2004,0.2545,0.4386,-0.02,-0.223,-6.5322,0.693,-0.243,-6.0974,0.0152,-6.0821,Ben Davis
990,2000-2002,8185.0,8224.0,-1.9047,1.6066,0.1669,-0.3003,0.4307,0.7671,-0.2981,-0.1334,1.1978,-1.3072,2.0734,0.7663,Malik Rose
992,2000-2002,100.0,97.0,-6.15,-2.9626,1.0697,0.6245,-0.0882,-0.2239,-9.1126,1.6941,-0.312,-5.1685,-2.562,-7.7305,Marcus Brown
994,2000-2002,4680.0,4710.0,-1.6099,1.5692,0.071,-0.0481,0.0528,-0.6529,-0.0407,0.0228,-0.6001,-1.4861,0.8681,-0.618,Jamie Feick
998,2000-2002,2682.0,2680.0,-3.6292,-0.0141,0.8121,0.7586,0.0209,0.3622,-3.6433,1.5707,0.3831,-2.7961,1.1067,-1.6895,Mark Pope
1000,2000-2002,12902.0,12907.0,-1.1107,-0.4819,0.0338,0.0288,0.1417,-0.1851,-1.5927,0.0626,-0.0434,-0.9352,-0.6382,-1.5734,Shandon Anderson
1003,2000-2002,332.0,332.0,-1.0875,-1.6928,-0.9121,1.2857,0.0569,-0.3273,-2.7804,0.3737,-0.2704,-1.9426,-0.7344,-2.677,Drew Barry
1005,2000-2002,8766.0,8742.0,0.4263,-0.7155,0.3769,0.1321,0.2113,0.938,-0.2892,0.509,1.1492,1.0145,0.3546,1.3691,Walt Williams
1023,2000-2002,5360.0,5370.0,-1.7583,-0.4647,-0.127,0.1019,0.1081,0.1998,-2.223,-0.0251,0.308,-1.7772,-0.163,-1.9401,Emanual Davis
1032,2000-2002,4923.0,4928.0,-3.0561,0.1325,-0.0177,0.8767,-0.0928,1.1667,-2.9236,0.859,1.0739,-3.1666,2.1759,-0.9907,Darvin Ham
1035,2000-2002,746.0,756.0,-2.544,-0.2486,-0.6282,-0.8865,-0.1219,-0.0965,-2.7925,-1.5147,-0.2184,-3.294,-1.2316,-4.5256,Shawnelle Scott
1043,2000-2002,316.0,313.0,-4.9658,-0.1175,0.1474,-0.3791,-0.0595,0.0271,-5.0832,-0.2316,-0.0324,-4.8778,-0.4695,-5.3473,Amal McCaskill
1051,2000-2002,3108.0,3139.0,-3.9883,3.4553,0.0771,-0.0947,-0.4988,-0.0537,-0.533,-0.0175,-0.5525,-4.41,3.3069,-1.1031,Dean Garrett
1065,2000-2002,8962.0,8946.0,0.7361,0.3808,-0.8164,0.1272,-0.6893,0.2732,1.1169,-0.6891,-0.4161,-0.7695,0.7812,0.0117,Erick Strickland
1070,2000-2002,261.0,258.0,-2.2717,-0.2528,0.3112,0.4351,-0.0474,-0.3538,-2.5245,0.7464,-0.4012,-2.0079,-0.1714,-2.1793,Devin Gray
1073,2000-2002,1414.0,1414.0,-1.1993,0.3133,-0.3488,-0.3065,0.3463,-0.4288,-0.886,-0.6553,-0.0825,-1.2017,-0.422,-1.6238,Reggie Slater
1074,2000-2002,4829.0,4831.0,-0.702,-2.1816,-0.5989,0.2565,-0.1765,1.6311,-2.8836,-0.3424,1.4546,-1.4774,-0.294,-1.7714,Matt Maloney
1085,2000-2002,127.0,131.0,-1.6312,-0.911,0.3778,0.0498,-0.0395,-0.0644,-2.5422,0.4276,-0.1039,-1.2928,-0.9257,-2.2185,Ira Bowman
1086,2000-2002,351.0,351.0,-2.8613,-1.0266,0.4417,0.3115,0.1255,0.2626,-3.888,0.7532,0.3882,-2.2941,-0.4525,-2.7466,Joe Stephens
1088,2000-2002,12312.0,12279.0,0.6058,-3.1643,0.3525,-0.5508,0.202,0.0346,-2.5585,-0.1982,0.2366,1.1603,-3.6804,-2.5201,Chucky Atkins
1108,2000-2002,2477.0,2483.0,0.1239,1.6299,0.0034,0.393,0.3909,-1.4747,1.7538,0.3964,-1.0838,0.5181,0.5483,1.0664,Tony Farmer
1110,2000-2002,4012.0,4044.0,-1.7894,-0.1793,0.015,-0.2458,-0.2485,-0.1293,-1.9686,-0.2307,-0.3779,-2.0228,-0.5544,-2.5772,Mark Strickland
1112,2000-2002,14824.0,14864.0,-1.3068,6.743,1.1909,0.1127,0.259,0.7406,5.4362,1.3035,0.9996,0.143,7.5963,7.7393,Ben Wallace
1114,2000-2002,3794.0,3788.0,-0.7714,-1.5218,-0.2789,0.0951,0.1792,-1.4337,-2.2932,-0.1838,-1.2544,-0.8711,-2.8603,-3.7314,Jaren Jackson
1134,2000-2002,4520.0,4538.0,-4.4185,0.2144,-0.385,-0.101,-0.2781,0.2615,-4.2042,-0.486,-0.0166,-5.0817,0.3749,-4.7068,Ike Austin
1138,2000-2002,237.0,236.0,-3.3042,-1.6132,-0.0274,0.7401,0.0218,-0.0858,-4.9174,0.7127,-0.064,-3.3098,-0.9588,-4.2687,Michael Hawkins
1425,2000-2002,10414.0,10437.0,-1.1009,2.3128,-0.0544,-0.1521,0.1508,-0.4216,1.2119,-0.2065,-0.2708,-1.0044,1.739,0.7346,Aaron Williams
1434,2000-2002,1131.0,1129.0,-5.6605,0.214,1.1217,0.4373,-0.2112,-0.6567,-5.4465,1.559,-0.8679,-4.75,-0.0054,-4.7554,Dragan Tarlac
1442,2000-2002,2213.0,2212.0,-1.8462,3.4128,-0.5881,-0.2799,0.332,-0.7343,1.5666,-0.868,-0.4024,-2.1023,2.3985,0.2962,Zeljko Rebraca
1444,2000-2002,4863.0,4889.0,0.3673,-0.6174,-0.7261,0.2037,0.0271,0.2418,-0.2501,-0.5224,0.2689,-0.3316,-0.1719,-0.5035,Lawrence Funderburke
1477,2000-2002,9700.0,9717.0,-2.4138,-0.7119,0.8274,1.1316,0.3703,1.7013,-3.1257,1.959,2.0717,-1.216,2.121,0.905,Bruce Bowen
1495,2000-2002,17708.0,17664.0,2.9492,3.3429,0.3692,1.3111,-0.163,2.314,6.292,1.6804,2.151,3.1555,6.968,10.1234,Tim Duncan
1496,2000-2002,13606.0,13568.0,0.6857,-0.4497,0.0383,-0.3935,0.4079,-0.9166,0.236,-0.3552,-0.5087,1.1319,-1.7597,-0.6279,Keith Van Horn
1497,2000-2002,8444.0,8455.0,2.5021,-1.3974,0.0064,-0.1401,0.0535,-0.7241,1.1047,-0.1337,-0.6706,2.562,-2.2616,0.3004,Chauncey Billups
1498,2000-2002,10304.0,10349.0,1.5824,-1.4531,0.5525,-0.5575,0.4812,-1.2321,0.1293,-0.005,-0.7509,2.6161,-3.2427,-0.6266,Antonio Daniels
1499,2000-2002,8115.0,8146.0,-1.4389,3.0482,-0.5914,-0.0175,-0.421,0.5499,1.6093,-0.6089,0.1288,-2.4513,3.5805,1.1292,Tony Battie
1500,2000-2002,12735.0,12745.0,-1.0882,-3.3306,-0.4717,0.0914,-0.4172,0.289,-4.4188,-0.3803,-0.1282,-1.9771,-2.9502,-4.9273,Ron Mercer
1501,2000-2002,11939.0,11934.0,0.3889,-0.4701,-0.2725,-0.1246,-0.047,-0.5341,-0.0811,-0.3971,-0.5811,0.0694,-1.1288,-1.0593,Tim Thomas
1502,2000-2002,9072.0,9082.0,-4.1739,3.0196,-1.1209,-0.5437,-0.3422,-0.0417,-1.1543,-1.6646,-0.3839,-5.637,2.4342,-3.2028,Adonal Foyle
1503,2000-2002,16443.0,16448.0,3.9543,0.7577,0.0055,0.2692,-0.1916,0.108,4.712,0.2747,-0.0837,3.7682,1.1348,4.903,Tracy McGrady
1504,2000-2002,6564.0,6530.0,0.3149,1.6329,0.9869,-0.577,-0.0302,-0.145,1.9479,0.4099,-0.1753,1.2716,0.9109,2.1825,Danny Fortson
1505,2000-2002,4958.0,4934.0,-2.7975,-1.2192,0.178,-0.0183,-0.2136,0.1772,-4.0167,0.1597,-0.0364,-2.8331,-1.0603,-3.8933,Tariq Abdul-Wahad
1506,2000-2002,9743.0,9787.0,0.2526,0.3649,-0.1228,-0.1263,0.3381,0.6801,0.6175,-0.2491,1.0182,0.4679,0.9186,1.3865,Austin Croshere
1507,2000-2002,13260.0,13237.0,2.0841,-0.8416,-0.2673,0.1144,-0.3736,-0.3948,1.2426,-0.1529,-0.7684,1.4432,-1.1219,0.3213,Derek Anderson
1508,2000-2002,8147.0,8124.0,-2.2916,-1.7695,-1.0549,0.1377,-0.2759,0.125,-4.0611,-0.9172,-0.151,-3.6225,-1.5068,-5.1293,Maurice Taylor
1509,2000-2002,7792.0,7800.0,-1.446,3.6521,-0.3007,-0.7212,-0.0266,-0.4176,2.2061,-1.0218,-0.4442,-1.7733,2.5133,0.74,Kelvin Cato
1510,2000-2002,8778.0,8761.0,-0.6746,1.0553,-0.5598,0.0234,0.0578,0.0369,0.3806,-0.5365,0.0946,-1.1767,1.1155,-0.0612,Brevin Knight
1511,2000-2002,77.0,78.0,-6.919,-1.8459,-0.0947,0.4064,0.0294,0.1741,-8.7649,0.3116,0.2035,-6.9843,-1.2655,-8.2498,Johnny Taylor
1512,2000-2002,1917.0,1903.0,-1.8392,1.4653,-0.0989,-0.3028,-0.2521,0.326,-0.374,-0.4017,0.0739,-2.1902,1.4885,-0.7017,Chris Anstey
1513,2000-2002,9564.0,9582.0,-0.7978,3.778,0.0365,-0.044,0.3094,1.5122,2.9802,-0.0075,1.8216,-0.4519,5.2462,4.7943,Scot Pollard
1515,2000-2002,389.0,393.0,-3.1549,-0.7578,0.0231,-0.0039,0.0991,-0.2289,-3.9126,0.0191,-0.1298,-3.0327,-0.9906,-4.0233,Anthony Parker
1517,2000-2002,8597.0,8612.0,0.9536,-0.5176,-0.0939,0.1534,-0.2925,0.6291,0.436,0.0595,0.3366,0.5672,0.265,0.8321,Bobby Jackson
1518,2000-2002,16.0,17.0,-8.4657,-2.81,1.1831,0.7495,-0.0499,-0.0763,-11.2757,1.9326,-0.1262,-7.3325,-2.1368,-9.4693,Rodrick Rhodes
1519,2000-2002,959.0,970.0,-5.0856,-0.6521,-0.5571,-0.0272,-0.1144,-0.3828,-5.7376,-0.5843,-0.4972,-5.7572,-1.062,-6.8191,John Thomas
1520,2000-2002,2202.0,2204.0,-1.1567,0.3214,0.0206,0.1312,-0.3065,-0.7195,-0.8354,0.1518,-1.026,-1.4427,-0.2669,-1.7096,Charles Smith
1521,2000-2002,8216.0,8224.0,-0.5282,-1.233,-0.4121,0.0212,-0.1263,-0.8362,-1.7612,-0.3908,-0.9625,-1.0665,-2.048,-3.1145,Jacque Vaughn
1531,2000-2002,3764.0,3768.0,-0.8519,-0.2346,-0.7467,-0.2917,-0.1924,0.2173,-1.0865,-1.0384,0.0249,-1.791,-0.309,-2.1,Marc Jackson
1533,2000-2002,2943.0,2954.0,-2.776,-0.9002,-0.1697,-0.044,0.3235,0.4237,-3.6762,-0.2136,0.7472,-2.6221,-0.5205,-3.1426,Anthony Johnson
1536,2000-2002,3708.0,3705.0,-2.0794,-0.5751,0.0722,0.0202,-0.3403,0.3609,-2.6546,0.0924,0.0205,-2.3475,-0.194,-2.5416,Stephen Jackson
1538,2000-2002,4202.0,4231.0,-4.6974,-1.7081,0.1498,0.0335,0.018,-0.1492,-6.4055,0.1832,-0.1312,-4.5297,-1.8238,-6.3535,Cedric Henderson
1541,2000-2002,11700.0,11689.0,0.5533,-0.4933,-0.0349,-0.1529,0.0011,-0.2633,0.06,-0.1878,-0.2622,0.5195,-0.9095,-0.39,Alvin Williams
1542,2000-2002,2174.0,2187.0,-1.9314,-1.1184,0.1292,0.2779,0.2693,0.2884,-3.0498,0.407,0.5577,-1.5329,-0.5522,-2.0851,Predrag Drobnjak
1544,2000-2002,3308.0,3304.0,-3.0006,-1.7249,-0.2478,0.3808,0.0825,-0.1619,-4.7254,0.133,-0.0795,-3.1659,-1.5059,-4.6719,Chris Crawford
1548,2000-2002,2922.0,2913.0,-4.3523,2.9855,0.1946,0.3129,-0.1167,-0.8049,-1.3667,0.5075,-0.9216,-4.2744,2.4935,-1.7809,Mark Blount
1554,2000-2002,139.0,137.0,-8.5345,-1.7163,0.164,0.4259,-0.0227,0.3652,-10.2507,0.5899,0.3425,-8.3932,-0.9252,-9.3184,Jamal Robinson
1559,2000-2002,7310.0,7273.0,-0.7848,1.7899,0.8733,-0.0905,0.3382,-1.4975,1.0051,0.7828,-1.1594,0.4266,0.2019,0.6285,Adrian Griffin
1562,2000-2002,3446.0,3457.0,-2.2779,0.2324,0.0697,0.2698,-0.2252,0.0467,-2.0455,0.3395,-0.1785,-2.4335,0.549,-1.8845,Gerard King
1563,2000-2002,5576.0,5595.0,-0.4745,-0.487,-0.7439,0.2484,-0.1325,0.3341,-0.9615,-0.4955,0.2015,-1.3509,0.0955,-1.2554,Kevin Ollie
1564,2000-2002,270.0,271.0,-3.2692,2.0433,-0.5125,0.4151,0.0643,-0.2868,-1.2258,-0.0974,-0.2225,-3.7173,2.1716,-1.5457,Etdrick Bohannon
1565,2000-2002,1193.0,1191.0,-5.4904,0.917,-0.3853,0.658,-0.2117,-0.5192,-4.5734,0.2726,-0.7309,-6.0874,1.0557,-5.0316,Michael Stewart
1569,2000-2002,1679.0,1711.0,-2.7665,2.2028,0.094,-0.2414,-0.1256,-1.3037,-0.5637,-0.1473,-1.4294,-2.7981,0.6577,-2.1404,Keith Closs
1594,2000-2002,1934.0,1941.0,-2.4959,-1.5089,0.1437,0.1293,0.2134,-0.5913,-4.0048,0.2731,-0.378,-2.1388,-1.971,-4.1097,Rick Brunson
1600,2000-2002,1358.0,1365.0,-2.9686,-0.5106,0.1695,0.0681,-0.2936,-0.6473,-3.4792,0.2376,-0.9409,-3.0927,-1.0898,-4.1825,Kornel David
1601,2000-2002,1269.0,1269.0,-1.8167,-1.9985,0.0849,0.1896,-0.2745,-0.8679,-3.8152,0.2746,-1.1424,-2.0063,-2.6767,-4.683,Rusty LaRue
1607,2000-2002,8935.0,8965.0,0.0254,-3.4763,0.0961,-0.512,0.1162,-0.8804,-3.451,-0.4158,-0.7642,0.2377,-4.8687,-4.631,Troy Hudson
1609,2000-2002,1876.0,1876.0,-3.9114,0.2715,-0.2869,0.2209,0.1662,-0.4169,-3.6399,-0.066,-0.2507,-4.0321,0.0755,-3.9566,Art Long
1612,2000-2002,285.0,280.0,-6.5283,-1.6582,-0.0864,0.5899,0.15,-0.1765,-8.1865,0.5035,-0.0265,-6.4647,-1.2448,-7.7095,Chris Garner
1619,2000-2002,48.0,47.0,-7.6591,-3.5157,0.5582,0.5862,0.0239,-0.0291,-11.1747,1.1443,-0.0052,-7.077,-2.9586,-10.0356,Kiwane Garris
1630,2000-2002,3692.0,3697.0,-2.0352,2.3877,-0.7041,-0.3791,0.3115,0.6291,0.3525,-1.0833,0.9406,-2.4279,2.6377,0.2098,Mikki Moore
1683,2000-2002,1247.0,1263.0,-0.1849,-0.9913,-0.4786,-0.1958,-0.029,-0.0115,-1.1763,-0.6744,-0.0406,-0.6925,-1.1987,-1.8912,Larry Robinson
1709,2000-2002,13477.0,13430.0,-4.8624,0.9417,0.2002,-0.3669,-0.2195,0.5511,-3.9207,-0.1668,0.3316,-4.8818,1.1259,-3.7559,Michael Olowokandi
1710,2000-2002,17653.0,17678.0,1.6463,-1.9273,0.2725,-0.5208,0.2363,-0.7191,-0.2809,-0.2483,-0.4828,2.1551,-3.1672,-1.012,Mike Bibby
1711,2000-2002,14241.0,14161.0,-0.1093,3.5934,-0.2209,-0.5548,-0.0136,0.1363,3.4841,-0.7757,0.1227,-0.3438,3.1749,2.8311,Raef LaFrentz
1712,2000-2002,15990.0,15970.0,1.4222,-2.7451,0.3562,-0.0406,-0.0313,0.3335,-1.3229,0.3156,0.3021,1.747,-2.4523,-0.7052,Antawn Jamison
1713,2000-2002,16316.0,16302.0,4.6734,-1.0092,0.528,0.4693,0.6823,0.0242,3.6642,0.9972,0.7065,5.8836,-0.5156,5.368,Vince Carter
1714,2000-2002,4483.0,4490.0,-3.1918,2.931,0.9803,-0.7605,0.0733,-1.3688,-0.2608,0.2198,-1.2956,-2.1382,0.8017,-1.3365,Robert Traylor
1715,2000-2002,14942.0,14977.0,0.6768,-2.4461,-0.6879,-0.7581,0.0629,-0.5777,-1.7693,-1.4461,-0.5148,0.0518,-3.7819,-3.7301,Jason Williams
1716,2000-2002,12504.0,12478.0,-0.5558,-1.3224,0.3917,0.0896,0.1192,-0.3868,-1.8782,0.4814,-0.2676,-0.0449,-1.6196,-1.6645,Larry Hughes
1717,2000-2002,17616.0,17587.0,3.8535,2.2777,0.2385,-0.0461,0.4498,0.1939,6.1312,0.1923,0.6437,4.5417,2.4255,6.9673,Dirk Nowitzki
1718,2000-2002,17533.0,17537.0,3.6785,1.5576,0.095,0.1308,0.0952,0.1515,5.2361,0.2258,0.2467,3.8687,1.8399,5.7086,Paul Pierce
1719,2000-2002,10337.0,10304.0,0.8906,0.1458,0.342,-0.2115,0.5469,-0.7398,1.0364,0.1305,-0.1929,1.7795,-0.8055,0.974,Bonzi Wells
1720,2000-2002,6750.0,6716.0,-3.4668,0.5447,1.1999,-0.0057,0.1957,0.2881,-2.9221,1.1941,0.4838,-2.0712,0.827,-1.2442,Michael Doleac
1721,2000-2002,11132.0,11150.0,-1.8977,3.003,-0.2254,-0.5869,0.383,-0.483,1.1052,-0.8123,-0.0999,-1.7402,1.9331,0.193,Keon Clark
1722,2000-2002,11322.0,11327.0,0.1539,-2.4979,0.0665,-0.1554,-0.0018,-0.0817,-2.344,-0.0889,-0.0835,0.2186,-2.735,-2.5163,Michael Dickerson
1723,2000-2002,7951.0,7959.0,-0.4946,-1.3119,0.2854,0.0805,-0.0149,0.7833,-1.8065,0.3659,0.7685,-0.224,-0.448,-0.6721,Matt Harpring
1724,2000-2002,6456.0,6470.0,-0.7628,-2.5425,-0.0519,0.2738,0.1828,0.808,-3.3053,0.2219,0.9908,-0.632,-1.4606,-2.0926,Bryce Drew
1725,2000-2002,9883.0,9831.0,-3.1841,1.0808,0.3255,0.4312,0.2702,1.1823,-2.1033,0.7567,1.4525,-2.5884,2.6943,0.1059,Rasho Nesterovic
1726,2000-2002,167.0,173.0,-2.5271,-0.7672,-0.3077,0.0835,-0.0198,-0.3352,-3.2943,-0.2242,-0.3549,-2.8546,-1.0189,-3.8734,Mirsad Turkcan
1727,2000-2002,10802.0,10774.0,-0.6629,-1.3282,0.5703,-0.11,0.1266,0.8459,-1.9911,0.4602,0.9725,0.034,-0.5924,-0.5584,Pat Garrity
1728,2000-2002,3411.0,3409.0,-3.2825,-2.9921,0.0838,0.2574,-0.0275,0.9521,-6.2746,0.3412,0.9246,-3.2262,-1.7826,-5.0088,Roshown McLeod
1729,2000-2002,5061.0,5047.0,-0.0476,-1.1175,0.0845,0.0079,-0.0195,-1.232,-1.1651,0.0925,-1.2515,0.0174,-2.3415,-2.3241,Ricky Davis
1730,2000-2002,4699.0,4729.0,-3.2274,2.1551,-0.6299,-0.3107,-0.1142,-0.1455,-1.0724,-0.9406,-0.2597,-3.9715,1.6988,-2.2727,Brian Skinner
1731,2000-2002,3954.0,3948.0,-0.4511,-2.1103,0.2165,0.0121,-0.1587,0.7586,-2.5614,0.2286,0.5999,-0.3934,-1.3395,-1.733,Tyronn Lue
1732,2000-2002,5687.0,5692.0,-2.2251,-0.7308,0.4836,0.1564,0.1987,0.1114,-2.956,0.64,0.3101,-1.5429,-0.463,-2.0059,Felipe Lopez
1733,2000-2002,7834.0,7852.0,-2.6975,-0.6703,0.2678,0.1695,0.3048,0.8468,-3.3678,0.4373,1.1516,-2.1249,0.3461,-1.7789,Al Harrington
1734,2000-2002,1528.0,1525.0,-2.4449,-0.8389,-0.0442,0.0936,0.5347,-1.0278,-3.2837,0.0494,-0.4931,-1.9545,-1.7731,-3.7275,Sam Jacobson
1735,2000-2002,2623.0,2635.0,-3.6943,1.7092,-0.6623,-0.5417,-0.454,0.5596,-1.9851,-1.204,0.1056,-4.8106,1.7271,-3.0836,Vladimir Stepania
1736,2000-2002,3270.0,3265.0,-3.3781,-2.0387,-0.452,0.6412,-0.1636,-0.6619,-5.4168,0.1892,-0.8255,-3.9938,-2.0594,-6.0531,Corey Benjamin
1737,2000-2002,6402.0,6418.0,-1.9742,0.8775,-0.4548,-1.0948,0.2886,0.2332,-1.0967,-1.5496,0.5217,-2.1405,0.0159,-2.1246,Nazr Mohammed
1738,2000-2002,258.0,260.0,-1.1512,-0.727,0.1779,0.5487,0.0428,-0.5745,-1.8782,0.7266,-0.5318,-0.9305,-0.7528,-1.6833,Ansu Sesay
1739,2000-2002,11356.0,11375.0,1.4569,-0.2443,-0.2304,0.2607,0.2174,0.2293,1.2126,0.0303,0.4467,1.444,0.2457,1.6897,Ruben Patterson
1740,2000-2002,13275.0,13243.0,1.8068,0.7423,-0.1636,-0.3621,0.7139,-0.336,2.5491,-0.5257,0.3779,2.3571,0.0442,2.4013,Rashard Lewis
1741,2000-2002,3835.0,3839.0,-3.5834,0.9768,-0.18,0.2193,-0.5815,-0.1282,-2.6066,0.0393,-0.7097,-4.3449,1.0679,-3.277,Jelani McCoy
1742,2000-2002,4581.0,4563.0,1.2005,-2.3688,-0.1354,-0.1659,-0.0733,-0.261,-1.1683,-0.3013,-0.3344,0.9918,-2.7957,-1.8039,Shammond Williams
1743,2000-2002,564.0,572.0,-4.7525,-0.3128,-0.4258,0.014,-0.15,-0.1648,-5.0653,-0.4118,-0.3148,-5.3282,-0.4636,-5.7919,Bruno Sundov
1744,2000-2002,1756.0,1743.0,-5.3564,3.2841,-0.3872,-0.1855,0.5759,0.8156,-2.0723,-0.5728,1.3915,-5.1677,3.9141,-1.2536,Jerome James
1746,2000-2002,65.0,69.0,-7.8363,-2.3531,-0.1091,-0.1871,0.0327,0.1911,-10.1894,-0.2962,0.2238,-7.9127,-2.349,-10.2618,DeMarco Johnson
1747,2000-2002,2362.0,2386.0,-0.7756,-1.4257,-0.1848,-0.3684,-0.5026,-0.6424,-2.2013,-0.5532,-1.1449,-1.463,-2.4364,-3.8994,Rafer Alston
1749,2000-2002,16472.0,16469.0,1.6663,-1.5413,0.5823,-0.0587,0.2881,-0.0673,0.125,0.5236,0.2208,2.5367,-1.6673,0.8694,Cuttino Mobley
1751,2000-2002,8454.0,8422.0,-2.4003,2.986,0.5034,-1.4151,0.0686,-0.7161,0.5858,-0.9117,-0.6475,-1.8282,0.8548,-0.9734,Jahidi White
1752,2000-2002,625.0,621.0,-4.3882,0.6553,-0.2066,-0.6657,-0.1718,0.1784,-3.733,-0.8723,0.0066,-4.7667,0.168,-4.5987,Sean Marks
1753,2000-2002,948.0,954.0,-2.1225,-1.5891,0.5286,0.4462,0.2018,0.2716,-3.7116,0.9749,0.4734,-1.392,-0.8713,-2.2634,Toby Bailey
1754,2000-2002,46.0,44.0,-5.9626,-1.6158,0.6145,0.6171,0.0152,0.0329,-7.5784,1.2315,0.048,-5.333,-0.9659,-6.2988,Andrae Patterson
1756,2000-2002,429.0,432.0,-6.8536,0.4201,0.7107,-0.04,-0.1896,0.1004,-6.4335,0.6707,-0.0892,-6.3324,0.4804,-5.852,Ryan Stack
1760,2000-2002,1138.0,1140.0,-1.3096,-1.8677,-0.0847,0.2744,0.169,0.9273,-3.1773,0.1897,1.0963,-1.2253,-0.666,-1.8913,Derrick Dial
1761,2000-2002,5115.0,5121.0,-1.4853,1.28,1.1832,0.3146,0.5904,-1.3233,-0.2052,1.4978,-0.7329,0.2883,0.2713,0.5597,Greg Buckner
1762,2000-2002,623.0,622.0,-2.5276,-1.2081,0.8741,0.7346,0.0532,0.2994,-3.7357,1.6087,0.3526,-1.6003,-0.1741,-1.7744,Tremaine Fowlkes
1763,2000-2002,5751.0,5786.0,-1.5262,1.1624,0.2922,0.8577,0.2007,0.4958,-0.3638,1.1499,0.6965,-1.0334,2.5159,1.4825,Ryan Bowen
1800,2000-2002,6059.0,6110.0,1.2595,-2.596,-1.1583,-0.1004,0.0095,-0.7205,-1.3365,-1.2587,-0.711,0.1106,-3.4168,-3.3062,Damon Jones
1802,2000-2002,8863.0,8850.0,1.7513,1.7826,-0.859,0.0922,0.0936,0.0586,3.5339,-0.7668,0.1522,0.9859,1.9334,2.9193,Brad Miller
1829,2000-2002,143.0,150.0,-5.1973,-2.9268,0.178,0.8037,-0.1049,-0.5283,-8.1242,0.9816,-0.6331,-5.1242,-2.6514,-7.7756,Ike Fontaine
1838,2000-2002,10396.0,10405.0,-0.9864,-1.065,0.2338,-0.1193,-0.6118,-0.8767,-2.0514,0.1145,-1.4885,-1.3645,-2.0609,-3.4254,Tyrone Nesby
1844,2000-2002,83.0,86.0,-7.1973,-3.8505,0.415,-0.6017,0.0039,0.4332,-11.0477,-0.1868,0.437,-6.7784,-4.019,-10.7974,Fred Vinson
1853,2000-2002,8525.0,8496.0,-2.3614,-1.1003,-0.3572,0.1296,-0.2716,0.9808,-3.4617,-0.2276,0.7092,-2.9902,0.0101,-2.9801,Anthony Carter
1863,2000-2002,2253.0,2251.0,1.7,-3.3088,0.0655,-0.5166,-0.0533,-0.6345,-1.6088,-0.4511,-0.6878,1.7122,-4.4599,-2.7476,Earl Boykins
1864,2000-2002,336.0,332.0,-6.2255,-1.0711,0.6917,1.1061,0.0514,-0.0063,-7.2967,1.7977,0.0452,-5.4824,0.0287,-5.4538,Steve Goodrich
1869,2000-2002,1347.0,1344.0,0.2116,-1.5813,0.117,0.3245,-0.4164,-1.5225,-1.3697,0.4415,-1.9388,-0.0878,-2.7792,-2.867,Charles Jones
1872,2000-2002,3.0,2.0,-7.0853,-1.7909,0.9226,0.6509,-0.0069,0.0235,-8.8762,1.5735,0.0167,-6.1695,-1.1164,-7.286,Randell Jackson
1882,2000-2002,16755.0,16708.0,1.8308,0.8515,-0.5072,-0.19,-0.0184,-1.3053,2.6824,-0.6972,-1.3238,1.3052,-0.6438,0.6614,Elton Brand
1883,2000-2002,15973.0,15919.0,2.7461,-0.9807,0.668,0.1838,0.4739,0.262,1.7655,0.8518,0.7359,3.8881,-0.5349,3.3532,Steve Francis
1884,2000-2002,15239.0,15244.0,1.799,-0.0114,0.1122,-0.0281,0.025,0.8013,1.7876,0.0841,0.8263,1.9362,0.7618,2.698,Baron Davis
1885,2000-2002,12635.0,12592.0,-0.0221,0.8118,0.4658,0.2342,0.0286,1.1643,0.7897,0.7,1.1929,0.4723,2.2103,2.6826,Lamar Odom
1886,2000-2002,4606.0,4635.0,-2.6287,-1.3951,-0.9645,-0.0578,-0.1235,0.018,-4.0238,-1.0224,-0.1055,-3.7168,-1.4349,-5.1517,Jonathan Bender
1887,2000-2002,15654.0,15648.0,1.3304,-1.5808,0.3897,0.396,0.655,0.127,-0.2505,0.7857,0.7821,2.3751,-1.0578,1.3173,Wally Szczerbiak
1888,2000-2002,11701.0,11703.0,0.1679,-3.8607,1.107,0.0124,0.4175,-0.2828,-3.6927,1.1194,0.1347,1.6924,-4.1311,-2.4386,Richard Hamilton
1889,2000-2002,15341.0,15343.0,3.3706,-0.1666,0.7085,-0.3028,0.5289,-0.3194,3.204,0.4057,0.2095,4.6079,-0.7887,3.8192,Andre Miller
1890,2000-2002,14060.0,14055.0,1.4736,3.0484,-1.1253,-0.2129,-0.1512,0.4756,4.5219,-1.3382,0.3244,0.197,3.3111,3.5081,Shawn Marion
1891,2000-2002,15520.0,15495.0,2.0962,-1.5244,-0.2446,-0.3177,0.0343,-0.4797,0.5718,-0.5623,-0.4454,1.886,-2.3218,-0.4359,Jason Terry
1892,2000-2002,3402.0,3387.0,-0.2596,-1.2795,-0.257,0.6064,-0.0333,0.6735,-1.5391,0.3494,0.6402,-0.5499,0.0004,-0.5495,Trajan Langdon
1893,2000-2002,57.0,55.0,-7.8185,-0.3914,1.1182,0.069,-0.0743,0.0278,-8.2099,1.1872,-0.0465,-6.7746,-0.2947,-7.0693,Aleksandar Radojevic
1894,2000-2002,8489.0,8504.0,-0.105,-1.228,-0.0141,-0.0555,0.1223,0.905,-1.333,-0.0696,1.0273,0.0031,-0.3784,-0.3753,Corey Maggette
1895,2000-2002,2379.0,2382.0,-2.4764,-3.6037,0.1953,-0.1586,-0.1702,0.0197,-6.0801,0.0367,-0.1505,-2.4513,-3.7426,-6.1939,William Avery
1897,2000-2002,11800.0,11770.0,-0.739,1.7139,-0.0109,0.362,-0.2729,0.1841,0.9748,0.3512,-0.0888,-1.0229,2.2601,1.2372,Metta World Peace
1898,2000-2002,2757.0,2753.0,-2.7432,0.5471,-0.4254,-0.3914,0.3388,-0.7637,-2.1961,-0.8168,-0.4249,-2.8297,-0.6081,-3.4378,Cal Bowdler
1899,2000-2002,12751.0,12720.0,-0.3015,1.3083,-0.0422,0.0319,-0.1558,0.3469,1.0068,-0.0103,0.1911,-0.4995,1.687,1.1875,James Posey
1900,2000-2002,3401.0,3386.0,-4.4805,-1.2446,0.0767,0.5738,-0.171,0.6301,-5.7251,0.6505,0.4591,-4.5748,-0.0408,-4.6156,Quincy Lewis
1901,2000-2002,5011.0,5057.0,-1.2971,-1.3519,0.1467,-0.0256,-0.1443,-1.0752,-2.649,0.1211,-1.2195,-1.2947,-2.4526,-3.7473,Dion Glover
1902,2000-2002,5856.0,5872.0,-1.7333,2.4302,-0.1754,0.4499,-0.1599,0.5193,0.6968,0.2745,0.3594,-2.0686,3.3994,1.3308,Jeff Foster
1903,2000-2002,11570.0,11564.0,-1.2701,0.1413,-0.1074,-0.0309,-0.0649,-0.0824,-1.1288,-0.1383,-0.1473,-1.4424,0.028,-1.4144,Kenny Thomas
1904,2000-2002,5261.0,5263.0,-1.4999,0.1849,0.5373,0.162,0.0531,1.093,-1.315,0.6993,1.1462,-0.9095,1.4399,0.5304,Devean George
1905,2000-2002,4130.0,4133.0,1.0836,4.378,0.1346,-0.9014,-0.288,0.8935,5.4616,-0.7668,0.6055,0.9302,4.3701,5.3003,Andrei Kirilenko
1906,2000-2002,505.0,508.0,-4.9362,-2.5991,0.7389,0.7496,0.1473,0.3852,-7.5353,1.4885,0.5326,-4.05,-1.4642,-5.5142,Tim James
1907,2000-2002,7569.0,7557.0,-0.9774,-1.7275,-0.2624,-0.2553,-0.3932,-1.5257,-2.7049,-0.5177,-1.9189,-1.6329,-3.5085,-5.1414,Vonteego Cummings
1908,2000-2002,6035.0,6050.0,-0.702,0.9411,0.1479,-0.0425,0.1286,-1.1288,0.2391,0.1055,-1.0002,-0.4254,-0.2302,-0.6556,Jumaine Jones
1909,2000-2002,3547.0,3569.0,-0.1566,-0.1841,0.081,0.245,-0.1717,-0.6021,-0.3407,0.326,-0.7738,-0.2473,-0.5412,-0.7885,Scott Padgett
1910,2000-2002,200.0,202.0,-2.7574,0.7008,0.4249,-0.1687,0.0148,-0.119,-2.0566,0.2561,-0.1042,-2.3177,0.413,-1.9046,Leon Smith
1911,2000-2002,377.0,388.0,-5.3964,-2.8753,-0.2943,0.7945,0.0077,0.1023,-8.2717,0.5002,0.11,-5.6831,-1.9784,-7.6615,John Celestand
1913,2000-2002,3796.0,3819.0,-4.564,1.4884,0.7076,0.0474,-0.0899,0.3508,-3.0756,0.755,0.2609,-3.9463,1.8866,-2.0597,Michael Ruffin
1914,2000-2002,1978.0,1972.0,-1.6425,-2.2497,-0.377,0.3483,0.1687,-0.5774,-3.8922,-0.0287,-0.4088,-1.8508,-2.4788,-4.3297,Chris Herren
1915,2000-2002,3902.0,3872.0,-3.6775,3.1543,-0.09,-0.2222,0.6531,1.0706,-0.5232,-0.3122,1.7238,-3.1144,4.0027,0.8883,Evan Eschmeyer
1916,2000-2002,2619.0,2626.0,-3.4532,4.7818,-0.0193,-0.3167,-0.1342,-0.9167,1.3287,-0.336,-1.0508,-3.6067,3.5485,-0.0582,Calvin Booth
1917,2000-2002,1260.0,1262.0,0.9614,0.483,-0.5458,-0.2876,0.0324,-0.0662,1.4443,-0.8333,-0.0338,0.448,0.1292,0.5772,Wang Zhi-zhi
1918,2000-2002,1484.0,1486.0,-2.4878,0.1231,-0.5914,-0.7105,0.0986,-0.1306,-2.3647,-1.3019,-0.0319,-2.9805,-0.7179,-3.6984,Obinna Ekezie
1919,2000-2002,1639.0,1645.0,-2.8178,-0.438,0.21,0.1154,0.1213,-1.4099,-3.2558,0.3254,-1.2886,-2.4865,-1.7324,-4.2189,Laron Profit
1920,2000-2002,134.0,136.0,-6.1775,-2.8856,0.1979,-0.0253,-0.1106,-0.3631,-9.063,0.1726,-0.4737,-6.0901,-3.274,-9.3641,A.J. Bramlett
1924,2000-2002,4498.0,4497.0,-1.1698,-1.6298,-0.4238,-0.014,0.3545,0.2211,-2.7996,-0.4377,0.5756,-1.239,-1.4227,-2.6617,Lee Nailon
1926,2000-2002,45.0,46.0,-6.84,-3.1441,0.3034,-0.2558,-0.0381,-0.004,-9.9842,0.0476,-0.0421,-6.5748,-3.4039,-9.9787,Ryan Robertson
1928,2000-2002,5254.0,5223.0,-0.4931,1.5964,-0.1336,0.2434,-0.0016,-0.0606,1.1033,0.1099,-0.0622,-0.6283,1.7792,1.151,Todd MacCulloch
1930,2000-2002,285.0,284.0,-5.1729,-0.594,-0.5876,0.0106,-0.1714,-0.5647,-5.7669,-0.577,-0.7361,-5.932,-1.1481,-7.0801,Lari Ketner
1934,2000-2002,5238.0,5249.0,-2.0156,-1.5804,0.763,-0.616,0.2037,-1.6583,-3.596,0.147,-1.4546,-1.0489,-3.8547,-4.9036,Rodney Buford
1937,2000-2002,301.0,302.0,-2.4737,-1.1013,0.1577,-0.0549,0.0133,-0.253,-3.575,0.1028,-0.2397,-2.3027,-1.4091,-3.7119,Tim Young
1942,2000-2002,491.0,488.0,-2.2849,-2.7029,0.912,0.8485,0.0095,-0.1986,-4.9877,1.7605,-0.1891,-1.3633,-2.053,-3.4163,Harold Jamison
1943,2000-2002,82.0,88.0,-6.9689,-2.9247,0.7833,1.3092,0.0084,0.2148,-9.8936,2.0925,0.2232,-6.1772,-1.4006,-7.5779,Wayne Turner
1944,2000-2002,5740.0,5788.0,0.0437,0.2381,0.398,-0.3339,0.328,-1.2469,0.2818,0.0641,-0.9189,0.7697,-1.3426,-0.573,Eddie Robinson
1950,2000-2002,2.0,1.0,-5.2227,-3.4406,0.4574,0.8174,0.0007,0.0185,-8.6634,1.2748,0.0192,-4.7646,-2.6047,-7.3693,Andy Panko
1952,2000-2002,1804.0,1800.0,-2.9878,-2.0595,0.4021,0.4268,-0.0699,0.0369,-5.0472,0.8289,-0.033,-2.6555,-1.5958,-4.2513,Raja Bell
1953,2000-2002,335.0,334.0,-1.3283,-0.7931,-0.0474,0.0466,0.2087,0.0215,-2.1213,-0.0008,0.2302,-1.167,-0.7249,-1.8919,Lazaro Borrell
1954,2000-2002,7.0,7.0,-6.773,-2.0063,0.6309,0.5685,-0.0145,-0.1392,-8.7793,1.1993,-0.1538,-6.1567,-1.5771,-7.7337,Jason Miskiri
1956,2000-2002,2803.0,2794.0,-1.8942,-0.2496,0.104,-0.0138,-0.0865,1.2929,-2.1438,0.0902,1.2064,-1.8768,1.0295,-0.8472,Ira Newble
1960,2000-2002,4509.0,4533.0,-1.6487,-1.4318,-0.5491,-0.1175,-0.2294,0.7377,-3.0805,-0.6666,0.5083,-2.4272,-0.8116,-3.2388,Milt Palacio
1965,2000-2002,471.0,481.0,-2.9687,-2.9938,0.3826,0.1397,0.077,0.0315,-5.9625,0.5223,0.1085,-2.5091,-2.8226,-5.3318,Rick Hughes
1967,2000-2002,10.0,10.0,-8.2502,-2.2077,0.9676,0.5215,0.0028,-0.129,-10.4579,1.4892,-0.1262,-7.2798,-1.8152,-9.095,Derek Hood
1975,2000-2002,213.0,219.0,-5.1923,-3.0607,0.6252,0.5389,-0.1918,-0.217,-8.253,1.1642,-0.4088,-4.7589,-2.7388,-7.4977,Jamel Thomas
1983,2000-2002,674.0,679.0,-1.9824,-0.3564,0.3239,0.3867,0.004,-0.0047,-2.3388,0.7106,-0.0006,-1.6545,0.0256,-1.6289,Jermaine Jackson
1985,2000-2002,1654.0,1656.0,-1.7445,-0.4989,-1.0846,-0.8963,-0.0805,-1.6074,-2.2433,-1.9808,-1.688,-2.9095,-3.0026,-5.9121,Zendon Hamilton
2000,2000-2002,1010.0,1007.0,0.4463,-2.0142,-0.6943,0.3151,0.0363,-0.2918,-1.5678,-0.3792,-0.2555,-0.2117,-1.9909,-2.2025,Dedric Willoughby
2030,2000-2002,9300.0,9260.0,-2.3518,1.2125,0.2164,-0.2553,0.2018,0.6763,-1.1392,-0.0389,0.8781,-1.9335,1.6335,-0.3,Kenyon Martin
2031,2000-2002,5940.0,5964.0,-1.736,2.4935,-0.6007,-1.2023,-0.0131,-1.3894,0.7576,-1.803,-1.4025,-2.3498,-0.0982,-2.448,Stromile Swift
2032,2000-2002,8367.0,8350.0,-2.298,1.6325,0.8406,-0.0544,0.639,1.3167,-0.6655,0.7862,1.9557,-0.8185,2.8949,2.0764,Darius Miles
2033,2000-2002,6694.0,6726.0,-1.9312,-1.7754,-0.3433,-0.3677,-0.1749,-0.5709,-3.7067,-0.7111,-0.7458,-2.4494,-2.7141,-5.1635,Marcus Fizer
2034,2000-2002,8850.0,8830.0,1.0743,-1.7527,-0.0056,0.124,0.1501,0.7807,-0.6784,0.1185,0.9308,1.2188,-0.848,0.3709,Mike Miller
2035,2000-2002,5942.0,5939.0,-2.3978,-0.64,0.3013,-0.1856,0.2707,0.1885,-3.0379,0.1157,0.4592,-1.8258,-0.6372,-2.463,DerMarr Johnson
2036,2000-2002,5348.0,5304.0,-4.0018,0.3611,-1.1534,-0.2683,-0.3014,-0.2797,-3.6408,-1.4217,-0.5812,-5.4567,-0.187,-5.6437,Chris Mihm
2037,2000-2002,2925.0,2950.0,-1.4965,-2.0325,-0.6857,-0.1857,-0.0426,-1.644,-3.529,-0.8714,-1.6865,-2.2248,-3.8622,-6.0869,Jamal Crawford
2038,2000-2002,2657.0,2638.0,-5.8339,5.6143,0.4944,-0.8621,-0.192,-0.3604,-0.2196,-0.3677,-0.5525,-5.5315,4.3918,-1.1397,Joel Przybilla
2039,2000-2002,2699.0,2682.0,-1.132,-1.9717,0.3314,-0.3484,0.1746,0.0159,-3.1037,-0.017,0.1905,-0.626,-2.3042,-2.9302,Keyon Dooling
2040,2000-2002,430.0,437.0,-6.9145,0.8703,0.7375,-0.7757,-0.1381,0.5762,-6.0442,-0.0383,0.4381,-6.3151,0.6708,-5.6443,Jerome Moiso
2041,2000-2002,1170.0,1176.0,-1.9213,3.6056,-0.7523,-1.039,0.1439,0.2226,1.6843,-1.7913,0.3665,-2.5297,2.7892,0.2595,Etan Thomas
2042,2000-2002,5186.0,5169.0,-1.2757,-2.3995,-0.1354,-0.0047,-0.2179,-0.759,-3.6752,-0.1401,-0.9769,-1.629,-3.1632,-4.7922,Courtney Alexander
2043,2000-2002,2940.0,2954.0,-3.9637,-2.9567,0.1903,-0.0017,-0.2803,0.9574,-6.9204,0.1886,0.6771,-4.0537,-2.001,-6.0547,Mateen Cleaves
2044,2000-2002,1094.0,1103.0,-3.1035,-1.5286,-0.0017,-0.1893,-0.4591,-0.7487,-4.6321,-0.191,-1.2077,-3.5642,-2.4667,-6.0309,Jason Collier
2045,2000-2002,6361.0,6367.0,-0.1634,0.7818,0.5209,-0.02,0.5807,0.6997,0.6184,0.5009,1.2804,0.9382,1.4615,2.3997,Hedo Turkoglu
2046,2000-2002,7486.0,7481.0,-0.9829,-0.8155,0.3645,-0.3529,0.5513,0.6851,-1.7984,0.0115,1.2364,-0.0671,-0.4833,-0.5504,Desmond Mason
2047,2000-2002,6705.0,6676.0,2.2026,-1.6971,0.3505,-0.2018,-0.0533,0.7669,0.5056,0.1487,0.7136,2.4998,-1.132,1.3679,Quentin Richardson
2048,2000-2002,5043.0,5099.0,-1.1769,2.8555,0.1317,-0.4862,0.0471,0.7975,1.6786,-0.3545,0.8446,-0.9981,3.1668,2.1687,Jamaal Magloire
2049,2000-2002,2912.0,2910.0,-1.1464,0.1561,-0.4913,0.1304,0.0878,-0.0417,-0.9903,-0.361,0.0461,-1.55,0.2448,-1.3052,Speedy Claxton
2050,2000-2002,7197.0,7188.0,1.0128,-1.8978,0.4867,0.1772,0.3926,0.1519,-0.8851,0.6639,0.5445,1.892,-1.5687,0.3233,Morris Peterson
2051,2000-2002,1739.0,1751.0,-1.6756,1.4729,-0.1972,0.0142,-0.0801,0.8782,-0.2027,-0.183,0.7981,-1.9529,2.3653,0.4124,Donnell Harvey
2052,2000-2002,2745.0,2746.0,-3.7777,-2.8827,0.0508,0.2383,-0.2275,-0.9346,-6.6604,0.2891,-1.1621,-3.9544,-3.579,-7.5334,DeShawn Stevenson
2053,2000-2002,1729.0,1733.0,-6.0409,0.5695,0.6442,-0.2856,0.0326,-0.8263,-5.4715,0.3585,-0.7937,-5.3641,-0.5425,-5.9066,Dalibor Bagaric
2054,2000-2002,4833.0,4810.0,-3.6585,0.8922,-0.6214,0.2545,-0.2719,0.9263,-2.7663,-0.3669,0.6543,-4.5518,2.073,-2.4789,Jake Tsakalidis
2055,2000-2002,104.0,104.0,-2.241,-1.2999,-0.5771,0.307,0.0175,-0.0021,-3.541,-0.27,0.0154,-2.8006,-0.995,-3.7956,Mamadou N'diaye
2056,2000-2002,309.0,313.0,-3.3406,-1.0676,-0.3421,0.5538,-0.0213,-0.0641,-4.4083,0.2118,-0.0854,-3.704,-0.5779,-4.2819,Primoz Brezec
2057,2000-2002,503.0,506.0,-2.4278,-0.9357,-0.109,0.0763,0.0235,0.0257,-3.3635,-0.0327,0.0492,-2.5134,-0.8337,-3.347,Erick Barkley
2058,2000-2002,2519.0,2510.0,-2.2353,-0.9356,1.0668,0.9475,0.1106,-0.731,-3.171,2.0143,-0.6204,-1.0579,-0.7192,-1.7771,Mark Madsen
2059,2000-2002,3523.0,3537.0,-0.5625,1.0493,0.0839,0.0661,0.6017,-0.0828,0.4868,0.15,0.5189,0.1231,1.0326,1.1557,Eduardo Najera
2061,2000-2002,1284.0,1278.0,-3.3771,-2.518,0.272,0.1254,-0.5674,-0.9661,-5.8951,0.3974,-1.5336,-3.6725,-3.3588,-7.0313,Dan Langhi
2062,2000-2002,2309.0,2314.0,0.3017,-4.1103,-0.098,-0.1797,-0.3437,0.552,-3.8086,-0.2778,0.2083,-0.1401,-3.738,-3.8781,A.J. Guyton
2063,2000-2002,1969.0,1974.0,-2.0622,0.9798,-0.8191,-0.0325,-0.4765,-0.9509,-1.0824,-0.8516,-1.4274,-3.3578,-0.0036,-3.3614,Jake Voskuhl
2064,2000-2002,1773.0,1771.0,-0.4389,-1.1842,-0.2156,-0.0901,-0.1338,0.0203,-1.6231,-0.3058,-0.1135,-0.7883,-1.254,-2.0424,Khalid El-Amin
2065,2000-2002,353.0,352.0,-2.8437,-3.1156,0.7751,0.2989,-0.0314,-0.5124,-5.9593,1.074,-0.5438,-2.1,-3.3291,-5.429,Mike Smith
2066,2000-2002,442.0,444.0,-4.5588,0.1088,0.1782,-0.1222,0.0289,-0.3018,-4.4501,0.056,-0.2729,-4.3518,-0.3152,-4.667,Soumaila Samake
2067,2000-2002,3312.0,3312.0,-1.0551,-3.1733,0.8512,0.132,-0.2749,0.2113,-4.2283,0.9832,-0.0636,-0.4787,-2.8299,-3.3087,Eddie House
2068,2000-2002,673.0,666.0,-2.3356,-3.176,-0.4002,-0.8048,-0.0669,0.7647,-5.5116,-1.2051,0.6978,-2.8028,-3.2161,-6.0189,Lavor Postell
2069,2000-2002,4597.0,4619.0,-4.3055,-1.6414,0.2302,0.157,0.166,0.1857,-5.9469,0.3872,0.3517,-3.9093,-1.2987,-5.208,Hanno Mottola
2071,2000-2002,832.0,838.0,-3.6969,2.2842,-0.4216,-0.5842,0.1898,0.5152,-1.4128,-1.0058,0.705,-3.9287,2.2152,-1.7135,Olumide Oyedeji
2072,2000-2002,2756.0,2766.0,3.7269,-1.639,-0.0846,0.0802,-0.168,-0.6349,2.0879,-0.0044,-0.8029,3.4743,-2.1937,1.2806,Michael Redd
2073,2000-2002,347.0,344.0,-4.1616,-0.5997,0.474,0.144,-0.097,-0.1219,-4.7614,0.618,-0.2189,-3.7846,-0.5776,-4.3623,Brian Cardinal
2074,2000-2002,516.0,523.0,-2.189,0.139,0.5586,0.32,0.0956,-0.1834,-2.0501,0.8786,-0.0877,-1.5348,0.2756,-1.2592,Jabari Smith
2078,2000-2002,189.0,193.0,-2.2304,0.3318,0.0017,0.458,-0.0257,0.0673,-1.8986,0.4597,0.0416,-2.2544,0.8571,-1.3973,Jason Hart
2081,2000-2002,41.0,40.0,-6.4269,-1.7168,0.9081,-0.0744,-0.0933,-0.1727,-8.1436,0.8337,-0.266,-5.6121,-1.9638,-7.5759,Ernest Brown
2082,2000-2002,115.0,118.0,-4.654,-3.1351,0.2269,0.2759,0.0236,-0.1056,-7.7891,0.5028,-0.082,-4.4035,-2.9648,-7.3683,Dan McClintock
2084,2000-2002,2279.0,2267.0,-2.4194,-2.7809,0.6193,0.5602,0.1269,-0.9504,-5.2003,1.1795,-0.8235,-1.6732,-3.1711,-4.8443,Chris Porter
2091,2000-2002,1218.0,1230.0,-5.3516,0.17,-0.4056,-0.2093,-0.2122,0.2232,-5.1816,-0.6148,0.011,-5.9694,0.1839,-5.7855,Daniel Santiago
2092,2000-2002,160.0,165.0,-5.1067,-1.0351,0.9098,0.7986,0.0204,0.2023,-6.1418,1.7083,0.2227,-4.1766,-0.0342,-4.2108,Ruben Garces
2098,2000-2002,1505.0,1508.0,-0.9548,-1.2964,-0.1559,0.4658,0.1015,0.9311,-2.2512,0.3099,1.0326,-1.0092,0.1006,-0.9086,Slava Medvedenko
2101,2000-2002,1181.0,1194.0,-1.626,-2.1778,0.3237,0.2378,0.2705,-0.4341,-3.8038,0.5615,-0.1636,-1.0318,-2.3742,-3.406,Paul McPherson
2106,2000-2002,605.0,615.0,-5.8044,0.1877,0.0205,-0.4812,0.0798,0.2869,-5.6167,-0.4607,0.3667,-5.7042,-0.0066,-5.7108,Ruben Wolkowyski
2109,2000-2002,995.0,992.0,-1.948,-2.2292,0.1074,-0.2171,-0.4833,-0.6071,-4.1772,-0.1097,-1.0904,-2.3239,-3.0534,-5.3773,Eddie Gill
2121,2000-2002,24.0,26.0,-6.5573,-3.7233,0.3273,0.8611,0.0293,-0.0315,-10.2806,1.1884,-0.0022,-6.2007,-2.8938,-9.0944,Terrance Roberson
2123,2000-2002,31.0,30.0,-6.4104,-4.4022,0.0334,0.5295,0.0246,-0.2153,-10.8126,0.5629,-0.1907,-6.3524,-4.088,-10.4404,Garth Joseph
2124,2000-2002,304.0,302.0,-2.4356,0.4218,0.1803,-0.1575,-0.0768,0.0261,-2.0138,0.0228,-0.0507,-2.3321,0.2904,-2.0417,Malik Allen
2128,2000-2002,803.0,803.0,-2.4612,-1.7498,0.2787,-0.1448,0.1086,0.1189,-4.211,0.1339,0.2276,-2.0739,-1.7757,-3.8496,David Vanterpool
2130,2000-2002,1701.0,1699.0,0.2187,-2.0452,-0.1049,0.2325,-0.1386,-1.064,-1.8265,0.1277,-1.2025,-0.0247,-2.8766,-2.9014,Mike Penberthy
2143,2000-2002,305.0,308.0,-2.2685,0.9042,-1.0601,0.4717,-0.0016,-0.113,-1.3643,-0.5884,-0.1146,-3.3302,1.2629,-2.0673,Pepe Sanchez
2173,2000-2002,97.0,101.0,-3.957,-4.4296,-0.0619,0.3645,-0.0716,0.0045,-8.3866,0.3025,-0.0672,-4.0906,-4.0606,-8.1512,Sean Colson
2198,2000-2002,1551.0,1576.0,-3.0321,0.3571,0.1657,0.2915,-0.1244,-0.0152,-2.6751,0.4572,-0.1396,-2.9908,0.6333,-2.3575,Kwame Brown
2199,2000-2002,2681.0,2687.0,-3.0043,2.3884,-0.2342,-0.3842,0.1691,-0.6799,-0.6159,-0.6185,-0.5108,-3.0695,1.3243,-1.7451,Tyson Chandler
2200,2000-2002,5772.0,5766.0,0.8546,0.9294,-0.0844,0.5741,0.0343,0.3799,1.784,0.4897,0.4142,0.8045,1.8834,2.6879,Pau Gasol
2201,2000-2002,2197.0,2185.0,-1.9287,0.2591,-1.1855,-0.2912,-0.0942,-1.1722,-1.6696,-1.4767,-1.2664,-3.2085,-1.2043,-4.4128,Eddy Curry
2202,2000-2002,5261.0,5269.0,-0.1341,-2.2149,0.507,0.1249,0.2377,-0.2667,-2.349,0.6318,-0.0291,0.6105,-2.3567,-1.7462,Jason Richardson
2203,2000-2002,5935.0,5939.0,0.1913,-0.7838,-0.0098,0.6388,0.1208,1.2351,-0.5925,0.629,1.3559,0.3022,1.0902,1.3923,Shane Battier
2204,2000-2002,3526.0,3522.0,-0.5,1.242,0.2894,0.5687,-0.5513,-0.3,0.742,0.8581,-0.8513,-0.7618,1.5107,0.7488,Eddie Griffin
2205,2000-2002,220.0,214.0,-6.9093,0.2177,0.7683,-0.1966,-0.0216,-0.196,-6.6916,0.5717,-0.2176,-6.1626,-0.175,-6.3375,DeSagana Diop
2206,2000-2002,252.0,255.0,-2.9311,-1.2371,-0.1518,0.1234,0.0466,-0.0399,-4.1682,-0.0284,0.0067,-3.0363,-1.1537,-4.1899,Rodney White
2207,2000-2002,3658.0,3631.0,-0.4591,-1.3734,0.1063,0.3164,-0.351,0.7992,-1.8326,0.4227,0.4481,-0.7039,-0.2579,-0.9618,Joe Johnson
2208,2000-2002,484.0,490.0,-1.8437,1.9761,0.1076,0.038,-0.0414,-0.0385,0.1324,0.1456,-0.0799,-1.7775,1.9756,0.1981,Kedrick Brown
2209,2000-2002,2338.0,2333.0,-0.9391,1.4241,0.0829,-0.0087,0.0854,-0.0597,0.485,0.0742,0.0256,-0.7708,1.3557,0.5849,Vladimir Radmanovic
2210,2000-2002,3678.0,3679.0,-0.8026,0.2737,0.2057,0.1604,-0.193,0.8077,-0.5289,0.366,0.6146,-0.7899,1.2417,0.4518,Richard Jefferson
2211,2000-2002,2864.0,2841.0,-3.0101,-0.055,-0.0228,0.0984,0.0226,-1.2736,-3.0651,0.0756,-1.251,-3.0103,-1.2302,-4.2405,Troy Murphy
2212,2000-2002,1026.0,1033.0,-3.0077,1.3712,0.2616,-0.8552,-0.2802,-0.2437,-1.6365,-0.5935,-0.5239,-3.0263,0.2723,-2.754,Steven Hunter
2213,2000-2002,162.0,166.0,-5.0607,-2.3816,0.0149,0.1905,-0.0499,0.2071,-7.4423,0.2055,0.1573,-5.0956,-1.9839,-7.0796,Kirk Haston
2214,2000-2002,232.0,237.0,-3.8249,-0.1244,-0.0518,0.3638,-0.0415,-0.5228,-3.9493,0.312,-0.5642,-3.9181,-0.2834,-4.2015,Michael Bradley
2215,2000-2002,2638.0,2651.0,-2.3574,0.0613,0.1687,0.6139,-0.0652,1.233,-2.2961,0.7825,1.1678,-2.2539,1.9081,-0.3457,Jason Collins
2216,2000-2002,448.0,449.0,-0.7762,-1.0359,-0.6908,0.2701,0.1226,-0.084,-1.8121,-0.4206,0.0385,-1.3444,-0.8498,-2.1942,Zach Randolph
2217,2000-2002,2306.0,2319.0,-2.1407,2.5965,-0.1521,-0.2677,-0.2023,1.399,0.4558,-0.4198,1.1967,-2.4952,3.7278,1.2326,Brendan Haywood
2218,2000-2002,79.0,80.0,-3.8889,-2.6332,0.7995,0.5117,-0.0599,-0.1025,-6.5221,1.3112,-0.1624,-3.1493,-2.2241,-5.3733,Joseph Forte
2219,2000-2002,66.0,69.0,-4.5357,-2.7313,0.8389,0.5499,0.0039,-0.1783,-7.2669,1.3888,-0.1744,-3.6928,-2.3596,-6.0525,Jeryl Sasser
2220,2000-2002,375.0,376.0,-4.7867,-4.3604,0.6091,0.1313,-0.0103,0.0909,-9.147,0.7404,0.0806,-4.1879,-4.1382,-8.326,Brandon Armstrong
2222,2000-2002,902.0,913.0,-1.7335,-2.4495,0.3634,0.2611,0.0002,0.4177,-4.183,0.6245,0.4179,-1.3699,-1.7706,-3.1405,Gerald Wallace
2223,2000-2002,361.0,369.0,-4.1097,2.6769,-0.0126,-0.4576,0.0825,-0.2947,-1.4328,-0.4703,-0.2122,-4.0398,1.9246,-2.1152,Samuel Dalembert
2224,2000-2002,4785.0,4761.0,-0.6167,-0.1967,0.6816,-0.0088,0.4459,0.0176,-0.8135,0.6728,0.4635,0.5108,-0.1879,0.3229,Jamaal Tinsley
2225,2000-2002,4296.0,4290.0,-0.5166,-1.6066,-0.2478,-0.1505,-0.0589,-0.5018,-2.1232,-0.3983,-0.5607,-0.8232,-2.259,-3.0821,Tony Parker
2226,2000-2002,1710.0,1710.0,-1.2619,-2.7286,-0.3157,-0.147,-0.1861,0.2823,-3.9905,-0.4626,0.0962,-1.7637,-2.5933,-4.3569,Will Solomon
2228,2000-2002,853.0,856.0,-3.8052,0.6182,-0.782,-1.292,-0.0326,-1.1626,-3.187,-2.074,-1.1952,-4.6197,-1.8364,-6.4561,Alton Ford
2229,2000-2002,223.0,226.0,-1.5398,-1.3954,-0.0087,0.4816,-0.0933,-0.2359,-2.9352,0.4729,-0.3293,-1.6419,-1.1497,-2.7916,Mike James
2230,2000-2002,99.0,98.0,-2.5966,-3.7581,0.1717,0.7596,-0.0179,-0.0185,-6.3547,0.9314,-0.0365,-2.4428,-3.017,-5.4598,Maurice Evans
2237,2000-2002,12.0,12.0,-3.5425,-1.9729,0.1341,0.7496,0.0,-0.0861,-5.5155,0.8838,-0.086,-3.4083,-1.3094,-4.7177,Ratko Varda
2238,2000-2002,627.0,621.0,-2.4007,-1.0729,0.0866,-0.3474,-0.2017,0.0935,-3.4736,-0.2608,-0.1082,-2.5158,-1.3268,-3.8426,Antonis Fotsis
2239,2000-2002,4232.0,4228.0,-1.4776,-1.3204,0.0694,0.2476,0.1685,-1.6194,-2.798,0.317,-1.4508,-1.2396,-2.6922,-3.9318,Trenton Hassell
2240,2000-2002,2371.0,2362.0,1.4789,0.0978,0.1284,0.1658,-0.0938,-0.5861,1.5766,0.2942,-0.6799,1.5134,-0.3225,1.1909,Gilbert Arenas
2242,2000-2002,2079.0,2099.0,-2.2796,-1.4154,-0.0119,0.5857,-0.3496,-1.432,-3.695,0.5738,-1.7816,-2.6412,-2.2616,-4.9028,Terence Morris
2243,2000-2002,551.0,563.0,-5.1778,-0.9697,0.7291,0.4358,0.2273,-0.2458,-6.1476,1.1649,-0.0185,-4.2215,-0.7797,-5.0012,Brian Scalabrine
2244,2000-2002,164.0,162.0,-4.3683,0.4206,0.4005,0.1432,-0.1213,0.2529,-3.9477,0.5437,0.1316,-4.0891,0.8167,-3.2724,Jeff Trepagnier
2245,2000-2002,140.0,142.0,-5.587,-3.0587,-0.2304,0.2499,0.0248,-0.0184,-8.6457,0.0194,0.0063,-5.7926,-2.8273,-8.62,Damone Brown
2248,2000-2002,1804.0,1822.0,-1.2312,-0.0089,0.0046,0.0282,0.1048,0.6853,-1.2401,0.0328,0.7901,-1.1217,0.7045,-0.4172,Earl Watson
2249,2000-2002,91.0,92.0,-2.185,-1.2887,0.475,0.2773,-0.0297,0.2526,-3.4737,0.7524,0.2229,-1.7397,-0.7588,-2.4984,Jamison Brewer
2250,2000-2002,647.0,646.0,-1.1653,-1.125,0.4628,0.2233,0.1125,-0.295,-2.2903,0.6862,-0.1825,-0.59,-1.1966,-1.7867,Bobby Simmons
2254,2000-2002,988.0,997.0,-4.2075,2.2401,0.7314,-0.0303,0.017,-0.3018,-1.9674,0.7012,-0.2849,-3.4591,1.908,-1.5511,Loren Woods
2257,2000-2002,471.0,469.0,-5.5715,1.3532,-0.1488,0.5569,-0.0444,-0.6951,-4.2182,0.4082,-0.7395,-5.7647,1.2151,-4.5496,Ruben Boumtje-Boumtje
2260,2000-2002,2716.0,2694.0,-1.5678,-0.4925,0.3805,0.6941,-0.7014,0.8181,-2.0603,1.0746,0.1166,-1.8887,1.0197,-0.869,Jarron Collins
2261,2000-2002,1061.0,1065.0,-1.1412,-2.1182,-0.2504,-0.1321,-0.0346,-0.5199,-3.2594,-0.3825,-0.5545,-1.4261,-2.7702,-4.1963,Kenny Satterfield
2264,2000-2002,245.0,233.0,-6.165,2.5478,-0.0353,-0.6133,0.1772,-0.3787,-3.6172,-0.6486,-0.2016,-6.0231,1.5558,-4.4673,Alvin Jones
2294,2000-2002,83.0,86.0,-4.6025,-4.0188,0.1169,0.4566,0.0251,-0.2762,-8.6213,0.5735,-0.2512,-4.4605,-3.8385,-8.2989,Charlie Bell
2306,2000-2002,707.0,714.0,-0.7537,-1.9792,0.3111,0.1171,-0.1969,0.1578,-2.7329,0.4282,-0.0391,-0.6395,-1.7043,-2.3438,Carlos Arroyo
2343,2000-2002,308.0,310.0,2.5696,-2.7319,-0.9319,0.0012,-0.0661,-0.1112,-0.1623,-0.9307,-0.1774,1.5716,-2.842,-1.2704,Joe Crispin
2347,2000-2002,183.0,178.0,-3.0781,-0.5654,0.6951,0.2028,-0.0733,0.3007,-3.6435,0.8979,0.2274,-2.4563,-0.0618,-2.5181,Tang Hamilton
2349,2000-2002,187.0,192.0,-3.6441,-1.923,-0.5984,-0.0602,0.0277,0.0807,-5.5671,-0.6587,0.1085,-4.2148,-1.9025,-6.1173,Victor Alexander
2351,2000-2002,1997.0,2013.0,-0.3523,-2.8655,-0.3197,-0.1645,-0.3278,-0.4842,-3.2179,-0.4842,-0.8119,-0.9998,-3.5142,-4.514,Oscar Torres
2352,2000-2002,292.0,295.0,-3.0091,-3.0965,-0.0183,0.0007,-0.0969,-0.1778,-6.1056,-0.0176,-0.2747,-3.1242,-3.2736,-6.3978,Dean Oliver
2357,2000-2002,768.0,767.0,-1.4567,-1.5772,0.1114,0.09,-0.5436,-0.3424,-3.034,0.2014,-0.886,-1.8889,-1.8297,-3.7186,Tierre Brown
2365,2000-2002,502.0,509.0,-3.3866,2.6291,0.3946,0.2743,0.1711,-0.0034,-0.7575,0.6689,0.1677,-2.8208,2.8999,0.0791,Chris Andersen
2369,2000-2002,134.0,138.0,-2.2971,-3.2032,-0.0039,-0.414,-0.0284,-0.0758,-5.5002,-0.4179,-0.1043,-2.3294,-3.693,-6.0224,Norman Richardson
2370,2000-2002,778.0,769.0,-4.4548,-0.1237,-0.1813,-0.3923,-0.0737,0.3852,-4.5786,-0.5736,0.3115,-4.7099,-0.1309,-4.8407,Mengke Bateer
3,2003-2005,926.0,926.0,-4.7773,-0.6657,1.0868,0.1875,-0.0965,0.7187,-5.443,1.2744,0.6222,-3.7869,0.2405,-3.5464,Grant Long
15,2003-2005,5544.0,5573.0,0.7485,-1.3313,-0.3797,0.0153,-0.0157,0.6874,-0.5828,-0.3644,0.6716,0.3531,-0.6286,-0.2755,Eric Piatkowski
42,2003-2005,557.0,552.0,-2.7176,0.3132,0.1727,0.1049,0.3456,0.0371,-2.4044,0.2776,0.3827,-2.1993,0.4552,-1.7441,Monty Williams
43,2003-2005,2388.0,2377.0,-0.4116,-2.4928,-0.2159,0.2189,-0.5747,-0.5615,-2.9044,0.003,-1.1362,-1.2022,-2.8353,-4.0375,Chris Whitney
56,2003-2005,16626.0,16617.0,2.8023,-1.0892,-0.6815,-0.1992,0.0241,0.2786,1.7131,-0.8807,0.3027,2.1449,-1.0098,1.1351,Gary Payton
57,2003-2005,14044.0,14035.0,-0.0912,1.2497,-0.1772,0.0144,0.3844,0.6628,1.1585,-0.1628,1.0472,0.116,1.9269,2.0429,Doug Christie
70,2003-2005,1825.0,1828.0,-0.3163,-1.8467,-0.3135,0.6363,-0.2432,0.41,-2.1629,0.3228,0.1668,-0.8729,-0.8003,-1.6733,Steve Kerr
72,2003-2005,5220.0,5214.0,-1.8788,-0.8265,-0.3784,-0.0364,-0.1049,0.6966,-2.7052,-0.4148,0.5917,-2.3621,-0.1662,-2.5283,Kenny Anderson
77,2003-2005,1951.0,1953.0,-3.1313,-2.1742,-0.5447,-0.0578,0.3997,-0.5678,-5.3055,-0.6025,-0.1681,-3.2763,-2.7998,-6.0761,Doug Overton
84,2003-2005,15900.0,15903.0,0.2862,-2.5332,0.1753,0.2005,-0.0796,0.8491,-2.247,0.3758,0.7695,0.382,-1.4836,-1.1017,Latrell Sprewell
87,2003-2005,6045.0,6097.0,-2.3341,4.045,0.4241,0.1558,-0.1583,0.9916,1.7109,0.5799,0.8333,-2.0684,5.1924,3.1241,Dikembe Mutombo
89,2003-2005,9367.0,9374.0,1.5104,-2.8045,0.1101,-0.2331,-0.0402,-0.9934,-1.2941,-0.123,-1.0336,1.5804,-4.0311,-2.4507,Nick Van Exel
93,2003-2005,730.0,750.0,-2.6704,-1.81,0.5933,0.0533,-0.0579,-0.2631,-4.4804,0.6465,-0.321,-2.135,-2.0198,-4.1548,Hubert Davis
95,2003-2005,189.0,191.0,-7.5006,-1.0437,1.2788,1.0465,-0.0728,0.1993,-8.5443,2.3252,0.1265,-6.2947,0.2021,-6.0926,Mark Bryant
109,2003-2005,9631.0,9631.0,-0.0372,2.2109,0.126,0.4512,-0.1355,0.7017,2.1737,0.5772,0.5662,-0.0467,3.3638,3.3171,Robert Horry
111,2003-2005,1444.0,1459.0,-0.6046,-1.1386,-0.3657,-0.1567,-0.1654,0.8192,-1.7432,-0.5224,0.6538,-1.1358,-0.4761,-1.6118,LaPhonso Ellis
120,2003-2005,5132.0,5123.0,0.4975,-1.4154,-0.2631,0.1672,-0.2013,-1.7433,-0.9179,-0.0959,-1.9447,0.033,-2.9915,-2.9585,Steven Smith
123,2003-2005,1235.0,1233.0,-1.8196,-0.6755,-0.7916,0.0411,-0.3005,-0.847,-2.4951,-0.7505,-1.1475,-2.9117,-1.4813,-4.3931,Robert Pack
124,2003-2005,9496.0,9507.0,-0.1291,1.5853,0.6341,0.4269,0.5339,0.1394,1.4562,1.061,0.6733,1.0389,2.1516,3.1905,Vlade Divac
133,2003-2005,14129.0,14097.0,0.5005,-1.5429,-0.5951,-0.2312,-0.2711,1.2569,-1.0423,-0.8263,0.9858,-0.3657,-0.5171,-0.8828,David Wesley
136,2003-2005,15335.0,15289.0,0.2467,1.4671,-0.0617,0.2967,-0.188,-0.0545,1.7138,0.235,-0.2425,-0.003,1.7093,1.7063,P.J. Brown
145,2003-2005,444.0,455.0,-2.4125,-3.1776,0.9304,0.5598,-0.0198,-0.665,-5.5901,1.4902,-0.6848,-1.5019,-3.2828,-4.7847,Tracy Murray
147,2003-2005,16671.0,16621.0,0.0918,-3.0254,0.1435,0.1451,0.1368,-0.4023,-2.9336,0.2886,-0.2655,0.3721,-3.2827,-2.9106,Jalen Rose
164,2003-2005,215.0,214.0,-3.0837,-0.4227,0.0954,0.7391,-0.0682,0.2708,-3.5064,0.8345,0.2026,-3.0564,0.5871,-2.4693,Chris Childs
168,2003-2005,516.0,520.0,-0.9031,-1.3569,0.5984,0.1029,0.0599,0.1051,-2.26,0.7012,0.165,-0.2448,-1.149,-1.3938,Chris Mills
176,2003-2005,69.0,73.0,-8.8718,1.5139,0.8234,0.6028,-0.0068,0.1865,-7.358,1.4262,0.1797,-8.0552,2.3032,-5.7521,Antonio Harvey
178,2003-2005,22.0,22.0,-7.6969,-2.0907,1.3093,0.3459,-0.0173,0.1344,-9.7875,1.6551,0.1171,-6.4049,-1.6104,-8.0153,Olden Polynice
180,2003-2005,335.0,338.0,-1.8362,-1.1696,0.6627,0.3137,-0.0866,-0.1392,-3.0057,0.9764,-0.2258,-1.2601,-0.9951,-2.2552,John Crotty
185,2003-2005,11636.0,11640.0,-0.3119,0.2528,-1.2919,0.4424,-0.265,0.5254,-0.0592,-0.8495,0.2605,-1.8688,1.2206,-0.6482,Chris Webber
193,2003-2005,4019.0,4018.0,-1.7967,-0.1289,0.0661,0.2313,-0.412,-1.7056,-1.9256,0.2974,-2.1176,-2.1426,-1.6032,-3.7457,Anthony Mason
198,2003-2005,1175.0,1170.0,-4.2006,-1.8375,0.2589,0.2038,0.078,0.1862,-6.0381,0.4627,0.2642,-3.8637,-1.4476,-5.3112,Danny Ferry
201,2003-2005,17.0,17.0,-7.5378,-1.1053,1.5459,0.7672,-0.0369,-0.0869,-8.6431,2.313,-0.1237,-6.0288,-0.425,-6.4539,Chris Dudley
208,2003-2005,13420.0,13368.0,4.3699,-1.0359,0.2387,-0.176,-0.0283,-0.9348,3.334,0.0628,-0.9632,4.5803,-2.1467,2.4336,Sam Cassell
213,2003-2005,11892.0,11906.0,-2.3904,-0.1132,-0.2696,0.5476,-0.0331,1.2302,-2.5036,0.278,1.1971,-2.6931,1.6646,-1.0285,Antonio Davis
216,2003-2005,1744.0,1755.0,-1.5068,-0.8352,-0.4759,0.0256,-0.379,-0.3396,-2.342,-0.4502,-0.7185,-2.3616,-1.1492,-3.5108,Brian Shaw
221,2003-2005,6407.0,6476.0,-1.2475,1.5826,-0.2901,-0.2535,-0.0749,-0.6225,0.3351,-0.5436,-0.6975,-1.6125,0.7065,-0.906,Clar. Weatherspoon
224,2003-2005,14233.0,14163.0,1.8487,0.2248,-0.6248,0.0001,0.1158,1.7831,2.0735,-0.6247,1.8989,1.3397,2.008,3.3476,Eddie Jones
238,2003-2005,2691.0,2694.0,-4.1975,1.3519,-0.2913,-0.0633,0.1642,0.0208,-2.8456,-0.3546,0.1851,-4.3245,1.3094,-3.0151,Tyrone Hill
239,2003-2005,680.0,675.0,-1.069,-2.633,0.3199,-0.411,-0.1424,0.9739,-3.7019,-0.0911,0.8314,-0.8915,-2.0701,-2.9616,Darrick Martin
243,2003-2005,10790.0,10835.0,-0.8982,0.9279,-0.1497,0.025,0.3869,0.9314,0.0297,-0.1247,1.3183,-0.661,1.8842,1.2233,Aaron McKie
248,2003-2005,7648.0,7674.0,-1.5631,0.3955,-0.004,0.2607,-0.3416,0.9275,-1.1676,0.2567,0.586,-1.9087,1.5837,-0.325,George Lynch
252,2003-2005,8297.0,8295.0,1.5582,1.248,-0.0081,-0.3393,-0.3781,-0.4549,2.8063,-0.3474,-0.8329,1.172,0.4539,1.6259,Karl Malone
255,2003-2005,6321.0,6293.0,1.5988,-0.7789,0.0242,0.1673,-0.1294,-0.0441,0.8199,0.1915,-0.1735,1.4936,-0.6557,0.8379,Grant Hill
258,2003-2005,11291.0,11247.0,-2.1321,1.0227,0.1345,0.1132,0.1686,0.0562,-1.1095,0.2477,0.2248,-1.829,1.1921,-0.6369,Brian Grant
270,2003-2005,2245.0,2279.0,-2.256,0.1831,0.3976,0.4893,0.1074,0.168,-2.0728,0.8869,0.2754,-1.751,0.8404,-0.9106,Horace Grant
275,2003-2005,10397.0,10367.0,1.507,-3.3351,0.988,-0.3281,0.332,0.9058,-1.8282,0.6599,1.2378,2.8269,-2.7574,0.0695,Allan Houston
278,2003-2005,5628.0,5620.0,-3.108,-0.5213,0.7826,0.3569,0.3556,0.5753,-3.6292,1.1394,0.9309,-1.9698,0.4109,-1.5589,Stacey Augmon
281,2003-2005,2982.0,2982.0,-4.0262,1.3737,-0.1552,-0.0296,-0.0846,0.0395,-2.6525,-0.1849,-0.0452,-4.266,1.3835,-2.8825,Scott Williams
283,2003-2005,4628.0,4626.0,-1.8064,-0.549,0.1907,0.138,0.056,0.7548,-2.3555,0.3287,0.8108,-1.5598,0.3438,-1.216,Lindsey Hunter
292,2003-2005,25.0,27.0,-4.4961,-2.2591,0.595,0.4159,-0.0047,0.005,-6.7552,1.0109,0.0004,-3.9058,-1.8381,-5.7439,Anthony Miller
296,2003-2005,5879.0,5861.0,-0.7516,-0.5532,0.2468,0.0124,-0.2562,-0.1757,-1.3048,0.2592,-0.4318,-0.7609,-0.7165,-1.4774,Rick Fox
297,2003-2005,1685.0,1680.0,-3.184,3.3241,-0.0133,-0.3737,-0.2582,-0.1258,0.1401,-0.3871,-0.384,-3.4555,2.8245,-0.631,Alonzo Mourning
299,2003-2005,7887.0,7902.0,-0.5154,-2.5125,0.8681,-0.1771,-0.0408,-0.8516,-3.0279,0.691,-0.8925,0.3119,-3.5412,-3.2294,Glenn Robinson
304,2003-2005,4270.0,4261.0,5.2555,1.5602,0.1236,-0.2047,-0.0384,-0.5862,6.8157,-0.0811,-0.6246,5.3407,0.7692,6.1099,John Stockton
323,2003-2005,1002.0,996.0,-6.2105,-1.2242,0.5918,0.1516,-0.1771,-0.0697,-7.4347,0.7435,-0.2469,-5.7958,-1.1423,-6.9381,Greg Foster
324,2003-2005,8048.0,8064.0,-1.0805,-0.4265,-0.0908,0.0422,0.3209,-0.2384,-1.507,-0.0487,0.0825,-0.8504,-0.6228,-1.4732,Anthony Peeler
330,2003-2005,174.0,173.0,-2.4504,0.935,0.1953,0.4272,0.0054,0.018,-1.5153,0.6224,0.0234,-2.2497,1.3802,-0.8695,Danny Manning
339,2003-2005,4189.0,4207.0,-3.8115,0.289,-0.3749,0.1862,-0.3792,-1.1118,-3.5225,-0.1887,-1.491,-4.5656,-0.6366,-5.2022,Tom Gugliotta
344,2003-2005,27.0,24.0,-6.8598,-2.2346,0.4555,-0.3815,0.0002,-0.2774,-9.0945,0.0741,-0.2772,-6.404,-2.8935,-9.2976,Dana Barros
348,2003-2005,1101.0,1110.0,-3.0026,-0.7554,0.4326,0.1583,0.2318,0.3728,-3.758,0.5909,0.6047,-2.3382,-0.2242,-2.5624,Mitchell Butler
349,2003-2005,3826.0,3838.0,0.2923,-1.7426,-0.16,-0.1171,-0.4247,0.698,-1.4503,-0.277,0.2732,-0.2924,-1.1616,-1.4541,Mark Jackson
353,2003-2005,10841.0,10849.0,2.0703,-0.2804,-0.5403,0.0769,-0.5891,0.4052,1.7898,-0.4633,-0.1838,0.9409,0.2017,1.1427,Darrell Armstrong
358,2003-2005,9166.0,9185.0,-2.0942,-1.3049,0.2214,0.1604,-0.5321,0.8289,-3.3991,0.3818,0.2969,-2.4049,-0.3156,-2.7205,Anfernee Hardaway
361,2003-2005,13786.0,13765.0,-1.5976,-0.4414,0.2957,0.1955,0.21,-0.8447,-2.039,0.4913,-0.6346,-1.0918,-1.0906,-2.1824,Clifford Robinson
363,2003-2005,7416.0,7446.0,-0.1837,2.3105,-0.4072,0.0805,-0.4372,-0.0976,2.1268,-0.3267,-0.5348,-1.028,2.2934,1.2654,Christian Laettner
369,2003-2005,5890.0,5914.0,1.6743,0.8375,-0.6698,0.2557,-0.22,-0.1783,2.5118,-0.4141,-0.3982,0.7846,0.9149,1.6995,Charlie Ward
383,2003-2005,7252.0,7284.0,-2.7031,-1.1397,-0.2755,0.0516,-0.3568,0.7473,-3.8429,-0.2239,0.3906,-3.3354,-0.3407,-3.6762,Kendall Gill
384,2003-2005,10019.0,10022.0,-3.0867,-1.4308,1.0257,0.0385,0.2644,1.2255,-4.5174,1.0642,1.4899,-1.7966,-0.1668,-1.9634,Calbert Cheaney
389,2003-2005,8242.0,8272.0,2.1059,0.309,-0.4671,0.3376,-0.0107,0.5504,2.4149,-0.1295,0.5397,1.6281,1.197,2.8251,Toni Kukoc
393,2003-2005,4447.0,4478.0,0.3364,-0.8031,-0.2076,-0.377,-0.1361,-1.0378,-0.4666,-0.5846,-1.1739,-0.0073,-2.2179,-2.2251,Rod Strickland
397,2003-2005,12140.0,12104.0,3.6156,-1.0355,-1.2323,-0.0655,-0.2759,0.945,2.58,-1.2978,0.6692,2.1074,-0.156,1.9514,Reggie Miller
399,2003-2005,3697.0,3717.0,-5.3227,0.4891,0.8403,0.6986,-0.3618,-1.4834,-4.8336,1.5389,-1.8452,-4.8443,-0.2957,-5.14,Sean Rooks
406,2003-2005,14458.0,14375.0,3.7393,2.2878,0.359,0.3151,0.4094,0.4003,6.0271,0.6741,0.8097,4.5077,3.0032,7.5108,Shaquille O'Neal
422,2003-2005,2007.0,2011.0,-1.6795,-2.3186,-0.6334,-0.4927,0.0607,0.1225,-3.9981,-1.1261,0.1832,-2.2522,-2.6889,-4.9411,Avery Johnson
431,2003-2005,3163.0,3169.0,-3.904,1.1901,-0.4954,-0.4902,0.1532,0.1084,-2.7139,-0.9856,0.2616,-4.2462,0.8083,-3.4378,Shawn Kemp
436,2003-2005,13719.0,13705.0,-1.0284,-1.7597,-0.1656,-0.0365,-0.0935,-0.3289,-2.7881,-0.2021,-0.4224,-1.2875,-2.1251,-3.4126,Juwan Howard
441,2003-2005,2719.0,2708.0,-2.1769,-0.5236,0.3529,-0.0694,-0.0749,0.9453,-2.7006,0.2835,0.8705,-1.8989,0.3524,-1.5465,Lamond Murray
445,2003-2005,7094.0,7100.0,-0.1912,-1.2461,0.0082,-0.1684,-0.0865,-1.7473,-1.4373,-0.1602,-1.8338,-0.2695,-3.1618,-3.4313,Wesley Person
446,2003-2005,8713.0,8747.0,-0.5678,-2.0138,0.3382,0.1118,0.0017,1.0133,-2.5817,0.45,1.015,-0.228,-0.8887,-1.1167,Lucious Harris
448,2003-2005,6896.0,6905.0,-2.0752,2.5835,0.6427,0.4458,-0.1866,1.3979,0.5084,1.0885,1.2112,-1.6191,4.4272,2.8081,Bo Outlaw
452,2003-2005,4721.0,4704.0,-2.531,-0.2313,0.0764,0.3629,-0.0596,-1.1078,-2.7622,0.4392,-1.1674,-2.5142,-0.9762,-3.4904,Vin Baker
458,2003-2005,9643.0,9647.0,0.9117,-1.1189,-0.1501,-0.3173,-0.1995,-0.8928,-0.2072,-0.4674,-1.0923,0.5622,-2.329,-1.7668,Howard Eisley
461,2003-2005,452.0,457.0,-5.2809,-1.6475,-0.1525,0.5994,0.0023,-0.2181,-6.9283,0.4469,-0.2157,-5.431,-1.2661,-6.6971,Popeye Jones
467,2003-2005,15164.0,15164.0,4.8246,0.4863,0.9764,0.5452,0.2587,0.8814,5.3109,1.5216,1.14,6.0596,1.9129,7.9725,Jason Kidd
468,2003-2005,7698.0,7713.0,1.8092,0.6335,-0.2018,0.2748,0.3108,0.171,2.4427,0.073,0.4818,1.9182,1.0792,2.9974,Jon Barry
469,2003-2005,7644.0,7636.0,1.1146,-2.2158,0.7175,0.2488,0.2508,0.8051,-1.1013,0.9663,1.0558,2.0828,-1.162,0.9209,Jamal Mashburn
673,2003-2005,5351.0,5343.0,-1.9215,0.8462,-0.4484,0.0695,-0.5301,-0.595,-1.0753,-0.3789,-1.1251,-2.9001,0.3208,-2.5793,Alan Henderson
677,2003-2005,10581.0,10568.0,-0.6284,-0.186,0.5126,0.154,-0.0406,1.156,-0.8144,0.6666,1.1153,-0.1565,1.124,0.9675,Eric Williams
679,2003-2005,1686.0,1671.0,-3.4047,-0.7176,-0.0163,0.2433,-0.1997,0.0409,-4.1223,0.2271,-0.1589,-3.6207,-0.4334,-4.0541,Jason Caffey
680,2003-2005,913.0,919.0,-7.3077,-1.56,0.2974,-0.0484,-0.1199,0.4031,-8.8677,0.249,0.2832,-7.1301,-1.2054,-8.3355,John Amaechi
681,2003-2005,13.0,14.0,-8.1937,-1.6625,1.6185,0.3087,-0.0288,0.0089,-9.8562,1.9271,-0.0199,-6.6041,-1.3449,-7.949,Donny Marshall
682,2003-2005,9041.0,9038.0,1.1939,-0.0949,0.3597,0.0634,-0.0238,-0.5579,1.099,0.4231,-0.5817,1.5298,-0.5894,0.9404,Bob Sura
685,2003-2005,1332.0,1333.0,-2.3012,0.6371,0.2368,0.1836,-0.1982,-1.9984,-1.6641,0.4204,-2.1965,-2.2625,-1.1777,-3.4402,Cherokee Parks
686,2003-2005,5065.0,5072.0,-1.5586,1.2776,-0.692,-0.2341,-0.0168,-0.2312,-0.2809,-0.926,-0.2481,-2.2674,0.8124,-1.455,Antonio McDyess
688,2003-2005,5486.0,5519.0,-4.6266,-0.8985,-1.7949,0.6315,-0.7005,1.7008,-5.5251,-1.1633,1.0003,-7.122,1.4339,-5.6881,Michael Curry
689,2003-2005,12838.0,12845.0,-3.8467,5.0552,0.1105,-0.2177,-0.0341,1.136,1.2085,-0.1072,1.1019,-3.7703,5.9735,2.2032,Theo Ratliff
690,2003-2005,19.0,20.0,-9.0849,-1.2397,1.0295,0.5334,-0.0069,-0.0774,-10.3245,1.5629,-0.0843,-8.0622,-0.7837,-8.8459,Don Reid
692,2003-2005,4911.0,4908.0,-3.0433,2.1215,1.8004,0.3953,0.441,0.9082,-0.9218,2.1957,1.3492,-0.8019,3.425,2.6231,Andrew DeClercq
693,2003-2005,10839.0,10800.0,-0.6035,1.1482,0.2625,0.0316,0.4079,0.8522,0.5448,0.2942,1.26,0.0669,2.0321,2.099,Joe Smith
696,2003-2005,7542.0,7531.0,-0.8947,-1.1903,-0.2417,-0.2398,-0.2698,0.2091,-2.085,-0.4815,-0.0608,-1.4063,-1.221,-2.6272,Travis Best
697,2003-2005,7319.0,7328.0,0.1527,2.2106,0.0275,-0.3506,0.3957,-0.6559,2.3634,-0.3231,-0.2602,0.5759,1.2042,1.7801,Fred Hoiberg
699,2003-2005,11344.0,11356.0,2.5782,0.8703,-0.6554,0.2481,-0.0776,-0.2869,3.4485,-0.4073,-0.3645,1.8452,0.8315,2.6767,Brent Barry
702,2003-2005,8190.0,8171.0,0.2743,-2.1535,0.1588,-0.1224,0.2149,-1.055,-1.8792,0.0364,-0.84,0.648,-3.3308,-2.6828,Voshon Lenard
703,2003-2005,15290.0,15207.0,-2.4912,1.7435,1.1926,-0.1903,0.6362,-0.0033,-0.7477,1.0023,0.6328,-0.6624,1.5499,0.8875,Kurt Thomas
708,2003-2005,18360.0,18330.0,4.7247,3.7013,1.2024,1.0847,0.4845,0.9965,8.4261,2.2871,1.481,6.4116,5.7825,12.1941,Kevin Garnett
711,2003-2005,9842.0,9844.0,1.8454,-2.7553,-0.1242,-0.1901,-0.2549,0.161,-0.9099,-0.3143,-0.0939,1.4663,-2.7844,-1.3181,Jerry Stackhouse
714,2003-2005,15097.0,15061.0,1.8294,-1.4267,0.4535,0.4209,-0.167,0.6859,0.4027,0.8744,0.5189,2.1159,-0.3199,1.796,Michael Finley
717,2003-2005,2263.0,2262.0,1.1056,4.4173,-0.2092,0.0796,0.1688,0.1711,5.5229,-0.1296,0.3399,1.0652,4.668,5.7332,Arvydas Sabonis
718,2003-2005,4250.0,4275.0,-0.9262,-0.4209,-0.0527,0.316,-0.1379,-0.8978,-1.347,0.2633,-1.0357,-1.1168,-1.0027,-2.1195,Gary Trent
722,2003-2005,9696.0,9709.0,-1.0893,-1.7528,0.0386,0.5381,0.4378,1.7507,-2.8421,0.5766,2.1885,-0.613,0.536,-0.0769,Corliss Williamson
724,2003-2005,399.0,397.0,-2.2252,0.0779,0.1493,1.118,-0.064,-0.4081,-2.1472,1.2673,-0.4721,-2.1399,0.7879,-1.352,Cory Alexander
727,2003-2005,14872.0,14891.0,0.2878,-0.3097,-0.2047,-0.1602,0.2222,1.1911,-0.0219,-0.3649,1.4133,0.3052,0.7213,1.0265,Eric Snow
731,2003-2005,8498.0,8527.0,-2.7771,3.2423,1.1674,0.4408,0.018,1.8529,0.4652,1.6082,1.8709,-1.5917,5.536,3.9443,Greg Ostertag
739,2003-2005,14280.0,14236.0,0.8932,0.9266,0.0647,0.1665,0.328,2.7688,1.8198,0.2312,3.0968,1.2859,3.8619,5.1478,Rasheed Wallace
753,2003-2005,479.0,486.0,-4.4582,1.1301,-0.3898,1.1305,0.0293,-0.1075,-3.3281,0.7407,-0.0782,-4.8187,2.1532,-2.6655,Randy Brown
754,2003-2005,12294.0,12268.0,-1.224,-1.054,-0.2743,0.2214,-0.1304,2.6012,-2.2779,-0.0529,2.4708,-1.6287,1.7686,0.1399,Jim Jackson
757,2003-2005,13260.0,13248.0,2.2878,-1.614,-0.1418,-0.0083,0.3679,-0.791,0.6739,-0.1501,-0.4231,2.514,-2.4132,0.1008,Damon Stoudamire
762,2003-2005,6462.0,6445.0,-1.8098,6.1956,-0.0536,-0.2573,0.0814,0.2089,4.3858,-0.311,0.2903,-1.782,6.1471,4.3651,Shawn Bradley
763,2003-2005,4274.0,4280.0,-4.5711,0.5156,-0.7131,-0.233,-0.2735,-2.0491,-4.0555,-0.9461,-2.3227,-5.5576,-1.7665,-7.3242,Tony Massenburg
764,2003-2005,3121.0,3114.0,-0.9091,4.055,-0.3557,-0.5499,-0.0564,0.4712,3.1459,-0.9056,0.4148,-1.3212,3.9763,2.6551,David Robinson
779,2003-2005,3345.0,3357.0,-0.1636,-2.0722,-0.2384,0.1141,0.1579,0.6993,-2.2359,-0.1243,0.8572,-0.2442,-1.2588,-1.5029,Glen Rice
788,2003-2005,3000.0,3002.0,-3.6888,0.1499,-1.2283,-0.5361,0.1892,-1.0166,-3.539,-1.7644,-0.8275,-4.728,-1.4029,-6.1309,Kevin Willis
891,2003-2005,977.0,980.0,-3.2757,1.7141,0.3645,0.4802,0.0307,0.3977,-1.5616,0.8447,0.4284,-2.8805,2.5921,-0.2884,Charles Oakley
893,2003-2005,5554.0,5558.0,0.1887,-0.7967,0.4904,0.0736,0.2395,0.0807,-0.608,0.564,0.3202,0.9186,-0.6424,0.2762,Michael Jordan
896,2003-2005,265.0,264.0,1.1802,-0.7077,-0.3968,0.2795,0.1228,0.1886,0.4725,-0.1173,0.3115,0.9063,-0.2396,0.6667,Tim Hardaway
902,2003-2005,1603.0,1602.0,-3.7298,-1.8374,-0.012,0.0908,-0.1304,0.3366,-5.5671,0.0788,0.2062,-3.8722,-1.4099,-5.2821,Bimbo Coles
905,2003-2005,9659.0,9681.0,-0.9376,2.229,0.2562,-0.046,0.0089,-0.5301,1.2914,0.2102,-0.5212,-0.6725,1.6528,0.9804,Dale Davis
911,2003-2005,4693.0,4694.0,-4.2624,3.8256,-0.2294,0.0045,-0.0036,-0.5955,-0.4368,-0.2249,-0.5991,-4.4953,3.2346,-1.2608,Ervin Johnson
915,2003-2005,7770.0,7798.0,-1.3425,0.0586,-0.5877,0.3236,-0.3311,0.6935,-1.2839,-0.2641,0.3624,-2.2613,1.0756,-1.1857,Rodney Rogers
916,2003-2005,3621.0,3640.0,-3.244,2.1376,-0.1181,0.595,0.6121,0.0503,-1.1064,0.4769,0.6624,-2.75,2.7829,0.0329,Corie Blount
922,2003-2005,3941.0,3972.0,-3.8062,1.9159,-0.1828,-0.5919,0.3153,0.6888,-1.8903,-0.7747,1.0041,-3.6738,2.0128,-1.6609,Elden Campbell
923,2003-2005,13442.0,13439.0,1.3048,2.5951,-0.3119,-0.499,0.1846,-0.9813,3.8999,-0.811,-0.7967,1.1775,1.1148,2.2922,Donyell Marshall
924,2003-2005,1326.0,1326.0,1.4898,-0.3564,-0.664,0.1962,-0.0981,-1.7554,1.1334,-0.4678,-1.8536,0.7277,-1.9156,-1.1879,Anthony Goldwire
932,2003-2005,969.0,968.0,-2.9473,3.2202,0.1931,-0.4551,-0.1851,-0.0159,0.2729,-0.262,-0.201,-2.9393,2.7492,-0.1902,Oliver Miller
934,2003-2005,4980.0,4999.0,-1.5975,1.1691,0.1795,-0.076,0.0962,1.8767,-0.4284,0.1035,1.9728,-1.3218,2.9697,1.6479,Derrick Coleman
935,2003-2005,6394.0,6412.0,-0.9037,1.0645,-0.676,-0.0585,-0.3711,1.1935,0.1608,-0.7344,0.8224,-1.9508,2.1996,0.2488,Bryon Russell
937,2003-2005,4409.0,4407.0,0.3463,0.1384,0.2067,0.1959,0.1991,-0.0934,0.4847,0.4026,0.1057,0.7521,0.2409,0.993,Scottie Pippen
947,2003-2005,17068.0,17065.0,3.7554,-2.2376,-0.5354,-0.0578,-0.0398,0.5153,1.5178,-0.5932,0.4755,3.1802,-1.78,1.4002,Allen Iverson
948,2003-2005,9333.0,9315.0,-1.4783,6.0091,0.0949,-0.8039,0.2617,-0.8981,4.5308,-0.709,-0.6363,-1.1216,4.3072,3.1856,Marcus Camby
949,2003-2005,14435.0,14432.0,1.5707,-0.3901,-0.3159,-0.1683,-0.4255,-0.3384,1.1806,-0.4842,-0.7639,0.8293,-0.8968,-0.0675,Shareef Abdur-Rahim
950,2003-2005,18885.0,18859.0,4.871,-1.9025,-0.6002,-0.6245,-0.0618,-0.5524,2.9686,-1.2247,-0.6142,4.209,-3.0794,1.1296,Stephon Marbury
951,2003-2005,15142.0,15091.0,5.191,-1.7059,0.8273,0.2569,0.2226,-0.2915,3.4851,1.0841,-0.0688,6.2409,-1.7405,4.5004,Ray Allen
952,2003-2005,17448.0,17422.0,0.4582,-1.6573,-0.5156,-0.0818,-0.8242,-0.2467,-1.1991,-0.5974,-1.0708,-0.8816,-1.9857,-2.8673,Antoine Walker
953,2003-2005,11137.0,11123.0,-2.2325,1.0698,-0.7373,-0.4426,-0.3412,-0.2426,-1.1627,-1.1799,-0.5838,-3.3109,0.3845,-2.9264,Lorenzen Wright
954,2003-2005,9618.0,9601.0,1.4595,0.383,-0.212,0.1903,-0.2426,-0.7175,1.8424,-0.0216,-0.9601,1.0049,-0.1442,0.8607,Kerry Kittles
955,2003-2005,3387.0,3411.0,-3.6619,1.8325,0.6527,-0.0644,-0.3952,-0.8516,-1.8295,0.5884,-1.2468,-3.4044,0.9165,-2.4879,Samaki Walker
956,2003-2005,11417.0,11397.0,-0.331,2.3933,-1.0943,0.7006,-0.3015,1.3675,2.0624,-0.3938,1.0659,-1.7268,4.4614,2.7345,Erick Dampier
958,2003-2005,3958.0,4002.0,-3.2131,-0.5851,0.0128,-0.018,0.022,-1.617,-3.7982,-0.0052,-1.595,-3.1783,-2.2201,-5.3984,Vitaly Potapenko
959,2003-2005,15560.0,15560.0,6.0679,-1.2811,1.0208,-0.4014,0.2997,-0.3526,4.7868,0.6194,-0.0529,7.3884,-2.0351,5.3533,Steve Nash
960,2003-2005,7243.0,7271.0,1.072,-0.6533,-0.51,0.1182,-0.5288,-0.8463,0.4187,-0.3918,-1.3751,0.0333,-1.3815,-1.3482,Tony Delk
961,2003-2005,680.0,692.0,-3.7612,-1.4267,-0.5561,-0.3167,-0.0296,-0.237,-5.1879,-0.8729,-0.2666,-4.3469,-1.9804,-6.3273,John Wallace
962,2003-2005,9343.0,9362.0,-0.9408,0.5419,-0.3649,-0.1293,-0.3382,0.3709,-0.3989,-0.4942,0.0327,-1.6439,0.7835,-0.8604,Walter McCarty
965,2003-2005,13271.0,13278.0,0.2074,-0.8664,-0.2295,-0.042,-0.1687,0.6616,-0.659,-0.2714,0.4929,-0.1908,-0.2468,-0.4376,Derek Fisher
966,2003-2005,9683.0,9741.0,-0.609,1.968,-0.2505,-0.4649,0.0124,-0.5144,1.359,-0.7155,-0.502,-0.8471,0.9886,0.1416,Jerome Williams
969,2003-2005,551.0,558.0,-5.034,1.2914,0.8762,0.6991,-0.03,0.046,-3.7426,1.5752,0.0159,-4.1879,2.0364,-2.1514,Travis Knight
970,2003-2005,7565.0,7571.0,-2.1906,-0.6514,0.1267,0.4921,0.3387,2.0144,-2.842,0.6189,2.3531,-1.7251,1.8551,0.13,Othella Harrington
976,2003-2005,11955.0,11943.0,0.6468,-2.3792,0.349,-0.7113,-0.034,0.1424,-1.7323,-0.3622,0.1084,0.9619,-2.9481,-1.9862,Jeff McInnis
977,2003-2005,16581.0,16550.0,5.5434,-0.3505,0.2932,-0.0043,-0.1322,-0.9516,5.1929,0.2889,-1.0838,5.7044,-1.3064,4.398,Kobe Bryant
978,2003-2005,16398.0,16423.0,4.0017,-0.633,-0.383,-0.1259,0.2456,-0.4898,3.3686,-0.5088,-0.2442,3.8643,-1.2487,2.6156,Peja Stojakovic
979,2003-2005,13331.0,13275.0,0.0347,2.1359,-0.334,0.4431,0.1462,-0.1982,2.1705,0.1091,-0.052,-0.1531,2.3809,2.2277,Jermaine O'Neal
980,2003-2005,14521.0,14421.0,0.361,1.3986,-0.846,0.331,-0.1884,0.8019,1.7595,-0.515,0.6135,-0.6733,2.5314,1.8581,Zydrunas Ilgauskas
981,2003-2005,291.0,295.0,-4.4564,-0.4408,0.6507,0.4107,-0.0017,-0.2689,-4.8972,1.0614,-0.2705,-3.8073,-0.299,-4.1063,Efthimios Rentzias
983,2003-2005,4721.0,4756.0,-1.5923,-0.9372,-0.1937,-0.0005,0.3187,0.0168,-2.5296,-0.1943,0.3356,-1.4674,-0.9209,-2.3883,Moochie Norris
988,2003-2005,540.0,541.0,-1.2063,0.302,-0.3573,0.0395,-0.0389,-0.9138,-0.9043,-0.3177,-0.9526,-1.6025,-0.5722,-2.1747,Randy Livingston
990,2003-2005,8910.0,8922.0,-1.9549,-0.0793,0.1635,0.0486,0.0501,1.4864,-2.0341,0.2121,1.5365,-1.7413,1.4557,-0.2856,Malik Rose
998,2003-2005,101.0,98.0,-6.9206,-0.1735,0.3906,0.0512,-0.0685,0.0313,-7.0941,0.4418,-0.0371,-6.5985,-0.091,-6.6894,Mark Pope
1000,2003-2005,9267.0,9305.0,-1.9853,-0.5463,0.5179,0.0234,0.6058,0.5642,-2.5316,0.5413,1.17,-0.8617,0.0413,-0.8204,Shandon Anderson
1005,2003-2005,2221.0,2217.0,-0.8817,1.2942,0.1406,0.1197,-0.0464,0.0348,0.4126,0.2604,-0.0117,-0.7875,1.4487,0.6612,Walt Williams
1023,2003-2005,667.0,661.0,-2.4855,-1.5123,0.2769,0.0114,-0.055,0.2652,-3.9977,0.2883,0.2102,-2.2635,-1.2357,-3.4992,Emanual Davis
1032,2003-2005,3175.0,3207.0,-4.8685,-0.9485,0.108,0.793,0.2045,1.2416,-5.817,0.9011,1.4461,-4.5559,1.086,-3.4699,Darvin Ham
1038,2003-2005,1280.0,1281.0,-4.5854,-0.3617,0.088,0.235,0.3614,0.1242,-4.9471,0.323,0.4856,-4.136,-0.0025,-4.1386,Juaquin Hawkins
1043,2003-2005,1308.0,1322.0,-5.0738,1.0144,0.3224,0.5986,0.0911,-0.8532,-4.0594,0.9211,-0.7621,-4.6603,0.7598,-3.9004,Amal McCaskill
1049,2003-2005,133.0,127.0,-1.1876,-5.489,0.9912,0.546,-0.004,0.386,-6.6766,1.5372,0.382,-0.2004,-4.557,-4.7574,Shane Heal
1052,2003-2005,857.0,856.0,-2.3364,0.851,-0.7943,-0.394,0.2627,-1.0866,-1.4854,-1.1883,-0.8239,-2.868,-0.6296,-3.4976,Ben Handlogten
1065,2003-2005,5467.0,5496.0,-0.4455,-1.3015,0.0323,0.046,-0.0056,-0.4434,-1.7469,0.0784,-0.449,-0.4187,-1.6988,-2.1175,Erick Strickland
1073,2003-2005,297.0,299.0,-0.2162,-0.0292,-0.4195,-0.4383,0.0067,0.0658,-0.2453,-0.8579,0.0725,-0.629,-0.4017,-1.0307,Reggie Slater
1074,2003-2005,195.0,191.0,-1.3198,-1.1279,0.035,0.7011,0.1132,-0.1887,-2.4478,0.7361,-0.0755,-1.1717,-0.6155,-1.7871,Matt Maloney
1088,2003-2005,11159.0,11124.0,1.3086,-2.3676,-0.2658,-0.0427,0.1702,0.6502,-1.059,-0.3085,0.8204,1.213,-1.7601,-0.5471,Chucky Atkins
1110,2003-2005,25.0,24.0,-6.1328,-1.3743,1.3899,0.4829,-0.0135,0.0252,-7.5071,1.8728,0.0116,-4.7564,-0.8663,-5.6227,Mark Strickland
1112,2003-2005,15757.0,15835.0,-1.4636,6.3247,-0.0778,-0.1895,0.2606,0.285,4.8611,-0.2673,0.5456,-1.2808,6.4201,5.1394,Ben Wallace
1425,2003-2005,6170.0,6194.0,-2.6615,0.6269,-0.4701,0.5467,-0.4692,0.0679,-2.0346,0.0766,-0.4013,-3.6008,1.2415,-2.3594,Aaron Williams
1442,2003-2005,3079.0,3096.0,-2.291,1.1604,-0.4271,0.0634,0.215,0.2383,-1.1306,-0.3637,0.4532,-2.5031,1.462,-1.0411,Zeljko Rebraca
1444,2003-2005,497.0,497.0,-3.6742,0.6011,0.3472,0.0428,0.175,-0.6221,-3.0731,0.3899,-0.4471,-3.1521,0.0217,-3.1304,Lawrence Funderburke
1477,2003-2005,14463.0,14545.0,-2.2192,-0.3193,0.5861,0.4085,-0.0278,2.3725,-2.5386,0.9946,2.3446,-1.661,2.4617,0.8007,Bruce Bowen
1495,2003-2005,14698.0,14703.0,3.0142,3.7235,0.8521,1.6407,0.1123,1.936,6.7377,2.4928,2.0484,3.9786,7.3002,11.2788,Tim Duncan
1496,2003-2005,11852.0,11815.0,0.7145,-0.6458,-0.2177,-0.3265,0.1053,1.1739,0.0687,-0.5443,1.2793,0.6021,0.2016,0.8037,Keith Van Horn
1497,2003-2005,14605.0,14610.0,4.5008,-0.5908,-0.2932,0.0989,-0.1543,0.2287,3.91,-0.1943,0.0745,4.0534,-0.2632,3.7902,Chauncey Billups
1498,2003-2005,8311.0,8327.0,4.0689,-0.5118,0.1071,-0.303,-0.0774,-0.8546,3.5572,-0.1959,-0.9321,4.0986,-1.6694,2.4292,Antonio Daniels
1499,2003-2005,9686.0,9698.0,-3.0256,1.9915,0.1504,0.1044,-0.1662,0.4774,-1.0341,0.2548,0.3112,-3.0414,2.5733,-0.4681,Tony Battie
1500,2003-2005,4854.0,4889.0,-3.8623,-2.3465,-0.1001,0.0674,-0.3259,0.4452,-6.2088,-0.0327,0.1193,-4.2884,-1.8339,-6.1223,Ron Mercer
1501,2003-2005,12204.0,12149.0,-0.7055,-1.0138,0.1183,-0.2771,0.3661,0.4044,-1.7193,-0.1588,0.7705,-0.2211,-0.8865,-1.1075,Tim Thomas
1502,2003-2005,7860.0,7913.0,-2.7457,4.8172,-0.0145,0.1068,0.1518,-0.7116,2.0716,0.0923,-0.5598,-2.6084,4.2125,1.6041,Adonal Foyle
1503,2003-2005,16880.0,16889.0,7.0025,-0.4901,-0.0077,0.3556,-0.1414,0.0072,6.5124,0.3479,-0.1342,6.8535,-0.1273,6.7262,Tracy McGrady
1504,2003-2005,3549.0,3553.0,0.1994,1.7321,0.5884,-0.753,-0.1419,-0.6412,1.9315,-0.1645,-0.7832,0.6459,0.3379,0.9838,Danny Fortson
1505,2003-2005,410.0,410.0,-2.5411,0.0332,0.5113,0.2881,0.1534,-0.0298,-2.5079,0.7994,0.1237,-1.8764,0.2915,-1.5849,Tariq Abdul-Wahad
1506,2003-2005,6483.0,6516.0,0.9475,-0.0071,-0.29,-0.1725,-0.275,-0.8684,0.9403,-0.4624,-1.1433,0.3826,-1.048,-0.6654,Austin Croshere
1507,2003-2005,10436.0,10416.0,2.469,-1.1367,-0.5692,0.0245,0.0798,1.4572,1.3323,-0.5446,1.5371,1.9796,0.3451,2.3247,Derek Anderson
1508,2003-2005,8832.0,8833.0,-3.6924,-1.8476,-0.1022,0.2722,0.1742,0.864,-5.54,0.17,1.0382,-3.6204,-0.7114,-4.3318,Maurice Taylor
1509,2003-2005,8517.0,8546.0,-2.466,4.3433,-0.1775,-0.5191,0.2127,1.0886,1.8773,-0.6967,1.3013,-2.4308,4.9128,2.482,Kelvin Cato
1510,2003-2005,7554.0,7543.0,0.8551,1.6811,-1.2151,-0.71,-0.0487,-0.5199,2.5362,-1.9251,-0.5687,-0.4087,0.4512,0.0425,Brevin Knight
1513,2003-2005,3458.0,3464.0,-3.3818,2.4901,-0.0939,0.5406,0.4917,1.0419,-0.8916,0.4467,1.5336,-2.984,4.0727,1.0887,Scot Pollard
1514,2003-2005,184.0,186.0,-5.9151,-1.9618,0.5383,0.0247,-0.0439,0.232,-7.8769,0.563,0.1882,-5.4206,-1.7051,-7.1257,Paul Grant
1517,2003-2005,6691.0,6674.0,3.5871,-1.2438,-0.2006,0.2293,-0.2089,1.4093,2.3434,0.0287,1.2004,3.1775,0.3949,3.5725,Bobby Jackson
1519,2003-2005,958.0,956.0,-3.5059,1.526,0.2516,0.8785,0.0788,0.0739,-1.9799,1.13,0.1527,-3.1755,2.4784,-0.6972,John Thomas
1520,2003-2005,28.0,30.0,-6.2919,-1.4121,1.452,0.9344,0.0454,0.0095,-7.704,2.3864,0.0549,-4.7945,-0.4682,-5.2627,Charles Smith
1521,2003-2005,8358.0,8374.0,-2.3495,-1.2198,-0.164,-0.2216,0.0959,-0.3016,-3.5692,-0.3856,-0.2057,-2.4175,-1.743,-4.1605,Jacque Vaughn
1531,2003-2005,7062.0,7075.0,-0.6353,-1.4559,-0.6686,-0.0771,0.1644,0.8868,-2.0912,-0.7457,1.0512,-1.1395,-0.6462,-1.7857,Marc Jackson
1533,2003-2005,7708.0,7740.0,0.0364,-0.1745,-0.3304,-0.1221,0.0421,-0.4525,-0.1381,-0.4526,-0.4104,-0.2519,-0.7491,-1.001,Anthony Johnson
1536,2003-2005,13261.0,13270.0,0.8934,-1.2766,0.3298,0.053,0.2211,-0.6834,-0.3832,0.3827,-0.4623,1.4443,-1.907,-0.4627,Stephen Jackson
1541,2003-2005,8109.0,8094.0,0.751,-0.7892,-0.4701,-0.2529,-0.153,-1.1736,-0.0382,-0.7231,-1.3266,0.1279,-2.2157,-2.0878,Alvin Williams
1542,2003-2005,8267.0,8287.0,-2.2043,-1.2076,-0.5347,-0.4484,-0.3221,0.2327,-3.4118,-0.9831,-0.0894,-3.0611,-1.4233,-4.4844,Predrag Drobnjak
1544,2003-2005,2410.0,2418.0,0.2999,-0.5081,-0.0208,-0.0945,-0.0928,-1.6186,-0.2083,-0.1153,-1.7114,0.1862,-2.2212,-2.0349,Chris Crawford
1548,2003-2005,11504.0,11505.0,-2.3427,0.6504,-0.6348,0.1613,-0.3268,-0.247,-1.6922,-0.4735,-0.5738,-3.3043,0.5648,-2.7395,Mark Blount
1559,2003-2005,4185.0,4212.0,-2.4913,1.5351,0.531,-0.0858,-0.0919,0.9963,-0.9563,0.4451,0.9044,-2.0523,2.4456,0.3933,Adrian Griffin
1563,2003-2005,6456.0,6478.0,-0.3321,0.4058,-0.6021,0.1373,0.2533,0.4483,0.0737,-0.4647,0.7016,-0.6808,0.9914,0.3106,Kevin Ollie
1565,2003-2005,1096.0,1076.0,-5.5183,2.6474,-0.2273,0.5908,-0.1703,-0.9898,-2.871,0.3635,-1.1601,-5.9159,2.2484,-3.6675,Michael Stewart
1572,2003-2005,153.0,154.0,-4.8281,0.5546,0.4225,0.3901,0.1067,-0.1815,-4.2734,0.8127,-0.0749,-4.2988,0.7632,-3.5356,Nate Huffman
1585,2003-2005,42.0,41.0,-8.9787,-2.3309,0.9928,0.3218,-0.0296,0.1306,-11.3096,1.3146,0.101,-8.0156,-1.8784,-9.894,Brandon Williams
1594,2003-2005,4820.0,4846.0,-0.1448,0.0262,-0.4624,0.0005,0.2102,-0.61,-0.1186,-0.4619,-0.3998,-0.3969,-0.5833,-0.9802,Rick Brunson
1601,2003-2005,39.0,37.0,-7.75,-0.9727,0.2099,0.0754,-0.0138,-0.1382,-8.7226,0.2853,-0.152,-7.5538,-1.0355,-8.5893,Rusty LaRue
1607,2003-2005,9248.0,9236.0,1.6974,-3.1944,0.0196,-0.6859,0.1776,-1.9501,-1.497,-0.6663,-1.7724,1.8946,-5.8303,-3.9357,Troy Hudson
1609,2003-2005,424.0,427.0,-7.4706,0.4656,-1.1091,-0.1397,-0.205,0.1692,-7.0049,-1.2488,-0.0358,-8.7847,0.4951,-8.2896,Art Long
1630,2003-2005,3012.0,3015.0,-1.5305,0.7012,0.1998,0.3774,-0.1356,-0.0858,-0.8293,0.5772,-0.2213,-1.4662,0.9927,-0.4735,Mikki Moore
1709,2003-2005,6544.0,6539.0,-5.4031,1.4197,-0.581,0.4203,-0.363,1.7253,-3.9834,-0.1606,1.3623,-6.3472,3.5653,-2.7818,Michael Olowokandi
1710,2003-2005,15748.0,15789.0,3.7305,-1.1095,-0.3432,-0.2618,0.4748,-0.1381,2.6209,-0.605,0.3368,3.8621,-1.5094,2.3527,Mike Bibby
1711,2003-2005,8070.0,8035.0,1.1521,2.4158,0.1564,-0.1844,0.255,-0.8539,3.5679,-0.028,-0.5989,1.5635,1.3775,2.9409,Raef LaFrentz
1712,2003-2005,16243.0,16236.0,2.0122,-1.6045,0.4406,-0.2516,0.3138,-0.7314,0.4077,0.1891,-0.4176,2.7666,-2.5874,0.1792,Antawn Jamison
1713,2003-2005,13339.0,13310.0,3.0789,-1.025,-0.2305,0.1947,-0.33,1.8361,2.054,-0.0358,1.5062,2.5184,1.0058,3.5243,Vince Carter
1714,2003-2005,5895.0,5904.0,-2.3085,2.6983,1.01,-0.6586,0.2611,-0.9367,0.3899,0.3513,-0.6757,-1.0375,1.103,0.0655,Robert Traylor
1715,2003-2005,12521.0,12482.0,4.5461,-1.3166,-0.7101,-1.1816,0.1739,-1.1085,3.2296,-1.8917,-0.9346,4.0099,-3.6067,0.4032,Jason Williams
1716,2003-2005,12684.0,12691.0,1.4756,-0.1791,0.0239,0.0409,-0.4315,0.1299,1.2965,0.0649,-0.3016,1.068,-0.0083,1.0598,Larry Hughes
1717,2003-2005,17587.0,17596.0,4.2827,2.5026,0.5219,0.1029,0.0828,0.3232,6.7853,0.6248,0.406,4.8874,2.9287,7.8161,Dirk Nowitzki
1718,2003-2005,17798.0,17760.0,3.5586,-0.02,0.5451,0.0854,0.3539,1.4476,3.5386,0.6304,1.8016,4.4576,1.513,5.9706,Paul Pierce
1719,2003-2005,10869.0,10869.0,-1.306,-0.82,0.1559,-0.1487,-0.1838,0.3816,-2.126,0.0073,0.1978,-1.3338,-0.5871,-1.9209,Bonzi Wells
1720,2003-2005,6120.0,6176.0,-4.067,0.1811,1.0756,0.2494,0.0061,0.5326,-3.8859,1.325,0.5387,-2.9853,0.9632,-2.0222,Michael Doleac
1721,2003-2005,3570.0,3556.0,-2.9043,3.6466,0.1183,-0.2015,-0.0596,1.3809,0.7423,-0.0833,1.3213,-2.8456,4.826,1.9804,Keon Clark
1722,2003-2005,166.0,167.0,-2.6187,-0.3618,-0.1727,0.5094,0.0275,-0.2081,-2.9805,0.3367,-0.1806,-2.764,-0.0605,-2.8244,Michael Dickerson
1723,2003-2005,11755.0,11755.0,1.4024,-1.3517,0.0709,-0.0794,0.4284,-1.2052,0.0507,-0.0085,-0.7767,1.9017,-2.6363,-0.7346,Matt Harpring
1724,2003-2005,309.0,317.0,-3.2912,-2.0579,0.2089,0.2163,0.0442,0.158,-5.3491,0.4252,0.2022,-3.0381,-1.6837,-4.7218,Bryce Drew
1725,2003-2005,12093.0,12094.0,-2.3216,2.0036,0.0072,0.4325,0.0381,1.4059,-0.318,0.4398,1.444,-2.2763,3.8421,1.5658,Rasho Nesterovic
1727,2003-2005,7077.0,7044.0,-0.6981,-0.9533,0.6961,-0.4393,0.132,-1.1078,-1.6514,0.2568,-0.9757,0.1301,-2.5003,-2.3703,Pat Garrity
1729,2003-2005,16455.0,16472.0,0.0858,-2.064,-0.0998,-0.023,-0.2237,-1.3862,-1.9783,-0.1228,-1.6098,-0.2377,-3.4732,-3.7109,Ricky Davis
1730,2003-2005,7552.0,7591.0,-1.9791,1.9551,-0.2916,-0.6052,-0.0916,-0.9536,-0.024,-0.8968,-1.0453,-2.3624,0.3963,-1.9661,Brian Skinner
1731,2003-2005,11871.0,11875.0,0.8558,-1.8534,-0.1496,-0.5018,0.2136,-2.0637,-0.9976,-0.6514,-1.8501,0.9198,-4.4188,-3.499,Tyronn Lue
1733,2003-2005,13897.0,13934.0,-1.4871,-1.3196,0.1472,-0.2966,0.1835,0.6221,-2.8067,-0.1495,0.8055,-1.1565,-0.9941,-2.1506,Al Harrington
1735,2003-2005,3666.0,3715.0,-2.5987,1.7168,-0.0652,-0.4218,-0.2395,1.1888,-0.8818,-0.487,0.9493,-2.9033,2.4838,-0.4195,Vladimir Stepania
1736,2003-2005,296.0,300.0,-2.6148,-1.3301,0.6958,0.4159,-0.063,0.2658,-3.945,1.1117,0.2028,-1.982,-0.6485,-2.6305,Corey Benjamin
1737,2003-2005,7627.0,7648.0,-1.6462,1.7438,-1.7872,-0.9215,-0.482,0.3749,0.0976,-2.7087,-0.1071,-3.9155,1.1973,-2.7182,Nazr Mohammed
1738,2003-2005,2219.0,2230.0,-2.7324,-0.4622,0.754,0.6322,-0.647,1.496,-3.1945,1.3862,0.849,-2.6253,1.666,-0.9593,Ansu Sesay
1739,2003-2005,9796.0,9861.0,-0.3329,-0.3426,0.0667,0.1355,0.2026,0.0444,-0.6755,0.2022,0.2469,-0.0636,-0.1628,-0.2264,Ruben Patterson
1740,2003-2005,16165.0,16138.0,1.8121,-0.5342,0.44,-0.3544,0.3375,-0.0938,1.278,0.0856,0.2437,2.5896,-0.9823,1.6073,Rashard Lewis
1741,2003-2005,2768.0,2770.0,-4.5674,1.4407,-0.4783,-0.8972,-0.2296,-1.4843,-3.1267,-1.3755,-1.7139,-5.2753,-0.9408,-6.2161,Jelani McCoy
1742,2003-2005,5154.0,5162.0,0.7081,-1.0407,-0.8845,-0.1456,-0.4886,0.2508,-0.3326,-1.0301,-0.2378,-0.665,-0.9355,-1.6005,Shammond Williams
1743,2003-2005,490.0,488.0,-7.8046,-1.4444,-0.5535,-0.1832,-0.2562,-0.3745,-9.249,-0.7367,-0.6307,-8.6142,-2.0022,-10.6164,Bruno Sundov
1744,2003-2005,5610.0,5575.0,-5.4135,3.1432,0.6264,-0.1265,-0.113,1.0207,-2.2702,0.4998,0.9077,-4.9001,4.0373,-0.8627,Jerome James
1747,2003-2005,12037.0,12014.0,2.1085,-0.1574,-0.419,-0.012,0.157,-0.7452,1.9511,-0.4311,-0.5882,1.8465,-0.9146,0.9318,Rafer Alston
1749,2003-2005,16424.0,16437.0,0.39,-1.3279,0.1407,0.0789,0.7799,0.1601,-0.9379,0.2195,0.94,1.3106,-1.0889,0.2217,Cuttino Mobley
1751,2003-2005,2345.0,2347.0,-4.2421,3.0811,0.0142,-0.7536,0.015,-0.5122,-1.161,-0.7394,-0.4972,-4.213,1.8153,-2.3977,Jahidi White
1752,2003-2005,879.0,894.0,-6.2705,-0.1953,-0.2815,-0.1349,-0.0267,0.2322,-6.4658,-0.4164,0.2055,-6.5787,-0.098,-6.6767,Sean Marks
1760,2003-2005,156.0,157.0,-3.1383,-2.5422,0.5733,-0.4848,0.0919,0.423,-5.6805,0.0886,0.5149,-2.4731,-2.604,-5.077,Derrick Dial
1761,2003-2005,7266.0,7285.0,-0.8599,0.6542,0.7783,0.1658,0.425,0.0897,-0.2057,0.9441,0.5147,0.3435,0.9096,1.2531,Greg Buckner
1762,2003-2005,1672.0,1693.0,-2.2958,0.1022,0.5079,0.491,0.1714,1.1251,-2.1936,0.9989,1.2965,-1.6165,1.7183,0.1019,Tremaine Fowlkes
1763,2003-2005,3699.0,3733.0,-2.4722,1.9415,0.3157,0.5505,0.0872,2.1258,-0.5306,0.8662,2.2131,-2.0693,4.6179,2.5486,Ryan Bowen
1765,2003-2005,315.0,318.0,-4.0116,-0.0629,1.0762,0.3573,0.167,0.1433,-4.0745,1.4335,0.3102,-2.7685,0.4377,-2.3308,Torraye Braggs
1766,2003-2005,212.0,209.0,-4.176,3.7672,-0.3498,-0.7641,-0.0645,-0.3521,-0.4088,-1.1139,-0.4166,-4.5903,2.651,-1.9393,Maceo Baston
1800,2003-2005,10290.0,10294.0,2.9314,-1.1849,0.3866,-0.1477,0.3908,-0.6823,1.7465,0.2389,-0.2915,3.7089,-2.0149,1.694,Damon Jones
1802,2003-2005,13639.0,13612.0,2.2805,2.4072,-0.3081,0.1859,0.2219,-0.3001,4.6877,-0.1222,-0.0782,2.1943,2.293,4.4873,Brad Miller
1853,2003-2005,3249.0,3265.0,-2.3871,-0.3704,-0.3828,-0.0286,-0.0438,-0.0872,-2.7575,-0.4114,-0.131,-2.8137,-0.4862,-3.2999,Anthony Carter
1863,2003-2005,10503.0,10513.0,3.158,-2.0819,-0.3782,-0.4782,-0.149,-0.6599,1.0761,-0.8563,-0.8089,2.6309,-3.22,-0.5891,Earl Boykins
1882,2003-2005,15503.0,15498.0,2.1945,1.8334,0.1851,0.2225,0.2813,-0.5764,4.028,0.4076,-0.2951,2.6609,1.4796,4.1405,Elton Brand
1883,2003-2005,18097.0,18042.0,2.0156,-1.107,0.7728,0.1145,0.5999,0.619,0.9086,0.8874,1.2189,3.3884,-0.3734,3.015,Steve Francis
1884,2003-2005,11614.0,11586.0,5.1192,-0.8819,0.0635,0.1411,0.2136,0.9221,4.2373,0.2046,1.1356,5.3962,0.1812,5.5775,Baron Davis
1885,2003-2005,13206.0,13127.0,0.2604,0.6593,-0.032,-0.0167,-0.302,-0.2678,0.9197,-0.0488,-0.5698,-0.0737,0.3748,0.3011,Lamar Odom
1886,2003-2005,2217.0,2221.0,-1.9006,0.0679,0.0246,0.4848,-0.1606,-0.5013,-1.8327,0.5094,-0.6619,-2.0366,0.0514,-1.9853,Jonathan Bender
1887,2003-2005,9570.0,9557.0,1.7238,-1.8077,0.1441,0.2822,-0.1495,-0.2507,-0.0839,0.4263,-0.4002,1.7184,-1.7762,-0.0578,Wally Szczerbiak
1888,2003-2005,15457.0,15402.0,1.0058,-2.6097,0.1995,0.0353,0.3417,1.0915,-1.6038,0.2348,1.4332,1.547,-1.4829,0.0642,Richard Hamilton
1889,2003-2005,16816.0,16794.0,2.0933,-0.879,0.2379,0.0123,0.1333,-0.8452,1.2143,0.2502,-0.7119,2.4644,-1.7118,0.7526,Andre Miller
1890,2003-2005,19086.0,19116.0,2.4775,2.3036,-0.1741,-0.1528,0.2815,0.4924,4.7811,-0.3269,0.7739,2.5849,2.6431,5.228,Shawn Marion
1891,2003-2005,16381.0,16409.0,3.0025,-0.9293,-0.115,-0.1013,0.1401,-0.4899,2.0733,-0.2162,-0.3497,3.0277,-1.5204,1.5073,Jason Terry
1893,2003-2005,243.0,241.0,-7.7888,-0.2347,0.9907,0.2466,-0.0243,0.3414,-8.0235,1.2373,0.3171,-6.8224,0.3532,-6.4692,Aleksandar Radojevic
1894,2003-2005,13655.0,13636.0,2.8791,-1.1902,-0.3906,-0.2862,-0.4188,-1.0118,1.6889,-0.6768,-1.4306,2.0697,-2.4882,-0.4185,Corey Maggette
1897,2003-2005,10014.0,9956.0,1.6977,1.1201,0.1999,0.7466,0.309,1.3192,2.8179,0.9464,1.6282,2.2066,3.1859,5.3925,Metta World Peace
1899,2003-2005,11972.0,11940.0,0.9546,1.0051,-0.5535,0.0221,-0.4722,-0.1032,1.9597,-0.5314,-0.5754,-0.0711,0.924,0.8529,James Posey
1900,2003-2005,132.0,131.0,-6.501,-1.5593,0.1209,0.2983,-0.0798,-0.2695,-8.0603,0.4192,-0.3493,-6.4599,-1.5305,-7.9904,Quincy Lewis
1901,2003-2005,6880.0,6899.0,-1.1532,-1.0214,0.1463,0.1124,0.22,0.3055,-2.1746,0.2587,0.5255,-0.7869,-0.6035,-1.3904,Dion Glover
1902,2003-2005,8024.0,8055.0,-0.1191,2.2236,0.4386,0.826,0.4235,1.8829,2.1045,1.2645,2.3064,0.743,4.9325,5.6755,Jeff Foster
1903,2003-2005,13012.0,13039.0,-0.922,-0.0895,-0.0718,-0.2058,0.1643,-0.4105,-1.0115,-0.2776,-0.2462,-0.8295,-0.7058,-1.5353,Kenny Thomas
1904,2003-2005,7560.0,7529.0,-1.5027,0.5256,0.3166,0.0903,-0.1664,0.6771,-0.9771,0.4069,0.5107,-1.3525,1.293,-0.0595,Devean George
1905,2003-2005,12000.0,12003.0,3.0838,4.8048,1.321,-0.37,0.2616,-1.0765,7.8885,0.951,-0.8149,4.6664,3.3583,8.0247,Andrei Kirilenko
1908,2003-2005,8574.0,8587.0,-0.2198,-0.1359,0.5795,-0.1874,-0.0089,-1.6779,-0.3557,0.3921,-1.6869,0.3508,-2.0013,-1.6505,Jumaine Jones
1909,2003-2005,5324.0,5341.0,-0.3973,0.9183,-0.4257,0.1968,-0.1976,1.2145,0.5209,-0.2289,1.0169,-1.0206,2.3295,1.3089,Scott Padgett
1910,2003-2005,6.0,6.0,-6.7034,-1.9825,1.0938,-0.3142,-0.0011,0.0159,-8.6859,0.7796,0.0147,-5.6107,-2.2808,-7.8915,Leon Smith
1913,2003-2005,3714.0,3702.0,-3.9302,2.5702,0.6512,0.8423,0.6043,-0.7034,-1.36,1.4935,-0.099,-2.6747,2.7092,0.0345,Michael Ruffin
1915,2003-2005,263.0,271.0,-5.9521,3.3611,0.4303,0.6279,-0.2034,0.2091,-2.591,1.0582,0.0057,-5.7252,4.1982,-1.5271,Evan Eschmeyer
1916,2003-2005,4234.0,4255.0,-3.5638,3.4067,0.2143,-0.1493,-0.3339,-0.5768,-0.1571,0.0651,-0.9107,-3.6834,2.6806,-1.0028,Calvin Booth
1917,2003-2005,1183.0,1195.0,-1.9978,-1.2768,-0.7557,-1.0731,0.1572,-0.2186,-3.2746,-1.8288,-0.0614,-2.5963,-2.5685,-5.1648,Wang Zhi-zhi
1918,2003-2005,1384.0,1382.0,-3.5951,0.7541,-0.7418,-0.7015,0.3196,-0.1768,-2.841,-1.4434,0.1429,-4.0173,-0.1242,-4.1416,Obinna Ekezie
1919,2003-2005,866.0,853.0,-1.7483,-0.6941,0.3885,0.2056,0.0037,0.0415,-2.4423,0.5941,0.0452,-1.3561,-0.4469,-1.803,Laron Profit
1921,2003-2005,11156.0,11145.0,-0.9394,-2.2205,0.234,0.1106,0.0116,0.5034,-3.1598,0.3445,0.5151,-0.6938,-1.6065,-2.3002,Gordan Giricek
1922,2003-2005,3544.0,3527.0,-3.7398,2.8757,0.1256,0.1953,-0.0829,0.1468,-0.8641,0.3209,0.0639,-3.6971,3.2178,-0.4793,Francisco Elson
1924,2003-2005,5956.0,5950.0,-1.3445,-3.1331,-1.1964,0.5093,-0.0902,-0.3551,-4.4777,-0.6871,-0.4452,-2.6311,-2.9789,-5.61,Lee Nailon
1928,2003-2005,1549.0,1540.0,-1.8866,1.511,-0.431,-0.0618,-0.3635,0.3427,-0.3756,-0.4928,-0.0207,-2.6811,1.7919,-0.8891,Todd MacCulloch
1934,2003-2005,2768.0,2774.0,-2.8184,-1.6673,0.0052,-0.5137,-0.7882,-0.6984,-4.4857,-0.5085,-1.4867,-3.6014,-2.8795,-6.4809,Rodney Buford
1938,2003-2005,11147.0,11129.0,3.0228,1.2846,0.414,0.3248,0.2851,0.5714,4.3074,0.7387,0.8566,3.7219,2.1808,5.9027,Manu Ginobili
1944,2003-2005,4676.0,4676.0,-2.3354,-0.8799,0.2668,-0.0625,0.2941,-0.0899,-3.2152,0.2043,0.2042,-1.7745,-1.0323,-2.8067,Eddie Robinson
1952,2003-2005,9421.0,9402.0,-1.925,-1.058,0.2567,0.0542,-0.0984,0.209,-2.9831,0.3109,0.1106,-1.7667,-0.7949,-2.5616,Raja Bell
1956,2003-2005,9518.0,9514.0,-2.541,-1.1057,0.8591,0.1337,0.0625,-0.7534,-3.6467,0.9928,-0.6909,-1.6194,-1.7255,-3.3449,Ira Newble
1960,2003-2005,9001.0,9018.0,-2.4286,-1.1268,-0.0848,-0.1612,-0.4212,-0.312,-3.5553,-0.246,-0.7332,-2.9346,-1.6,-4.5345,Milt Palacio
1983,2003-2005,1498.0,1504.0,-2.4029,-0.5908,0.5289,0.4532,-0.1265,-0.4071,-2.9937,0.982,-0.5337,-2.0006,-0.5448,-2.5453,Jermaine Jackson
1985,2003-2005,1222.0,1229.0,-1.3505,1.6333,-0.7752,-0.9139,-0.1359,-0.9343,0.2827,-1.6891,-1.0702,-2.2617,-0.2149,-2.4766,Zendon Hamilton
2030,2003-2005,13732.0,13693.0,-0.7617,1.4043,-0.3938,-0.068,-0.2586,1.2626,0.6426,-0.4619,1.004,-1.4141,2.5988,1.1847,Kenyon Martin
2031,2003-2005,8281.0,8283.0,-1.2673,3.198,-0.5781,-1.1166,-0.0188,-0.7708,1.9307,-1.6946,-0.7895,-1.8641,1.3107,-0.5534,Stromile Swift
2032,2003-2005,11045.0,11066.0,-2.7692,-0.329,-0.1266,0.1558,-0.2091,1.0343,-3.0982,0.0292,0.8252,-3.1049,0.8611,-2.2438,Darius Miles
2033,2003-2005,4751.0,4763.0,-2.1034,-1.0659,-0.5196,-0.3617,-0.1667,-0.5861,-3.1693,-0.8813,-0.7527,-2.7897,-2.0137,-4.8033,Marcus Fizer
2034,2003-2005,11975.0,11953.0,1.188,-0.855,0.2181,-0.0145,0.5545,0.9394,0.333,0.2037,1.4939,1.9606,0.0699,2.0306,Mike Miller
2035,2003-2005,2958.0,2963.0,0.493,-0.2241,-0.0235,0.2655,0.2217,-0.064,0.2689,0.242,0.1577,0.6911,-0.0226,0.6686,DerMarr Johnson
2036,2003-2005,7734.0,7715.0,-1.9787,1.5634,-1.0408,-0.4541,-0.2279,-0.9143,-0.4153,-1.4948,-1.1422,-3.2474,0.1951,-3.0523,Chris Mihm
2037,2003-2005,14498.0,14499.0,2.364,-1.9415,-0.6976,-0.2177,-0.0498,-0.0141,0.4224,-0.9153,-0.0639,1.6166,-2.1734,-0.5568,Jamal Crawford
2038,2003-2005,5193.0,5209.0,-3.3874,4.8497,0.0788,-0.6097,-0.0683,-1.3497,1.4624,-0.5309,-1.418,-3.3769,2.8903,-0.4865,Joel Przybilla
2039,2003-2005,6242.0,6261.0,-1.5044,-1.8367,0.2909,-0.2501,-0.0088,0.4335,-3.341,0.0408,0.4247,-1.2222,-1.6533,-2.8755,Keyon Dooling
2040,2003-2005,2166.0,2173.0,-3.1124,2.7827,-0.3242,-0.4993,-0.1608,0.7859,-0.3297,-0.8236,0.6251,-3.5974,3.0692,-0.5282,Jerome Moiso
2041,2003-2005,6572.0,6544.0,-1.9343,2.2534,-0.4882,-0.7264,-0.2379,-0.868,0.319,-1.2146,-1.1059,-2.6605,0.659,-2.0015,Etan Thomas
2042,2003-2005,2574.0,2585.0,-3.0246,-2.9863,0.1719,0.1829,0.0343,0.919,-6.0109,0.3548,0.9533,-2.8184,-1.8844,-4.7029,Courtney Alexander
2043,2003-2005,418.0,419.0,-5.3724,-1.5071,-0.318,0.1161,0.1078,-0.5093,-6.8795,-0.2019,-0.4015,-5.5826,-1.9003,-7.4829,Mateen Cleaves
2044,2003-2005,3058.0,3041.0,-2.7197,-1.5281,-1.1501,-0.2994,-0.0966,-0.3581,-4.2478,-1.4494,-0.4547,-3.9663,-2.1856,-6.1519,Jason Collier
2045,2003-2005,9741.0,9745.0,-0.1213,-0.4742,0.1746,-0.0133,-0.0246,0.7968,-0.5956,0.1612,0.7722,0.0286,0.3093,0.3379,Hedo Turkoglu
2046,2003-2005,15665.0,15672.0,-0.2522,-1.6492,0.1018,0.0069,0.673,-0.0467,-1.9014,0.1087,0.6263,0.5226,-1.689,-1.1664,Desmond Mason
2047,2003-2005,12908.0,12921.0,1.0241,-1.6009,0.2463,0.0699,0.2255,0.9406,-0.5768,0.3162,1.1661,1.4959,-0.5905,0.9055,Quentin Richardson
2048,2003-2005,11059.0,11027.0,-1.5123,1.1927,-0.228,-0.7074,-0.0485,-0.1572,-0.3196,-0.9354,-0.2057,-1.7888,0.3281,-1.4607,Jamaal Magloire
2049,2003-2005,7562.0,7564.0,1.4978,0.4795,-0.2407,-0.0106,-0.0774,0.291,1.9773,-0.2513,0.2136,1.1798,0.7599,1.9396,Speedy Claxton
2050,2003-2005,14416.0,14407.0,0.2754,-0.4109,0.2712,-0.0625,0.3396,-0.0451,-0.1355,0.2087,0.2945,0.8863,-0.5186,0.3677,Morris Peterson
2051,2003-2005,4603.0,4619.0,-3.4566,0.432,-0.2432,-0.1798,-0.2744,0.028,-3.0246,-0.423,-0.2464,-3.9741,0.2801,-3.694,Donnell Harvey
2052,2003-2005,8192.0,8226.0,-2.9135,-3.1384,0.3275,-0.0855,-0.3452,-1.1091,-6.0518,0.242,-1.4543,-2.9311,-4.333,-7.2641,DeShawn Stevenson
2053,2003-2005,158.0,161.0,-6.6934,0.062,0.9319,0.6293,-0.0387,0.137,-6.6314,1.5611,0.0983,-5.8002,0.8283,-4.9719,Dalibor Bagaric
2054,2003-2005,2577.0,2582.0,-3.2547,1.2786,0.1494,0.1698,-0.3169,0.4654,-1.9761,0.3192,0.1485,-3.4223,1.9138,-1.5085,Jake Tsakalidis
2055,2003-2005,1556.0,1568.0,-3.4972,3.6293,0.6532,-0.6605,0.0144,-1.6321,0.132,-0.0072,-1.6177,-2.8296,1.3367,-1.4929,Mamadou N'diaye
2056,2003-2005,4788.0,4767.0,-0.1867,-0.9611,-0.313,0.264,-0.0561,-0.3754,-1.1478,-0.049,-0.4315,-0.5558,-1.0725,-1.6283,Primoz Brezec
2058,2003-2005,4961.0,4958.0,-2.9711,0.2714,1.5587,0.7582,0.3493,0.4297,-2.6997,2.3169,0.779,-1.0631,1.4593,0.3961,Mark Madsen
2059,2003-2005,5819.0,5866.0,-1.5255,1.1482,0.7956,0.6686,0.4336,-0.2215,-0.3773,1.4641,0.2121,-0.2964,1.5953,1.2989,Eduardo Najera
2060,2003-2005,9148.0,9160.0,0.5309,0.4174,-0.02,-0.0226,0.6526,-0.7774,0.9484,-0.0426,-0.1248,1.1636,-0.3826,0.781,Marko Jaric
2061,2003-2005,1102.0,1116.0,-4.0563,-1.4184,0.5405,-0.4265,0.224,0.787,-5.4746,0.114,1.011,-3.2918,-1.0579,-4.3497,Dan Langhi
2062,2003-2005,16.0,15.0,-7.0063,-1.8966,1.0894,0.902,-0.0112,-0.0024,-8.9029,1.9915,-0.0136,-5.9281,-0.9969,-6.925,A.J. Guyton
2063,2003-2005,5643.0,5656.0,-2.5566,1.2393,0.6079,0.6512,0.0735,0.5566,-1.3173,1.2592,0.6301,-1.8752,2.4472,0.572,Jake Voskuhl
2066,2003-2005,150.0,155.0,-4.3865,1.0191,0.5664,0.4507,-0.0546,0.0922,-3.3674,1.0171,0.0375,-3.8747,1.5619,-2.3128,Soumaila Samake
2067,2003-2005,5876.0,5880.0,-0.4539,-0.9885,-0.9181,-0.1532,-0.147,-1.6527,-1.4423,-1.0713,-1.7997,-1.519,-2.7944,-4.3134,Eddie House
2068,2003-2005,196.0,194.0,-4.2798,-3.1028,-0.0886,-0.088,0.0184,-0.137,-7.3826,-0.1766,-0.1186,-4.35,-3.3279,-7.6779,Lavor Postell
2071,2003-2005,271.0,279.0,-5.1527,3.1474,0.3397,-0.7099,0.0294,-0.2121,-2.0053,-0.3701,-0.1827,-4.7836,2.2254,-2.5581,Olumide Oyedeji
2072,2003-2005,15802.0,15819.0,3.5219,-1.6821,-0.077,-0.3562,0.1475,-2.0629,1.8397,-0.4332,-1.9155,3.5923,-4.1012,-0.5089,Michael Redd
2073,2003-2005,5780.0,5756.0,1.3584,1.9672,0.861,0.2909,0.4068,0.271,3.3256,1.1519,0.6778,2.6262,2.5291,5.1553,Brian Cardinal
2074,2003-2005,1582.0,1602.0,-4.6449,0.6243,0.7276,0.3625,-0.3909,-0.9038,-4.0206,1.0901,-1.2947,-4.3082,0.083,-4.2252,Jabari Smith
2078,2003-2005,4908.0,4922.0,1.2071,1.1596,-1.1716,-0.3035,-0.3393,0.2469,2.3667,-1.4751,-0.0924,-0.3037,1.103,0.7993,Jason Hart
2079,2003-2005,138.0,136.0,-3.2295,-1.786,-0.5982,0.158,-0.0353,-0.205,-5.0156,-0.4402,-0.2402,-3.863,-1.8329,-5.696,Kaniel Dickens
2080,2003-2005,505.0,501.0,-2.3895,-1.9409,0.141,0.1764,0.096,0.6013,-4.3304,0.3174,0.6973,-2.1525,-1.1633,-3.3158,Igor Rakocevic
2091,2003-2005,1558.0,1566.0,-3.9148,1.4848,-0.1538,0.2229,0.1865,0.2513,-2.43,0.0691,0.4378,-3.8821,1.9589,-1.9232,Daniel Santiago
2098,2003-2005,4764.0,4764.0,-2.3152,-1.1069,-0.7088,0.5861,-0.168,0.447,-3.4222,-0.1227,0.279,-3.192,-0.0738,-3.2658,Slava Medvedenko
2106,2003-2005,47.0,50.0,-6.7312,-1.5947,1.1577,0.7528,-0.0854,-0.1904,-8.3259,1.9105,-0.2758,-5.6589,-1.0323,-6.6912,Ruben Wolkowyski
2109,2003-2005,2129.0,2172.0,-1.3183,0.4175,-0.4392,0.2466,-0.1522,-0.5938,-0.9009,-0.1926,-0.746,-1.9097,0.0702,-1.8394,Eddie Gill
2124,2003-2005,6418.0,6418.0,-4.4339,-0.7198,0.2579,-0.2512,0.0807,-0.6785,-5.1537,0.0067,-0.5978,-4.0953,-1.6495,-5.7448,Malik Allen
2137,2003-2005,49.0,48.0,-6.9591,-1.3912,0.5373,0.0659,-0.0116,-0.0018,-8.3503,0.6032,-0.0134,-6.4334,-1.3271,-7.7605,Ime Udoka
2143,2003-2005,76.0,73.0,-3.9931,0.1599,0.175,0.6987,0.0201,0.0033,-3.8333,0.8737,0.0235,-3.798,0.8619,-2.9361,Pepe Sanchez
2198,2003-2005,9325.0,9329.0,-2.2235,0.6755,-0.563,-0.5923,0.0065,-0.1975,-1.548,-1.1553,-0.1909,-2.78,-0.1142,-2.8942,Kwame Brown
2199,2003-2005,9378.0,9376.0,-1.5218,3.7409,-0.8589,-0.7579,-0.3516,0.0826,2.2191,-1.6167,-0.269,-2.7323,3.0657,0.3334,Tyson Chandler
2200,2003-2005,13820.0,13793.0,1.6592,0.8004,0.1405,0.0274,0.6439,-0.9054,2.4595,0.1679,-0.2614,2.4436,-0.0776,2.366,Pau Gasol
2201,2003-2005,10724.0,10649.0,-1.6684,-1.2144,-0.7856,-0.3026,0.344,1.0315,-2.8828,-1.0882,1.3755,-2.11,-0.4854,-2.5954,Eddy Curry
2202,2003-2005,16320.0,16311.0,1.4458,-1.8868,0.2175,0.0517,0.174,-0.5259,-0.441,0.2692,-0.3519,1.8373,-2.361,-0.5238,Jason Richardson
2203,2003-2005,13165.0,13158.0,0.7959,2.0062,-0.2357,0.2778,-0.0107,1.0492,2.8021,0.0421,1.0385,0.5494,3.3333,3.8827,Shane Battier
2204,2003-2005,6338.0,6364.0,-0.3835,2.4864,0.1455,-0.1904,0.1561,-0.4935,2.1029,-0.0449,-0.3374,-0.082,1.8026,1.7206,Eddie Griffin
2205,2003-2005,3787.0,3810.0,-6.1987,4.3582,-0.246,-0.4353,-0.3712,-0.433,-1.8404,-0.6812,-0.8042,-6.8158,3.4899,-3.3259,DeSagana Diop
2206,2003-2005,6338.0,6303.0,-2.1408,-2.1665,-0.1658,-0.1201,-0.715,0.8002,-4.3073,-0.286,0.0852,-3.0216,-1.4865,-4.508,Rodney White
2207,2003-2005,17292.0,17307.0,-0.0794,-1.9626,0.3914,0.3455,0.5469,0.1264,-2.0421,0.737,0.6733,0.8589,-1.4907,-0.6318,Joe Johnson
2208,2003-2005,3211.0,3212.0,-1.2141,0.2289,0.3871,0.0166,0.0505,-0.2532,-0.9852,0.4038,-0.2027,-0.7765,-0.0077,-0.7842,Kedrick Brown
2209,2003-2005,11525.0,11537.0,0.356,-0.2116,0.6458,0.1501,0.4104,0.8789,0.1444,0.7958,1.2892,1.4121,0.8173,2.2294,Vladimir Radmanovic
2210,2003-2005,13971.0,13921.0,1.1687,-0.7917,-0.0223,-0.0436,-0.4011,0.1832,0.377,-0.0658,-0.2179,0.7453,-0.6521,0.0932,Richard Jefferson
2211,2003-2005,10862.0,10849.0,-0.2731,0.6231,-0.812,-0.9223,-0.6076,-1.0688,0.35,-1.7343,-1.6764,-1.6926,-1.3681,-3.0607,Troy Murphy
2212,2003-2005,4464.0,4534.0,-2.8766,3.1036,0.2387,-0.7561,-0.0339,-0.3163,0.227,-0.5174,-0.3502,-2.6718,2.0311,-0.6406,Steven Hunter
2213,2003-2005,119.0,124.0,-9.3405,-0.6731,1.3896,0.1894,-0.0636,0.0388,-10.0136,1.5791,-0.0248,-8.0145,-0.4449,-8.4593,Kirk Haston
2214,2003-2005,2882.0,2899.0,-2.4046,-0.1265,-0.2715,0.1972,0.2313,-1.7252,-2.5311,-0.0744,-1.4939,-2.4448,-1.6546,-4.0994,Michael Bradley
2215,2003-2005,12485.0,12454.0,-3.1606,1.3703,0.4624,0.6532,-0.2499,3.1563,-1.7903,1.1155,2.9065,-2.9481,5.1798,2.2317,Jason Collins
2216,2003-2005,11070.0,11014.0,0.2687,-1.1455,-0.243,-0.2465,-0.0936,0.4627,-0.8769,-0.4895,0.369,-0.068,-0.9293,-0.9973,Zach Randolph
2217,2003-2005,9955.0,10018.0,-0.6838,2.5105,-0.2637,0.3585,-0.0014,1.1821,1.8267,0.0948,1.1808,-0.9489,4.0512,3.1023,Brendan Haywood
2218,2003-2005,159.0,163.0,-5.4183,-2.9063,-0.0751,0.1114,-0.0906,0.1109,-8.3246,0.0363,0.0202,-5.5841,-2.684,-8.2681,Joseph Forte
2219,2003-2005,1968.0,1982.0,-3.1109,0.3811,0.6768,0.3604,-0.2893,-0.5143,-2.7298,1.0372,-0.8036,-2.7234,0.2272,-2.4962,Jeryl Sasser
2220,2003-2005,926.0,945.0,-4.7965,-3.1538,0.1783,-0.217,0.0518,-0.8171,-7.9503,-0.0387,-0.7654,-4.5664,-4.1879,-8.7544,Brandon Armstrong
2221,2003-2005,3952.0,3932.0,-0.8847,-1.3423,0.0866,0.1929,-0.0116,1.6272,-2.2269,0.2794,1.6156,-0.8097,0.4778,-0.3319,Raul Lopez
2222,2003-2005,5942.0,5948.0,-2.2601,1.4994,0.2581,0.0477,0.1698,0.2025,-0.7607,0.3058,0.3723,-1.8322,1.7497,-0.0826,Gerald Wallace
2223,2003-2005,7607.0,7582.0,-2.5059,4.1042,-0.4796,-1.0292,-0.1073,0.4638,1.5982,-1.5088,0.3565,-3.0928,3.5388,0.446,Samuel Dalembert
2224,2003-2005,9385.0,9335.0,1.8636,0.676,-0.2922,-0.1047,0.0986,-0.4272,2.5395,-0.3969,-0.3287,1.6699,0.1441,1.814,Jamaal Tinsley
2225,2003-2005,15212.0,15195.0,2.0829,-2.5368,0.4668,-0.1222,0.1315,1.0924,-0.4538,0.3446,1.2239,2.6813,-1.5666,1.1147,Tony Parker
2228,2003-2005,133.0,134.0,-6.0388,-0.2576,0.149,-0.3883,-0.0244,0.0549,-6.2964,-0.2393,0.0305,-5.9142,-0.5909,-6.5051,Alton Ford
2229,2003-2005,10938.0,10924.0,1.5086,-0.8346,-0.294,0.0185,0.4649,1.3003,0.674,-0.2754,1.7652,1.6795,0.4842,2.1638,Mike James
2230,2003-2005,2393.0,2400.0,-0.2381,-1.2007,-0.158,-0.1722,-0.0427,-0.2433,-1.4388,-0.3302,-0.2859,-0.4388,-1.6162,-2.055,Maurice Evans
2239,2003-2005,12007.0,11975.0,-3.613,-0.3949,0.1528,0.2125,-0.2504,0.389,-4.0079,0.3652,0.1386,-3.7107,0.2067,-3.504,Trenton Hassell
2240,2003-2005,16293.0,16257.0,3.1744,-1.2617,0.2913,0.2027,0.118,-1.3565,1.9126,0.494,-1.2385,3.5836,-2.4155,1.1681,Gilbert Arenas
2241,2003-2005,407.0,401.0,-2.506,-0.4785,-0.2792,0.0296,0.0847,0.0245,-2.9845,-0.2496,0.1092,-2.7005,-0.4245,-3.1249,Omar Cook
2242,2003-2005,1174.0,1177.0,-1.8144,-1.2797,-0.1275,0.1261,0.1828,-0.9011,-3.0941,-0.0014,-0.7183,-1.759,-2.0547,-3.8137,Terence Morris
2243,2003-2005,5283.0,5316.0,-2.3905,-0.1381,0.6549,0.2229,0.0136,0.6063,-2.5286,0.8779,0.6199,-1.722,0.6912,-1.0309,Brian Scalabrine
2244,2003-2005,390.0,388.0,-4.614,-1.9287,0.1037,0.1932,-0.0094,-0.1495,-6.5427,0.2969,-0.1589,-4.5197,-1.885,-6.4046,Jeff Trepagnier
2245,2003-2005,549.0,562.0,-6.3736,-2.3306,0.3419,0.1585,-0.0184,0.29,-8.7042,0.5004,0.2715,-6.0501,-1.8821,-7.9322,Damone Brown
2246,2003-2005,9735.0,9745.0,1.0603,0.7575,-0.8174,0.2727,-0.1629,0.8239,1.8178,-0.5447,0.661,0.08,1.8542,1.9342,Mehmet Okur
2248,2003-2005,9112.0,9124.0,0.6011,0.1573,0.1768,0.3264,0.0628,1.3627,0.7583,0.5032,1.4255,0.8407,1.8463,2.687,Earl Watson
2249,2003-2005,792.0,779.0,-2.7042,-1.684,0.4765,0.3874,-0.0451,0.0597,-4.3882,0.8639,0.0145,-2.2728,-1.2369,-3.5098,Jamison Brewer
2250,2003-2005,8610.0,8585.0,-0.108,-0.206,0.3975,0.0794,0.366,0.7475,-0.314,0.477,1.1135,0.6555,0.621,1.2765,Bobby Simmons
2253,2003-2005,1026.0,1022.0,-1.1579,-1.2638,-0.294,0.2297,-0.0897,0.5589,-2.4217,-0.0643,0.4692,-1.5417,-0.4753,-2.0169,Sean Lampley
2254,2003-2005,2959.0,2971.0,-3.3237,1.464,0.2315,0.2805,-0.3254,-0.2287,-1.8596,0.5121,-0.5541,-3.4176,1.5159,-1.9017,Loren Woods
2256,2003-2005,297.0,294.0,-7.6811,2.1415,-0.1646,-0.907,0.0194,-0.1483,-5.5396,-1.0716,-0.1289,-7.8262,1.0862,-6.7401,Ken Johnson
2257,2003-2005,59.0,57.0,-7.5984,-1.3858,1.0067,0.7685,0.0089,-0.251,-8.9842,1.7752,-0.2421,-6.5827,-0.8684,-7.4511,Ruben Boumtje-Boumtje
2260,2003-2005,5792.0,5742.0,-2.3168,-0.0051,0.8678,0.6205,-0.026,-0.1475,-2.3219,1.4883,-0.1735,-1.475,0.4679,-1.0071,Jarron Collins
2261,2003-2005,946.0,954.0,-4.3981,-3.6838,0.0129,-0.1844,-0.1433,0.3968,-8.0818,-0.1715,0.2535,-4.5284,-3.4714,-7.9999,Kenny Satterfield
2306,2003-2005,6932.0,6915.0,0.5957,-2.0402,0.8657,-0.2228,0.3224,-1.0622,-1.4445,0.643,-0.7397,1.7839,-3.3252,-1.5413,Carlos Arroyo
2321,2003-2005,236.0,242.0,-5.7618,-2.5224,0.3027,0.5883,-0.0799,-0.4539,-8.2841,0.891,-0.5338,-5.539,-2.388,-7.927,Paul Shirley
2351,2003-2005,213.0,204.0,-2.6445,-0.0995,-0.1448,-0.3576,0.0883,-0.2128,-2.744,-0.5024,-0.1245,-2.701,-0.6698,-3.3708,Oscar Torres
2352,2003-2005,211.0,215.0,-1.72,-0.975,0.0536,0.5515,-0.0208,0.067,-2.6949,0.6051,0.0462,-1.6872,-0.3565,-2.0437,Dean Oliver
2357,2003-2005,2348.0,2371.0,-1.7236,-2.5158,-0.4908,-0.0702,-0.0933,0.2598,-4.2394,-0.561,0.1666,-2.3077,-2.3262,-4.6338,Tierre Brown
2365,2003-2005,6389.0,6412.0,-1.7276,4.1723,-0.2535,-0.3153,-0.1704,-0.2159,2.4446,-0.5688,-0.3863,-2.1515,3.6411,1.4896,Chris Andersen
2366,2003-2005,2040.0,2065.0,-1.0905,-0.075,0.0625,0.1617,-0.0274,0.2347,-1.1656,0.2242,0.2073,-1.0554,0.3213,-0.734,Mike Wilks
2367,2003-2005,34.0,34.0,-3.008,-2.5662,0.0881,-0.0233,0.0148,-0.1994,-5.5742,0.0648,-0.1846,-2.905,-2.7889,-5.6939,Geno Carlisle
2370,2003-2005,169.0,170.0,-7.2705,-1.7039,0.321,-0.12,-0.0105,-0.1814,-8.9744,0.2011,-0.1919,-6.96,-2.0052,-8.9652,Mengke Bateer
2397,2003-2005,14029.0,13939.0,0.8343,1.9169,-0.8716,0.818,-0.1755,1.2234,2.7512,-0.0536,1.0478,-0.2128,3.9582,3.7454,Yao Ming
2398,2003-2005,3931.0,3910.0,-0.5859,-1.3537,-0.0261,-0.0892,-0.1426,-1.2756,-1.9396,-0.1153,-1.4182,-0.7546,-2.7185,-3.4731,Jay Williams
2399,2003-2005,12174.0,12158.0,0.1725,-0.5394,0.0767,0.1256,-0.4047,0.6215,-0.3668,0.2023,0.2169,-0.1555,0.2078,0.0523,Mike Dunleavy
2400,2003-2005,12432.0,12409.0,-0.7009,0.3187,-0.6371,-0.6413,-0.0275,-1.0034,-0.3822,-1.2784,-1.0309,-1.3655,-1.326,-2.6915,Drew Gooden
2401,2003-2005,3601.0,3599.0,-4.4242,-2.0725,0.9866,0.5436,-0.5116,-0.4809,-6.4967,1.5302,-0.9925,-3.9492,-2.0097,-5.959,Nikoloz Tskitishvili
2402,2003-2005,4287.0,4285.0,-1.5277,-3.2374,0.0018,-0.03,0.0208,-1.3215,-4.7651,-0.0281,-1.3007,-1.5051,-4.5889,-6.094,Dajuan Wagner
2403,2003-2005,11789.0,11733.0,-1.1851,1.5673,0.6349,0.7261,0.2961,2.3453,0.3823,1.361,2.6414,-0.2541,4.6387,4.3847,Nene
2404,2003-2005,5372.0,5378.0,-1.9365,-0.3138,-0.6116,-0.1705,0.0446,0.4625,-2.2503,-0.782,0.5071,-2.5034,-0.0217,-2.5252,Chris Wilcox
2405,2003-2005,14625.0,14530.0,1.2507,0.9928,-0.1072,-1.1676,0.3014,-0.4299,2.2434,-1.2748,-0.1286,1.4448,-0.6048,0.8401,Amar'e Stoudemire
2406,2003-2005,14312.0,14294.0,-0.7662,-0.6875,0.1199,0.0913,0.138,-0.5275,-1.4537,0.2112,-0.3895,-0.5082,-1.1237,-1.6319,Caron Butler
2407,2003-2005,8208.0,8219.0,-2.7123,-0.5511,0.6914,0.4777,-0.1361,1.7672,-3.2634,1.169,1.631,-2.1571,1.6937,-0.4633,Jared Jeffries
2408,2003-2005,5641.0,5639.0,-3.6984,-0.3568,0.8066,0.2581,0.5524,0.2129,-4.0552,1.0646,0.7653,-2.3394,0.1142,-2.2252,Melvin Ely
2409,2003-2005,1574.0,1587.0,-3.739,-0.694,-0.3881,-0.4134,-0.0797,-0.4118,-4.433,-0.8015,-0.4915,-4.2068,-1.5192,-5.726,Marcus Haislip
2410,2003-2005,7158.0,7191.0,-0.0705,-0.1394,-0.4992,0.0163,0.016,-0.6307,-0.2099,-0.483,-0.6147,-0.5537,-0.7539,-1.3076,Fred Jones
2411,2003-2005,3592.0,3597.0,-2.128,-0.056,-1.0686,0.4974,0.2096,-0.433,-2.1839,-0.5712,-0.2234,-2.987,0.0084,-2.9786,Bostjan Nachbar
2412,2003-2005,7336.0,7331.0,-1.2548,-0.5681,-0.0477,0.0875,0.1994,-1.2938,-1.8229,0.0398,-1.0944,-1.103,-1.7744,-2.8775,Jiri Welsch
2413,2003-2005,6167.0,6162.0,0.298,-2.0353,-0.3662,0.0186,-0.1602,-1.5078,-1.7372,-0.3476,-1.668,-0.2284,-3.5245,-3.7529,Juan Dixon
2414,2003-2005,2043.0,2028.0,-4.2256,1.768,0.6455,0.1672,-0.0204,-0.5252,-2.4576,0.8127,-0.5456,-3.6005,1.41,-2.1905,Curtis Borchardt
2415,2003-2005,1478.0,1485.0,-5.9102,-0.7474,-0.5212,-0.3667,-0.0498,1.0077,-6.6576,-0.8879,0.9579,-6.4812,-0.1065,-6.5876,Ryan Humphrey
2416,2003-2005,5920.0,5950.0,-2.2227,-2.7923,0.3357,0.0822,0.1287,-0.1972,-5.0149,0.4179,-0.0685,-1.7584,-2.9072,-4.6656,Kareem Rush
2417,2003-2005,1969.0,1960.0,-4.3437,-1.0355,0.2642,-0.043,-0.0076,-0.3819,-5.3791,0.2211,-0.3895,-4.087,-1.4604,-5.5475,Qyntel Woods
2418,2003-2005,9231.0,9261.0,-0.9087,-1.4566,-0.4843,0.7171,-0.2051,1.1423,-2.3653,0.2328,0.9372,-1.5981,0.4028,-1.1953,Casey Jacobsen
2419,2003-2005,11349.0,11364.0,0.1854,-0.5769,-0.5334,0.4932,-0.3971,0.8229,-0.3914,-0.0402,0.4259,-0.745,0.7393,-0.0057,Tayshaun Prince
2420,2003-2005,3667.0,3653.0,-1.5803,0.2276,0.243,0.46,0.0153,0.242,-1.3527,0.703,0.2574,-1.3219,0.9296,-0.3924,Nenad Krstic
2421,2003-2005,1759.0,1761.0,-1.6269,-1.59,0.1694,-0.167,-0.0157,0.2879,-3.217,0.0024,0.2722,-1.4732,-1.4691,-2.9423,Frank Williams
2422,2003-2005,5906.0,5929.0,-1.581,-0.0742,-0.0524,0.0907,-0.1937,0.1931,-1.6552,0.0383,-0.0006,-1.8271,0.2096,-1.6174,John Salmons
2423,2003-2005,1707.0,1688.0,-4.4289,-1.7339,0.2433,-0.1735,-0.0215,-0.1819,-6.1629,0.0698,-0.2034,-4.2071,-2.0893,-6.2964,Chris Jefferies
2424,2003-2005,5423.0,5423.0,0.9943,-1.5681,0.0483,-0.1821,-0.0297,-1.7126,-0.5738,-0.1338,-1.7423,1.0129,-3.4628,-2.4499,Dan Dickau
2425,2003-2005,617.0,620.0,-6.6712,1.346,0.9036,0.4797,-0.2486,0.6482,-5.3252,1.3833,0.3996,-6.0162,2.4739,-3.5423,Robert Archibald
2427,2003-2005,827.0,835.0,-2.8862,-0.7915,-0.0637,0.7025,-0.2837,-0.0874,-3.6777,0.6388,-0.3711,-3.2336,-0.1764,-3.41,Roger Mason Jr.
2428,2003-2005,2642.0,2638.0,-2.9769,-0.3339,-0.0049,0.1443,0.4947,-0.6148,-3.3108,0.1394,-0.1201,-2.4871,-0.8044,-3.2915,Vincent Yarbrough
2429,2003-2005,7238.0,7223.0,-1.483,4.6716,-0.213,-0.9985,-0.0777,-0.7257,3.1886,-1.2115,-0.8034,-1.7737,2.9474,1.1736,Dan Gadzuric
2430,2003-2005,12413.0,12389.0,0.8525,1.0572,-0.5875,-0.7005,-0.0923,-1.4181,1.9098,-1.288,-1.5104,0.1727,-1.0613,-0.8886,Carlos Boozer
2432,2003-2005,68.0,68.0,-4.6528,-0.303,1.0004,0.5029,0.0194,-0.0792,-4.9558,1.5033,-0.0598,-3.633,0.1207,-3.5123,Tito Maddox
2435,2003-2005,717.0,713.0,-3.5154,2.1078,-0.8103,-0.7338,0.145,-0.4505,-1.4077,-1.5441,-0.3054,-4.1807,0.9235,-3.2573,Mario Kasun
2436,2003-2005,5626.0,5644.0,-0.255,-2.4865,-0.1458,-0.1434,-0.5174,-1.5176,-2.7416,-0.2891,-2.035,-0.9183,-4.1475,-5.0657,Flip Murray
2437,2003-2005,2853.0,2885.0,-3.5567,0.7659,-0.8636,-0.3941,-0.2711,0.1265,-2.7908,-1.2577,-0.1447,-4.6914,0.4982,-4.1932,Lonny Baxter
2440,2003-2005,2762.0,2769.0,-2.448,-0.0685,0.4408,0.1768,-0.0465,-1.0107,-2.5164,0.6176,-1.0573,-2.0537,-0.9024,-2.9561,Matt Barnes
2441,2003-2005,898.0,899.0,-2.9307,3.2888,-0.2811,-0.1434,-0.2902,-0.0252,0.3581,-0.4245,-0.3154,-3.502,3.1201,-0.3819,Jamal Sampson
2442,2003-2005,13.0,11.0,-6.3667,-1.4407,1.386,0.2419,0.0323,-0.0468,-7.8073,1.6279,-0.0145,-4.9484,-1.2455,-6.1939,Chris Owens
2443,2003-2005,5084.0,5105.0,-0.1781,0.6141,1.3684,0.3075,0.5698,0.0381,0.436,1.6759,0.6079,1.7601,0.9597,2.7198,Darius Songaila
2446,2003-2005,6365.0,6368.0,-1.9789,-1.4635,0.1439,0.178,-0.3138,1.4717,-3.4424,0.3218,1.1579,-2.1489,0.1862,-1.9627,Rasual Butler
2447,2003-2005,979.0,1004.0,-4.2416,-2.1585,0.3675,0.3935,0.1711,-0.4607,-6.4001,0.7611,-0.2896,-3.7029,-2.2257,-5.9286,Tamar Slay
2451,2003-2005,200.0,201.0,-5.2729,0.3399,0.3008,0.2156,-0.045,-0.134,-4.933,0.5164,-0.179,-5.0171,0.4215,-4.5956,Corsley Edwards
2452,2003-2005,3673.0,3659.0,1.1881,-1.8102,-0.0921,0.3162,-0.2436,-0.2332,-0.6221,0.2241,-0.4768,0.8523,-1.7271,-0.8748,J.R. Bremer
2453,2003-2005,509.0,512.0,-3.0324,-2.5741,0.4369,0.2162,-0.2496,0.4857,-5.6065,0.6531,0.2361,-2.8451,-1.8722,-4.7173,Predrag Savovic
2454,2003-2005,4770.0,4760.0,-4.9195,-0.5569,-0.4564,0.3128,-0.198,0.7433,-5.4763,-0.1436,0.5454,-5.5738,0.4992,-5.0746,Junior Harrington
2456,2003-2005,200.0,194.0,-9.8471,-0.3214,0.177,0.0521,-0.0989,-0.1007,-10.1685,0.2291,-0.1996,-9.769,-0.37,-10.139,Cezary Trybanski
2457,2003-2005,2533.0,2521.0,-1.6473,-2.6677,0.194,-0.0575,0.2095,-0.4567,-4.315,0.1365,-0.2472,-1.2437,-3.1819,-4.4256,Jannero Pargo
2462,2003-2005,9.0,8.0,-6.676,-0.4304,1.3323,0.9213,-0.0301,-0.0231,-7.1064,2.2536,-0.0532,-5.3738,0.4678,-4.9059,Guy Rucker
2466,2003-2005,208.0,207.0,-4.5734,-3.4318,0.0909,-0.3729,0.0132,0.1808,-8.0052,-0.282,0.194,-4.4692,-3.6239,-8.0931,Maurice Carter
2469,2003-2005,1545.0,1560.0,-5.4932,-1.4018,-0.4145,-0.4637,-0.5084,-0.0452,-6.8951,-0.8782,-0.5535,-6.4161,-1.9106,-8.3268,Pat Burke
2470,2003-2005,2515.0,2516.0,-1.3378,-2.2151,0.2814,0.0792,-0.2386,-1.2609,-3.5529,0.3607,-1.4995,-1.295,-3.3967,-4.6917,Smush Parker
2471,2003-2005,2391.0,2411.0,-1.449,-1.3114,0.1287,-0.1615,-0.4512,-0.5911,-2.7604,-0.0328,-1.0423,-1.7715,-2.0641,-3.8356,Mike Batiste
2484,2003-2005,3756.0,3759.0,-0.5326,-0.7531,0.1025,-0.0255,-0.1299,0.1097,-1.2857,0.077,-0.0201,-0.56,-0.6688,-1.2288,Devin Brown
2486,2003-2005,36.0,37.0,-5.8502,-2.3068,0.7607,0.922,-0.0046,0.1563,-8.1571,1.6826,0.1517,-5.0942,-1.2286,-6.3227,Maurice Baker
2492,2003-2005,212.0,212.0,-3.4613,-1.7644,0.5111,0.8899,0.0549,-0.5691,-5.2257,1.401,-0.5143,-2.8953,-1.4436,-4.339,Adam Harrington
2499,2003-2005,1898.0,1896.0,1.4813,-0.0606,0.079,-0.091,0.1554,-0.1047,1.4206,-0.012,0.0507,1.7157,-0.2563,1.4594,Richie Frahm
2501,2003-2005,8283.0,8269.0,-2.4782,2.4431,0.706,-0.8385,-0.1323,0.0103,-0.0351,-0.1326,-0.122,-1.9045,1.6149,-0.2896,Reggie Evans
2541,2003-2005,173.0,176.0,-7.8837,-3.4257,0.4092,0.4013,-0.1057,-0.166,-11.3094,0.8106,-0.2717,-7.5801,-3.1904,-10.7705,Antoine Rigaudeau
2544,2003-2005,12351.0,12335.0,3.8972,-0.4873,0.4658,0.2656,0.1955,0.2204,3.41,0.7314,0.4158,4.5585,-0.0013,4.5572,LeBron James
2545,2003-2005,779.0,782.0,-8.809,2.3304,0.4071,-0.6006,0.0817,0.3938,-6.4785,-0.1935,0.4755,-8.3201,2.1236,-6.1966,Darko Milicic
2546,2003-2005,11051.0,11039.0,1.0231,-2.6081,0.404,-0.0184,0.0884,0.3974,-1.585,0.3856,0.4858,1.5155,-2.2291,-0.7136,Carmelo Anthony
2547,2003-2005,10483.0,10445.0,-0.8392,1.198,-0.501,-0.1721,0.0244,0.1012,0.3589,-0.673,0.1256,-1.3157,1.1271,-0.1886,Chris Bosh
2548,2003-2005,9680.0,9653.0,2.3107,-0.9068,0.1499,0.1719,0.0146,0.1637,1.4038,0.3218,0.1783,2.4751,-0.5713,1.9038,Dwyane Wade
2549,2003-2005,6527.0,6526.0,-4.1231,0.2773,0.5027,-0.0451,0.2402,-1.071,-3.8458,0.4576,-0.8308,-3.3803,-0.8387,-4.219,Chris Kaman
2550,2003-2005,10583.0,10561.0,1.5222,-0.4092,-0.2259,0.0827,-0.1673,1.2981,1.1129,-0.1432,1.1308,1.129,0.9716,2.1006,Kirk Hinrich
2551,2003-2005,2848.0,2841.0,-0.9905,-0.9829,-0.3175,-0.3917,0.1346,1.8526,-1.9734,-0.7093,1.9872,-1.1734,0.4779,-0.6955,T.J. Ford
2552,2003-2005,3766.0,3768.0,-0.1686,0.3703,-0.7335,-0.3225,0.3398,-0.4578,0.2018,-1.0559,-0.118,-0.5622,-0.4099,-0.9721,Michael Sweetney
2553,2003-2005,7064.0,7059.0,-2.5371,-1.7919,0.4699,-0.2938,0.0616,0.2999,-4.329,0.1762,0.3615,-2.0055,-1.7858,-3.7913,Jarvis Hayes
2554,2003-2005,4079.0,4074.0,0.7002,-0.8384,-0.3357,0.0334,0.3058,0.7221,-0.1382,-0.3024,1.0279,0.6702,-0.0829,0.5873,Mickael Pietrus
2555,2003-2005,2584.0,2585.0,-1.2187,2.2134,-0.8994,-0.0484,-0.0715,0.6623,0.9947,-0.9478,0.5907,-2.1896,2.8272,0.6376,Nick Collison
2556,2003-2005,4995.0,4999.0,-1.7051,0.332,-0.0031,0.2019,0.1983,0.2163,-1.3732,0.1988,0.4146,-1.5099,0.7501,-0.7598,Marcus Banks
2557,2003-2005,6854.0,6835.0,1.0789,-0.6787,-0.1211,-0.3204,-0.3684,-1.4566,0.4003,-0.4415,-1.825,0.5895,-2.4557,-1.8663,Luke Ridnour
2558,2003-2005,1039.0,1048.0,-4.8087,-1.823,0.3146,0.3761,-0.2236,-0.2403,-6.6317,0.6906,-0.4639,-4.7177,-1.6873,-6.405,Reece Gaines
2559,2003-2005,76.0,79.0,-4.6494,-4.8482,0.3392,0.3276,0.0272,0.076,-9.4976,0.6668,0.1032,-4.2831,-4.4446,-8.7277,Troy Bell
2560,2003-2005,2057.0,2062.0,-1.6559,-1.592,0.255,-0.0538,-0.2101,-0.3337,-3.2479,0.2013,-0.5437,-1.611,-1.9794,-3.5904,Zarko Cabarkapa
2561,2003-2005,2749.0,2766.0,-1.6884,1.381,-0.2935,0.3114,-0.8614,-0.549,-0.3073,0.0179,-1.4104,-2.8433,1.1435,-1.6999,David West
2562,2003-2005,3740.0,3717.0,-3.2731,-0.895,0.8988,-0.0259,0.4297,-0.8927,-4.1681,0.8729,-0.463,-1.9446,-1.8136,-3.7582,Sasha Pavlovic
2563,2003-2005,1498.0,1533.0,-3.7768,-0.7395,-0.0901,0.28,0.2573,-0.3327,-4.5163,0.19,-0.0755,-3.6097,-0.7922,-4.4019,Dahntay Jones
2564,2003-2005,5981.0,5986.0,-2.7993,-0.3717,0.6491,0.223,-0.1614,0.2858,-3.171,0.8721,0.1244,-2.3115,0.1372,-2.1744,Boris Diaw
2565,2003-2005,1812.0,1809.0,-1.1029,-0.6581,0.2576,0.0275,-0.3453,-0.1163,-1.761,0.2852,-0.4617,-1.1906,-0.7469,-1.9375,Zoran Planinic
2566,2003-2005,1572.0,1570.0,-1.7708,1.2036,0.2997,-0.2127,0.052,-1.4613,-0.5672,0.087,-1.4094,-1.4191,-0.4704,-1.8895,Travis Outlaw
2567,2003-2005,2949.0,2954.0,-0.2222,0.8954,-0.202,0.0345,0.1925,-0.0865,0.6732,-0.1675,0.106,-0.2316,0.8434,0.6118,Brian Cook
2568,2003-2005,859.0,860.0,-2.5676,-0.2302,0.684,-0.0437,0.067,-0.6442,-2.7978,0.6403,-0.5772,-1.8166,-0.9181,-2.7347,Carlos Delfino
2569,2003-2005,163.0,164.0,-3.2182,-0.2891,0.071,0.1431,0.0852,-0.26,-3.5074,0.2141,-0.1747,-3.062,-0.4059,-3.468,Ndudi Ebi
2570,2003-2005,1116.0,1132.0,-4.1908,3.4115,0.0747,-0.6512,0.2903,-0.8912,-0.7793,-0.5765,-0.6009,-3.8257,1.869,-1.9567,Kendrick Perkins
2571,2003-2005,5151.0,5152.0,-0.3864,-0.7882,-0.0068,0.0759,0.1152,-1.279,-1.1746,0.0691,-1.1637,-0.278,-1.9913,-2.2693,Leandro Barbosa
2572,2003-2005,7876.0,7839.0,-0.0032,1.0001,0.3051,0.0815,0.5193,-0.3487,0.9968,0.3866,0.1706,0.8211,0.7329,1.554,Josh Howard
2573,2003-2005,1156.0,1167.0,-4.9974,-1.0702,-0.354,-0.2263,0.1789,-0.732,-6.0677,-0.5803,-0.5531,-5.1726,-2.0285,-7.2011,Maciej Lampe
2574,2003-2005,3776.0,3741.0,-1.7275,-1.8261,0.3433,-0.4423,-0.1511,0.5574,-3.5536,-0.099,0.4063,-1.5353,-1.711,-3.2463,Jason Kapono
2575,2003-2005,2857.0,2871.0,-0.0634,-0.0686,0.5282,0.2,-0.2837,0.1314,-0.132,0.7282,-0.1523,0.1811,0.2628,0.4439,Luke Walton
2580,2003-2005,1001.0,1008.0,-3.6461,-1.1795,0.8171,0.5976,0.2122,-0.1975,-4.8256,1.4147,0.0147,-2.6167,-0.7795,-3.3962,Travis Hansen
2581,2003-2005,3973.0,3982.0,-1.0138,-2.0638,-0.1497,0.299,-0.0383,-0.1404,-3.0776,0.1493,-0.1787,-1.2018,-1.9052,-3.1071,Steve Blake
2582,2003-2005,4.0,4.0,-7.8342,-2.2548,0.7745,-0.0497,0.0065,-0.0016,-10.089,0.7248,0.0049,-7.0532,-2.3061,-9.3593,Slavko Vranes
2584,2003-2005,3588.0,3569.0,-2.4379,-2.6717,0.3515,0.1304,-0.3547,0.1353,-5.1095,0.4818,-0.2194,-2.4411,-2.4059,-4.847,Willie Green
2585,2003-2005,3882.0,3908.0,-2.0357,1.3941,-0.3191,-0.0271,0.0017,-0.0022,-0.6416,-0.3462,-0.0005,-2.3531,1.3648,-0.9883,Zaza Pachulia
2586,2003-2005,6903.0,6908.0,-1.3308,-1.7295,0.6274,0.1932,0.4549,-1.2043,-3.0603,0.8206,-0.7494,-0.2485,-2.7407,-2.9892,Keith Bogans
2588,2003-2005,3012.0,3008.0,0.1123,0.3368,0.2507,0.331,0.1894,-1.1076,0.4491,0.5817,-0.9182,0.5524,-0.4398,0.1125,Matt Bonner
2590,2003-2005,5823.0,5817.0,-0.4897,-1.7979,0.1054,-0.1114,-0.1942,-0.4494,-2.2876,-0.006,-0.6436,-0.5784,-2.3587,-2.9372,Mo Williams
2592,2003-2005,2495.0,2512.0,-1.4272,0.253,0.6446,-0.1104,0.1306,0.5812,-1.1742,0.5342,0.7119,-0.6519,0.7238,0.0719,James Jones
2594,2003-2005,7041.0,6993.0,0.2267,0.5947,-0.4136,0.0665,-0.1144,0.0928,0.8215,-0.3471,-0.0215,-0.3012,0.7541,0.4529,Kyle Korver
2599,2003-2005,1259.0,1249.0,-2.7758,-0.4134,-0.1901,-0.4515,0.0084,-0.1019,-3.1893,-0.6416,-0.0935,-2.9575,-0.9669,-3.9244,Brandon Hunter
2602,2003-2005,11.0,11.0,-7.7237,-2.2615,0.4082,-0.5025,0.0002,0.0633,-9.9852,-0.0942,0.0635,-7.3153,-2.7007,-10.016,Jerome Beasley
2604,2003-2005,1325.0,1333.0,-5.2773,-1.1561,0.3578,0.0314,-0.056,-0.8198,-6.4334,0.3892,-0.8758,-4.9755,-1.9444,-6.92,Theron Smith
2605,2003-2005,4806.0,4838.0,0.8995,-0.4395,-0.3662,0.1518,-0.4066,-1.6119,0.46,-0.2144,-2.0185,0.1268,-1.8996,-1.7728,Marquis Daniels
2617,2003-2005,8401.0,8384.0,-0.5571,0.6163,0.2304,0.01,0.1443,0.2654,0.0593,0.2404,0.4097,-0.1824,0.8917,0.7094,Udonis Haslem
2624,2003-2005,3055.0,3071.0,-3.2452,-0.0073,0.5674,0.1158,0.0744,0.097,-3.2525,0.6832,0.1715,-2.6033,0.2055,-2.3978,Quinton Ross
2632,2003-2005,61.0,61.0,-7.0009,-4.0035,0.736,0.4152,-0.0103,0.1457,-11.0044,1.1512,0.1354,-6.2751,-3.4427,-9.7178,Kirk Penney
2639,2003-2005,686.0,695.0,-5.5476,-2.5546,1.0204,0.4205,-0.1339,-0.1338,-8.1022,1.4409,-0.2677,-4.661,-2.2679,-6.9289,Britton Johnsen
2648,2003-2005,2656.0,2643.0,-3.6753,0.1344,0.397,0.245,0.0696,-0.8565,-3.5408,0.642,-0.7869,-3.2087,-0.4771,-3.6858,Ronald Dupree
2657,2003-2005,41.0,40.0,-3.3302,-1.6918,0.4611,0.8049,0.0205,0.1298,-5.022,1.266,0.1504,-2.8486,-0.7571,-3.6057,Yuta Tabuse
2667,2003-2005,168.0,169.0,-4.6142,-0.3062,-0.0063,-0.5076,0.0833,0.1879,-4.9203,-0.5139,0.2712,-4.5371,-0.6259,-5.163,Desmond Penigar
2668,2003-2005,703.0,701.0,-1.032,-0.6016,0.0776,0.1743,-0.064,0.7749,-1.6336,0.2519,0.7109,-1.0184,0.3476,-0.6708,Josh Davis
2669,2003-2005,1479.0,1476.0,-4.3616,1.8974,-0.0998,-0.2281,-0.2869,0.0453,-2.4642,-0.3279,-0.2416,-4.7483,1.7146,-3.0336,Linton Johnson
2673,2003-2005,82.0,79.0,-5.7956,-1.3018,0.5419,0.3429,-0.074,0.2202,-7.0974,0.8848,0.1462,-5.3277,-0.7387,-6.0664,Hiram Fuller
2679,2003-2005,1008.0,1031.0,-1.0991,-1.5851,-0.5429,-0.676,-0.0183,0.2635,-2.6842,-1.2189,0.2452,-1.6603,-1.9976,-3.6579,Matt Carroll
2682,2003-2005,294.0,287.0,-2.3814,-2.4668,-0.0266,-0.0866,-0.0733,0.1697,-4.8482,-0.1132,0.0964,-2.4813,-2.3837,-4.865,Alex Garcia
2688,2003-2005,5.0,6.0,-4.2715,-2.5504,0.5872,0.2326,0.0159,-0.0859,-6.8218,0.8198,-0.0699,-3.6683,-2.4036,-6.072,Brandin Knight
2693,2003-2005,3304.0,3310.0,-1.4929,-0.7434,-0.1534,-0.1139,-0.1429,0.6246,-2.2363,-0.2673,0.4817,-1.7892,-0.2328,-2.0219,Keith McLeod
2724,2003-2005,51.0,52.0,-4.4393,-3.2113,-0.8322,-0.5289,0.0058,0.1964,-7.6505,-1.3611,0.2022,-5.2657,-3.5438,-8.8094,Desmond Ferguson
2730,2003-2005,5302.0,5300.0,-0.5797,2.496,-0.7309,-0.9144,-0.0706,-2.2645,1.9163,-1.6453,-2.3351,-1.3811,-0.6829,-2.064,Dwight Howard
2731,2003-2005,5002.0,5011.0,-1.6357,1.3616,-0.1712,-1.2613,0.2098,-0.4723,-0.2741,-1.4325,-0.2625,-1.597,-0.3721,-1.9691,Emeka Okafor
2732,2003-2005,3953.0,3939.0,0.2548,-3.253,0.8579,0.5119,0.3202,2.6494,-2.9981,1.3698,2.9696,1.4329,-0.0916,1.3412,Ben Gordon
2733,2003-2005,1571.0,1575.0,-2.5281,-0.7784,0.0217,0.0679,0.1011,0.1018,-3.3065,0.0896,0.2029,-2.4054,-0.6087,-3.0141,Shaun Livingston
2734,2003-2005,2369.0,2338.0,0.8779,0.7723,-0.2893,-0.0392,-0.2914,-0.4317,1.6502,-0.3285,-0.723,0.2973,0.3014,0.5986,Devin Harris
2735,2003-2005,4634.0,4633.0,0.5244,-0.2023,0.2763,0.3226,0.2043,-2.1255,0.3221,0.5989,-1.9211,1.005,-2.0052,-1.0001,Josh Childress
2736,2003-2005,3234.0,3244.0,-0.1862,-1.7432,0.2127,0.3118,0.3383,1.714,-1.9294,0.5246,2.0523,0.3648,0.2826,0.6475,Luol Deng
2737,2003-2005,1442.0,1437.0,-5.7437,0.5769,-0.4305,-0.6789,0.3736,0.105,-5.1668,-1.1095,0.4787,-5.8006,0.003,-5.7976,Rafael Araujo
2738,2003-2005,5353.0,5360.0,-0.4164,1.8472,0.1369,0.1795,0.164,0.0264,1.4308,0.3164,0.1904,-0.1155,2.0531,1.9376,Andre Iguodala
2739,2003-2005,90.0,90.0,-3.4598,-1.6372,-0.9207,0.339,-0.031,-0.2119,-5.0969,-0.5816,-0.2429,-4.4114,-1.51,-5.9214,Luke Jackson
2740,2003-2005,743.0,747.0,-1.7702,4.7674,0.1172,-0.1045,0.2619,-0.2316,2.9972,0.0127,0.0303,-1.3911,4.4312,3.0401,Andris Biedrins
2741,2003-2005,134.0,135.0,-6.7295,1.803,0.3689,-0.2188,-0.0236,-0.4325,-4.9265,0.1501,-0.4561,-6.3842,1.1517,-5.2325,Robert Swift
2742,2003-2005,2542.0,2523.0,-1.8012,-2.9329,-0.583,-0.4402,0.0928,-1.02,-4.7341,-1.0231,-0.9272,-2.2913,-4.3931,-6.6844,Sebastian Telfair
2743,2003-2005,1626.0,1616.0,-4.5136,-0.5056,-0.6459,-0.0953,-0.2557,0.0431,-5.0192,-0.7412,-0.2126,-5.4152,-0.5579,-5.973,Kris Humphries
2744,2003-2005,2044.0,2039.0,-1.2199,2.1581,-1.4542,-0.8377,0.3548,-0.7765,0.9382,-2.2919,-0.4217,-2.3192,0.5439,-1.7753,Al Jefferson
2745,2003-2005,1680.0,1664.0,-3.2577,-1.5537,-0.6377,0.2122,0.2191,-1.4349,-4.8114,-0.4255,-1.2158,-3.6763,-2.7764,-6.4527,Kirk Snyder
2746,2003-2005,3984.0,3975.0,-1.8529,2.1646,0.7008,-0.0289,0.1213,-1.0259,0.3118,0.6719,-0.9046,-1.0308,1.1098,0.079,Josh Smith
2747,2003-2005,3422.0,3419.0,0.3388,-3.3949,-0.0599,-0.241,-0.1674,-0.7827,-3.056,-0.3009,-0.9501,0.1116,-4.4186,-4.307,JR Smith
2748,2003-2005,58.0,55.0,-3.6648,-4.1244,0.3129,0.2999,-0.0227,0.0498,-7.7892,0.6128,0.0271,-3.3746,-3.7746,-7.1492,Dorell Wright
2749,2003-2005,3244.0,3238.0,0.4937,-1.1167,0.1922,-0.1815,-0.0198,-0.9487,-0.623,0.0107,-0.9686,0.6661,-2.2469,-1.5808,Jameer Nelson
2750,2003-2005,19.0,17.0,-6.4085,-2.0154,0.3437,-0.1702,-0.0245,0.0159,-8.4238,0.1735,-0.0086,-6.0893,-2.1696,-8.259,Pavel Podkolzin
2751,2003-2005,1005.0,1013.0,-4.9034,1.6981,0.5502,-0.1322,-0.1608,-0.4599,-3.2053,0.4181,-0.6206,-4.5139,1.106,-3.4079,Viktor Khryapa
2753,2003-2005,998.0,1002.0,-0.2423,0.5343,-0.4434,0.2257,-0.0624,0.2644,0.292,-0.2177,0.2019,-0.748,1.0244,0.2763,Delonte West
2754,2003-2005,2504.0,2498.0,-1.0996,1.1829,-0.0789,0.3155,0.3695,1.3247,0.0833,0.2366,1.6943,-0.809,2.8231,2.0141,Tony Allen
2755,2003-2005,892.0,889.0,-1.9502,-2.0308,0.437,0.2025,0.1041,0.0725,-3.981,0.6395,0.1766,-1.4091,-1.7558,-3.1649,Kevin Martin
2756,2003-2005,785.0,797.0,-0.1323,-0.8604,0.2353,0.0576,-0.0255,-0.2668,-0.9926,0.2929,-0.2924,0.0775,-1.0696,-0.9921,Sasha Vujacic
2757,2003-2005,2134.0,2152.0,0.9915,-1.1563,-0.2141,-0.2347,0.1857,0.3119,-0.1649,-0.4488,0.4976,0.9631,-1.0791,-0.116,Beno Udrih
2758,2003-2005,1381.0,1352.0,-3.7233,2.8554,-0.4875,-1.0524,0.0722,-0.319,-0.8679,-1.5399,-0.2467,-4.1386,1.484,-2.6545,David Harrison
2760,2003-2005,1611.0,1628.0,-0.0672,4.2403,0.3285,-0.1266,0.0446,-0.3401,4.1731,0.202,-0.2955,0.306,3.7736,4.0796,Anderson Varejao
2761,2003-2005,1354.0,1331.0,-4.6847,0.3454,0.6272,0.2814,0.0935,-0.1239,-4.3393,0.9086,-0.0303,-3.964,0.5029,-3.4611,Jackson Vroman
2762,2003-2005,44.0,44.0,-5.6962,-2.2239,-0.2755,-0.8573,-0.0525,0.1811,-7.92,-1.1328,0.1286,-6.0241,-2.9001,-8.9243,Peter Ramos
2763,2003-2005,785.0,780.0,-1.5968,-2.7144,0.1969,-0.1079,0.0122,0.0202,-4.3112,0.0889,0.0324,-1.3877,-2.8022,-4.1899,Lionel Chalmers
2764,2003-2005,875.0,868.0,-2.0957,-0.1616,0.7066,0.3699,0.0305,-0.5669,-2.2572,1.0765,-0.5363,-1.3586,-0.3585,-1.7171,Donta Smith
2765,2003-2005,48.0,49.0,-6.445,-2.594,-0.7251,-0.6388,-0.0513,0.0733,-9.039,-1.3639,0.022,-7.2213,-3.1595,-10.3809,Andre Emmett
2766,2003-2005,397.0,399.0,-0.7491,-0.2072,-0.4368,-0.0386,-0.0709,-0.4327,-0.9563,-0.4754,-0.5036,-1.2567,-0.6785,-1.9352,Antonio Burks
2767,2003-2005,1616.0,1604.0,-3.7487,0.3322,-0.3714,0.2504,0.0545,0.4843,-3.4166,-0.1209,0.5388,-4.0656,1.067,-2.9987,Royal Ivey
2768,2003-2005,4175.0,4165.0,0.009,-0.1315,-0.5501,0.336,0.433,1.5509,-0.1225,-0.2141,1.9839,-0.1081,1.7554,1.6473,Chris Duhon
2770,2003-2005,232.0,230.0,-0.3487,-0.9374,0.655,0.5335,0.1394,-0.3117,-1.2861,1.1885,-0.1722,0.4458,-0.7156,-0.2699,Justin Reed
2772,2003-2005,2638.0,2655.0,-1.586,0.6585,0.3394,0.3632,-0.0044,0.064,-0.9275,0.7026,0.0595,-1.2509,1.0856,-0.1653,Trevor Ariza
2774,2003-2005,667.0,667.0,-3.0132,-0.2101,0.708,0.283,-0.1369,-0.42,-3.2233,0.991,-0.5569,-2.4421,-0.3471,-2.7892,Bernard Robinson
2775,2003-2005,196.0,202.0,-7.4826,-0.4382,0.5282,0.0393,0.0074,0.0444,-7.9208,0.5675,0.0518,-6.947,-0.3544,-7.3014,Ha Seung-Jin
2776,2003-2005,488.0,487.0,-5.7452,1.3918,-0.1881,-0.4453,0.2089,-0.3151,-4.3534,-0.6334,-0.1062,-5.7245,0.6314,-5.0931,Pape Sow
2782,2003-2005,793.0,792.0,-3.7963,-2.1291,0.4095,-0.0221,-0.103,0.8019,-5.9253,0.3873,0.6989,-3.4898,-1.3493,-4.8391,Matt Freije
2784,2003-2005,146.0,145.0,-2.0885,-2.5429,0.0065,0.3522,0.045,0.1186,-4.6314,0.3588,0.1636,-2.037,-2.0721,-4.1091,Luis Flores
2788,2003-2005,112.0,110.0,-7.067,0.4962,0.1831,-0.452,-0.0874,-0.3115,-6.5708,-0.2689,-0.3989,-6.9713,-0.2674,-7.2386,DJ Mbenga
2798,2003-2005,202.0,198.0,-1.7882,-3.5931,0.3971,0.1587,-0.1069,0.4129,-5.3814,0.5558,0.306,-1.498,-3.0216,-4.5196,Horace Jenkins
2800,2003-2005,24.0,25.0,-4.9787,-2.2773,0.1841,-0.5332,0.0065,-0.0878,-7.256,-0.3491,-0.0813,-4.7881,-2.8983,-7.6864,Tony Bobbitt
2804,2003-2005,3700.0,3701.0,-3.1112,-0.7864,0.0235,-0.3115,0.1246,-0.427,-3.8976,-0.2881,-0.3024,-2.9632,-1.525,-4.4881,Andres Nocioni
2823,2003-2005,253.0,259.0,-6.1221,-0.8623,0.2577,-0.3668,-0.0379,-0.6631,-6.9843,-0.1091,-0.701,-5.9022,-1.8921,-7.7943,John Edwards
2825,2003-2005,20.0,21.0,-6.7733,-2.9791,0.4169,-0.1274,-0.0728,0.0364,-9.7524,0.2895,-0.0364,-6.4292,-3.0701,-9.4993,Ibrahim Kutluay
2839,2003-2005,218.0,215.0,-2.4183,1.382,0.154,0.4383,-0.0729,-0.5648,-1.0363,0.5923,-0.6377,-2.3372,1.2555,-1.0817,James Thomas
2845,2003-2005,145.0,151.0,-5.8162,-1.7607,0.4519,0.3871,-0.1817,0.1499,-7.5769,0.839,-0.0317,-5.5459,-1.2237,-6.7696,Erik Daniels
2852,2003-2005,56.0,57.0,-4.4261,-3.1754,0.3847,0.3655,-0.0406,0.0168,-7.6015,0.7502,-0.0238,-4.082,-2.7931,-6.8751,Awvee Storey
2857,2003-2005,920.0,931.0,-0.6891,-1.4332,0.3567,0.2512,0.022,-0.0584,-2.1224,0.6079,-0.0365,-0.3105,-1.2405,-1.5509,Andre Barrett
2863,2003-2005,954.0,949.0,0.5929,-0.4658,0.486,0.2844,-0.1024,-0.6855,0.1272,0.7704,-0.7879,0.9766,-0.8669,0.1096,Damien Wilkins
2866,2003-2005,11.0,10.0,-1.582,-2.4604,0.1657,-0.1265,0.0327,-0.0451,-4.0424,0.0393,-0.0124,-1.3836,-2.632,-4.0156,Jackie Butler
2873,2003-2005,676.0,678.0,-1.242,-1.2743,0.0181,-0.112,0.2209,-0.2038,-2.5163,-0.094,0.0171,-1.003,-1.5901,-2.5932,Billy Thomas
2876,2003-2005,273.0,275.0,-8.2906,1.7101,-1.1299,-0.2874,0.0784,-0.2482,-6.5806,-1.4173,-0.1698,-9.3422,1.1745,-8.1677,Jared Reiner
2891,2003-2005,227.0,231.0,-5.1271,-1.1163,1.3563,0.6885,0.0773,-0.1587,-6.2434,2.0448,-0.0814,-3.6934,-0.5865,-4.2799,Mark Jones
15,2006-2008,828.0,828.0,-2.7067,-1.8848,0.0278,0.2285,-0.1261,0.4131,-4.5915,0.2562,0.287,-2.805,-1.2432,-4.0482,Eric Piatkowski
56,2006-2008,7220.0,7230.0,-1.2483,-0.5935,0.185,0.0957,-0.0681,-0.2663,-1.8418,0.2808,-0.3344,-1.1314,-0.764,-1.8954,Gary Payton
57,2006-2008,501.0,494.0,-4.3637,-0.1768,0.1554,0.6723,-0.1256,-0.0506,-4.5405,0.8277,-0.1762,-4.3338,0.4449,-3.889,Doug Christie
87,2006-2008,5189.0,5251.0,-2.1748,4.4944,0.0712,-0.3099,0.0041,0.8334,2.3196,-0.2387,0.8375,-2.0994,5.0178,2.9184,Dikembe Mutombo
89,2006-2008,1800.0,1808.0,-1.134,-2.1041,-0.5178,-0.0536,-0.4572,0.4158,-3.2381,-0.5714,-0.0414,-2.109,-1.7419,-3.8509,Nick Van Exel
109,2006-2008,5412.0,5425.0,-1.2077,2.1654,-0.431,0.4466,-0.3902,1.1821,0.9577,0.0156,0.7919,-2.0288,3.794,1.7652,Robert Horry
133,2006-2008,5071.0,5072.0,-1.7401,-1.3668,-0.2059,0.5694,-0.0619,0.7216,-3.107,0.3635,0.6596,-2.008,-0.0759,-2.0839,David Wesley
136,2006-2008,7622.0,7598.0,-2.9168,0.1879,0.2699,0.3802,-0.0407,2.1254,-2.7289,0.65,2.0847,-2.6877,2.6935,0.0058,P.J. Brown
147,2006-2008,4273.0,4281.0,-0.2185,-2.0026,-0.0581,0.3111,-0.3392,-0.5707,-2.2211,0.253,-0.9099,-0.6159,-2.2621,-2.878,Jalen Rose
185,2006-2008,9230.0,9236.0,-0.313,0.8339,-0.6594,0.1387,-0.1749,-1.968,0.5209,-0.5207,-2.1429,-1.1473,-0.9954,-2.1427,Chris Webber
208,2006-2008,10279.0,10242.0,1.5746,-1.5594,0.0169,0.0044,-0.1863,0.7349,0.0151,0.0213,0.5486,1.4051,-0.8201,0.585,Sam Cassell
213,2006-2008,1744.0,1750.0,-4.0043,-0.6915,-0.4313,0.1124,0.0814,-0.1971,-4.6959,-0.319,-0.1157,-4.3543,-0.7762,-5.1305,Antonio Davis
224,2006-2008,9105.0,9097.0,0.4285,1.0643,-0.1539,0.0042,0.0588,1.0037,1.4928,-0.1496,1.0625,0.3334,2.0722,2.4056,Eddie Jones
239,2006-2008,1372.0,1379.0,-1.3373,-1.4616,-0.338,-0.0921,0.3889,0.3577,-2.7989,-0.43,0.7466,-1.2864,-1.1959,-2.4823,Darrick Martin
243,2006-2008,479.0,476.0,-3.8847,0.9039,0.6561,-0.1664,-0.1346,-0.1031,-2.9809,0.4897,-0.2378,-3.3633,0.6343,-2.729,Aaron McKie
255,2006-2008,9429.0,9431.0,0.6526,-0.1078,-0.0534,0.1406,-0.6952,0.741,0.5449,0.0872,0.0458,-0.096,0.7738,0.6778,Grant Hill
258,2006-2008,488.0,485.0,-5.3258,0.6551,0.6656,-0.1107,0.0994,-0.4144,-4.6707,0.5549,-0.315,-4.5608,0.1299,-4.4308,Brian Grant
278,2006-2008,713.0,711.0,-4.4756,-0.092,0.913,0.4009,0.1376,0.7824,-4.5675,1.3139,0.92,-3.425,1.0914,-2.3336,Stacey Augmon
283,2006-2008,2439.0,2445.0,-0.2835,-0.2224,-0.0782,0.0386,-0.3067,0.3419,-0.5059,-0.0397,0.0352,-0.6684,0.1581,-0.5104,Lindsey Hunter
297,2006-2008,6219.0,6228.0,-3.0977,3.6008,0.8351,0.0037,0.173,0.2391,0.5031,0.8387,0.4121,-2.0896,3.8435,1.7539,Alonzo Mourning
353,2006-2008,4815.0,4815.0,-0.0777,0.1223,-0.0762,0.3431,-0.1875,-0.8787,0.0446,0.2669,-1.0662,-0.3414,-0.4133,-0.7547,Darrell Armstrong
358,2006-2008,754.0,751.0,-3.1167,0.7465,0.4154,-0.0436,-0.1653,0.582,-2.3702,0.3718,0.4166,-2.8666,1.2848,-1.5817,Anfernee Hardaway
361,2006-2008,5399.0,5430.0,-3.5374,-0.2821,0.0685,-0.0225,-0.2705,0.752,-3.8195,0.0459,0.4815,-3.7394,0.4474,-3.292,Clifford Robinson
384,2006-2008,871.0,875.0,-4.597,-1.2466,0.3847,0.0641,-0.2927,-0.2229,-5.8436,0.4489,-0.5156,-4.505,-1.4054,-5.9104,Calbert Cheaney
389,2006-2008,1987.0,1984.0,-0.8922,0.0899,-0.0552,-0.0006,0.1385,-0.4324,-0.8023,-0.0558,-0.2939,-0.8089,-0.3431,-1.1519,Toni Kukoc
406,2006-2008,8836.0,8784.0,-0.0817,1.4958,0.4626,0.4809,0.495,0.4465,1.4141,0.9435,0.9415,0.8759,2.4232,3.2991,Shaquille O'Neal
436,2006-2008,9327.0,9363.0,-2.2055,-1.1822,-0.3709,-0.1751,-0.1583,-0.7617,-3.3877,-0.546,-0.92,-2.7347,-2.119,-4.8537,Juwan Howard
441,2006-2008,1084.0,1090.0,-1.9929,0.5414,-0.642,-0.3701,0.0166,-0.2111,-1.4515,-1.0121,-0.1945,-2.6183,-0.0397,-2.6581,Lamond Murray
448,2006-2008,1528.0,1532.0,-2.2714,1.2257,0.1303,0.5855,-0.0186,-0.5104,-1.0457,0.7158,-0.529,-2.1597,1.3008,-0.8589,Bo Outlaw
452,2006-2008,160.0,157.0,-4.0334,2.2005,0.7742,-0.3664,0.0355,0.0241,-1.8329,0.4078,0.0595,-3.2238,1.8582,-1.3656,Vin Baker
458,2006-2008,777.0,788.0,-1.983,-0.9464,-0.1471,0.1227,-0.1529,-0.3483,-2.9294,-0.0244,-0.5011,-2.2829,-1.172,-3.4549,Howard Eisley
467,2006-2008,16912.0,16904.0,3.1584,2.2604,-0.5423,-0.1204,0.1693,-0.5897,5.4189,-0.6626,-0.4204,2.7855,1.5504,4.3359,Jason Kidd
468,2006-2008,639.0,645.0,-2.435,-0.524,-0.6443,-0.2587,0.106,-0.7418,-2.959,-0.903,-0.6357,-2.9733,-1.5245,-4.4978,Jon Barry
673,2006-2008,1813.0,1824.0,-1.3213,0.7456,-0.1451,0.4845,0.0877,-0.483,-0.5757,0.3394,-0.3953,-1.3787,0.7471,-0.6316,Alan Henderson
677,2006-2008,914.0,910.0,-3.5578,-0.9525,0.1184,0.6105,0.0888,-0.0902,-4.5103,0.7288,-0.0014,-3.3506,-0.4322,-3.7828,Eric Williams
686,2006-2008,10452.0,10442.0,-0.8556,2.196,0.1169,-0.062,0.1744,0.1804,1.3404,0.0549,0.3549,-0.5643,2.3145,1.7502,Antonio McDyess
689,2006-2008,3261.0,3282.0,-3.7834,2.7417,0.2845,-0.3381,-0.306,0.9981,-1.0417,-0.0536,0.6922,-3.8049,3.4018,-0.4031,Theo Ratliff
693,2006-2008,7912.0,7907.0,-0.7253,0.0448,-0.3999,-0.0979,-0.2441,-0.0429,-0.6805,-0.4978,-0.287,-1.3694,-0.0959,-1.4653,Joe Smith
699,2006-2008,6550.0,6562.0,1.9825,0.2935,-0.0508,0.1171,0.2852,0.0246,2.276,0.0663,0.3098,2.217,0.4352,2.6522,Brent Barry
702,2006-2008,893.0,896.0,-1.7148,-1.1393,0.0544,0.2943,-0.1911,-0.0348,-2.8541,0.3487,-0.226,-1.8515,-0.8798,-2.7313,Voshon Lenard
703,2006-2008,8182.0,8192.0,-2.2057,3.0,-0.0698,0.2221,-0.093,1.1694,0.7943,0.1523,1.0764,-2.3685,4.3915,2.023,Kurt Thomas
708,2006-2008,15559.0,15520.0,4.1406,3.6724,0.2986,1.4906,0.0096,2.0796,7.813,1.7892,2.0893,4.4488,7.2426,11.6914,Kevin Garnett
711,2006-2008,8731.0,8771.0,0.5971,-2.5947,-0.1688,-0.0393,-0.474,0.4175,-1.9976,-0.2081,-0.0565,-0.0457,-2.2164,-2.2622,Jerry Stackhouse
714,2006-2008,11268.0,11301.0,-0.0316,-1.5336,-0.1422,0.0193,-0.1159,0.2577,-1.5653,-0.1228,0.1418,-0.2897,-1.2566,-1.5463,Michael Finley
722,2006-2008,3312.0,3320.0,-2.6431,-1.5204,-0.3137,-0.1347,0.1462,1.9449,-4.1634,-0.4484,2.0911,-2.8106,0.2899,-2.5207,Corliss Williamson
727,2006-2008,8571.0,8580.0,-3.4958,-0.1079,-0.4793,0.5859,-0.0606,1.099,-3.6037,0.1066,1.0384,-4.0357,1.5771,-2.4586,Eric Snow
731,2006-2008,1470.0,1460.0,-4.6266,3.3163,0.2431,-0.2836,-0.4023,-0.1901,-1.3103,-0.0405,-0.5924,-4.7858,2.8426,-1.9432,Greg Ostertag
739,2006-2008,13617.0,13619.0,0.5387,3.0845,0.0836,-0.3215,0.0774,1.202,3.6232,-0.2379,1.2794,0.6996,3.965,4.6647,Rasheed Wallace
754,2006-2008,1028.0,1026.0,-5.3504,-1.5474,0.1881,0.0781,-0.0257,0.5166,-6.8978,0.2663,0.4909,-5.188,-0.9526,-6.1406,Jim Jackson
757,2006-2008,6470.0,6471.0,-0.3328,-1.6284,-0.2399,-0.0447,-0.2382,0.0361,-1.9612,-0.2846,-0.2022,-0.8109,-1.6371,-2.448,Damon Stoudamire
788,2006-2008,77.0,74.0,-7.9192,-1.2914,1.5137,-0.2415,0.0967,-0.1211,-9.2107,1.2723,-0.0244,-6.3088,-1.654,-7.9628,Kevin Willis
905,2006-2008,1188.0,1200.0,-3.5657,2.6806,0.3782,0.1709,-0.1595,-0.1884,-0.8851,0.549,-0.3479,-3.347,2.6631,-0.684,Dale Davis
911,2006-2008,151.0,154.0,-6.8077,1.2303,-0.0911,-0.7431,0.0455,-0.4381,-5.5774,-0.8342,-0.3926,-6.8533,0.0491,-6.8042,Ervin Johnson
923,2006-2008,7321.0,7341.0,-0.055,0.8299,-0.034,-0.2257,-0.2426,-0.4549,0.7749,-0.2597,-0.6975,-0.3316,0.1493,-0.1823,Donyell Marshall
924,2006-2008,43.0,42.0,-7.8506,-2.7014,0.7683,0.235,-0.0006,0.0859,-10.552,1.0033,0.0853,-7.0829,-2.3805,-9.4634,Anthony Goldwire
935,2006-2008,6.0,6.0,-6.0789,-0.9312,0.1475,0.2779,-0.0056,0.0681,-7.01,0.4254,0.0624,-5.937,-0.5852,-6.5222,Bryon Russell
947,2006-2008,18838.0,18827.0,4.7132,-1.801,-0.9156,-0.1527,0.1614,0.5893,2.9122,-1.0683,0.7507,3.959,-1.3644,2.5946,Allen Iverson
948,2006-2008,14383.0,14383.0,-1.2662,6.7337,-0.3922,-0.9162,-0.0789,-0.6034,5.4675,-1.3084,-0.6823,-1.7373,5.214,3.4768,Marcus Camby
949,2006-2008,7805.0,7829.0,-0.6379,-0.0508,-0.1375,0.1343,-0.0651,-0.0699,-0.6888,-0.0032,-0.135,-0.8406,0.0136,-0.827,Shareef Abdur-Rahim
950,2006-2008,10949.0,10963.0,1.0701,-1.903,0.0739,-0.5211,0.304,0.5512,-0.8329,-0.4472,0.8552,1.448,-1.8729,-0.425,Stephon Marbury
951,2006-2008,15017.0,15002.0,4.4151,-1.8583,0.591,0.0092,0.4174,-0.692,2.5568,0.6002,-0.2746,5.4235,-2.5411,2.8824,Ray Allen
952,2006-2008,9397.0,9424.0,-0.8955,-1.3313,0.0683,0.2614,-0.0035,1.0027,-2.2268,0.3297,0.9992,-0.8307,-0.0672,-0.8979,Antoine Walker
953,2006-2008,5180.0,5187.0,-4.0486,1.3846,-0.2531,0.6098,0.0086,1.1166,-2.664,0.3567,1.1253,-4.293,3.111,-1.182,Lorenzen Wright
955,2006-2008,42.0,45.0,-8.7331,-1.102,0.9858,0.2006,-0.0462,0.0406,-9.8351,1.1864,-0.0056,-7.7935,-0.8608,-8.6543,Samaki Walker
956,2006-2008,10312.0,10266.0,-1.9085,2.2793,-0.2575,0.4535,-0.1821,1.07,0.3708,0.196,0.8879,-2.3481,3.8028,1.4547,Erick Dampier
958,2006-2008,670.0,674.0,-4.6676,-1.5239,0.0484,0.4875,0.0095,-0.4399,-6.1915,0.5359,-0.4304,-4.6097,-1.4762,-6.086,Vitaly Potapenko
959,2006-2008,16599.0,16624.0,5.4684,-1.2121,1.4615,-0.1121,0.9367,-0.4953,4.2563,1.3494,0.4414,7.8666,-1.8195,6.0471,Steve Nash
960,2006-2008,720.0,719.0,0.4431,-1.1869,0.2803,0.1615,-0.0754,-0.7764,-0.7438,0.4418,-0.8518,0.648,-1.8017,-1.1537,Tony Delk
962,2006-2008,683.0,689.0,-4.1926,-0.3238,0.2701,0.2817,-0.0259,0.6786,-4.5164,0.5518,0.6527,-3.9484,0.6365,-3.3119,Walter McCarty
965,2006-2008,14019.0,13994.0,0.5503,-0.922,-0.0744,-0.29,-0.289,1.6417,-0.3717,-0.3644,1.3527,0.1869,0.4297,0.6166,Derek Fisher
970,2006-2008,2321.0,2344.0,-4.2515,-1.7223,-0.2875,0.3013,0.063,1.3616,-5.9739,0.0138,1.4246,-4.476,-0.0595,-4.5355,Othella Harrington
976,2006-2008,4929.0,4931.0,-3.5575,-1.7515,-0.0493,-0.2182,0.0283,-1.5762,-5.309,-0.2676,-1.5479,-3.5786,-3.546,-7.1245,Jeff McInnis
977,2006-2008,18941.0,18922.0,6.7166,-0.9157,1.1221,0.014,0.4914,-0.0631,5.801,1.1362,0.4283,8.3302,-0.9647,7.3655,Kobe Bryant
978,2006-2008,10922.0,10913.0,1.8731,-1.4891,0.6658,0.0133,0.5996,0.3805,0.3841,0.6792,0.9801,3.1386,-1.0953,2.0433,Peja Stojakovic
979,2006-2008,10472.0,10444.0,-1.5935,1.4387,-0.57,0.7591,-0.1749,0.9889,-0.1548,0.1891,0.814,-2.3383,3.1867,0.8483,Jermaine O'Neal
980,2006-2008,12240.0,12194.0,0.2394,0.8458,-0.938,0.3738,-0.0618,1.4978,1.0852,-0.5642,1.436,-0.7604,2.7174,1.957,Zydrunas Ilgauskas
983,2006-2008,773.0,769.0,-2.4754,-0.2027,0.2255,0.2218,-0.1111,-0.4843,-2.678,0.4473,-0.5954,-2.361,-0.4652,-2.8262,Moochie Norris
988,2006-2008,91.0,95.0,-6.5185,-1.5167,0.4258,1.2725,-0.0518,-0.2809,-8.0353,1.6983,-0.3327,-6.1445,-0.5251,-6.6696,Randy Livingston
990,2006-2008,4618.0,4632.0,-4.1716,-0.0762,1.3413,0.0209,0.3094,-0.9101,-4.2477,1.3622,-0.6006,-2.5209,-0.9653,-3.4862,Malik Rose
1000,2006-2008,1199.0,1205.0,-4.6078,-0.3765,0.3015,0.2874,0.3764,0.1126,-4.9844,0.5889,0.489,-3.9299,0.0234,-3.9065,Shandon Anderson
1088,2006-2008,8030.0,8004.0,1.5273,-1.9458,-0.8306,-0.5729,0.2219,-0.7502,-0.4185,-1.4035,-0.5282,0.9187,-3.2689,-2.3502,Chucky Atkins
1112,2006-2008,14624.0,14662.0,-1.2749,4.9533,-0.8175,0.1769,-0.3422,-0.3414,3.6784,-0.6406,-0.6837,-2.4347,4.7889,2.3542,Ben Wallace
1425,2006-2008,2745.0,2760.0,-3.4536,1.5814,-0.5641,0.3472,0.0082,-0.9955,-1.8723,-0.2169,-0.9872,-4.0095,0.9331,-3.0765,Aaron Williams
1442,2006-2008,803.0,814.0,-3.9927,0.5514,-0.7464,0.076,-0.3008,-0.6824,-3.4414,-0.6704,-0.9832,-5.04,-0.055,-5.095,Zeljko Rebraca
1477,2006-2008,14126.0,14120.0,-2.8193,-0.0368,0.6827,0.3846,0.2902,2.2731,-2.8562,1.0673,2.5633,-1.8464,2.6209,0.7744,Bruce Bowen
1495,2006-2008,14963.0,14957.0,2.142,3.2827,0.3564,1.4058,0.1323,0.4408,5.4247,1.7622,0.5731,2.6307,5.1293,7.76,Tim Duncan
1496,2006-2008,2067.0,2072.0,-0.7366,-1.1599,-0.1767,-0.2032,-0.014,-0.3852,-1.8965,-0.3799,-0.3992,-0.9273,-1.7483,-2.6755,Keith Van Horn
1497,2006-2008,14506.0,14513.0,6.5057,-0.3095,-0.3776,-0.5658,0.2387,0.0774,6.1962,-0.9434,0.3162,6.3668,-0.7978,5.569,Chauncey Billups
1498,2006-2008,11900.0,11901.0,0.9082,-0.5421,0.8302,-0.4219,0.1067,-0.4947,0.3661,0.4082,-0.388,1.8451,-1.4587,0.3863,Antonio Daniels
1499,2006-2008,6885.0,6888.0,-3.2012,0.7684,-0.2467,0.1213,-0.2763,-0.1798,-2.4328,-0.1254,-0.4561,-3.7242,0.7099,-3.0143,Tony Battie
1501,2006-2008,9021.0,9007.0,-0.4553,-0.2708,0.0936,0.1209,-0.0886,0.3502,-0.7262,0.2146,0.2616,-0.4503,0.2002,-0.25,Tim Thomas
1502,2006-2008,5946.0,5977.0,-4.3665,2.8942,-0.9769,-0.2447,-0.1964,0.3369,-1.4723,-1.2215,0.1405,-5.5398,2.9864,-2.5534,Adonal Foyle
1503,2006-2008,12711.0,12720.0,3.2551,-1.0071,0.5945,0.276,0.3169,0.2481,2.248,0.8704,0.565,4.1665,-0.483,3.6834,Tracy McGrady
1504,2006-2008,805.0,805.0,-4.4712,-0.6005,-0.2608,-1.176,0.2965,0.3687,-5.0718,-1.4368,0.6652,-4.4355,-1.4079,-5.8434,Danny Fortson
1506,2006-2008,4503.0,4523.0,0.0356,0.293,-0.1551,-0.3305,-0.1521,1.0699,0.3286,-0.4857,0.9178,-0.2716,1.0324,0.7607,Austin Croshere
1507,2006-2008,4949.0,4994.0,0.0314,-0.494,-0.3791,0.296,0.0982,-0.099,-0.4626,-0.0831,-0.0008,-0.2495,-0.2971,-0.5466,Derek Anderson
1508,2006-2008,2486.0,2497.0,-4.9517,-1.5395,0.4102,0.4108,0.0801,0.5782,-6.4912,0.8211,0.6584,-4.4613,-0.5504,-5.0117,Maurice Taylor
1509,2006-2008,811.0,809.0,-4.8953,1.1744,-0.5904,-0.392,-0.2503,0.4595,-3.7209,-0.9823,0.2092,-5.736,1.242,-4.494,Kelvin Cato
1510,2006-2008,10318.0,10287.0,0.5628,1.3503,-2.0503,-0.4266,-0.4216,-0.1691,1.9131,-2.4768,-0.5906,-1.909,0.7546,-1.1544,Brevin Knight
1513,2006-2008,1942.0,1949.0,-2.8559,2.6535,0.2582,0.1147,0.4033,-0.1289,-0.2024,0.3728,0.2744,-2.1944,2.6393,0.4449,Scot Pollard
1515,2006-2008,9691.0,9696.0,0.9209,-0.229,0.1537,-0.0487,0.6545,0.2912,0.6918,0.105,0.9456,1.729,0.0134,1.7424,Anthony Parker
1517,2006-2008,8363.0,8363.0,0.847,-1.0991,-0.2414,0.3131,0.156,2.2272,-0.2521,0.0718,2.3832,0.7617,1.4412,2.2029,Bobby Jackson
1519,2006-2008,228.0,233.0,-6.0589,-0.9101,0.4204,0.2483,0.0381,-0.1444,-6.9689,0.6686,-0.1064,-5.6005,-0.8062,-6.4067,John Thomas
1520,2006-2008,380.0,378.0,-2.0658,-0.6466,-0.3088,0.5222,-0.0865,0.1379,-2.7124,0.2134,0.0513,-2.4611,0.0134,-2.4477,Charles Smith
1521,2006-2008,5847.0,5869.0,-2.7695,-0.9617,-0.1358,-0.0421,-0.1335,1.6844,-3.7312,-0.1779,1.5509,-3.0388,0.6806,-2.3582,Jacque Vaughn
1531,2006-2008,3840.0,3839.0,-2.4957,-2.1493,-0.1989,0.1768,0.1307,-0.7787,-4.645,-0.0221,-0.648,-2.5639,-2.7512,-5.3152,Marc Jackson
1533,2006-2008,9139.0,9158.0,-0.8538,-0.7913,-0.1763,-0.2927,-0.1846,0.3144,-1.6451,-0.469,0.1298,-1.2147,-0.7696,-1.9843,Anthony Johnson
1536,2006-2008,16385.0,16361.0,0.6128,-1.6362,0.2678,-0.0308,0.2406,1.8173,-1.0234,0.2369,2.0578,1.1211,0.1502,1.2713,Stephen Jackson
1541,2006-2008,43.0,44.0,-6.7069,-2.0097,0.735,0.1987,-0.0332,-0.1161,-8.7166,0.9337,-0.1493,-6.0051,-1.9271,-7.9322,Alvin Williams
1548,2006-2008,12028.0,12016.0,-2.8234,-0.7916,-0.6198,-0.148,-0.4154,0.0606,-3.615,-0.7679,-0.3548,-3.8587,-0.879,-4.7377,Mark Blount
1559,2006-2008,4018.0,4009.0,-1.879,1.1194,0.7257,0.3878,0.2597,0.0581,-0.7596,1.1135,0.3178,-0.8936,1.5653,0.6716,Adrian Griffin
1563,2006-2008,4334.0,4350.0,-3.0488,-0.484,-0.1192,-0.0925,-0.0417,-0.5876,-3.5328,-0.2117,-0.6293,-3.2098,-1.1641,-4.3739,Kevin Ollie
1594,2006-2008,451.0,460.0,-3.8139,-0.7611,-0.0707,0.2265,-0.0026,-0.3178,-4.575,0.1557,-0.3203,-3.8872,-0.8524,-4.7396,Rick Brunson
1607,2006-2008,2746.0,2732.0,-1.1462,-2.9451,-0.2434,-0.5325,0.0142,0.1334,-4.0913,-0.7759,0.1475,-1.3754,-3.3443,-4.7197,Troy Hudson
1630,2006-2008,9733.0,9717.0,-1.8954,0.2142,0.8832,0.2451,0.623,-0.9298,-1.6813,1.1283,-0.3068,-0.3893,-0.4705,-0.8598,Mikki Moore
1709,2006-2008,2066.0,2094.0,-6.0727,1.5972,-0.5497,-0.4355,-0.3014,0.8643,-4.4754,-0.9853,0.5629,-6.9239,2.0261,-4.8978,Michael Olowokandi
1710,2006-2008,14879.0,14872.0,2.1169,-2.0395,-0.7697,-0.2547,0.0613,0.4917,0.0773,-1.0244,0.553,1.4085,-1.8025,-0.394,Mike Bibby
1711,2006-2008,5123.0,5126.0,-2.4271,1.2422,0.6612,-0.3895,0.1156,-0.7034,-1.1849,0.2717,-0.5878,-1.6503,0.1493,-1.501,Raef LaFrentz
1712,2006-2008,17453.0,17445.0,2.1747,0.1707,0.7533,-0.6181,0.3037,-0.3948,2.3454,0.1353,-0.0911,3.2317,-0.8422,2.3895,Antawn Jamison
1713,2006-2008,17205.0,17157.0,3.8309,-1.1265,0.1397,-0.0023,0.0435,1.7155,2.7044,0.1373,1.759,4.0141,0.5867,4.6008,Vince Carter
1715,2006-2008,10738.0,10747.0,1.5685,-0.8875,-1.5826,-0.397,-0.3609,-0.483,0.6811,-1.9796,-0.8439,-0.375,-1.7675,-2.1425,Jason Williams
1716,2006-2008,11318.0,11294.0,-1.1248,-0.8463,-0.0088,-0.0317,0.3484,-0.9805,-1.9712,-0.0405,-0.6321,-0.7852,-1.8586,-2.6438,Larry Hughes
1717,2006-2008,16186.0,16165.0,5.5738,0.864,0.973,0.463,0.2953,-0.1795,6.4379,1.4361,0.1158,6.8422,1.1476,7.9898,Dirk Nowitzki
1718,2006-2008,14812.0,14782.0,4.2685,-0.5422,0.6069,0.1265,0.196,0.9263,3.7263,0.7334,1.1223,5.0714,0.5106,5.582,Paul Pierce
1719,2006-2008,7283.0,7294.0,-0.8547,1.0277,-0.0556,-0.0946,-0.0331,-0.4368,0.1731,-0.1502,-0.4699,-0.9434,0.4963,-0.4471,Bonzi Wells
1720,2006-2008,2514.0,2529.0,-3.6985,0.9667,0.3753,0.4737,-0.3104,-0.2905,-2.7318,0.849,-0.6008,-3.6336,1.1499,-2.4837,Michael Doleac
1723,2006-2008,10064.0,10073.0,0.1007,-1.0971,0.0748,-0.382,0.0204,-0.3816,-0.9964,-0.3073,-0.3612,0.1958,-1.8607,-1.6649,Matt Harpring
1725,2006-2008,8703.0,8733.0,-2.2507,1.3943,-0.0837,0.6412,-0.1719,1.9587,-0.8564,0.5575,1.7867,-2.5064,3.9942,1.4878,Rasho Nesterovic
1727,2006-2008,2804.0,2826.0,-3.1361,-1.7637,0.2459,0.4963,-0.1418,0.1623,-4.8998,0.7421,0.0205,-3.032,-1.1051,-4.1372,Pat Garrity
1729,2006-2008,17601.0,17585.0,0.3878,-1.5471,0.0787,0.1101,-0.6777,0.1575,-1.1593,0.1888,-0.5202,-0.2111,-1.2795,-1.4906,Ricky Davis
1730,2006-2008,6425.0,6441.0,-4.5944,2.4506,-0.1097,-0.2272,-0.0425,-1.2444,-2.1438,-0.3368,-1.2869,-4.7466,0.979,-3.7676,Brian Skinner
1731,2006-2008,6513.0,6523.0,0.5102,-2.5108,-0.1244,-0.3697,0.0535,-0.6436,-2.0006,-0.4941,-0.59,0.4394,-3.524,-3.0846,Tyronn Lue
1733,2006-2008,14857.0,14817.0,0.3998,-0.8888,-0.2188,-0.0579,-0.2793,-0.6983,-0.4891,-0.2767,-0.9776,-0.0983,-1.6451,-1.7434,Al Harrington
1737,2006-2008,7137.0,7131.0,-1.4357,1.4042,-1.1655,-0.6678,-0.347,-1.0025,-0.0315,-1.8333,-1.3495,-2.9482,-0.2661,-3.2142,Nazr Mohammed
1739,2006-2008,8826.0,8892.0,0.779,-0.5915,0.316,0.0663,0.0005,-0.4431,0.1875,0.3823,-0.4426,1.0955,-0.9683,0.1273,Ruben Patterson
1740,2006-2008,16062.0,16043.0,3.1553,-0.3747,-0.3098,0.1723,0.6834,-0.3793,2.7807,-0.1376,0.3042,3.5289,-0.5817,2.9472,Rashard Lewis
1741,2006-2008,67.0,67.0,-6.1445,2.9605,0.5791,-0.4753,-0.0068,-0.1456,-3.184,0.1038,-0.1524,-5.5722,2.3396,-3.2326,Jelani McCoy
1742,2006-2008,656.0,662.0,-1.0629,-0.8626,0.5102,0.0821,-0.1542,-0.0398,-1.9255,0.5923,-0.194,-0.7069,-0.8204,-1.5272,Shammond Williams
1744,2006-2008,1290.0,1303.0,-7.6394,-0.2391,-0.5505,-0.5098,-0.3321,0.1331,-7.8785,-1.0603,-0.1991,-8.5221,-0.6159,-9.1379,Jerome James
1747,2006-2008,15161.0,15148.0,0.376,-0.4308,-0.4028,0.0623,0.2262,0.7089,-0.0548,-0.3404,0.9351,0.1995,0.3404,0.5398,Rafer Alston
1749,2006-2008,16343.0,16368.0,-0.7435,-0.976,0.0925,0.0515,-0.1263,0.2329,-1.7195,0.144,0.1066,-0.7772,-0.6916,-1.4688,Cuttino Mobley
1752,2006-2008,642.0,649.0,-1.6171,2.0698,-0.0555,-0.3461,-0.1751,-0.6163,0.4527,-0.4016,-0.7914,-1.8477,1.1074,-0.7403,Sean Marks
1761,2006-2008,7098.0,7141.0,-1.662,0.6268,0.6767,-0.1865,-0.0191,-0.8241,-1.0352,0.4902,-0.8432,-1.0043,-0.3838,-1.3881,Greg Buckner
1763,2006-2008,2391.0,2414.0,-3.8029,0.3662,0.3824,1.3354,0.0569,0.4437,-3.4367,1.7178,0.5006,-3.3635,2.1453,-1.2183,Ryan Bowen
1766,2006-2008,1014.0,1026.0,-1.5573,1.4936,-0.9126,-0.0578,0.047,-0.4622,-0.0637,-0.9704,-0.4152,-2.4229,0.9736,-1.4493,Maceo Baston
1800,2006-2008,8786.0,8787.0,-0.5519,-2.1447,0.974,-0.1712,0.1901,-1.1637,-2.6966,0.8027,-0.9737,0.6122,-3.4797,-2.8675,Damon Jones
1802,2006-2008,14133.0,14136.0,0.1892,1.2483,0.0141,0.2812,0.4884,1.0727,1.4374,0.2953,1.5611,0.6917,2.6021,3.2938,Brad Miller
1853,2006-2008,5261.0,5273.0,-0.6644,1.1351,-0.1238,-0.1108,0.1103,-1.4844,0.4708,-0.2346,-1.3741,-0.6779,-0.46,-1.1379,Anthony Carter
1863,2006-2008,8215.0,8243.0,1.5082,-2.6464,-1.4801,-0.6607,-0.346,-1.213,-1.1383,-2.1409,-1.559,-0.318,-4.5202,-4.8382,Earl Boykins
1882,2006-2008,12434.0,12414.0,2.6467,1.8846,0.1906,0.1126,0.2551,-0.4885,4.5313,0.3032,-0.2334,3.0924,1.5086,4.6011,Elton Brand
1883,2006-2008,7207.0,7186.0,0.1649,-1.101,0.2985,-0.0274,-0.1628,0.1377,-0.9362,0.2712,-0.0251,0.3006,-0.9907,-0.6901,Steve Francis
1884,2006-2008,15093.0,15086.0,3.7965,0.2567,0.4767,0.1917,0.345,0.2482,4.0532,0.6684,0.5932,4.6182,0.6966,5.3148,Baron Davis
1885,2006-2008,16347.0,16317.0,0.852,1.4104,-0.3933,0.3514,-0.1631,1.4632,2.2624,-0.0419,1.3001,0.2955,3.225,3.5205,Lamar Odom
1886,2006-2008,38.0,42.0,-3.7564,0.0255,-0.02,0.3061,0.0091,-0.143,-3.7309,0.286,-0.1339,-3.7673,0.1886,-3.5788,Jonathan Bender
1887,2006-2008,10235.0,10229.0,1.2845,-2.275,0.6265,0.3299,-0.0128,-0.0322,-0.9905,0.9564,-0.045,1.8981,-1.9772,-0.0791,Wally Szczerbiak
1888,2006-2008,14589.0,14573.0,1.8611,-2.4115,0.0431,0.101,-0.0257,1.1904,-0.5504,0.1441,1.1646,1.8785,-1.1201,0.7583,Richard Hamilton
1889,2006-2008,17204.0,17149.0,1.4226,-0.7004,0.3263,-0.3381,0.5266,-0.5649,0.7222,-0.0118,-0.0383,2.2755,-1.6034,0.6722,Andre Miller
1890,2006-2008,17291.0,17271.0,3.3245,4.0244,-1.3124,-0.5902,-0.4751,-0.0488,7.3489,-1.9026,-0.5239,1.537,3.3854,4.9224,Shawn Marion
1891,2006-2008,15289.0,15200.0,2.8949,-1.0169,0.4134,-0.3224,0.3932,0.7144,1.8781,0.091,1.1076,3.7015,-0.6249,3.0766,Jason Terry
1894,2006-2008,11192.0,11158.0,2.6683,-1.1497,-0.366,-0.2462,-0.17,1.1223,1.5186,-0.6122,0.9523,2.1322,-0.2736,1.8587,Corey Maggette
1897,2006-2008,13700.0,13742.0,1.9285,0.8661,0.2984,0.6009,0.5013,1.6083,2.7946,0.8993,2.1096,2.7283,3.0753,5.8036,Metta World Peace
1899,2006-2008,10769.0,10772.0,-0.5053,1.6481,0.4227,-0.2759,-0.0458,-0.2112,1.1428,0.1468,-0.257,-0.1284,1.161,1.0326,James Posey
1902,2006-2008,10015.0,10042.0,-0.1741,2.4467,0.711,-0.0557,0.1351,0.0512,2.2727,0.6552,0.1862,0.672,2.4421,3.1141,Jeff Foster
1903,2006-2008,7728.0,7745.0,-1.8536,0.8086,-0.8839,-0.187,-0.9211,0.1113,-1.0451,-1.0709,-0.8098,-3.6587,0.7329,-2.9258,Kenny Thomas
1904,2006-2008,6869.0,6877.0,-2.3063,0.6229,0.0858,-0.0636,-0.2509,0.695,-1.6834,0.0222,0.4441,-2.4714,1.2543,-1.2171,Devean George
1905,2006-2008,13098.0,13086.0,0.4051,2.9976,0.5067,0.01,0.0281,0.0336,3.4027,0.5167,0.0616,0.9399,3.0411,3.981,Andrei Kirilenko
1908,2006-2008,4360.0,4373.0,-0.8195,-0.4828,0.3517,-0.3993,-0.134,-0.3006,-1.3022,-0.0476,-0.4347,-0.6018,-1.1827,-1.7845,Jumaine Jones
1909,2006-2008,1781.0,1784.0,-1.2641,0.8338,-0.0261,-0.0869,-0.192,0.2072,-0.4303,-0.1131,0.0152,-1.4823,0.9541,-0.5282,Scott Padgett
1913,2006-2008,3690.0,3731.0,-3.6504,2.0753,0.4545,1.1422,-0.1822,-1.144,-1.5752,1.5967,-1.3262,-3.3782,2.0734,-1.3047,Michael Ruffin
1916,2006-2008,1648.0,1640.0,-5.5176,2.8267,0.3226,0.095,-0.017,0.3855,-2.691,0.4175,0.3685,-5.2121,3.3072,-1.9049,Calvin Booth
1919,2006-2008,537.0,537.0,-1.6431,-0.1044,0.5766,-0.0597,-0.2577,0.6594,-1.7474,0.5169,0.4017,-1.3242,0.4954,-0.8288,Laron Profit
1921,2006-2008,5657.0,5666.0,-2.0987,-2.2785,0.8263,0.535,0.3121,1.7762,-4.3772,1.3613,2.0883,-0.9603,0.0327,-0.9275,Gordan Giricek
1922,2006-2008,7093.0,7107.0,-3.9763,1.6656,0.4629,0.2704,-0.1911,1.522,-2.3106,0.7334,1.3309,-3.7044,3.4581,-0.2463,Francisco Elson
1924,2006-2008,469.0,460.0,-1.6282,-0.9559,0.3013,0.4297,0.1149,-0.1864,-2.5841,0.7309,-0.0716,-1.2121,-0.7126,-1.9247,Lee Nailon
1938,2006-2008,11714.0,11713.0,5.7621,0.9541,0.2527,0.5156,0.0242,0.9055,6.7161,0.7683,0.9296,6.0389,2.3752,8.4141,Manu Ginobili
1952,2006-2008,17083.0,17083.0,-0.2312,-1.2862,-0.4857,0.3034,-0.0725,1.5573,-1.5173,-0.1823,1.4848,-0.7894,0.5745,-0.2149,Raja Bell
1956,2006-2008,2292.0,2304.0,-3.1359,-0.2453,0.024,0.1085,-0.0843,-0.3139,-3.3812,0.1325,-0.3982,-3.1962,-0.4506,-3.6469,Ira Newble
1960,2006-2008,2574.0,2570.0,-3.0471,-0.9001,0.2075,-0.0604,-0.3197,0.0642,-3.9472,0.1471,-0.2554,-3.1593,-0.8963,-4.0556,Milt Palacio
1983,2006-2008,411.0,409.0,-3.0248,-0.5284,0.4698,0.4139,-0.1051,-0.7506,-3.5533,0.8838,-0.8557,-2.6601,-0.8651,-3.5252,Jermaine Jackson
1985,2006-2008,89.0,93.0,-2.053,0.1552,-0.0746,-0.6743,0.0014,-0.2744,-1.8979,-0.7489,-0.2729,-2.1262,-0.7936,-2.9197,Zendon Hamilton
2030,2006-2008,7601.0,7589.0,-0.9316,1.8745,-0.3378,-0.0779,0.0915,0.814,0.9429,-0.4157,0.9055,-1.1778,2.6106,1.4328,Kenyon Martin
2031,2006-2008,6164.0,6161.0,-2.5669,1.0568,-1.3441,-0.5213,-0.1722,-0.3208,-1.5101,-1.8653,-0.493,-4.0832,0.2147,-3.8685,Stromile Swift
2032,2006-2008,2370.0,2377.0,-3.6354,-0.2278,-0.4746,0.0333,0.0909,0.3577,-3.8632,-0.4413,0.4487,-4.0191,0.1633,-3.8558,Darius Miles
2033,2006-2008,72.0,73.0,-4.8183,-1.5804,0.2014,-0.3013,-0.0177,-0.2192,-6.3987,-0.0999,-0.2369,-4.6346,-2.1009,-6.7354,Marcus Fizer
2034,2006-2008,14428.0,14422.0,1.575,-0.6826,-0.2563,0.1405,0.1405,-0.8058,0.8923,-0.1157,-0.6653,1.4592,-1.3479,0.1113,Mike Miller
2035,2006-2008,2750.0,2744.0,-1.5909,-0.7343,0.0605,0.072,-0.684,0.7787,-2.3252,0.1325,0.0948,-2.2143,0.1164,-2.098,DerMarr Johnson
2036,2006-2008,3516.0,3497.0,-2.59,0.4853,-0.1119,0.6068,0.0949,-0.6266,-2.1047,0.4949,-0.5317,-2.607,0.4654,-2.1416,Chris Mihm
2037,2006-2008,15301.0,15277.0,1.4283,-2.3705,-0.1214,-0.459,0.1179,-0.3127,-0.9421,-0.5804,-0.1948,1.4249,-3.1421,-1.7172,Jamal Crawford
2038,2006-2008,6995.0,7005.0,-3.8897,3.7056,0.4729,0.024,0.1115,0.8536,-0.184,0.497,0.9651,-3.3052,4.5832,1.278,Joel Przybilla
2039,2006-2008,7410.0,7427.0,-0.8067,-1.4161,0.8614,0.0357,0.2918,1.4217,-2.2228,0.8971,1.7135,0.3465,0.0412,0.3878,Keyon Dooling
2041,2006-2008,4571.0,4564.0,-2.6182,2.5803,-0.9537,-0.7882,-0.2271,-0.5406,-0.0379,-1.7419,-0.7677,-3.799,1.2515,-2.5475,Etan Thomas
2043,2006-2008,451.0,446.0,-2.605,-1.6591,-0.4547,0.3592,-0.0596,-0.1954,-4.264,-0.0956,-0.255,-3.1192,-1.4953,-4.6145,Mateen Cleaves
2045,2006-2008,14997.0,14973.0,1.3847,-1.0209,0.353,0.1842,0.4188,0.8898,0.3638,0.5372,1.3086,2.1565,0.0531,2.2096,Hedo Turkoglu
2046,2006-2008,12204.0,12199.0,-3.1734,-1.9911,-0.2862,-0.0857,-0.3969,-0.062,-5.1644,-0.3718,-0.4589,-3.8564,-2.1388,-5.9952,Desmond Mason
2047,2006-2008,9362.0,9360.0,-1.5248,-0.4914,0.4607,-0.0259,-0.1507,0.9898,-2.0162,0.4347,0.8391,-1.2148,0.4725,-0.7423,Quentin Richardson
2048,2006-2008,8243.0,8277.0,-4.5032,1.012,0.1925,-0.4045,-0.1625,0.1757,-3.4912,-0.212,0.0132,-4.4731,0.7832,-3.6899,Jamaal Magloire
2049,2006-2008,5791.0,5775.0,-0.9037,0.0386,-0.579,0.0145,0.0192,0.8629,-0.8651,-0.5645,0.8821,-1.4635,0.916,-0.5475,Speedy Claxton
2050,2006-2008,12379.0,12358.0,0.618,-0.5475,-0.2884,-0.2578,-0.1569,-0.695,0.0705,-0.5462,-0.8519,0.1727,-1.5003,-1.3277,Morris Peterson
2052,2006-2008,14545.0,14545.0,-0.9046,-1.6105,0.335,-0.0187,0.5882,-1.6251,-2.5151,0.3163,-1.0369,0.0186,-3.2543,-3.2357,DeShawn Stevenson
2054,2006-2008,2036.0,2019.0,-1.9922,1.6463,-0.8704,0.003,0.3972,0.5984,-0.3459,-0.8674,0.9956,-2.4653,2.2477,-0.2177,Jake Tsakalidis
2056,2006-2008,6643.0,6617.0,-2.2615,-1.5243,-0.9113,-0.1182,0.0554,-0.7394,-3.7858,-1.0294,-0.6841,-3.1174,-2.3819,-5.4993,Primoz Brezec
2058,2006-2008,2440.0,2438.0,-6.1205,0.9139,-0.0821,0.3415,0.1295,1.2702,-5.2067,0.2594,1.3997,-6.0732,2.5256,-3.5475,Mark Madsen
2059,2006-2008,9729.0,9749.0,-1.0534,1.2826,0.5139,0.4609,0.1024,1.0758,0.2292,0.9749,1.1782,-0.437,2.8193,2.3822,Eduardo Najera
2060,2006-2008,11026.0,11038.0,-1.2538,0.6137,0.2577,-0.0369,0.0844,0.0242,-0.6401,0.2208,0.1086,-0.9117,0.601,-0.3107,Marko Jaric
2063,2006-2008,4405.0,4425.0,-3.8549,1.1186,0.0085,-0.1393,0.1483,-0.3133,-2.7363,-0.1308,-0.165,-3.6981,0.6661,-3.032,Jake Voskuhl
2067,2006-2008,7545.0,7537.0,0.9311,-1.3733,-1.4388,0.2229,-0.211,0.9207,-0.4422,-1.2159,0.7098,-0.7187,-0.2297,-0.9484,Eddie House
2072,2006-2008,15233.0,15242.0,4.2197,-2.4046,0.5866,-0.0127,0.2081,-0.1164,1.8151,0.5739,0.0917,5.0144,-2.5338,2.4807,Michael Redd
2073,2006-2008,2246.0,2236.0,-1.1541,0.5247,-0.4675,0.2975,0.0986,0.6173,-0.6294,-0.1699,0.7159,-1.523,1.4396,-0.0834,Brian Cardinal
2078,2006-2008,4361.0,4362.0,-2.4706,0.0456,-0.1318,0.0435,0.0416,0.0048,-2.425,-0.0883,0.0464,-2.5608,0.0939,-2.4669,Jason Hart
2079,2006-2008,23.0,21.0,-4.3767,1.2873,0.5675,0.5957,0.0017,-0.0587,-3.0894,1.1633,-0.057,-3.8075,1.8243,-1.9831,Kaniel Dickens
2098,2006-2008,169.0,164.0,-3.0557,-1.8919,-0.5063,-0.0951,0.0289,-0.1173,-4.9476,-0.6013,-0.0884,-3.533,-2.1042,-5.6373,Slava Medvedenko
2109,2006-2008,550.0,550.0,-1.6613,0.9666,-0.9817,0.1663,-0.0942,0.4254,-0.6946,-0.8154,0.3312,-2.7372,1.5583,-1.1789,Eddie Gill
2124,2006-2008,4673.0,4706.0,-3.737,-0.4938,0.7902,0.4465,0.1319,1.0501,-4.2308,1.2368,1.182,-2.8149,1.0028,-1.8121,Malik Allen
2137,2006-2008,6623.0,6625.0,-0.8501,0.3495,0.5598,-0.0532,0.2856,0.884,-0.5007,0.5067,1.1696,-0.0047,1.1803,1.1756,Ime Udoka
2198,2006-2008,7327.0,7349.0,-2.638,1.0527,-0.3137,0.2184,-0.0591,0.3759,-1.5853,-0.0953,0.3168,-3.0108,1.6469,-1.3639,Kwame Brown
2199,2006-2008,14091.0,14031.0,-1.0002,2.6859,1.1017,0.1866,0.469,0.5369,1.6857,1.2883,1.0059,0.5705,3.4094,3.9799,Tyson Chandler
2200,2006-2008,14555.0,14547.0,2.1204,1.1853,0.2496,0.544,0.562,-0.4151,3.3057,0.7936,0.1468,2.932,1.3143,4.2462,Pau Gasol
2201,2006-2008,11723.0,11677.0,-0.8217,-1.9063,-1.773,-0.9555,-0.3261,-0.4928,-2.728,-2.7286,-0.8189,-2.9208,-3.3546,-6.2755,Eddy Curry
2202,2006-2008,15207.0,15168.0,2.2517,-0.651,-0.4783,0.4011,-0.0704,-0.0982,1.6007,-0.0771,-0.1686,1.7029,-0.348,1.3549,Jason Richardson
2203,2006-2008,16297.0,16291.0,-0.5347,0.8836,0.2386,0.6455,0.179,2.2567,0.3489,0.8841,2.4357,-0.1171,3.7858,3.6687,Shane Battier
2204,2006-2008,2667.0,2676.0,-5.0639,4.0279,-0.1338,-0.3482,-0.1047,-1.233,-1.0361,-0.482,-1.3378,-5.3024,2.4466,-2.8558,Eddie Griffin
2205,2006-2008,7971.0,7987.0,-4.2033,4.3747,1.1715,-0.1794,0.051,0.7588,0.1714,0.9921,0.8098,-2.9807,4.9541,1.9733,DeSagana Diop
2207,2006-2008,17069.0,17046.0,2.4063,-2.2371,0.0655,0.1208,-0.371,0.6469,0.1692,0.1863,0.2758,2.1008,-1.4694,0.6314,Joe Johnson
2209,2006-2008,8782.0,8745.0,-0.358,-0.1283,0.6466,0.0393,0.3146,-0.5886,-0.4863,0.686,-0.274,0.6032,-0.6775,-0.0743,Vladimir Radmanovic
2210,2006-2008,15702.0,15692.0,2.1012,-1.5383,-0.5864,0.099,-0.2649,-0.6726,0.5629,-0.4874,-0.9376,1.2498,-2.1119,-0.8621,Richard Jefferson
2211,2006-2008,12858.0,12822.0,0.4588,0.8828,-0.7786,-0.3717,-0.2073,-2.3406,1.3416,-1.1503,-2.5478,-0.5271,-1.8294,-2.3565,Troy Murphy
2212,2006-2008,5792.0,5841.0,-2.9547,0.7538,-1.219,0.0712,-0.2334,-0.2031,-2.2009,-1.1478,-0.4365,-4.407,0.6218,-3.7852,Steven Hunter
2214,2006-2008,698.0,691.0,-4.0662,0.2044,0.7736,0.006,-0.283,0.0057,-3.8618,0.7797,-0.2772,-3.5756,0.2162,-3.3594,Michael Bradley
2215,2006-2008,9253.0,9267.0,-6.2295,0.6333,0.5979,1.1443,0.0185,1.925,-5.5962,1.7422,1.9434,-5.6131,3.7025,-1.9106,Jason Collins
2216,2006-2008,13282.0,13277.0,0.9631,-1.2389,0.5994,-0.1762,-0.1882,-0.7604,-0.2759,0.4232,-0.9486,1.3743,-2.1756,-0.8013,Zach Randolph
2217,2006-2008,11095.0,11114.0,-1.4147,1.2726,-0.7931,0.7284,-0.5376,1.5447,-0.1421,-0.0646,1.0071,-2.7453,3.5457,0.8004,Brendan Haywood
2222,2006-2008,13359.0,13360.0,2.1442,2.7639,-0.4723,0.1932,-0.0114,-0.6949,4.9081,-0.279,-0.7063,1.6606,2.2622,3.9227,Gerald Wallace
2223,2006-2008,13226.0,13138.0,-2.3652,3.0421,0.149,-1.0632,0.2583,0.2744,0.6769,-0.9142,0.5327,-1.9579,2.2533,0.2955,Samuel Dalembert
2224,2006-2008,9134.0,9118.0,-0.0919,-0.5734,-0.4539,-0.0947,-0.2125,0.203,-0.6654,-0.5486,-0.0096,-0.7584,-0.4651,-1.2235,Jamaal Tinsley
2225,2006-2008,14015.0,14024.0,2.8653,-1.5632,-0.2564,0.2643,-0.005,0.8144,1.3021,0.0079,0.8094,2.6039,-0.4845,2.1194,Tony Parker
2229,2006-2008,10918.0,10893.0,1.3041,-2.0592,-0.6246,-0.0494,0.0705,-0.4569,-0.7551,-0.6739,-0.3864,0.75,-2.5655,-1.8154,Mike James
2230,2006-2008,8797.0,8811.0,0.1957,-1.2431,0.2662,0.1322,0.1526,-0.6346,-1.0474,0.3984,-0.4821,0.6145,-1.7455,-1.131,Maurice Evans
2239,2006-2008,10371.0,10361.0,-3.1341,-1.7225,0.6773,-0.0324,0.2747,-0.6651,-4.8567,0.6449,-0.3904,-2.1821,-2.4201,-4.6022,Trenton Hassell
2240,2006-2008,13383.0,13346.0,5.7241,-1.3126,-0.2777,-0.0628,-0.5441,-0.3868,4.4115,-0.3406,-0.9309,4.9023,-1.7623,3.14,Gilbert Arenas
2242,2006-2008,355.0,363.0,-6.3229,0.6611,-0.0458,-0.4725,0.1282,-0.0609,-5.6618,-0.5184,0.0673,-6.2405,0.1277,-6.1129,Terence Morris
2243,2006-2008,4756.0,4781.0,-4.2938,-0.6828,0.5804,0.7946,-0.039,0.8217,-4.9766,1.375,0.7827,-3.7524,0.9335,-2.8189,Brian Scalabrine
2246,2006-2008,15172.0,15132.0,1.6682,-0.083,-0.3069,0.0089,0.1981,-0.3925,1.5851,-0.298,-0.1944,1.5594,-0.4666,1.0928,Mehmet Okur
2248,2006-2008,11885.0,11900.0,0.5184,-0.6553,-0.0657,-0.1844,-0.0097,0.443,-0.1369,-0.2501,0.4333,0.4429,-0.3967,0.0462,Earl Watson
2250,2006-2008,7767.0,7753.0,-0.543,-0.8083,0.432,0.3821,-0.3203,0.4978,-1.3513,0.8141,0.1775,-0.4314,0.0717,-0.3597,Bobby Simmons
2254,2006-2008,651.0,651.0,-3.8839,2.974,0.0136,-0.3482,0.2671,-0.3308,-0.9099,-0.3345,-0.0637,-3.6032,2.2951,-1.3082,Loren Woods
2260,2006-2008,6273.0,6272.0,-3.1068,-0.1462,0.427,1.0862,-0.2133,2.4167,-3.253,1.5131,2.2033,-2.8932,3.3566,0.4634,Jarron Collins
2294,2006-2008,11118.0,11170.0,0.3016,-0.8546,-0.0216,-0.0404,-0.0702,-0.6151,-0.5529,-0.062,-0.6853,0.2099,-1.5101,-1.3002,Charlie Bell
2306,2006-2008,7063.0,7109.0,0.0453,-1.309,0.5245,-0.0446,0.3762,-0.0214,-1.2637,0.4799,0.3548,0.946,-1.3749,-0.4289,Carlos Arroyo
2365,2006-2008,1127.0,1135.0,-3.6424,2.8719,0.0222,-0.8517,0.0442,0.0373,-0.7705,-0.8295,0.0815,-3.576,2.0575,-1.5184,Chris Andersen
2366,2006-2008,2053.0,2059.0,-2.2647,-0.8188,0.2891,0.137,0.1832,0.1939,-3.0836,0.4261,0.3771,-1.7925,-0.4879,-2.2804,Mike Wilks
2397,2006-2008,10578.0,10544.0,2.6912,0.9845,-1.1763,1.985,-0.277,1.2927,3.6756,0.8087,1.0157,1.2379,4.2621,5.5,Yao
2399,2006-2008,16319.0,16299.0,0.7368,-0.4469,-0.261,0.2164,0.2272,0.408,0.2899,-0.0446,0.6351,0.703,0.1775,0.8805,Mike Dunleavy
2400,2006-2008,12280.0,12259.0,-0.5001,0.7095,-0.7027,-0.7393,-0.0937,0.098,0.2094,-1.442,0.0043,-1.2965,0.0683,-1.2282,Drew Gooden
2401,2006-2008,202.0,205.0,-4.5882,-1.4302,-0.0521,-0.8407,-0.106,-0.1126,-6.0184,-0.8928,-0.2186,-4.7463,-2.3835,-7.1298,Nikoloz Tskitishvili
2402,2006-2008,14.0,14.0,-6.3312,-2.5027,0.5932,0.7909,0.0297,-0.0228,-8.8339,1.3841,0.0069,-5.7083,-1.7346,-7.443,Dajuan Wagner
2403,2006-2008,4005.0,3985.0,-0.1804,1.7191,-0.0735,-0.3206,-0.478,1.8927,1.5387,-0.3942,1.4147,-0.732,3.2912,2.5592,Nene
2404,2006-2008,11482.0,11456.0,-0.0918,0.8038,-0.1591,-0.5413,0.3269,1.1144,0.7121,-0.7004,1.4413,0.076,1.377,1.453,Chris Wilcox
2405,2006-2008,10865.0,10812.0,4.1725,2.178,-0.5679,-1.2432,-0.0319,-0.7869,6.3505,-1.8111,-0.8188,3.5728,0.1479,3.7206,Amar'e Stoudemire
2406,2006-2008,14556.0,14559.0,2.1058,0.3686,0.4074,0.1306,-0.2815,-0.0072,2.4745,0.5379,-0.2887,2.2316,0.492,2.7237,Caron Butler
2407,2006-2008,8777.0,8726.0,-3.0315,0.0584,0.9994,0.5132,0.4049,0.6542,-2.9731,1.5126,1.0591,-1.6272,1.2258,-0.4014,Jared Jeffries
2408,2006-2008,4352.0,4367.0,-3.371,-0.1765,-0.0799,0.1217,0.1131,1.0894,-3.5474,0.0418,1.2025,-3.3378,1.0347,-2.3032,Melvin Ely
2410,2006-2008,9470.0,9469.0,-1.3849,-0.8819,-0.2536,-0.03,-0.6145,0.1331,-2.2668,-0.2836,-0.4814,-2.2529,-0.7788,-3.0317,Fred Jones
2411,2006-2008,7178.0,7185.0,-0.299,-0.4722,-1.5425,-0.2292,-0.6001,-1.0521,-0.7713,-1.7716,-1.6523,-2.4416,-1.7535,-4.1952,Bostjan Nachbar
2412,2006-2008,1730.0,1735.0,-2.2647,-0.5597,0.2785,-0.0058,-0.4202,-0.4126,-2.8244,0.2727,-0.8328,-2.4064,-0.978,-3.3845,Jiri Welsch
2413,2006-2008,8530.0,8532.0,-0.7857,-1.8388,0.7138,0.0604,0.0876,0.0986,-2.6245,0.7741,0.1862,0.0157,-1.6798,-1.6641,Juan Dixon
2416,2006-2008,5292.0,5303.0,-1.9473,-1.6418,-0.0687,-0.2806,0.2668,0.1226,-3.5892,-0.3493,0.3894,-1.7492,-1.7999,-3.5491,Kareem Rush
2417,2006-2008,1944.0,1926.0,-1.6756,0.4473,-0.0336,-0.0534,0.0483,-0.4786,-1.2283,-0.087,-0.4304,-1.6609,-0.0847,-1.7457,Qyntel Woods
2418,2006-2008,1133.0,1140.0,-3.6704,-1.8867,0.4029,0.4007,0.1565,0.566,-5.5571,0.8037,0.7225,-3.1109,-0.92,-4.031,Casey Jacobsen
2419,2006-2008,15595.0,15627.0,0.7058,-1.1005,0.4956,0.5754,0.1109,1.6307,-0.3947,1.071,1.7416,1.3123,1.1056,2.4179,Tayshaun Prince
2420,2006-2008,7810.0,7750.0,-1.995,-0.6241,-0.4875,0.3172,0.0492,2.0401,-2.6191,-0.1703,2.0893,-2.4333,1.7332,-0.7001,Nenad Krstic
2422,2006-2008,13207.0,13266.0,-0.8208,-0.3085,-0.0715,0.1243,-0.3399,-2.0023,-1.1293,0.0528,-2.3422,-1.2322,-2.1865,-3.4187,John Salmons
2424,2006-2008,3274.0,3274.0,-0.0701,-0.7134,-0.6853,0.0576,0.3739,-0.605,-0.7834,-0.6277,-0.2311,-0.3815,-1.2607,-1.6423,Dan Dickau
2427,2006-2008,4227.0,4205.0,-0.1274,-1.5354,-0.177,0.4516,0.1297,-0.467,-1.6628,0.2746,-0.3373,-0.1747,-1.5508,-1.7255,Roger Mason Jr.
2429,2006-2008,4349.0,4350.0,-2.9171,1.582,-0.1964,-0.3666,-0.0068,-0.12,-1.3351,-0.563,-0.1269,-3.1203,1.0953,-2.025,Dan Gadzuric
2430,2006-2008,12531.0,12518.0,3.0386,1.3681,0.48,-0.8054,0.2182,-1.2229,4.4067,-0.3255,-1.0047,3.7367,-0.6602,3.0765,Carlos Boozer
2434,2006-2008,4281.0,4288.0,0.2539,-2.5543,-0.7587,0.0001,0.2562,-0.9799,-2.3004,-0.7586,-0.7237,-0.2486,-3.5341,-3.7827,Juan Navarro
2435,2006-2008,401.0,399.0,-4.5975,-0.5235,-1.0596,-1.2517,0.1323,-0.2127,-5.1209,-2.3113,-0.0804,-5.5247,-1.9879,-7.5127,Mario Kasun
2436,2006-2008,8521.0,8499.0,-1.3707,-1.9624,-0.0124,-0.4824,0.032,0.1805,-3.3331,-0.4948,0.2125,-1.3511,-2.2643,-3.6154,Flip Murray
2437,2006-2008,762.0,769.0,-2.8753,0.4654,-0.2866,-0.5682,0.1267,-0.0678,-2.41,-0.8548,0.0588,-3.0353,-0.1706,-3.2059,Lonny Baxter
2440,2006-2008,8048.0,8037.0,-0.3515,0.6329,0.546,0.0908,0.213,-1.0613,0.2815,0.6369,-0.8483,0.4076,-0.3375,0.0701,Matt Barnes
2441,2006-2008,337.0,327.0,-2.6431,3.8919,-0.2844,-0.3683,-0.0688,-0.2339,1.2488,-0.6527,-0.3027,-2.9964,3.2897,0.2933,Jamal Sampson
2443,2006-2008,6881.0,6880.0,-1.8241,-0.5022,0.7864,0.0915,0.1065,1.6022,-2.3263,0.8779,1.7087,-0.9311,1.1915,0.2603,Darius Songaila
2446,2006-2008,9331.0,9340.0,-2.1623,-1.0696,-0.092,-0.0108,0.2712,1.364,-3.2319,-0.1028,1.6352,-1.9831,0.2836,-1.6995,Rasual Butler
2449,2006-2008,3828.0,3840.0,0.0895,0.587,-0.1971,-0.1818,-0.1982,0.2246,0.6765,-0.3789,0.0264,-0.3058,0.6298,0.324,Luis Scola
2450,2006-2008,20.0,21.0,-6.3417,-1.8122,0.4606,0.4767,0.0247,-0.0442,-8.1539,0.9373,-0.0194,-5.8563,-1.3796,-7.2359,Randy Holcomb
2454,2006-2008,1091.0,1090.0,-3.0952,-0.3424,-0.2437,0.4266,0.1439,0.3363,-3.4376,0.1829,0.4802,-3.195,0.4206,-2.7744,Junior Harrington
2457,2006-2008,7296.0,7335.0,-0.928,-2.1994,-0.3411,-0.0514,-0.1229,1.9601,-3.1274,-0.3924,1.8372,-1.392,-0.2907,-1.6826,Jannero Pargo
2469,2006-2008,1030.0,1026.0,-3.97,-0.3957,-0.0723,-0.004,-0.0942,-0.4031,-4.3657,-0.0764,-0.4972,-4.1365,-0.8028,-4.9392,Pat Burke
2470,2006-2008,11432.0,11396.0,-0.4078,-0.1783,-0.3646,-0.0323,-0.2771,-1.7457,-0.5862,-0.3969,-2.0229,-1.0495,-1.9564,-3.0059,Smush Parker
2484,2006-2008,9640.0,9692.0,-0.835,-1.2757,0.2011,0.204,-0.5101,-0.2743,-2.1107,0.4051,-0.7844,-1.144,-1.346,-2.49,Devin Brown
2499,2006-2008,972.0,974.0,-2.0668,-2.0288,0.1535,0.4437,-0.0572,0.3465,-4.0956,0.5972,0.2893,-1.9705,-1.2386,-3.2091,Richie Frahm
2501,2006-2008,8373.0,8405.0,-1.8792,2.092,0.3545,-0.4683,-0.1516,0.1638,0.2127,-0.1138,0.0122,-1.6763,1.7874,0.1111,Reggie Evans
2544,2006-2008,18159.0,18120.0,6.3503,0.6002,0.5441,0.4964,0.2099,0.1175,6.9505,1.0404,0.3274,7.1043,1.2141,8.3184,LeBron James
2545,2006-2008,8307.0,8333.0,-4.3153,2.0751,0.4743,-0.1683,0.088,-0.2095,-2.2402,0.306,-0.1215,-3.753,1.6973,-2.0557,Darko Milicic
2546,2006-2008,16725.0,16671.0,3.5657,-2.0082,0.1822,-0.1928,-0.1755,-0.5333,1.5576,-0.0106,-0.7088,3.5725,-2.7344,0.8381,Carmelo Anthony
2547,2006-2008,14844.0,14827.0,3.47,0.4816,-0.1459,0.3838,0.5516,0.5226,3.9515,0.2379,1.0742,3.8756,1.388,5.2637,Chris Bosh
2548,2006-2008,13072.0,13029.0,5.3955,0.0811,1.0597,0.1007,0.2997,-0.4345,5.4766,1.1604,-0.1348,6.755,-0.2528,6.5022,Dwyane Wade
2549,2006-2008,12856.0,12811.0,-2.271,2.28,0.0751,0.1511,-0.3486,0.1075,0.009,0.2263,-0.2412,-2.5445,2.5386,-0.0059,Chris Kaman
2550,2006-2008,15848.0,15837.0,1.1137,-0.606,-0.5226,-0.1248,-0.148,1.022,0.5077,-0.6474,0.874,0.4431,0.2912,0.7343,Kirk Hinrich
2551,2006-2008,11550.0,11571.0,1.1094,-0.8316,-0.3339,-0.3005,-0.493,0.7262,0.2778,-0.6344,0.2331,0.2825,-0.4059,-0.1234,T.J. Ford
2552,2006-2008,3092.0,3080.0,-3.4741,0.3849,-0.2846,-0.0074,-0.1844,1.4306,-3.0892,-0.292,1.2462,-3.9431,1.8081,-2.135,Michael Sweetney
2553,2006-2008,6631.0,6651.0,-1.0006,-0.7845,0.8961,-0.2222,0.048,-0.7871,-1.7851,0.6739,-0.7392,-0.0566,-1.7938,-1.8504,Jarvis Hayes
2554,2006-2008,9095.0,9074.0,-1.1223,0.0697,-0.9379,-0.3018,-0.3645,-0.8464,-1.0526,-1.2397,-1.2109,-2.4247,-1.0785,-3.5032,Mickael Pietrus
2555,2006-2008,11711.0,11668.0,-1.3439,0.8765,0.7876,0.1791,0.2432,0.1599,-0.4675,0.9667,0.4032,-0.3131,1.2155,0.9024,Nick Collison
2556,2006-2008,5017.0,5016.0,-0.8387,-1.1166,-0.4241,-0.0835,-0.4588,-1.415,-1.9553,-0.5075,-1.8739,-1.7216,-2.6151,-4.3367,Marcus Banks
2557,2006-2008,11603.0,11595.0,0.205,-0.4136,-0.1348,-0.5544,0.219,-1.8596,-0.2086,-0.6891,-1.6405,0.2893,-2.8276,-2.5383,Luke Ridnour
2558,2006-2008,100.0,100.0,-4.3653,-1.5626,0.6306,0.2486,0.0185,-0.3108,-5.9279,0.8792,-0.2923,-3.7162,-1.6247,-5.341,Reece Gaines
2560,2006-2008,995.0,989.0,-3.4351,-0.9149,-0.2048,-0.0756,-0.0817,-0.8511,-4.35,-0.2804,-0.9328,-3.7216,-1.8416,-5.5632,Zarko Cabarkapa
2561,2006-2008,13826.0,13795.0,0.8863,0.1349,-0.1054,0.1627,0.0628,-0.0926,1.0212,0.0573,-0.0298,0.8437,0.2049,1.0487,David West
2562,2006-2008,6732.0,6721.0,-2.5454,-1.5223,0.4307,0.5356,-0.3693,2.4352,-4.0677,0.9662,2.0659,-2.484,1.4484,-1.0356,Sasha Pavlovic
2563,2006-2008,5436.0,5460.0,-3.4007,-1.0285,0.3989,0.1404,0.545,-0.5757,-4.4292,0.5392,-0.0307,-2.4568,-1.4639,-3.9206,Dahntay Jones
2564,2006-2008,14902.0,14884.0,-0.636,-0.1017,0.0372,0.4783,0.2252,1.0842,-0.7377,0.5155,1.3094,-0.3735,1.4607,1.0872,Boris Diaw
2565,2006-2008,1116.0,1111.0,-3.5786,-1.0944,-0.0371,0.1748,-0.126,0.8396,-4.6729,0.1378,0.7135,-3.7417,-0.0799,-3.8216,Zoran Planinic
2566,2006-2008,9162.0,9214.0,-1.4338,0.3142,0.1842,-1.0665,0.1086,-0.4191,-1.1196,-0.8823,-0.3106,-1.141,-1.1714,-2.3125,Travis Outlaw
2567,2006-2008,6145.0,6116.0,-0.9907,-0.1984,0.5654,0.4076,0.0332,0.1528,-1.1892,0.973,0.186,-0.3921,0.3619,-0.0301,Brian Cook
2568,2006-2008,7633.0,7636.0,-0.211,0.3904,-0.0363,-0.0282,-0.256,-0.5341,0.1794,-0.0645,-0.7901,-0.5032,-0.1719,-0.6751,Carlos Delfino
2570,2006-2008,9127.0,9154.0,-3.8184,2.3601,0.6511,0.0303,-0.2206,0.3538,-1.4583,0.6813,0.1332,-3.3879,2.7442,-0.6437,Kendrick Perkins
2571,2006-2008,13381.0,13411.0,2.2146,-1.2447,-0.1263,-0.0685,0.7372,-1.4784,0.9699,-0.1948,-0.7412,2.8255,-2.7916,0.0339,Leandro Barbosa
2572,2006-2008,13313.0,13290.0,1.9586,-0.1327,-0.0066,-0.0441,0.3336,0.466,1.8259,-0.0508,0.7996,2.2856,0.2892,2.5747,Josh Howard
2573,2006-2008,53.0,52.0,-8.1229,-2.2974,-0.1805,0.2486,-0.0165,-0.0394,-10.4203,0.0681,-0.0559,-8.3199,-2.0882,-10.4081,Maciej Lampe
2574,2006-2008,7584.0,7558.0,-1.1824,-1.7959,-0.1208,0.0545,0.0123,0.4746,-2.9783,-0.0663,0.4869,-1.2909,-1.2668,-2.5576,Jason Kapono
2575,2006-2008,9983.0,9994.0,-0.5776,-0.166,0.2642,0.2946,-0.0597,0.1788,-0.7436,0.5588,0.119,-0.3731,0.3073,-0.0658,Luke Walton
2581,2006-2008,12134.0,12123.0,-0.1725,-1.0919,0.7225,-0.1789,0.4029,-0.8141,-1.2643,0.5436,-0.4112,0.953,-2.0849,-1.1319,Steve Blake
2583,2006-2008,53.0,55.0,-4.7336,-0.9561,-0.4074,0.8387,-0.0109,-0.0672,-5.6898,0.4313,-0.0781,-5.1519,-0.1847,-5.3365,Derrick Zimmerman
2584,2006-2008,7550.0,7538.0,-1.8455,-2.7251,0.244,0.1024,-0.114,0.014,-4.5706,0.3464,-0.1001,-1.7155,-2.6087,-4.3243,Willie Green
2585,2006-2008,10157.0,10106.0,-0.5231,0.0678,0.0506,-0.0986,-0.2677,0.0983,-0.4552,-0.0479,-0.1694,-0.7401,0.0676,-0.6725,Zaza Pachulia
2586,2006-2008,9843.0,9885.0,-0.8264,-0.5902,0.1056,0.1707,-0.0149,0.952,-1.4166,0.2763,0.9371,-0.7357,0.5325,-0.2032,Keith Bogans
2588,2006-2008,6123.0,6124.0,-0.0297,0.2102,-0.1458,-0.232,-0.3225,-0.7413,0.1806,-0.3778,-1.0638,-0.498,-0.763,-1.261,Matt Bonner
2590,2006-2008,12367.0,12347.0,1.2471,-1.3374,0.1091,-0.0416,-0.1922,-0.4034,-0.0903,0.0675,-0.5956,1.164,-1.7824,-0.6184,Mo Williams
2591,2006-2008,106.0,103.0,-5.2908,-0.82,0.5193,0.4771,0.0819,-0.1165,-6.1108,0.9964,-0.0346,-4.6896,-0.4594,-5.1489,James Lang
2592,2006-2008,8616.0,8636.0,-0.2356,-0.2318,0.8643,-0.0177,0.5559,0.2203,-0.4674,0.8466,0.7762,1.1847,-0.0292,1.1554,James Jones
2594,2006-2008,12814.0,12753.0,-0.0677,-0.9968,-0.4919,-0.2238,-0.099,0.2268,-1.0644,-0.7156,0.1278,-0.6586,-0.9937,-1.6523,Kyle Korver
2601,2006-2008,154.0,156.0,-7.5474,-3.0757,-0.5893,-0.2943,-0.049,0.1457,-10.6231,-0.8836,0.0967,-8.1857,-3.2243,-11.41,Andreas Glyniadakis
2605,2006-2008,7994.0,8037.0,-0.8671,-0.8131,0.4259,0.2064,0.1906,0.6931,-1.6802,0.6322,0.8836,-0.2507,0.0863,-0.1644,Marquis Daniels
2617,2006-2008,12958.0,12936.0,-1.3639,0.637,0.0722,-0.3282,-0.0401,0.2172,-0.7268,-0.256,0.1772,-1.3317,0.526,-0.8057,Udonis Haslem
2624,2006-2008,9061.0,9094.0,-3.3655,0.3279,0.9808,0.4009,0.2726,0.7981,-3.0375,1.3817,1.0708,-2.112,1.527,-0.585,Quinton Ross
2637,2006-2008,1.0,1.0,-6.6428,-1.4446,0.3835,0.2422,-0.0058,0.0192,-8.0874,0.6257,0.0134,-6.2651,-1.1831,-7.4482,Alex Scales
2648,2006-2008,733.0,738.0,-3.561,0.3195,1.2671,0.293,0.0267,-0.2911,-3.2415,1.5601,-0.2644,-2.2672,0.3214,-1.9458,Ronald Dupree
2668,2006-2008,37.0,36.0,-5.6571,-2.233,0.9072,0.4738,-0.0477,-0.0442,-7.89,1.381,-0.0919,-4.7975,-1.8034,-6.601,Josh Davis
2669,2006-2008,2449.0,2479.0,-2.152,1.0423,0.097,-0.0083,0.1691,-0.4858,-1.1098,0.0887,-0.3167,-1.8859,0.5481,-1.3378,Linton Johnson
2679,2006-2008,10053.0,10069.0,-0.0315,-0.9648,0.0761,-0.4514,0.4801,-0.2958,-0.9962,-0.3754,0.1843,0.5247,-1.712,-1.1873,Matt Carroll
2684,2006-2008,217.0,219.0,-3.9544,0.1958,0.6049,-0.0991,-0.0261,0.1174,-3.7586,0.5057,0.0913,-3.3757,0.2141,-3.1616,Melvin Sanders
2693,2006-2008,3713.0,3717.0,-2.1673,-1.4548,0.3924,-0.4817,-0.208,-0.8711,-3.6222,-0.0893,-1.0791,-1.9829,-2.8076,-4.7905,Keith McLeod
2694,2006-2008,3880.0,3884.0,-3.3188,-0.3346,0.1922,0.2143,-0.2434,-2.9177,-3.6534,0.4064,-3.1611,-3.37,-3.038,-6.408,Josh Powell
2696,2006-2008,832.0,844.0,0.3646,-0.9581,0.2751,-0.1955,-0.0044,-0.4097,-0.5936,0.0797,-0.4141,0.6353,-1.5633,-0.9279,Lynn Greer
2730,2006-2008,17345.0,17293.0,0.7342,3.1326,1.0204,-0.2483,0.1745,-0.846,3.8668,0.7721,-0.6715,1.9291,2.0383,3.9674,Dwight Howard
2731,2006-2008,11312.0,11321.0,-0.7335,2.9489,-1.0003,-0.8117,-0.0047,0.3693,2.2154,-1.812,0.3646,-1.7385,2.5065,0.7679,Emeka Okafor
2732,2006-2008,14668.0,14637.0,1.4438,-2.8744,0.2133,0.0478,0.1385,0.0976,-1.4306,0.2611,0.2361,1.7956,-2.729,-0.9334,Ben Gordon
2733,2006-2008,6024.0,6037.0,-2.0776,0.0252,0.2456,-0.0149,-0.2038,-1.205,-2.0524,0.2307,-1.4088,-2.0358,-1.1947,-3.2304,Shaun Livingston
2734,2006-2008,10220.0,10186.0,1.4945,-0.0526,0.745,0.1793,0.254,1.0249,1.4419,0.9243,1.279,2.4935,1.1517,3.6451,Devin Harris
2735,2006-2008,12538.0,12545.0,1.3496,0.4066,0.0537,0.0234,-0.047,-2.1566,1.7562,0.0771,-2.2036,1.3563,-1.7266,-0.3703,Josh Childress
2736,2006-2008,15214.0,15285.0,0.8084,-0.1968,0.2796,0.3899,0.3796,1.4881,0.6116,0.6696,1.8677,1.4677,1.6812,3.1489,Luol Deng
2737,2006-2008,1636.0,1631.0,-5.9804,0.1024,-0.0002,-0.4912,-0.1288,0.4443,-5.878,-0.4915,0.3155,-6.1094,0.0554,-6.054,Rafael Araujo
2738,2006-2008,17985.0,17950.0,2.0473,0.8372,0.0041,0.3529,-0.1684,0.8382,2.8845,0.357,0.6699,1.883,2.0283,3.9113,Andre Iguodala
2739,2006-2008,1301.0,1311.0,-2.3111,-1.6492,0.4257,0.4757,-0.1982,-0.1412,-3.9603,0.9014,-0.3395,-2.0836,-1.3148,-3.3984,Luke Jackson
2740,2006-2008,11104.0,11074.0,-0.5591,3.2649,0.1679,-0.2488,0.2093,-0.0255,2.7057,-0.0808,0.1838,-0.1819,2.9906,2.8087,Andris Biedrins
2741,2006-2008,2121.0,2114.0,-4.0543,1.6239,-0.4614,-0.7462,0.1506,-0.2481,-2.4305,-1.2077,-0.0975,-4.3652,0.6296,-3.7357,Robert Swift
2742,2006-2008,9837.0,9809.0,-1.6908,-1.4284,0.0632,-0.361,-0.2576,-0.2239,-3.1193,-0.2978,-0.4815,-1.8853,-2.0133,-3.8986,Sebastian Telfair
2743,2006-2008,4247.0,4290.0,-2.2471,0.7594,-0.4504,-0.1912,-0.2356,-0.5015,-1.4877,-0.6416,-0.7371,-2.9332,0.0667,-2.8664,Kris Humphries
2744,2006-2008,11916.0,11908.0,0.7806,1.6047,-0.7413,-1.2815,-0.1656,-1.5643,2.3853,-2.0228,-1.7299,-0.1262,-1.2411,-1.3673,Al Jefferson
2745,2006-2008,4940.0,4960.0,-0.5316,-0.6863,0.0999,0.4291,0.4791,-0.1401,-1.2179,0.5289,0.339,0.0474,-0.3973,-0.3499,Kirk Snyder
2746,2006-2008,15388.0,15334.0,-1.085,2.9528,0.7136,-0.2095,-0.1953,0.1161,1.8679,0.5041,-0.0792,-0.5667,2.8595,2.2928,Josh Smith
2747,2006-2008,7875.0,7858.0,2.195,-1.576,-0.7962,0.5602,0.1393,-0.2738,0.619,-0.2361,-0.1346,1.538,-1.2896,0.2484,JR Smith
2748,2006-2008,4816.0,4830.0,-1.8708,2.0064,-0.0947,0.0159,-0.6829,-1.7886,0.1357,-0.0788,-2.4715,-2.6483,0.2337,-2.4147,Dorell Wright
2749,2006-2008,11691.0,11619.0,0.832,-1.1106,0.3146,0.1304,-0.0197,0.6317,-0.2786,0.445,0.612,1.1268,-0.3484,0.7784,Jameer Nelson
2750,2006-2008,34.0,34.0,-7.6812,0.2189,0.3682,-0.6744,-0.0293,0.1361,-7.4624,-0.3062,0.1068,-7.3424,-0.3193,-7.6617,Pavel Podkolzin
2751,2006-2008,3373.0,3348.0,-2.5822,0.6656,0.7097,0.4684,0.2182,-2.4692,-1.9166,1.1781,-2.2511,-1.6543,-1.3352,-2.9895,Viktor Khryapa
2752,2006-2008,631.0,624.0,-4.289,-0.4342,0.5441,0.3779,-0.1169,-1.3445,-4.7231,0.922,-1.4615,-3.8618,-1.4008,-5.2626,Sergei Monia
2753,2006-2008,11955.0,11958.0,-0.1413,-0.0557,-0.1583,0.0121,-0.4837,-0.1118,-0.197,-0.1462,-0.5954,-0.7834,-0.1553,-0.9386,Delonte West
2754,2006-2008,6152.0,6168.0,-0.9826,0.289,0.3518,0.3369,-0.0685,1.4687,-0.6936,0.6887,1.4002,-0.6993,2.0946,1.3953,Tony Allen
2755,2006-2008,13875.0,13854.0,3.4593,-1.0153,-0.7458,-0.3978,-0.3176,-1.0872,2.4439,-1.1436,-1.4048,2.3958,-2.5003,-0.1045,Kevin Martin
2756,2006-2008,7029.0,7032.0,0.1059,-0.4557,0.2713,-0.4096,0.4966,-1.8576,-0.3498,-0.1383,-1.361,0.8739,-2.7229,-1.8491,Sasha Vujacic
2757,2006-2008,7004.0,7008.0,-0.4491,-1.941,0.2349,0.0564,0.383,0.5713,-2.3902,0.2913,0.9544,0.1687,-1.3132,-1.1445,Beno Udrih
2758,2006-2008,3811.0,3804.0,-5.7587,1.5008,-0.3825,-1.0153,0.2609,1.7773,-4.2579,-1.3978,2.0382,-5.8804,2.2628,-3.6176,David Harrison
2760,2006-2008,7598.0,7648.0,-1.4677,2.5902,0.1416,0.5518,0.21,1.4827,1.1226,0.6933,1.6927,-1.1161,4.6247,3.5086,Anderson Varejao
2761,2006-2008,760.0,767.0,-5.9569,0.6936,-0.1709,0.3821,0.1736,0.4562,-5.2633,0.2111,0.6298,-5.9542,1.5319,-4.4223,Jackson Vroman
2764,2006-2008,266.0,269.0,-2.5482,0.3686,0.7489,0.5877,0.1114,-0.1405,-2.1796,1.3366,-0.0291,-1.6879,0.8158,-0.872,Donta Smith
2766,2006-2008,1046.0,1065.0,-5.243,-1.5677,0.1168,-0.1587,-0.0628,0.7289,-6.8107,-0.0419,0.6662,-5.189,-0.9975,-6.1864,Antonio Burks
2767,2006-2008,5609.0,5615.0,-2.885,-1.0978,-0.3936,-0.2945,-0.1043,-1.7209,-3.9828,-0.6882,-1.8252,-3.3829,-3.1133,-6.4962,Royal Ivey
2768,2006-2008,10883.0,10946.0,0.2382,-0.453,-0.873,0.2896,-0.0819,0.307,-0.2148,-0.5834,0.2251,-0.7167,0.1436,-0.5731,Chris Duhon
2770,2006-2008,2584.0,2598.0,-4.9408,-2.1026,-0.1305,0.352,-0.061,0.2802,-7.0434,0.2215,0.2191,-5.1323,-1.4704,-6.6027,Justin Reed
2772,2006-2008,5447.0,5434.0,-0.4916,1.3514,0.2676,0.459,-0.0043,0.7985,0.8598,0.7266,0.7943,-0.2283,2.6089,2.3807,Trevor Ariza
2774,2006-2008,3176.0,3200.0,-1.9257,1.0098,0.6581,0.2248,-0.1557,0.1502,-0.9159,0.8829,-0.0055,-1.4233,1.3847,-0.0385,Bernard Robinson
2775,2006-2008,385.0,393.0,-5.4328,1.3212,-0.5008,-0.3692,0.0344,-0.5892,-4.1116,-0.87,-0.5548,-5.8993,0.3628,-5.5365,Ha Seung-Jin
2776,2006-2008,1207.0,1200.0,-4.1579,1.3302,-0.4679,-0.363,-0.0674,-1.088,-2.8276,-0.8309,-1.1554,-4.6932,-0.1208,-4.8139,Pape Sow
2779,2006-2008,523.0,527.0,-3.197,-2.5247,-0.7109,0.8719,-0.1484,0.4401,-5.7217,0.161,0.2917,-4.0562,-1.2127,-5.2689,Vassilis Spanoulis
2782,2006-2008,300.0,298.0,-3.9273,-1.9293,0.8317,0.0091,-0.0046,0.7356,-5.8566,0.8408,0.7311,-3.1002,-1.1845,-4.2847,Matt Freije
2788,2006-2008,1272.0,1281.0,-5.5819,2.634,-0.2136,-0.5492,0.1336,-0.502,-2.9479,-0.7629,-0.3685,-5.662,1.5827,-4.0792,DJ Mbenga
2804,2006-2008,11194.0,11181.0,-0.0548,-0.4968,-0.3058,-0.4071,-0.1205,0.1901,-0.5516,-0.7129,0.0696,-0.4811,-0.7137,-1.1948,Andres Nocioni
2809,2006-2008,464.0,469.0,-2.5773,-0.8576,-0.0645,0.0499,-0.029,0.3542,-3.4349,-0.0146,0.3252,-2.6708,-0.4534,-3.1242,Gerald Fitch
2810,2006-2008,1117.0,1120.0,-2.4797,-0.1176,-0.9107,-0.7283,-0.0158,-0.494,-2.5974,-1.639,-0.5098,-3.4062,-1.3399,-4.7461,Andre Brown
2823,2006-2008,569.0,573.0,-6.39,0.4782,-0.61,0.1073,-0.015,-0.5811,-5.9118,-0.5027,-0.5961,-7.015,0.0044,-7.0106,John Edwards
2824,2006-2008,69.0,70.0,-3.9238,-2.7024,0.3027,-0.2344,0.036,0.2025,-6.6262,0.0683,0.2385,-3.5851,-2.7343,-6.3194,Desmon Farmer
2839,2006-2008,308.0,307.0,-5.4804,0.495,-0.4532,-0.6582,0.0683,0.3545,-4.9854,-1.1114,0.4228,-5.8653,0.1912,-5.674,James Thomas
2852,2006-2008,747.0,742.0,-2.6727,-1.5001,0.7634,0.3941,-0.0855,-0.6506,-4.1728,1.1575,-0.7361,-1.9948,-1.7566,-3.7514,Awvee Storey
2853,2006-2008,2123.0,2141.0,-4.335,-1.6608,-0.5873,-0.2578,-0.3669,0.2427,-5.9958,-0.8451,-0.1242,-5.2892,-1.6758,-6.9651,Earl Barron
2857,2006-2008,676.0,667.0,-1.8311,-1.742,0.4222,-0.624,0.0416,-0.3725,-3.5731,-0.2018,-0.3309,-1.3673,-2.7385,-4.1059,Andre Barrett
2863,2006-2008,10630.0,10640.0,-0.689,-0.8308,0.0883,-0.0246,-0.6375,-2.4758,-1.5198,0.0637,-3.1132,-1.2381,-3.3311,-4.5693,Damien Wilkins
2866,2006-2008,1604.0,1601.0,-2.3972,0.4287,-0.3524,-0.0699,0.3757,-0.4797,-1.9685,-0.4222,-0.104,-2.3738,-0.1209,-2.4947,Jackie Butler
2867,2006-2008,541.0,545.0,-2.1671,-0.3017,0.346,0.0564,-0.1527,0.2213,-2.4688,0.4024,0.0686,-1.9738,-0.024,-1.9978,Kasib Powell
2873,2006-2008,354.0,351.0,-2.548,-1.3791,0.3088,0.373,0.0527,-0.0826,-3.9271,0.6818,-0.0299,-2.1865,-1.0887,-3.2752,Billy Thomas
2876,2006-2008,482.0,487.0,-6.3537,1.0821,0.1585,-0.2228,0.1178,-0.8783,-5.2716,-0.0643,-0.7605,-6.0774,-0.019,-6.0964,Jared Reiner
101106,2006-2008,14021.0,14045.0,-0.7902,1.3325,0.1056,0.3053,-0.0841,1.2527,0.5423,0.4109,1.1687,-0.7687,2.8906,2.1219,Andrew Bogut
101107,2006-2008,13196.0,13189.0,-1.1928,-0.5939,0.4298,-0.3272,0.3057,-0.4161,-1.7867,0.1026,-0.1105,-0.4573,-1.3373,-1.7946,Marvin Williams
101108,2006-2008,15620.0,15580.0,6.1035,1.7823,-0.4056,-0.0924,0.1473,-1.1965,7.8858,-0.498,-1.0492,5.8452,0.4933,6.3386,Chris Paul
101109,2006-2008,15939.0,15948.0,0.4432,-1.2994,-0.0812,-0.2991,0.5484,0.0167,-0.8562,-0.3803,0.5651,0.9103,-1.5818,-0.6715,Raymond Felton
101110,2006-2008,9224.0,9186.0,-1.0541,-1.0792,-0.2494,-0.2479,0.1272,-0.9263,-2.1333,-0.4972,-0.799,-1.1763,-2.2533,-3.4296,Martell Webster
101111,2006-2008,10000.0,10015.0,-0.0641,-0.4527,-0.0869,-0.2571,0.5333,-1.5209,-0.5168,-0.344,-0.9876,0.3823,-2.2307,-1.8484,Charlie Villanueva
101112,2006-2008,9061.0,9063.0,-2.0647,-0.1224,0.0131,0.0724,0.2916,1.5594,-2.1871,0.0854,1.851,-1.7601,1.5094,-0.2506,Channing Frye
101113,2006-2008,4148.0,4163.0,-0.9332,-1.0768,-1.221,-0.016,-0.5193,-0.0485,-2.01,-1.237,-0.5678,-2.6735,-1.1413,-3.8148,Ike Diogu
101114,2006-2008,15968.0,15959.0,1.973,-1.2623,0.075,-0.3399,0.0327,0.1896,0.7106,-0.2649,0.2223,2.0806,-1.4126,0.668,Deron Williams
101115,2006-2008,6164.0,6166.0,-1.5259,2.7327,-1.194,-0.0554,-0.349,-0.434,1.2068,-1.2495,-0.7831,-3.0689,2.2432,-0.8257,Andrew Bynum
101117,2006-2008,338.0,349.0,-4.2809,-1.889,1.0807,0.9185,-0.181,-0.187,-6.1699,1.9992,-0.368,-3.3812,-1.1576,-4.5387,Yaroslav Korolev
101118,2006-2008,2412.0,2419.0,-0.1118,0.5736,-0.339,0.1915,0.319,-0.2826,0.4618,-0.1475,0.0364,-0.1318,0.4826,0.3508,Sean May
101119,2006-2008,7541.0,7505.0,-0.7712,-1.8958,1.1436,0.6021,0.2528,0.5095,-2.667,1.7457,0.7623,0.6252,-0.7842,-0.159,Rashad McCants
101120,2006-2008,5249.0,5279.0,-3.5455,-0.8276,0.2254,0.0524,-0.5361,0.5267,-4.373,0.2777,-0.0093,-3.8562,-0.2485,-4.1047,Antoine Wright
101121,2006-2008,6246.0,6277.0,-2.0683,-0.7278,0.2909,0.0814,0.4507,-0.4716,-2.7961,0.3723,-0.0209,-1.3267,-1.118,-2.4447,Joey Graham
101122,2006-2008,14655.0,14606.0,0.3008,0.123,-0.3328,-0.1337,0.1521,-0.0701,0.4237,-0.4665,0.082,0.1201,-0.0809,0.0392,Danny Granger
101123,2006-2008,4927.0,4907.0,-1.6928,-2.3939,-0.3719,0.0323,-0.5113,-0.2936,-4.0867,-0.3396,-0.8049,-2.576,-2.6552,-5.2312,Gerald Green
101124,2006-2008,9079.0,9098.0,-0.6805,-0.998,-1.2415,-0.8496,-0.5251,-1.4713,-1.6784,-2.0912,-1.9964,-2.4471,-3.3189,-5.766,Hakim Warrick
101125,2006-2008,199.0,201.0,-2.679,-1.0965,-0.1287,0.5209,-0.0347,0.0136,-3.7755,0.3922,-0.0211,-2.8424,-0.562,-3.4044,Julius Hodge
101126,2006-2008,9236.0,9181.0,0.5402,-1.6744,0.229,0.0696,0.1264,0.4039,-1.1342,0.2986,0.5303,0.8957,-1.201,-0.3053,Nate Robinson
101127,2006-2008,11981.0,11976.0,0.2139,-1.163,-0.8753,-0.2484,-0.5031,-0.7298,-0.9491,-1.1237,-1.2329,-1.1645,-2.1412,-3.3057,Jarrett Jack
101128,2006-2008,9501.0,9485.0,-0.7909,0.5434,0.0895,0.0667,0.3005,-0.0177,-0.2476,0.1562,0.2828,-0.401,0.5924,0.1914,Francisco Garcia
101129,2006-2008,11134.0,11125.0,0.2294,-0.6114,-0.7513,0.1085,-0.0509,0.0434,-0.382,-0.6428,-0.0075,-0.5728,-0.4595,-1.0323,Luther Head
101130,2006-2008,8005.0,8016.0,-4.0333,0.9709,-1.2001,-0.4378,-0.3491,-0.1405,-3.0624,-1.6379,-0.4896,-5.5824,0.3925,-5.1899,Johan Petro
101131,2006-2008,5356.0,5372.0,-1.7294,1.18,0.656,-0.3493,0.4807,0.2051,-0.5495,0.3066,0.6857,-0.5928,1.0357,0.4429,Jason Maxiell
101132,2006-2008,8065.0,8048.0,-0.0969,-0.9199,-0.491,-0.0791,0.3327,0.0941,-1.0168,-0.5701,0.4268,-0.2552,-0.9049,-1.1601,Linas Kleiza
101133,2006-2008,47.0,44.0,-1.1932,2.9851,-0.2241,0.2968,0.019,-0.2442,1.7919,0.0726,-0.2253,-1.3984,3.0376,1.6393,Ian Mahinmi
101134,2006-2008,976.0,980.0,-2.8557,-1.2211,-0.4419,-0.3985,-0.3088,0.7685,-4.0768,-0.8403,0.4597,-3.6063,-0.8511,-4.4574,Wayne Simien
101135,2006-2008,10055.0,10063.0,1.313,1.701,-0.0162,-0.4684,0.1927,-0.8054,3.0141,-0.4847,-0.6126,1.4896,0.4272,1.9168,David Lee
101136,2006-2008,5238.0,5244.0,-0.851,-2.9573,-0.4619,-0.1771,-0.258,-0.3365,-3.8083,-0.639,-0.5944,-1.5709,-3.4708,-5.0417,Salim Stoudamire
101137,2006-2008,3208.0,3217.0,-2.6477,-0.7472,0.1625,0.0473,0.2108,1.0075,-3.3949,0.2098,1.2183,-2.2743,0.3076,-1.9668,Daniel Ewing
101138,2006-2008,3762.0,3802.0,-1.4346,-0.1954,-0.2296,-0.062,-0.4849,-0.4283,-1.63,-0.2917,-0.9132,-2.1492,-0.6858,-2.8349,Brandon Bass
101139,2006-2008,2503.0,2492.0,-1.5654,-0.6576,0.0949,0.5735,0.1343,-0.7647,-2.2231,0.6683,-0.6304,-1.3363,-0.8489,-2.1852,CJ Miles
101141,2006-2008,1901.0,1892.0,-1.4595,-0.666,-0.2182,0.2068,-0.2485,-0.7277,-2.1255,-0.0113,-0.9762,-1.9262,-1.1868,-3.113,Ersan Ilyasova
101142,2006-2008,5332.0,5351.0,-2.2189,2.5446,0.6362,-0.234,0.3086,-0.997,0.3257,0.4022,-0.6884,-1.274,1.3135,0.0395,Ronny Turiaf
101143,2006-2008,3804.0,3822.0,0.6667,-1.4708,0.5211,0.3108,0.1037,-0.9425,-0.8041,0.8319,-0.8388,1.2915,-2.1025,-0.811,Travis Diener
101144,2006-2008,457.0,463.0,-5.7856,-3.0894,1.333,-0.1319,-0.0315,0.1306,-8.875,1.201,0.0991,-4.4842,-3.0907,-7.5749,Von Wafer
101145,2006-2008,13674.0,13674.0,1.0967,-0.8173,0.05,-0.0552,-0.001,0.7789,0.2794,-0.0052,0.7779,1.1458,-0.0936,1.0522,Monta Ellis
101147,2006-2008,285.0,277.0,-2.2146,0.8361,-0.1651,0.3171,0.0622,0.1842,-1.3786,0.1519,0.2464,-2.3176,1.3373,-0.9803,Chris Taft
101148,2006-2008,11.0,13.0,-9.9867,-3.2949,1.5802,0.5869,-0.0464,-0.0724,-13.2816,2.1671,-0.1189,-8.4529,-2.7804,-11.2333,Mile Ilic
101149,2006-2008,21.0,20.0,-6.9262,-0.5623,0.3452,-0.1875,0.0107,0.024,-7.4886,0.1578,0.0347,-6.5703,-0.7258,-7.2961,Martynas Andriuskevicius
101150,2006-2008,5253.0,5217.0,0.9392,-1.2213,-0.1018,-0.1117,-0.1364,0.3813,-0.2821,-0.2134,0.2449,0.701,-0.9517,-0.2507,Lou Williams
101152,2006-2008,636.0,636.0,-0.6419,-1.5127,0.1179,0.0034,0.071,0.4039,-2.1545,0.1213,0.475,-0.4529,-1.1053,-1.5583,Bracey Wright
101153,2006-2008,3330.0,3320.0,-2.4591,-0.9769,0.4377,0.2029,0.1574,-0.08,-3.436,0.6405,0.0774,-1.864,-0.854,-2.718,Mickael Gelabale
101154,2006-2008,4858.0,4853.0,-2.7006,1.7456,0.3706,-0.5998,-0.0737,-1.2038,-0.9551,-0.2292,-1.2775,-2.4038,-0.058,-2.4618,Andray Blatche
101155,2006-2008,11645.0,11658.0,0.1597,-0.6831,0.1576,-0.1722,0.1398,-1.213,-0.5234,-0.0146,-1.0732,0.4571,-2.0683,-1.6111,Ryan Gomes
101156,2006-2008,402.0,404.0,-5.222,0.6533,-0.3732,-0.0193,-0.1076,-0.2357,-4.5688,-0.3925,-0.3433,-5.7029,0.3983,-5.3045,Robert Whaley
101158,2006-2008,3040.0,3058.0,-4.6081,0.4469,0.892,0.5894,-0.5425,0.617,-4.1611,1.4815,0.0746,-4.2585,1.6534,-2.6051,Orien Greene
101159,2006-2008,189.0,189.0,-1.397,-1.5296,-0.0384,-0.0828,-0.0128,-0.2479,-2.9266,-0.1212,-0.2607,-1.4482,-1.8602,-3.3085,Dijon Thompson
101160,2006-2008,2238.0,2239.0,-1.1191,1.1934,0.2807,0.2815,0.0842,-0.1802,0.0743,0.5621,-0.0961,-0.7542,1.2946,0.5403,Lawrence Roberts
101161,2006-2008,1787.0,1798.0,-2.0219,4.9532,-0.0077,-0.2994,0.3516,0.4034,2.9313,-0.307,0.755,-1.6779,5.0572,3.3793,Amir Johnson
101162,2006-2008,75.0,76.0,-1.2387,0.6315,0.061,0.3276,0.0296,-0.0733,-0.6072,0.3887,-0.0437,-1.1481,0.8858,-0.2623,Marcin Gortat
101165,2006-2008,76.0,76.0,-7.2884,-2.7295,0.0205,0.2839,-0.0393,-0.4389,-10.0179,0.3044,-0.4782,-7.3072,-2.8845,-10.1917,Alex Acker
101166,2006-2008,153.0,157.0,-2.7631,-2.42,-0.4549,-0.1134,-0.1032,-0.247,-5.1831,-0.5683,-0.3502,-3.3212,-2.7805,-6.1017,Uros Slokar
101177,2006-2008,6526.0,6529.0,-1.8081,1.0772,-0.0034,0.2565,0.0088,-0.1014,-0.7309,0.2531,-0.0926,-1.8027,1.2322,-0.5705,Fabricio Oberto
101178,2006-2008,251.0,251.0,-3.0037,-1.7554,0.3174,-0.1426,-0.0719,-0.0963,-4.7591,0.1748,-0.1682,-2.7582,-1.9943,-4.7525,Arvydas Macijauskas
101179,2006-2008,2553.0,2561.0,-0.6373,-0.2574,-0.019,0.2077,0.2225,0.8066,-0.8948,0.1887,1.0291,-0.4338,0.7569,0.3231,Ronnie Price
101180,2006-2008,4965.0,4961.0,0.2546,-2.0034,-1.6037,0.4143,-0.3107,1.0727,-1.7488,-1.1894,0.762,-1.6598,-0.5164,-2.1762,Sarunas Jasikevicius
101181,2006-2008,10705.0,10696.0,2.6065,0.1572,-0.4262,-0.8052,0.1296,-1.3893,2.7637,-1.2313,-1.2597,2.3099,-2.0372,0.2727,Jose Calderon
101182,2006-2008,1610.0,1638.0,-2.6517,-0.2954,0.2195,0.0599,-0.3383,-0.0477,-2.9471,0.2794,-0.3859,-2.7705,-0.2831,-3.0536,Donell Taylor
101183,2006-2008,1356.0,1363.0,-2.4152,1.8561,0.5587,-0.1003,0.0247,0.9523,-0.5591,0.4584,0.977,-1.8318,2.7081,0.8763,Shavlik Randolph
101184,2006-2008,10.0,10.0,-6.9823,-1.6453,0.5267,0.1922,-0.0007,-0.07,-8.6276,0.7189,-0.0707,-6.4562,-1.5231,-7.9793,Deng Gai
101185,2006-2008,1202.0,1197.0,-3.8772,-1.1229,0.1901,-0.5365,-0.2332,0.4893,-5.0001,-0.3464,0.2561,-3.9203,-1.1701,-5.0903,Rawle Marshall
101187,2006-2008,1619.0,1618.0,-1.9889,-2.2349,0.2733,0.6254,0.0188,0.829,-4.2238,0.8986,0.8478,-1.6969,-0.7805,-2.4774,Alan Anderson
101188,2006-2008,280.0,287.0,-2.9331,0.683,0.8117,0.2157,-0.057,0.6115,-2.25,1.0274,0.5545,-2.1784,1.5102,-0.6682,Eddie Basden
101189,2006-2008,2160.0,2189.0,-1.8281,2.1139,0.4158,-0.2219,0.2127,-1.0519,0.2859,0.1939,-0.8392,-1.1996,0.8401,-0.3595,James Singleton
101190,2006-2008,9.0,10.0,-6.5514,-1.652,0.1829,0.2264,-0.0294,-0.1314,-8.2035,0.4094,-0.1607,-6.3978,-1.5569,-7.9548,Matt Walsh
101194,2006-2008,651.0,649.0,-1.4834,-1.7464,-0.5009,0.1452,-0.0882,-0.2562,-3.2298,-0.3556,-0.3445,-2.0725,-1.8574,-3.9298,Anthony Roberson
101195,2006-2008,519.0,524.0,-5.2806,0.272,0.5439,0.4649,0.0222,0.5036,-5.0085,1.0088,0.5258,-4.7144,1.2405,-3.4739,Luke Schenscher
101198,2006-2008,315.0,314.0,-2.6384,-1.6224,0.399,0.0867,-0.0629,-0.3778,-4.2608,0.4857,-0.4407,-2.3023,-1.9135,-4.2158,Will Bynum
101204,2006-2008,1097.0,1102.0,-3.6793,2.2533,-0.0421,0.3571,0.1269,-0.6188,-1.426,0.3149,-0.4919,-3.5946,1.9916,-1.603,Dwayne Jones
101207,2006-2008,690.0,701.0,-3.3414,-0.0219,-0.3325,0.169,-0.1636,0.8331,-3.3633,-0.1634,0.6695,-3.8374,0.9802,-2.8572,Kevin Burleson
101209,2006-2008,257.0,263.0,-4.9552,-1.3328,1.2788,0.4573,-0.0638,-0.198,-6.288,1.7361,-0.2618,-3.7402,-1.0736,-4.8138,Devin Green
101211,2006-2008,933.0,955.0,-2.3559,-1.1288,0.2615,0.3721,0.1611,-0.06,-3.4848,0.6336,0.1011,-1.9333,-0.8167,-2.7501,Stephen Graham
101212,2006-2008,1136.0,1140.0,-4.7746,0.8477,-0.4645,-0.5581,0.1376,-0.1094,-3.9268,-1.0226,0.0282,-5.1014,0.1802,-4.9213,Esteban Batista
101213,2006-2008,28.0,27.0,-7.1712,-0.8493,-0.0161,0.3709,0.0012,-0.1162,-8.0205,0.3547,-0.115,-7.1861,-0.5947,-7.7808,Sharrod Ford
101215,2006-2008,93.0,92.0,-4.8515,-1.559,-0.2395,1.0566,-0.0388,0.1043,-6.4105,0.8171,0.0655,-5.1298,-0.3981,-5.5279,Will Conroy
101219,2006-2008,221.0,215.0,-0.9411,0.3636,-0.3443,0.3027,0.1372,0.0283,-0.5775,-0.0417,0.1655,-1.1482,0.6946,-0.4536,Anthony Grundy
101223,2006-2008,232.0,237.0,-4.4636,0.4906,-0.47,0.2066,0.0046,0.1115,-3.9731,-0.2634,0.1161,-4.9291,0.8087,-4.1204,Aaron Miles
101230,2006-2008,163.0,161.0,-8.0459,-0.8566,0.6143,0.1031,0.082,0.0253,-8.9025,0.7175,0.1073,-7.3495,-0.7282,-8.0777,Noel Felix
101232,2006-2008,25.0,26.0,-7.9414,-3.94,1.6701,0.7394,-0.0051,-0.1973,-11.8814,2.4095,-0.2024,-6.2764,-3.3979,-9.6743,Roger Powell
101235,2006-2008,5015.0,5015.0,-0.3049,-0.4922,-0.0301,-0.165,-0.2461,-0.9902,-0.7971,-0.1951,-1.2363,-0.5811,-1.6474,-2.2285,Kelenna Azubuike
101236,2006-2008,7218.0,7234.0,-1.1163,3.4263,0.1831,0.9052,0.0182,2.6648,2.31,1.0883,2.683,-0.915,6.9963,6.0813,Chuck Hayes
101238,2006-2008,293.0,294.0,-3.7325,-0.1474,0.2826,0.4029,0.0556,-0.7105,-3.8798,0.6855,-0.655,-3.3943,-0.455,-3.8493,Boniface Ndong
101247,2006-2008,19.0,18.0,-5.0729,0.668,0.1038,-0.0305,-0.0097,0.1048,-4.4049,0.0733,0.0951,-4.9788,0.7423,-4.2365,Keith Langford
101249,2006-2008,930.0,915.0,-1.0472,-1.6035,0.5659,0.2717,-0.1126,-0.0593,-2.6507,0.8376,-0.1719,-0.5939,-1.3911,-1.985,John Lucas III
101261,2006-2008,1182.0,1194.0,-2.6508,-1.8469,0.3239,0.5457,-0.1655,0.4635,-4.4978,0.8695,0.298,-2.4924,-0.8378,-3.3302,Andre Owens
200081,2006-2008,4045.0,4058.0,-0.5917,3.8547,-0.156,-0.4687,0.8859,-0.632,3.263,-0.6247,0.2539,0.1382,2.7539,2.8921,Jamario Moon
200745,2006-2008,6695.0,6685.0,-1.6233,-1.24,0.4813,-0.0909,0.5045,0.8911,-2.8633,0.3903,1.3956,-0.6376,-0.4398,-1.0774,Andrea Bargnani
200746,2006-2008,7430.0,7417.0,-0.1806,0.0607,0.0109,0.1708,0.5927,1.4397,-0.12,0.1817,2.0324,0.4229,1.6711,2.0941,LaMarcus Aldridge
200747,2006-2008,4533.0,4542.0,-3.4238,-3.674,-0.0177,-0.0279,0.0681,0.2113,-7.0978,-0.0456,0.2794,-3.3734,-3.4906,-6.864,Adam Morrison
200748,2006-2008,4531.0,4539.0,-2.5573,2.8661,0.6697,-0.393,0.214,0.7463,0.3088,0.2767,0.9602,-1.6737,3.2194,1.5457,Tyrus Thomas
200749,2006-2008,4366.0,4395.0,-2.6404,1.5651,-0.5188,-0.6459,-0.1868,-0.6862,-1.0753,-1.1647,-0.873,-3.3461,0.233,-3.1131,Shelden Williams
200750,2006-2008,8877.0,8875.0,2.6733,-0.9003,0.116,0.056,0.4131,-0.0822,1.773,0.172,0.3309,3.2025,-0.9265,2.276,Brandon Roy
200751,2006-2008,6055.0,6052.0,-0.3746,-1.5875,0.1664,-0.0484,-0.0558,-0.9013,-1.9621,0.118,-0.957,-0.264,-2.5372,-2.8012,Randy Foye
200752,2006-2008,10134.0,10105.0,-0.1483,-0.2775,0.1751,-0.3027,0.3188,-1.033,-0.4258,-0.1276,-0.7142,0.3456,-1.6133,-1.2677,Rudy Gay
200753,2006-2008,473.0,473.0,-5.0464,2.2522,1.0959,-0.5272,0.2152,-0.7887,-2.7942,0.5687,-0.5735,-3.7353,0.9363,-2.799,Patrick O'Bryant
200754,2006-2008,463.0,468.0,-5.279,1.4341,0.047,-0.7086,-0.149,-0.7388,-3.8449,-0.6616,-0.8878,-5.381,-0.0133,-5.3943,Mouhamed Sene
200755,2006-2008,1743.0,1751.0,0.0654,-2.2429,-1.026,-0.0492,0.1892,-0.7438,-2.1776,-1.0752,-0.5546,-0.7715,-3.0359,-3.8074,JJ Redick
200756,2006-2008,2536.0,2556.0,-4.345,0.6744,-0.3345,0.2265,0.1355,0.2942,-3.6706,-0.108,0.4297,-4.544,1.1951,-3.3489,Hilton Armstrong
200757,2006-2008,4585.0,4589.0,-2.6554,0.5594,0.3489,0.1387,0.0848,0.9299,-2.096,0.4876,1.0148,-2.2217,1.628,-0.5937,Thabo Sefolosha
200758,2006-2008,5476.0,5486.0,2.6703,0.7708,-0.8947,-0.1882,-0.0959,-0.0051,3.4411,-1.0829,-0.101,1.6797,0.5776,2.2572,Ronnie Brewer
200759,2006-2008,1194.0,1196.0,-6.2455,0.0637,-0.045,-0.0239,-0.2002,-0.2158,-6.1818,-0.0689,-0.4161,-6.4908,-0.176,-6.6668,Cedric Simmons
200760,2006-2008,4269.0,4274.0,-1.8224,-0.5811,0.0704,-0.553,-0.0037,-0.2932,-2.4035,-0.4827,-0.2969,-1.7557,-1.4274,-3.183,Rodney Carney
200761,2006-2008,3096.0,3102.0,-1.4535,-1.0072,-0.0365,0.3697,0.3645,-0.5688,-2.4607,0.3332,-0.2043,-1.1255,-1.2063,-2.3319,Shawne Williams
200762,2006-2008,597.0,603.0,-1.8849,-1.4835,-0.3978,-0.4754,-0.0086,-0.8343,-3.3684,-0.8732,-0.8428,-2.2912,-2.7932,-5.0844,Oleksiy Pecherov
200763,2006-2008,2498.0,2511.0,-2.0569,-1.7545,0.3326,-0.0071,-0.2166,-0.3748,-3.8114,0.3256,-0.5914,-1.9408,-2.1365,-4.0773,Quincy Douby
200764,2006-2008,3848.0,3860.0,-1.5836,3.2327,0.1731,0.2805,0.1067,0.807,1.6491,0.4536,0.9137,-1.3038,4.3202,3.0164,Renaldo Balkman
200765,2006-2008,7942.0,7958.0,0.1165,1.6487,0.1307,0.3461,-0.227,0.9296,1.7652,0.4768,0.7026,0.0202,2.9244,2.9446,Rajon Rondo
200766,2006-2008,4198.0,4194.0,-0.7808,-2.3602,0.0199,0.1813,0.0547,-0.2391,-3.141,0.2012,-0.1844,-0.7062,-2.418,-3.1242,Marcus Williams
200767,2006-2008,4721.0,4724.0,-1.204,1.4138,-0.5396,-0.3558,-0.1514,-0.9645,0.2097,-0.8954,-1.1159,-1.8951,0.0935,-1.8016,Josh Boone
200768,2006-2008,4566.0,4575.0,0.6703,0.6293,-0.1207,0.161,-0.023,0.6539,1.2996,0.0403,0.631,0.5266,1.4442,1.9708,Kyle Lowry
200769,2006-2008,830.0,829.0,-4.0968,-2.622,-0.0358,0.2605,-0.0498,-1.3199,-6.7187,0.2247,-1.3697,-4.1824,-3.6814,-7.8638,Shannon Brown
200770,2006-2008,5447.0,5459.0,1.1281,-0.4636,-0.4323,0.2102,0.2511,0.734,0.6645,-0.2221,0.9851,0.9469,0.4806,1.4275,Jordan Farmar
200771,2006-2008,2794.0,2810.0,-0.4981,-0.8467,-0.3534,-0.0054,-0.2434,-0.9444,-1.3448,-0.3589,-1.1878,-1.0949,-1.7966,-2.8915,Sergio Rodriguez
200772,2006-2008,760.0,762.0,-6.2531,-2.9379,0.3554,-0.0557,-0.1534,-0.081,-9.191,0.2997,-0.2344,-6.0511,-3.0746,-9.1256,Maurice Ager
200776,2006-2008,2714.0,2725.0,-3.735,-1.0596,0.4554,0.1015,-0.082,-0.2097,-4.7946,0.5568,-0.2917,-3.3617,-1.1679,-4.5295,Mardy Collins
200778,2006-2008,256.0,258.0,-2.3032,-0.712,0.1128,-0.2897,-0.027,-0.3154,-3.0153,-0.1769,-0.3423,-2.2174,-1.3171,-3.5345,James White
200779,2006-2008,888.0,882.0,0.0998,-0.859,0.3752,0.1253,-0.2927,-0.6281,-0.7591,0.5005,-0.9208,0.1824,-1.3618,-1.1795,Steve Novak
200780,2006-2008,1574.0,1585.0,-3.8581,1.4916,0.1793,0.3268,0.142,-2.3841,-2.3665,0.506,-2.2421,-3.5368,-0.5657,-4.1026,Solomon Jones
200781,2006-2008,720.0,730.0,-3.8735,-0.3155,0.7829,0.577,-0.2653,-0.1237,-4.189,1.36,-0.3891,-3.3558,0.1378,-3.2181,Paul Davis
200782,2006-2008,183.0,184.0,-2.9753,-1.926,0.1927,0.2028,-0.0973,-0.2171,-4.9013,0.3955,-0.3143,-2.8799,-1.9403,-4.8201,P.J. Tucker
200783,2006-2008,5911.0,5890.0,-0.0653,0.4364,-0.5699,-0.3261,-0.34,-0.7016,0.3711,-0.8961,-1.0415,-0.9752,-0.5913,-1.5664,Craig Smith
200784,2006-2008,1711.0,1707.0,-2.295,-0.706,0.2572,0.241,-0.2316,0.7493,-3.001,0.4983,0.5176,-2.2694,0.2843,-1.9851,Bobby Jones
200785,2006-2008,81.0,80.0,-4.6006,-1.0129,0.7727,0.0256,-0.0471,0.2802,-5.6135,0.7983,0.2331,-3.875,-0.7071,-4.5821,Kosta Perovic
200786,2006-2008,1545.0,1572.0,-2.6219,-0.5614,0.8699,0.2156,0.2054,-1.4118,-3.1833,1.0855,-1.2064,-1.5466,-1.7576,-3.3042,David Noel
200788,2006-2008,306.0,316.0,-2.6162,-0.4768,0.0735,0.1908,-0.0259,0.0315,-3.0931,0.2643,0.0056,-2.5687,-0.2546,-2.8232,James Augustine
200789,2006-2008,5167.0,5168.0,-0.8271,-1.2689,0.2122,0.689,0.0722,0.956,-2.096,0.9011,1.0282,-0.5428,0.3761,-0.1666,Daniel Gibson
200790,2006-2008,341.0,345.0,-2.931,-0.8469,-0.0488,0.0853,0.0532,-0.5925,-3.7779,0.0365,-0.5392,-2.9265,-1.3541,-4.2806,Marcus Vinicius
200792,2006-2008,2493.0,2493.0,-3.1373,1.1745,-0.8994,-0.5744,0.4779,-1.894,-1.9628,-1.4738,-1.4161,-3.5588,-1.294,-4.8528,Alexander Johnson
200793,2006-2008,889.0,894.0,-2.6703,0.2302,0.0382,0.6763,0.007,-0.939,-2.4401,0.7145,-0.932,-2.6251,-0.0325,-2.6576,Dee Brown
200794,2006-2008,6107.0,6099.0,-0.2401,2.8673,0.9147,-0.2257,0.7211,0.5429,2.6272,0.689,1.264,1.3957,3.1845,4.5802,Paul Millsap
200796,2006-2008,2935.0,2937.0,0.8727,0.153,-0.7584,-0.6846,-0.2654,1.3271,1.0257,-1.443,1.0617,-0.1511,0.7956,0.6445,Leon Powe
200797,2006-2008,1395.0,1408.0,-3.6402,0.6599,-0.4881,0.0081,0.012,-0.9531,-2.9803,-0.48,-0.9411,-4.1163,-0.2851,-4.4014,Ryan Hollins
200798,2006-2008,59.0,61.0,-3.7933,1.6137,0.2506,0.4105,0.0486,-0.0289,-2.1796,0.6611,0.0197,-3.4942,1.9953,-1.4989,Cheikh Samb
200799,2006-2008,35.0,36.0,-3.1619,-0.538,0.1574,0.2123,0.0463,-0.0,-3.6999,0.3697,0.0463,-2.9582,-0.3257,-3.2839,Guillermo Diaz
200801,2006-2008,979.0,970.0,-1.3627,-0.8169,0.245,-0.3357,-0.0661,0.6744,-2.1796,-0.0906,0.6083,-1.1838,-0.4781,-1.6619,Hassan Adams
200806,2006-2008,332.0,341.0,-4.7324,-2.0368,0.6799,0.1559,-0.02,-0.6349,-6.7692,0.8357,-0.6549,-4.0726,-2.5158,-6.5883,Damir Markota
200807,2006-2008,303.0,295.0,-4.2749,-1.8028,0.1882,0.4543,-0.0567,0.2034,-6.0777,0.6425,0.1467,-4.1435,-1.1451,-5.2886,Will Blalock
200809,2006-2008,3225.0,3223.0,0.9794,-0.4276,-0.7057,-0.1667,-0.0192,-0.8816,0.5518,-0.8724,-0.9008,0.2545,-1.4759,-1.2215,Chris Quinn
200810,2006-2008,1389.0,1379.0,-2.0329,-2.2752,0.1858,0.7796,-0.0018,0.5845,-4.3081,0.9654,0.5826,-1.8489,-0.9112,-2.7601,Allan Ray
200811,2006-2008,300.0,291.0,-5.0589,0.7241,0.2554,-0.0512,-0.0418,0.025,-4.3348,0.2042,-0.0168,-4.8453,0.6979,-4.1474,Lou Amundson
200814,2006-2008,2154.0,2140.0,-0.6848,-0.7356,0.0046,-0.3601,0.1724,-0.2367,-1.4204,-0.3555,-0.0643,-0.5078,-1.3323,-1.8402,Tarence Kinsey
200816,2006-2008,3781.0,3833.0,-0.5361,1.0948,0.1277,-0.118,-0.2423,0.8024,0.5587,0.0097,0.5601,-0.6507,1.7792,1.1285,Jorge Garbajosa
200818,2006-2008,904.0,909.0,-1.6699,2.1022,-0.7695,-0.0328,-0.0331,-0.8823,0.4323,-0.8023,-0.9154,-2.4725,1.1871,-1.2854,Justin Williams
200821,2006-2008,3565.0,3552.0,-3.0207,-1.6299,0.7607,0.2865,-0.0955,0.9668,-4.6506,1.0472,0.8714,-2.3555,-0.3765,-2.7321,Yakhouba Diawara
200822,2006-2008,142.0,144.0,-2.9142,-1.8157,-0.1165,-0.3463,0.0338,0.1866,-4.73,-0.4627,0.2203,-2.9969,-1.9754,-4.9723,Pops Mensah-Bonsu
200823,2006-2008,259.0,256.0,-3.515,-2.2596,0.6756,0.1183,-0.1063,-0.047,-5.7747,0.7939,-0.1533,-2.9457,-2.1883,-5.1341,Robert Hite
200826,2006-2008,1258.0,1271.0,-1.6602,-2.0596,-0.1081,0.1163,0.0019,0.5238,-3.7197,0.0082,0.5257,-1.7664,-1.4194,-3.1858,J.J. Barea
200827,2006-2008,295.0,301.0,-2.6172,-1.1222,0.3988,0.1621,0.102,-0.3203,-3.7394,0.5609,-0.2183,-2.1164,-1.2804,-3.3968,Darius Washington
200829,2006-2008,83.0,82.0,-3.3022,-2.8322,0.7116,0.1135,-0.0183,-0.018,-6.1344,0.8251,-0.0363,-2.609,-2.7367,-5.3456,Ivan McFarlin
200835,2006-2008,2557.0,2556.0,0.7751,-1.0058,0.1349,-0.1186,-0.1444,0.2431,-0.2308,0.0162,0.0987,0.7655,-0.8813,-0.1158,Walter Herrmann
200837,2006-2008,26.0,27.0,-7.9481,-2.8219,1.283,0.8337,-0.0014,-0.07,-10.7701,2.1168,-0.0714,-6.6665,-2.0582,-8.7247,Mike Hall
200838,2006-2008,195.0,192.0,-3.7421,-1.446,-0.2843,0.6771,0.0138,-0.1367,-5.1881,0.3928,-0.1229,-4.0126,-0.9056,-4.9182,Kevinn Pinkney
200839,2006-2008,295.0,302.0,-0.2668,0.5454,-0.5956,-0.747,-0.0232,-0.1541,0.2787,-1.3426,-0.1774,-0.8856,-0.3557,-1.2413,Mike Harris
200840,2006-2008,26.0,26.0,-9.8289,-3.5528,1.493,0.4099,0.0069,0.0641,-13.3818,1.9028,0.071,-8.3291,-3.0788,-11.4079,Chris McRay
200841,2006-2008,389.0,396.0,-7.0648,-0.9301,0.1385,0.8693,-0.0043,0.4065,-7.9949,1.0078,0.4022,-6.9305,0.3457,-6.5849,Cedric Bozeman
200848,2006-2008,55.0,57.0,-9.0697,-2.1838,0.9977,0.0687,-0.0627,0.0589,-11.2535,1.0665,-0.0038,-8.1348,-2.0561,-10.1909,Steven Smith
200970,2006-2008,62.0,60.0,-9.8307,-2.9013,0.2137,0.2496,0.0405,0.1349,-12.732,0.4633,0.1754,-9.5765,-2.5168,-12.0933,Renaldo Major
200978,2006-2008,308.0,304.0,-4.1278,-2.2922,-0.5963,-0.0684,0.0707,-0.4886,-6.4201,-0.6647,-0.4179,-4.6534,-2.8492,-7.5026,Jeremy Richardson
200984,2006-2008,17.0,18.0,-4.8193,0.3362,-0.0815,-0.1642,-0.03,-0.1485,-4.4831,-0.2457,-0.1785,-4.9307,0.0234,-4.9073,Lance Allred
201043,2006-2008,440.0,444.0,-6.7566,-0.4504,-0.5508,-0.7746,-0.1036,-1.453,-7.2071,-1.3255,-1.5566,-7.4111,-2.6781,-10.0892,Randolph Morris
201142,2006-2008,5613.0,5611.0,0.1828,-2.0808,0.3235,0.0261,-0.3727,-0.9723,-1.898,0.3496,-1.345,0.1336,-3.027,-2.8935,Kevin Durant
201143,2006-2008,4811.0,4776.0,-1.0691,1.9185,-0.2095,-0.2325,0.0188,0.323,0.8494,-0.442,0.3418,-1.2598,2.009,0.7492,Al Horford
201144,2006-2008,2748.0,2735.0,-0.4833,-1.1277,-0.2364,-0.1344,0.3957,-1.5098,-1.6111,-0.3708,-1.1141,-0.324,-2.7719,-3.0959,Mike Conley
201145,2006-2008,4522.0,4533.0,-3.2587,-1.3589,-0.0215,0.0333,-0.0994,-0.4689,-4.6177,0.0118,-0.5683,-3.3797,-1.7946,-5.1742,Jeff Green
201146,2006-2008,3098.0,3089.0,-2.9795,0.003,-0.4503,-0.5589,-0.2138,0.1349,-2.9765,-1.0093,-0.079,-3.6436,-0.421,-4.0647,Yi
201147,2006-2008,3469.0,3487.0,-3.6746,0.168,1.0681,0.0847,0.0811,-0.2955,-3.5066,1.1528,-0.2145,-2.5254,-0.0428,-2.5682,Corey Brewer
201148,2006-2008,783.0,770.0,-0.7548,1.5738,-0.5868,-0.0476,-0.0751,-0.0288,0.819,-0.6345,-0.1039,-1.4167,1.4974,0.0807,Brandan Wright
201149,2006-2008,2979.0,2997.0,-0.4424,2.2898,0.1237,0.3951,-0.1218,-0.41,1.8475,0.5188,-0.5318,-0.4405,2.2749,1.8345,Joakim Noah
201150,2006-2008,1881.0,1869.0,-3.6807,0.4574,0.4457,0.0821,0.2646,-0.3201,-3.2233,0.5277,-0.0555,-2.9705,0.2193,-2.7512,Spencer Hawes
201151,2006-2008,1658.0,1661.0,-2.9531,-1.821,0.1535,-0.3205,0.0658,0.0968,-4.774,-0.167,0.1626,-2.7337,-2.0447,-4.7784,Acie Law
201152,2006-2008,3007.0,3007.0,0.9029,0.559,0.3755,-0.2141,0.5941,0.5963,1.4619,0.1614,1.1904,1.8725,0.9412,2.8137,Thaddeus Young
201153,2006-2008,1195.0,1199.0,0.0718,1.3435,0.1341,0.3891,0.1855,-0.5597,1.4153,0.5232,-0.3741,0.3915,1.1729,1.5644,Julian Wright
201154,2006-2008,4153.0,4146.0,-1.526,-1.4308,-0.2342,-0.1252,-0.4307,-1.5663,-2.9568,-0.3594,-1.997,-2.1909,-3.1223,-5.3132,Al Thornton
201155,2006-2008,1992.0,1990.0,-0.493,-0.5524,0.098,-0.0435,0.0676,0.3977,-1.0454,0.0545,0.4653,-0.3275,-0.1982,-0.5256,Rodney Stuckey
201156,2006-2008,2221.0,2226.0,-1.8761,-2.5106,0.4511,0.0969,-0.1723,-0.7268,-4.3867,0.5479,-0.8991,-1.5973,-3.1405,-4.7379,Nick Young
201157,2006-2008,2461.0,2469.0,-3.1218,3.0784,-0.2633,-1.0083,-0.3473,-1.607,-0.0434,-1.2716,-1.9543,-3.7324,0.463,-3.2694,Sean Williams
201158,2006-2008,515.0,510.0,-2.5115,-2.8741,0.1564,-0.0207,-0.1201,-0.0849,-5.3856,0.1357,-0.205,-2.4752,-2.9797,-5.4549,Marco Belinelli
201159,2006-2008,1390.0,1383.0,-1.9042,-1.6796,0.0946,0.1466,-0.0196,0.0744,-3.5838,0.2412,0.0548,-1.8292,-1.4586,-3.2878,Javaris Crittenton
201160,2006-2008,2151.0,2134.0,-3.9324,0.6971,-0.0541,-0.4763,0.2099,0.1412,-3.2353,-0.5304,0.3511,-3.7766,0.362,-3.4146,Jason Smith
201161,2006-2008,2716.0,2704.0,-2.5862,-1.8617,0.3127,0.1915,-0.3559,-0.76,-4.4479,0.5042,-1.116,-2.6294,-2.4302,-5.0596,Daequan Cook
201162,2006-2008,2649.0,2663.0,0.1186,0.3884,0.5287,0.1407,0.0842,-0.4182,0.5069,0.6694,-0.334,0.7315,0.1109,0.8423,Jared Dudley
201163,2006-2008,1357.0,1366.0,-2.7993,-0.376,0.5776,0.0779,-0.0586,-0.5075,-3.1753,0.6555,-0.5661,-2.2803,-0.8056,-3.0858,Wilson Chandler
201165,2006-2008,81.0,82.0,-5.3101,-3.0152,0.4013,0.2712,-0.0028,-0.1545,-8.3254,0.6725,-0.1573,-4.9117,-2.8985,-7.8102,Morris Almond
201166,2006-2008,1135.0,1134.0,0.7255,-1.9571,-0.6307,0.2149,-0.1051,-0.2699,-1.2316,-0.4158,-0.375,-0.0103,-2.0121,-2.0224,Aaron Brooks
201167,2006-2008,1840.0,1837.0,-1.8635,-0.2541,0.422,-0.1082,0.1023,1.1426,-2.1176,0.3139,1.2449,-1.3392,0.7803,-0.5588,Arron Afflalo
201169,2006-2008,91.0,95.0,-3.5035,-2.951,-0.738,-0.46,0.0131,0.1228,-6.4545,-1.198,0.1358,-4.2285,-3.2883,-7.5167,Alando Tucker
201171,2006-2008,1348.0,1348.0,3.0812,0.5234,-0.3007,0.026,0.0298,-0.4257,3.6046,-0.2747,-0.3959,2.8103,0.1236,2.9339,Carl Landry
201172,2006-2008,187.0,190.0,-3.4144,-2.1458,0.2543,0.1076,0.0562,-0.2517,-5.5602,0.3619,-0.1954,-3.1039,-2.2898,-5.3937,Gabe Pruitt
201173,2006-2008,75.0,73.0,-5.4394,0.302,-0.2695,-0.1739,-0.0111,-0.0759,-5.1374,-0.4435,-0.087,-5.7201,0.0521,-5.668,Marcus Williams
201174,2006-2008,512.0,507.0,0.8151,2.2502,-0.0963,-0.4145,-0.0566,0.2737,3.0653,-0.5108,0.2172,0.6623,2.1094,2.7717,Nick Fazekas
201175,2006-2008,1772.0,1784.0,-2.3949,-0.0468,-0.1433,0.1444,0.0008,1.4921,-2.4418,0.0011,1.4929,-2.5374,1.5896,-0.9478,Glen Davis
201176,2006-2008,621.0,616.0,-4.7694,-0.0394,0.3072,-0.1155,-0.0847,-0.4232,-4.8088,0.1917,-0.5079,-4.5469,-0.5781,-5.125,Jermareo Davidson
201177,2006-2008,64.0,61.0,-1.8714,1.3525,0.4638,-0.1819,-0.008,0.3941,-0.5188,0.282,0.3861,-1.4155,1.5648,0.1492,Josh McRoberts
201178,2006-2008,142.0,141.0,-5.6408,-1.5881,1.4155,0.8219,-0.0622,0.2405,-7.229,2.2374,0.1784,-4.2875,-0.5257,-4.8133,Kyrylo Fesenko
201181,2006-2008,1075.0,1074.0,-4.2349,0.4729,0.1182,0.4043,0.2015,-0.5207,-3.762,0.5225,-0.3192,-3.9152,0.3565,-3.5587,Chris Richard
201186,2006-2008,534.0,538.0,-3.6677,1.9183,0.1213,-0.4994,0.034,-0.0262,-1.7495,-0.3781,0.0077,-3.5125,1.3927,-2.1198,Stephane Lasme
201187,2006-2008,1314.0,1303.0,-5.1635,0.9322,0.4735,0.574,-0.1585,-0.7362,-4.2314,1.0475,-0.8947,-4.8486,0.77,-4.0785,Dominic McGuire
201189,2006-2008,1211.0,1206.0,-1.8905,0.3086,0.2027,0.071,0.09,-0.6494,-1.5819,0.2737,-0.5594,-1.5978,-0.2698,-1.8676,Aaron Gray
201192,2006-2008,154.0,158.0,-2.8113,-2.2529,0.1616,0.1981,0.1335,-0.0166,-5.0642,0.3597,0.1169,-2.5163,-2.0713,-4.5876,Taurean Green
201193,2006-2008,95.0,90.0,-6.4364,-2.8009,1.3459,0.0747,-0.0714,-0.2382,-9.2373,1.4206,-0.3096,-5.1619,-2.9644,-8.1263,Demetris Nichols
201196,2006-2008,890.0,888.0,0.8626,0.7126,-0.2713,-0.4702,0.0871,-1.2863,1.5752,-0.7415,-1.1993,0.6784,-1.044,-0.3656,Ramon Sessions
201199,2006-2008,542.0,547.0,-4.1983,-0.602,0.3537,0.0973,0.0444,-0.2899,-4.8003,0.451,-0.2455,-3.8002,-0.7946,-4.5948,DJ Strawberry
201202,2006-2008,890.0,892.0,-4.5077,1.8334,-0.1867,0.1224,0.0198,-0.931,-2.6743,-0.0643,-0.9111,-4.6746,1.0249,-3.6497,Joel Anthony
201207,2006-2008,153.0,156.0,-1.2845,-0.7356,-0.143,0.3681,0.0129,0.1688,-2.0201,0.2251,0.1818,-1.4145,-0.1987,-1.6132,Coby Karl
201208,2006-2008,144.0,145.0,-7.1298,-2.035,0.379,-0.4923,-0.0176,-0.0936,-9.1648,-0.1132,-0.1112,-6.7684,-2.6209,-9.3893,Darryl Watkins
201228,2006-2008,768.0,756.0,-1.0408,-1.4392,0.2938,-0.2661,0.042,-0.04,-2.48,0.0277,0.002,-0.705,-1.7454,-2.4504,C.J. Watson
201235,2006-2008,26.0,26.0,-4.3389,0.5198,1.1906,0.3311,-0.0137,0.0575,-3.8191,1.5217,0.0439,-3.162,0.9084,-2.2536,Courtney Sims
201238,2006-2008,565.0,579.0,-3.4688,0.0118,1.1712,0.9527,0.3248,-0.1292,-3.457,2.1239,0.1956,-1.9728,0.8353,-1.1375,Mario West
201242,2006-2008,93.0,97.0,-3.7281,-4.5056,1.0378,0.1161,-0.0512,0.1023,-8.2337,1.154,0.0511,-2.7415,-4.2872,-7.0287,Thomas Gardner
201336,2006-2008,307.0,313.0,-0.3176,-1.5551,0.0528,0.3783,-0.1529,-0.276,-1.8727,0.4311,-0.429,-0.4178,-1.4528,-1.8706,Blake Ahearn
87,2009-2011,176.0,179.0,-5.0062,1.8787,1.0982,-0.4484,0.0816,-0.1216,-3.1275,0.6498,-0.0401,-3.8264,1.3087,-2.5177,Dikembe Mutombo
255,2009-2011,14542.0,14558.0,-0.6185,0.4968,0.1161,0.127,-0.1375,0.2613,-0.1217,0.2431,0.1238,-0.6399,0.8851,0.2452,Grant Hill
283,2009-2011,728.0,741.0,-2.807,-1.3737,0.2208,0.3756,-0.0733,-1.0027,-4.1807,0.5965,-1.0761,-2.6595,-2.0008,-4.6604,Lindsey Hunter
406,2009-2011,8218.0,8174.0,0.4383,2.6638,-0.042,-0.4823,-0.1573,-0.9084,3.1022,-0.5242,-1.0657,0.2391,1.2732,1.5122,Shaquille O'Neal
436,2009-2011,4890.0,4911.0,-3.166,-0.7883,0.4353,0.4347,0.0059,-0.3348,-3.9543,0.87,-0.3289,-2.7248,-0.6884,-3.4132,Juwan Howard
467,2009-2011,16308.0,16249.0,3.0387,2.1667,-1.0628,-0.2612,-0.0366,0.134,5.2053,-1.3241,0.0974,1.9392,2.0395,3.9787,Jason Kidd
686,2009-2011,9042.0,9064.0,-1.5682,1.9883,0.9136,-0.1215,0.3026,0.3082,0.4201,0.7921,0.6108,-0.3521,2.1751,1.823,Antonio McDyess
689,2009-2011,2698.0,2729.0,-4.1657,2.1724,-0.0917,-0.4526,0.2694,-1.171,-1.9933,-0.5444,-0.9016,-3.988,0.5488,-3.4392,Theo Ratliff
693,2009-2011,3363.0,3367.0,-2.6758,0.3727,0.1434,0.3743,-0.0185,0.2484,-2.3031,0.5176,0.2299,-2.5509,0.9954,-1.5555,Joe Smith
699,2009-2011,1622.0,1613.0,-0.5998,-1.5209,-0.217,0.11,0.0157,0.4654,-2.1207,-0.107,0.4811,-0.8011,-0.9455,-1.7466,Brent Barry
703,2009-2011,6800.0,6817.0,-2.8707,2.8517,0.4035,0.2682,0.0069,0.8848,-0.019,0.6717,0.8918,-2.4603,4.0048,1.5445,Kurt Thomas
708,2009-2011,11572.0,11566.0,0.782,4.138,-0.3218,0.8435,-0.0486,2.2484,4.92,0.5217,2.1998,0.4117,7.2298,7.6415,Kevin Garnett
711,2009-2011,2049.0,2049.0,-1.6318,-2.7089,0.0003,0.0993,0.0257,0.2125,-4.3407,0.0997,0.2383,-1.6058,-2.397,-4.0028,Jerry Stackhouse
714,2009-2011,5630.0,5605.0,-0.9845,-1.286,0.635,-0.4227,0.1844,-1.6252,-2.2705,0.2122,-1.4407,-0.1652,-3.3338,-3.499,Michael Finley
739,2009-2011,7253.0,7255.0,0.1382,3.3024,0.1942,-0.6487,-0.2305,0.0133,3.4407,-0.4544,-0.2172,0.102,2.6671,2.7691,Rasheed Wallace
923,2009-2011,366.0,371.0,2.1496,0.6548,-0.6626,0.5999,0.1976,-0.1883,2.8044,-0.0627,0.0093,1.6846,1.0665,2.7511,Donyell Marshall
947,2009-2011,5532.0,5529.0,-0.2682,-1.7221,-1.2325,-0.1941,-0.6195,1.1657,-1.9903,-1.4267,0.5462,-2.1201,-0.7506,-2.8707,Allen Iverson
948,2009-2011,10922.0,10922.0,-0.5834,5.6981,-0.3353,-0.2122,-0.2634,0.1118,5.1148,-0.5475,-0.1516,-1.1821,5.5977,4.4157,Marcus Camby
950,2009-2011,777.0,776.0,-3.8694,-2.3054,0.2989,-0.3145,0.0152,-0.0635,-6.1748,-0.0156,-0.0483,-3.5553,-2.6834,-6.2387,Stephon Marbury
951,2009-2011,16271.0,16268.0,2.2726,-1.8521,0.2464,0.0861,0.4721,1.5765,0.4204,0.3325,2.0486,2.991,-0.1895,2.8015,Ray Allen
953,2009-2011,236.0,246.0,-7.0298,0.065,0.1368,0.1205,0.0354,0.2605,-6.9648,0.2573,0.2959,-6.8576,0.446,-6.4116,Lorenzen Wright
956,2009-2011,7477.0,7466.0,-1.4004,2.4208,-0.5593,-0.0457,-0.3809,-0.1986,1.0204,-0.605,-0.5795,-2.3406,2.1765,-0.1641,Erick Dampier
959,2009-2011,15321.0,15352.0,4.8101,-2.6456,2.0541,0.1212,0.347,0.5545,2.1644,2.1753,0.9015,7.2112,-1.97,5.2412,Steve Nash
965,2009-2011,13449.0,13476.0,-1.0991,-0.2184,1.0848,0.3562,0.3706,-0.2064,-1.3176,1.4411,0.1642,0.3563,-0.0686,0.2877,Derek Fisher
977,2009-2011,16607.0,16616.0,4.2453,-1.1491,0.7937,0.0838,0.2514,-0.4536,3.0962,0.8776,-0.2022,5.2905,-1.5189,3.7716,Kobe Bryant
978,2009-2011,8871.0,8863.0,0.7562,-1.6045,0.2561,0.1216,0.306,0.4902,-0.8483,0.3777,0.7962,1.3183,-0.9928,0.3255,Peja Stojakovic
979,2009-2011,8266.0,8249.0,-2.3293,0.8749,-0.2001,0.6443,0.2582,0.8423,-1.4544,0.4442,1.1005,-2.2712,2.3615,0.0903,Jermaine O'Neal
980,2009-2011,7904.0,7853.0,-2.2253,0.7242,0.2047,0.183,0.3373,0.1476,-1.501,0.3877,0.4849,-1.6832,1.0549,-0.6284,Zydrunas Ilgauskas
990,2009-2011,927.0,921.0,-5.3244,-0.4772,0.8383,0.2219,-0.0551,0.3576,-5.8016,1.0602,0.3024,-4.5412,0.1022,-4.439,Malik Rose
1088,2009-2011,2037.0,2039.0,-1.3576,-2.7578,0.706,0.1444,-0.3246,-0.1435,-4.1155,0.8503,-0.4681,-0.9763,-2.757,-3.7333,Chucky Atkins
1112,2009-2011,8256.0,8272.0,-1.2934,4.0604,0.8204,0.2852,-0.2282,0.7317,2.767,1.1055,0.5036,-0.7012,5.0773,4.3761,Ben Wallace
1477,2009-2011,2809.0,2813.0,-4.1241,0.0083,0.078,0.08,-0.268,1.068,-4.1158,0.158,0.8,-4.3141,1.1563,-3.1578,Bruce Bowen
1495,2009-2011,13451.0,13405.0,1.9504,3.1562,-0.3501,1.1476,-0.6071,0.6677,5.1066,0.7974,0.0606,0.9932,4.9715,5.9646,Tim Duncan
1497,2009-2011,14908.0,14908.0,4.3582,-1.7549,-0.1105,-0.3535,0.0734,-1.4723,2.6034,-0.4641,-1.3989,4.3211,-3.5808,0.7403,Chauncey Billups
1498,2009-2011,1890.0,1887.0,0.0649,-1.1925,-0.6795,-0.1716,-0.2899,-1.2862,-1.1276,-0.8511,-1.5761,-0.9045,-2.6503,-3.5548,Antonio Daniels
1499,2009-2011,3272.0,3313.0,-3.2225,0.9528,0.2057,-0.1402,-0.3187,1.1966,-2.2698,0.0655,0.8779,-3.3355,2.0092,-1.3264,Tony Battie
1501,2009-2011,3030.0,3034.0,-0.3139,-1.116,-0.2612,0.0963,0.1175,0.9135,-1.4299,-0.165,1.0309,-0.4576,-0.1062,-0.5639,Tim Thomas
1502,2009-2011,124.0,129.0,-2.7651,2.5258,0.4671,-0.8053,-0.0207,0.0909,-0.2393,-0.3382,0.0702,-2.3187,1.8114,-0.5073,Adonal Foyle
1503,2009-2011,6631.0,6637.0,0.198,0.0946,-0.3791,0.2863,-0.2825,-0.1388,0.2926,-0.0928,-0.4212,-0.4636,0.2422,-0.2214,Tracy McGrady
1506,2009-2011,211.0,208.0,-0.8732,-0.8556,0.2383,0.6113,-0.1445,0.0723,-1.7288,0.8496,-0.0722,-0.7794,-0.172,-0.9514,Austin Croshere
1510,2009-2011,1862.0,1868.0,-2.4775,1.5738,-0.7277,0.3419,-0.3013,0.7959,-0.9037,-0.3858,0.4947,-3.5064,2.7116,-0.7948,Brevin Knight
1515,2009-2011,13534.0,13553.0,-0.8531,-0.3284,0.1804,0.1295,-0.0433,1.3087,-1.1815,0.3099,1.2654,-0.7161,1.1099,0.3938,Anthony Parker
1517,2009-2011,2947.0,2964.0,0.3918,-0.4064,-0.4753,0.1023,0.0456,-0.938,-0.0146,-0.373,-0.8924,-0.0379,-1.2421,-1.2801,Bobby Jackson
1521,2009-2011,530.0,537.0,-3.2938,-1.6749,-0.4241,-0.0304,-0.1856,0.2043,-4.9686,-0.4545,0.0187,-3.9034,-1.5009,-5.4044,Jacque Vaughn
1533,2009-2011,3606.0,3612.0,-0.8215,-1.2503,-0.1294,-0.0217,0.1832,0.3121,-2.0718,-0.1511,0.4953,-0.7677,-0.9599,-1.7276,Anthony Johnson
1536,2009-2011,15354.0,15318.0,0.7018,-1.7428,0.4323,0.2672,0.2366,-0.1164,-1.041,0.6995,0.1202,1.3707,-1.592,-0.2213,Stephen Jackson
1548,2009-2011,372.0,380.0,-3.5998,-1.2883,0.0228,-0.4017,0.0794,0.2468,-4.888,-0.3789,0.3263,-3.4975,-1.4432,-4.9406,Mark Blount
1563,2009-2011,2112.0,2128.0,-2.3317,-0.4983,-0.2335,0.1363,0.0261,-0.5366,-2.83,-0.0972,-0.5104,-2.539,-0.8985,-3.4375,Kevin Ollie
1630,2009-2011,3139.0,3135.0,-2.9384,0.229,0.5869,0.5632,-0.2761,0.1659,-2.7094,1.1501,-0.1103,-2.6276,0.9581,-1.6695,Mikki Moore
1710,2009-2011,13489.0,13407.0,1.1887,-1.0462,-0.5223,-0.1123,0.0249,-0.6983,0.1425,-0.6346,-0.6734,0.6913,-1.8568,-1.1654,Mike Bibby
1712,2009-2011,14225.0,14213.0,1.7469,0.4388,-0.0805,-0.8581,0.001,-1.7212,2.1857,-0.9386,-1.7202,1.6675,-2.1406,-0.4731,Antawn Jamison
1713,2009-2011,13964.0,13918.0,1.9301,-0.8818,0.2698,0.1334,0.05,0.8831,1.0483,0.4032,0.9331,2.2499,0.1348,2.3846,Vince Carter
1715,2009-2011,3876.0,3877.0,0.8865,-1.0728,-1.1015,0.2378,0.6429,-0.4444,-0.1862,-0.8637,0.1986,0.428,-1.2794,-0.8514,Jason Williams
1716,2009-2011,5156.0,5161.0,-0.5321,-0.1307,-0.6641,0.2696,-0.3376,-0.6885,-0.6628,-0.3945,-1.0261,-1.5338,-0.5496,-2.0834,Larry Hughes
1717,2009-2011,16519.0,16519.0,2.8143,0.8967,0.7162,0.3469,0.3531,1.0787,3.711,1.0631,1.4318,3.8836,2.3223,6.2059,Dirk Nowitzki
1718,2009-2011,15642.0,15615.0,2.215,-0.101,0.1169,0.1762,0.044,1.4141,2.114,0.2932,1.4581,2.3759,1.4894,3.8653,Paul Pierce
1723,2009-2011,1293.0,1299.0,-2.3626,0.2069,0.6199,0.5266,-0.094,0.2772,-2.1557,1.1464,0.1832,-1.8367,1.0107,-0.8261,Matt Harpring
1725,2009-2011,3238.0,3249.0,-1.639,-0.0382,0.4177,0.7608,-0.0229,-1.2215,-1.6772,1.1785,-1.2444,-1.2442,-0.4989,-1.7431,Rasho Nesterovic
1729,2009-2011,2501.0,2520.0,-2.3513,-2.2058,-0.0299,0.1497,-0.3228,-0.7443,-4.5571,0.1198,-1.0671,-2.704,-2.8004,-5.5044,Ricky Davis
1730,2009-2011,1843.0,1857.0,-4.4641,1.041,0.2196,-0.174,-0.3369,-0.7231,-3.4231,0.0456,-1.06,-4.5814,0.144,-4.4375,Brian Skinner
1731,2009-2011,1014.0,1024.0,-1.251,-2.0235,-0.1053,0.1296,-0.1773,0.3517,-3.2745,0.0243,0.1744,-1.5336,-1.5422,-3.0758,Tyronn Lue
1733,2009-2011,12854.0,12875.0,1.1634,-1.1742,-0.3487,-0.0817,-0.1203,0.2954,-0.0108,-0.4304,0.1751,0.6943,-0.9605,-0.2662,Al Harrington
1737,2009-2011,4871.0,4853.0,-1.4762,1.0381,-0.7963,-0.2479,0.348,-0.1969,-0.4381,-1.0442,0.1512,-1.9244,0.5933,-1.3311,Nazr Mohammed
1740,2009-2011,13636.0,13595.0,0.939,-0.7091,-0.2583,0.2302,0.1136,1.9761,0.2299,-0.028,2.0897,0.7944,1.4972,2.2916,Rashard Lewis
1744,2009-2011,21.0,20.0,-4.6116,-0.4613,-0.4171,-0.3034,-0.0071,-0.0205,-5.0729,-0.7204,-0.0277,-5.0358,-0.7852,-5.821,Jerome James
1747,2009-2011,7468.0,7476.0,-0.197,-0.967,-0.5502,-0.0446,-0.1994,1.1316,-1.1639,-0.5949,0.9322,-0.9466,0.12,-0.8266,Rafer Alston
1749,2009-2011,718.0,715.0,-2.8498,-2.1276,0.6557,-0.4501,0.0545,-0.0402,-4.9774,0.2055,0.0143,-2.1397,-2.6179,-4.7576,Cuttino Mobley
1752,2009-2011,2103.0,2136.0,-4.4715,-0.1376,-0.2986,0.5045,-0.3516,-0.0463,-4.6091,0.2059,-0.3979,-5.1217,0.3207,-4.801,Sean Marks
1761,2009-2011,1660.0,1683.0,-3.5649,-0.0189,0.7354,0.0718,0.0982,-0.1886,-3.5838,0.8072,-0.0903,-2.7313,-0.1356,-2.8669,Greg Buckner
1763,2009-2011,431.0,426.0,-3.2237,1.4243,-0.3099,0.6804,0.006,-0.2715,-1.7994,0.3705,-0.2655,-3.5277,1.8332,-1.6945,Ryan Bowen
1766,2009-2011,449.0,457.0,-2.6333,0.7369,-0.274,0.2395,-0.0652,0.0312,-1.8964,-0.0345,-0.0341,-2.9726,1.0076,-1.965,Maceo Baston
1800,2009-2011,218.0,219.0,-2.6884,-3.0449,-0.068,0.3707,0.138,-0.2484,-5.7332,0.3026,-0.1105,-2.6184,-2.9227,-5.5411,Damon Jones
1802,2009-2011,9925.0,9896.0,0.3928,0.7542,-0.324,0.0221,-0.1512,-0.2501,1.147,-0.3019,-0.4012,-0.0824,0.5262,0.4438,Brad Miller
1853,2009-2011,6219.0,6242.0,-1.0655,0.3503,-0.2766,-0.176,-0.3044,-0.7954,-0.7152,-0.4526,-1.0998,-1.6466,-0.6211,-2.2676,Anthony Carter
1863,2009-2011,3771.0,3778.0,0.2842,-2.3787,0.0869,-0.5128,-0.6137,0.129,-2.0945,-0.4259,-0.4847,-0.2426,-2.7625,-3.0051,Earl Boykins
1882,2009-2011,11454.0,11435.0,-1.1432,1.1349,-0.3438,-0.1615,0.107,0.585,-0.0083,-0.5053,0.692,-1.38,1.5585,0.1784,Elton Brand
1884,2009-2011,12492.0,12453.0,2.2713,-0.546,-0.6066,-0.123,0.219,-0.1765,1.7253,-0.7296,0.0426,1.8837,-0.8455,1.0382,Baron Davis
1885,2009-2011,14636.0,14613.0,0.9527,2.3271,0.034,0.3677,0.2496,1.7658,3.2798,0.4017,2.0154,1.2363,4.4606,5.697,Lamar Odom
1886,2009-2011,584.0,580.0,-2.4968,-1.3475,0.6227,0.0528,-0.2683,-0.4205,-3.8443,0.6754,-0.6888,-2.1424,-1.7152,-3.8576,Jonathan Bender
1887,2009-2011,2845.0,2851.0,-0.484,-0.6178,0.3741,0.0648,0.1451,0.7606,-1.1018,0.4389,0.9057,0.0352,0.2076,0.2428,Wally Szczerbiak
1888,2009-2011,9933.0,9915.0,0.6204,-3.2433,-0.4163,0.1619,-0.3363,0.891,-2.6229,-0.2544,0.5548,-0.1322,-2.1904,-2.3226,Richard Hamilton
1889,2009-2011,14945.0,14919.0,2.1279,-0.746,0.2793,-0.0951,0.0605,0.4885,1.3818,0.1842,0.549,2.4676,-0.3526,2.115,Andre Miller
1890,2009-2011,13706.0,13711.0,-0.6529,0.9076,-0.187,-0.208,-0.1866,-0.1299,0.2547,-0.395,-0.3165,-1.0265,0.5697,-0.4568,Shawn Marion
1891,2009-2011,14654.0,14622.0,2.6059,-1.8207,-0.7436,-0.3622,0.2512,0.228,0.7852,-1.1057,0.4793,2.1136,-1.9548,0.1588,Jason Terry
1894,2009-2011,10367.0,10339.0,1.0376,-1.3196,-0.976,-0.3971,-0.2004,-0.4925,-0.282,-1.3731,-0.693,-0.1389,-2.2092,-2.348,Corey Maggette
1897,2009-2011,14212.0,14209.0,-0.1616,-0.066,0.0375,0.3465,-0.1262,2.5276,-0.2277,0.3841,2.4014,-0.2503,2.8081,2.5578,Metta World Peace
1899,2009-2011,8904.0,8923.0,-0.6827,1.0836,0.0285,-0.2705,-0.3085,-0.0362,0.4009,-0.242,-0.3447,-0.9627,0.777,-0.1857,James Posey
1902,2009-2011,5999.0,6004.0,-0.9165,0.994,1.4958,0.5598,0.3237,0.994,0.0775,2.0556,1.3177,0.903,2.5478,3.4508,Jeff Foster
1903,2009-2011,728.0,742.0,-3.6934,1.5632,0.6663,0.6987,0.3092,-0.4306,-2.1302,1.3651,-0.1214,-2.7178,1.8313,-0.8865,Kenny Thomas
1904,2009-2011,2933.0,2944.0,-1.361,0.6565,-0.1274,-0.0727,-0.0189,-1.7682,-0.7045,-0.2001,-1.7871,-1.5072,-1.1845,-2.6917,Devean George
1905,2009-2011,10723.0,10722.0,0.8301,1.9304,0.004,0.1411,-0.1387,0.0298,2.7605,0.1451,-0.1089,0.6954,2.1013,2.7967,Andrei Kirilenko
1913,2009-2011,68.0,71.0,-4.531,-0.6626,0.3936,-0.2643,0.0224,-0.0185,-5.1937,0.1293,0.0038,-4.1151,-0.9455,-5.0605,Michael Ruffin
1916,2009-2011,112.0,112.0,-4.1861,-0.4555,-0.4717,0.4231,-0.0227,-0.1996,-4.6416,-0.0486,-0.2223,-4.6805,-0.232,-4.9125,Calvin Booth
1922,2009-2011,3136.0,3175.0,-3.3367,0.8868,1.1582,0.7693,-0.141,-0.543,-2.4499,1.9275,-0.6841,-2.3196,1.1131,-1.2065,Francisco Elson
1938,2009-2011,11248.0,11219.0,5.3817,0.4072,0.187,0.4,-0.1267,-0.0887,5.7888,0.587,-0.2154,5.442,0.7184,6.1605,Manu Ginobili
1952,2009-2011,8762.0,8744.0,-1.5455,-1.4052,-0.1895,0.2085,-0.1374,-0.7867,-2.9507,0.019,-0.9241,-1.8724,-1.9834,-3.8558,Raja Bell
2030,2009-2011,10548.0,10537.0,-2.1328,2.8164,0.4016,0.2889,0.0137,0.5676,0.6836,0.6905,0.5813,-1.7175,3.6728,1.9554,Kenyon Martin
2031,2009-2011,369.0,365.0,-5.813,0.3056,-1.036,-0.3839,-0.0095,0.4275,-5.5075,-1.4199,0.418,-6.8585,0.3492,-6.5093,Stromile Swift
2032,2009-2011,573.0,575.0,-2.1364,1.3266,0.584,-0.2973,-0.2931,-0.3071,-0.8099,0.2867,-0.6002,-1.8455,0.7221,-1.1233,Darius Miles
2034,2009-2011,9577.0,9570.0,0.2013,0.0681,0.1511,-0.0608,-0.09,-1.4753,0.2694,0.0902,-1.5653,0.2624,-1.468,-1.2056,Mike Miller
2036,2009-2011,207.0,208.0,-4.0521,-0.7532,0.4973,0.3336,-0.0411,0.0086,-4.8053,0.8309,-0.0325,-3.5958,-0.411,-4.0068,Chris Mihm
2037,2009-2011,14237.0,14210.0,1.9635,-3.01,0.3324,-0.335,1.1156,-0.5631,-1.0465,-0.0026,0.5525,3.4115,-3.9081,-0.4966,Jamal Crawford
2038,2009-2011,5713.0,5758.0,-2.2346,3.8842,-0.3659,0.2595,-0.2847,1.5471,1.6496,-0.1064,1.2623,-2.8852,5.6908,2.8056,Joel Przybilla
2039,2009-2011,8992.0,9029.0,0.417,-1.643,-0.3956,-0.0726,-0.0821,0.6503,-1.226,-0.4681,0.5682,-0.0607,-1.0652,-1.1259,Keyon Dooling
2041,2009-2011,1321.0,1330.0,-4.8027,0.4873,-0.2808,-0.2237,-0.1318,-0.7354,-4.3155,-0.5045,-0.8672,-5.2154,-0.4718,-5.6872,Etan Thomas
2045,2009-2011,14626.0,14569.0,0.7119,-0.3416,0.1129,0.2125,0.3535,0.4972,0.3704,0.3254,0.8507,1.1783,0.3682,1.5465,Hedo Turkoglu
2046,2009-2011,2244.0,2238.0,-5.3639,-0.9553,0.4875,0.104,-0.1948,0.6237,-6.3192,0.5914,0.4288,-5.0713,-0.2277,-5.299,Desmond Mason
2047,2009-2011,9549.0,9566.0,-0.0096,-0.1574,0.3903,0.0867,0.2096,0.5862,-0.167,0.4769,0.7959,0.5903,0.5154,1.1058,Quentin Richardson
2048,2009-2011,2245.0,2256.0,-3.1234,2.6828,0.4778,0.1753,0.1523,-0.0533,-0.4405,0.6531,0.099,-2.4933,2.8049,0.3116,Jamaal Magloire
2049,2009-2011,28.0,28.0,-3.4554,-1.2052,-0.1359,0.6269,0.0012,-0.0651,-4.6606,0.491,-0.0639,-3.59,-0.6434,-4.2335,Speedy Claxton
2050,2009-2011,2892.0,2888.0,-1.2502,-0.5313,-0.1889,-0.1345,0.0102,-0.6352,-1.7815,-0.3234,-0.625,-1.4289,-1.301,-2.7299,Morris Peterson
2052,2009-2011,5613.0,5672.0,-1.3903,-2.001,0.0225,0.4197,-0.0511,0.5689,-3.3913,0.4421,0.5178,-1.4189,-1.0125,-2.4313,DeShawn Stevenson
2056,2009-2011,191.0,194.0,-6.9608,-2.0177,-0.6264,-0.119,0.0231,0.2223,-8.9785,-0.7455,0.2454,-7.5642,-1.9145,-9.4786,Primoz Brezec
2058,2009-2011,235.0,231.0,-6.9915,-2.1489,0.5783,1.102,-0.048,0.2519,-9.1404,1.6804,0.204,-6.4611,-0.7949,-7.2561,Mark Madsen
2059,2009-2011,2645.0,2645.0,-2.7521,0.534,0.7204,0.6183,-0.4168,-0.023,-2.2181,1.3387,-0.4398,-2.4484,1.1293,-1.3191,Eduardo Najera
2060,2009-2011,1140.0,1145.0,-4.1348,-1.0225,0.4459,0.7587,0.1914,1.1398,-5.1573,1.2046,1.3312,-3.4974,0.8759,-2.6215,Marko Jaric
2063,2009-2011,467.0,468.0,-7.3271,-0.927,0.6379,0.4067,0.3052,0.4466,-8.2541,1.0446,0.7518,-6.384,-0.0737,-6.4577,Jake Voskuhl
2067,2009-2011,6976.0,6995.0,0.679,-0.9237,-0.4496,0.002,0.0871,0.7204,-0.2446,-0.4476,0.8075,0.3166,-0.2013,0.1153,Eddie House
2072,2009-2011,3551.0,3553.0,1.6363,-1.9048,0.3715,-0.0313,0.0038,-0.0569,-0.2685,0.3403,-0.0531,2.0117,-1.993,0.0187,Michael Redd
2073,2009-2011,3458.0,3448.0,-1.8972,0.5661,-0.1168,0.5512,0.4081,-0.8765,-1.3311,0.4344,-0.4684,-1.6059,0.2407,-1.3651,Brian Cardinal
2078,2009-2011,718.0,723.0,-4.1128,-0.6823,-0.0131,0.1964,-0.3175,-0.0019,-4.7951,0.1833,-0.3193,-4.4434,-0.4878,-4.9311,Jason Hart
2109,2009-2011,92.0,87.0,-1.2618,0.8422,-0.5075,-0.0472,-0.0561,-0.2709,-0.4195,-0.5547,-0.3271,-1.8254,0.5241,-1.3013,Eddie Gill
2124,2009-2011,2347.0,2371.0,-5.1019,-1.2654,0.7778,0.6504,-0.1077,-0.336,-6.3673,1.4282,-0.4436,-4.4318,-0.9509,-5.3828,Malik Allen
2137,2009-2011,4070.0,4102.0,-1.8153,0.7494,0.3632,-0.1203,0.3922,1.3296,-1.0659,0.2429,1.7218,-1.0599,1.9587,0.8988,Ime Udoka
2198,2009-2011,6111.0,6124.0,-2.5941,1.8284,-0.1989,-0.0837,-0.1124,-0.5811,-0.7657,-0.2826,-0.6935,-2.9054,1.1636,-1.7418,Kwame Brown
2199,2009-2011,8744.0,8706.0,-0.7208,1.8075,-0.2234,0.2431,0.0596,1.2441,1.0868,0.0196,1.3037,-0.8846,3.2947,2.4101,Tyson Chandler
2200,2009-2011,16307.0,16329.0,2.8453,1.2451,-0.1709,0.6212,0.1027,-0.4223,4.0904,0.4503,-0.3196,2.7771,1.444,4.2211,Pau Gasol
2201,2009-2011,158.0,158.0,-7.7693,-2.5867,0.1758,-0.6151,-0.1238,0.2342,-10.356,-0.4393,0.1105,-7.7173,-2.9676,-10.6849,Eddy Curry
2202,2009-2011,15056.0,15049.0,1.4669,-0.6247,0.2473,0.0102,0.0587,-0.9359,0.8423,0.2575,-0.8772,1.7729,-1.5503,0.2225,Jason Richardson
2203,2009-2011,12671.0,12693.0,-0.4314,0.8248,1.2495,0.1571,0.3393,0.4462,0.3934,1.4067,0.7856,1.1575,1.4282,2.5857,Shane Battier
2205,2009-2011,2731.0,2754.0,-4.5255,2.1228,-0.162,0.0232,0.2892,-1.3705,-2.4028,-0.1388,-1.0813,-4.3984,0.7755,-3.6229,DeSagana Diop
2207,2009-2011,15934.0,15878.0,2.6214,-2.021,0.2383,0.2318,0.4944,-0.3435,0.6003,0.4701,0.1509,3.3541,-2.1328,1.2213,Joe Johnson
2209,2009-2011,6924.0,6943.0,-1.1309,-0.4553,0.4164,-0.0063,0.0948,0.6869,-1.5862,0.4102,0.7817,-0.6197,0.2253,-0.3943,Vladimir Radmanovic
2210,2009-2011,15161.0,15195.0,-0.1309,-1.0768,-0.3219,0.1984,0.1216,1.2871,-1.2077,-0.1235,1.4087,-0.3312,0.4087,0.0775,Richard Jefferson
2211,2009-2011,10595.0,10620.0,1.7871,2.859,-0.8626,-0.7625,-0.4811,-1.6684,4.6461,-1.6251,-2.1495,0.4434,0.4281,0.8715,Troy Murphy
2212,2009-2011,326.0,323.0,-4.2936,0.3509,0.4122,0.2435,-0.0836,-0.0174,-3.9427,0.6558,-0.101,-3.965,0.5771,-3.3879,Steven Hunter
2215,2009-2011,2094.0,2098.0,-5.9689,-0.072,0.844,1.0647,-0.2341,1.1103,-6.0409,1.9087,0.8762,-5.359,2.1029,-3.2561,Jason Collins
2216,2009-2011,14520.0,14491.0,2.003,0.1294,0.748,-0.0784,0.1841,0.9677,2.1324,0.6696,1.1518,2.9351,1.0187,3.9538,Zach Randolph
2217,2009-2011,7368.0,7397.0,-1.8009,2.336,-0.233,-0.1844,-0.2241,0.5242,0.5351,-0.4174,0.3002,-2.2579,2.6758,0.4179,Brendan Haywood
2222,2009-2011,15835.0,15844.0,0.9085,2.7284,-0.3827,0.5695,-0.1404,1.0413,3.6369,0.1868,0.9008,0.3854,4.3391,4.7245,Gerald Wallace
2223,2009-2011,11609.0,11603.0,-2.572,3.0557,0.6735,-0.8861,-0.0289,-0.6224,0.4836,-0.2126,-0.6513,-1.9274,1.5472,-0.3802,Samuel Dalembert
2224,2009-2011,1159.0,1147.0,-2.5574,-0.5992,0.2972,0.1978,0.3468,0.5836,-3.1565,0.495,0.9304,-1.9133,0.1822,-1.7311,Jamaal Tinsley
2225,2009-2011,12791.0,12756.0,2.3148,-1.6049,-0.4512,0.173,-0.0551,0.869,0.7099,-0.2782,0.8139,1.8085,-0.5629,1.2456,Tony Parker
2226,2009-2011,1382.0,1385.0,0.4794,-1.3517,0.0589,-0.0293,-0.2364,0.1223,-0.8723,0.0296,-0.1141,0.3019,-1.2587,-0.9568,Will Solomon
2229,2009-2011,3230.0,3248.0,-1.6509,-2.4457,0.1584,-0.0539,-0.326,0.154,-4.0966,0.1045,-0.172,-1.8185,-2.3456,-4.1641,Mike James
2230,2009-2011,9061.0,9085.0,-0.6994,-1.3985,-0.2299,-0.2047,0.025,0.0458,-2.0979,-0.4346,0.0708,-0.9043,-1.5574,-2.4617,Maurice Evans
2239,2009-2011,4162.0,4175.0,-4.2018,-1.4641,0.8709,0.2651,-0.7202,0.0063,-5.6659,1.1359,-0.7139,-4.0512,-1.1927,-5.2438,Trenton Hassell
2240,2009-2011,5931.0,5915.0,0.6549,-2.0285,-0.2177,0.0998,-0.1817,0.8687,-1.3736,-0.1179,0.6871,0.2556,-1.06,-0.8044,Gilbert Arenas
2243,2009-2011,2061.0,2077.0,-3.5075,-0.9839,0.3374,0.7102,0.3493,0.0839,-4.4913,1.0475,0.4333,-2.8207,-0.1898,-3.0105,Brian Scalabrine
2246,2009-2011,9253.0,9238.0,0.4979,0.4664,-0.5266,0.0976,-0.1805,-0.3914,0.9643,-0.429,-0.5719,-0.2092,0.1726,-0.0366,Mehmet Okur
2248,2009-2011,11150.0,11142.0,-0.9287,-0.8962,0.0463,-0.1361,0.0633,-0.8064,-1.8249,-0.0899,-0.7431,-0.8191,-1.8387,-2.6578,Earl Watson
2250,2009-2011,4077.0,4048.0,-0.5927,-0.3319,0.6292,-0.1875,0.1605,0.7094,-0.9246,0.4417,0.8699,0.197,0.19,0.387,Bobby Simmons
2260,2009-2011,1259.0,1281.0,-5.3984,-1.6218,-0.092,0.3411,-0.1815,1.0605,-7.0201,0.2491,0.879,-5.6718,-0.2202,-5.892,Jarron Collins
2294,2009-2011,6940.0,6971.0,-1.5897,-2.039,0.4018,0.6826,0.0182,1.2123,-3.6287,1.0845,1.2305,-1.1697,-0.1441,-1.3138,Charlie Bell
2306,2009-2011,5109.0,5104.0,-1.3338,-1.4709,-0.8867,-0.0588,-0.5099,1.1359,-2.8048,-0.9455,0.626,-2.7304,-0.3939,-3.1243,Carlos Arroyo
2365,2009-2011,7770.0,7830.0,-0.9068,4.7634,0.9286,-0.9038,0.0982,0.1918,3.8566,0.0248,0.29,0.1201,4.0514,4.1714,Chris Andersen
2366,2009-2011,104.0,105.0,-5.0146,-3.1357,0.606,0.8297,-0.0864,-0.3084,-8.1503,1.4357,-0.3948,-4.4949,-2.6145,-7.1094,Mike Wilks
2397,2009-2011,5022.0,5006.0,1.0679,1.2778,0.157,1.7077,0.3437,1.6567,2.3457,1.8647,2.0004,1.5686,4.6422,6.2108,Yao
2399,2009-2011,7445.0,7438.0,0.5368,-0.4223,-0.3717,0.0361,0.049,0.9531,0.1144,-0.3357,1.0021,0.2141,0.5668,0.7809,Mike Dunleavy
2400,2009-2011,7393.0,7378.0,-0.7976,0.2646,-1.4346,-0.4292,-0.4732,-0.502,-0.533,-1.8638,-0.9752,-2.7054,-0.6666,-3.372,Drew Gooden
2403,2009-2011,14778.0,14751.0,1.265,3.3293,0.0884,0.2348,0.3946,1.027,4.5943,0.3231,1.4215,1.7479,4.5911,6.339,Nene
2404,2009-2011,4728.0,4702.0,-1.4809,0.8518,-1.0245,-0.3285,-0.2317,-1.4402,-0.6292,-1.353,-1.6718,-2.7372,-0.9169,-3.6541,Chris Wilcox
2405,2009-2011,15231.0,15170.0,1.2644,0.147,-0.2157,-0.2633,0.3255,0.0313,1.4114,-0.479,0.3568,1.3742,-0.0851,1.2892,Amar'e Stoudemire
2406,2009-2011,12025.0,11970.0,0.0059,-0.5818,0.3713,0.06,0.1377,0.2458,-0.5759,0.4313,0.3835,0.5149,-0.276,0.2389,Caron Butler
2407,2009-2011,7243.0,7272.0,-2.769,0.1572,1.3581,1.4293,0.3611,0.8601,-2.6118,2.7874,1.2211,-1.0498,2.4465,1.3968,Jared Jeffries
2408,2009-2011,1413.0,1420.0,-4.5389,-1.2497,0.7895,0.7852,0.0727,0.1765,-5.7885,1.5747,0.2492,-3.6767,-0.2879,-3.9646,Melvin Ely
2409,2009-2011,86.0,88.0,-3.7263,-2.69,-1.4533,-0.1802,-0.0382,0.2079,-6.4162,-1.6335,0.1697,-5.2178,-2.6623,-7.88,Marcus Haislip
2410,2009-2011,2873.0,2889.0,-0.555,-0.5656,-0.3943,0.5064,-0.2102,-1.3749,-1.1207,0.1121,-1.585,-1.1595,-1.4341,-2.5936,Fred Jones
2413,2009-2011,1596.0,1575.0,-2.3181,-1.5669,-0.1368,-0.2467,-0.0343,-0.0175,-3.8849,-0.3835,-0.0518,-2.4892,-1.831,-4.3202,Juan Dixon
2416,2009-2011,511.0,513.0,-3.2459,-1.4788,0.1837,0.2165,0.1078,-0.2555,-4.7247,0.4002,-0.1478,-2.9545,-1.5179,-4.4723,Kareem Rush
2419,2009-2011,13283.0,13315.0,-0.2219,-1.0527,1.1409,0.4968,0.3969,-0.744,-1.2746,1.6377,-0.3471,1.316,-1.2999,0.0161,Tayshaun Prince
2420,2009-2011,8644.0,8637.0,-2.1793,-0.0827,-0.4425,0.0094,-0.2113,0.8268,-2.262,-0.4331,0.6155,-2.8331,0.7535,-2.0795,Nenad Krstic
2422,2009-2011,15928.0,15949.0,0.1624,-1.0182,-0.601,0.1502,-0.4943,0.4859,-0.8558,-0.4508,-0.0085,-0.933,-0.3821,-1.3151,John Salmons
2427,2009-2011,8106.0,8139.0,-0.5225,-1.7568,0.2009,-0.0506,-0.1593,0.8537,-2.2793,0.1503,0.6944,-0.4809,-0.9536,-1.4346,Roger Mason Jr.
2429,2009-2011,3328.0,3340.0,-3.6232,1.6163,0.1642,0.0705,0.0731,0.2937,-2.0069,0.2346,0.3668,-3.3859,1.9805,-1.4054,Dan Gadzuric
2430,2009-2011,11163.0,11129.0,0.7041,1.9975,0.529,-0.7848,0.0437,-0.5427,2.7016,-0.2558,-0.499,1.2768,0.67,1.9468,Carlos Boozer
2431,2009-2011,2462.0,2440.0,-1.9596,-0.1577,0.0993,-0.104,0.2184,0.7389,-2.1172,-0.0047,0.9572,-1.6419,0.4772,-1.1647,David Andersen
2436,2009-2011,6968.0,6988.0,-0.3456,-1.2354,0.4959,0.0449,0.214,1.2622,-1.5811,0.5407,1.4762,0.3643,0.0716,0.4359,Flip Murray
2440,2009-2011,10195.0,10203.0,0.4768,0.3784,0.6419,-0.1613,0.0309,-0.9594,0.8552,0.4806,-0.9285,1.1496,-0.7423,0.4074,Matt Barnes
2443,2009-2011,5758.0,5767.0,-2.5216,0.5352,0.9446,0.2529,-0.0735,-0.2511,-1.9864,1.1975,-0.3245,-1.6505,0.5371,-1.1134,Darius Songaila
2446,2009-2011,11578.0,11615.0,-1.0033,-1.6223,-0.76,-0.0468,-0.1415,0.44,-2.6256,-0.8068,0.2985,-1.9047,-1.2291,-3.1339,Rasual Butler
2449,2009-2011,14740.0,14723.0,-0.2108,0.839,0.0007,-0.3553,0.0161,0.3189,0.6282,-0.3546,0.335,-0.1941,0.8026,0.6085,Luis Scola
2457,2009-2011,1631.0,1637.0,-1.6799,-2.6466,-0.2221,0.1656,-0.139,-0.3065,-4.3265,-0.0566,-0.4455,-2.041,-2.7876,-4.8286,Jannero Pargo
2484,2009-2011,3667.0,3688.0,-1.5807,-1.9189,0.1156,0.0984,-0.3805,1.1725,-3.4995,0.2141,0.792,-1.8456,-0.6479,-2.4935,Devin Brown
2501,2009-2011,4242.0,4282.0,-2.1549,2.5921,0.6882,-0.5234,-0.0941,-0.6521,0.4372,0.1648,-0.7463,-1.5608,1.4166,-0.1442,Reggie Evans
2544,2009-2011,17305.0,17247.0,7.8755,2.136,0.8084,0.5697,0.2588,1.1329,10.0115,1.3781,1.3916,8.9427,3.8385,12.7812,LeBron James
2545,2009-2011,6685.0,6681.0,-3.897,1.594,0.0591,-0.273,0.0148,-0.2141,-2.3029,-0.2139,-0.1993,-3.8231,1.1069,-2.7162,Darko Milicic
2546,2009-2011,15175.0,15170.0,2.0659,-1.3183,0.6315,0.0148,0.276,-0.1347,0.7476,0.6463,0.1413,2.9733,-1.4381,1.5352,Carmelo Anthony
2547,2009-2011,15803.0,15799.0,2.1179,0.9504,-0.1627,0.5575,-0.0258,0.8771,3.0682,0.3948,0.8514,1.9294,2.385,4.3144,Chris Bosh
2548,2009-2011,16572.0,16541.0,5.6717,1.0355,0.6898,0.0973,0.6503,-0.7536,6.7072,0.7871,-0.1034,7.0118,0.3792,7.391,Dwyane Wade
2549,2009-2011,8461.0,8456.0,-2.4987,0.1316,-1.1372,0.2504,-0.144,1.3894,-2.3671,-0.8868,1.2454,-3.7798,1.7714,-2.0085,Chris Kaman
2550,2009-2011,11596.0,11616.0,-0.3785,-0.2954,-0.3373,-0.281,-0.2495,0.5803,-0.6739,-0.6183,0.3309,-0.9653,0.004,-0.9613,Kirk Hinrich
2551,2009-2011,8480.0,8497.0,-0.1307,-1.0744,-0.0337,-0.1055,-0.4633,0.5963,-1.2051,-0.1392,0.133,-0.6277,-0.5836,-1.2114,T.J. Ford
2553,2009-2011,5445.0,5460.0,-1.1618,-0.1156,0.189,-0.4684,-0.0103,0.2467,-1.2773,-0.2794,0.2363,-0.9831,-0.3373,-1.3204,Jarvis Hayes
2554,2009-2011,7936.0,7926.0,-0.3569,-0.7469,-0.6851,0.0751,-0.429,0.6694,-1.1038,-0.61,0.2405,-1.4709,-0.0024,-1.4733,Mickael Pietrus
2555,2009-2011,9542.0,9547.0,-1.4358,1.2116,0.263,0.8504,0.068,1.3922,-0.2242,1.1134,1.4602,-1.1048,3.4541,2.3493,Nick Collison
2556,2009-2011,902.0,902.0,-0.4175,0.0128,-0.3856,0.2935,-0.4609,-0.2132,-0.4046,-0.0921,-0.6742,-1.264,0.0931,-1.1709,Marcus Banks
2557,2009-2011,11696.0,11681.0,1.0063,-0.7313,-0.2105,-0.2411,0.0734,-0.1721,0.275,-0.4516,-0.0987,0.8691,-1.1445,-0.2754,Luke Ridnour
2561,2009-2011,15718.0,15721.0,0.4209,0.0898,0.0081,0.2161,0.0548,-0.8663,0.5108,0.2242,-0.8115,0.4838,-0.5603,-0.0765,David West
2562,2009-2011,4477.0,4467.0,-3.4669,-1.1445,0.2681,0.5005,-0.1943,-0.4583,-4.6114,0.7686,-0.6526,-3.3931,-1.1023,-4.4954,Sasha Pavlovic
2563,2009-2011,7810.0,7810.0,-2.9118,-0.7606,-0.52,0.3856,-0.3136,0.1459,-3.6724,-0.1345,-0.1677,-3.7454,-0.2292,-3.9745,Dahntay Jones
2564,2009-2011,15806.0,15804.0,-0.1084,-0.98,-0.0005,0.4468,-0.0287,1.1139,-1.0884,0.4463,1.0852,-0.1376,0.5807,0.4431,Boris Diaw
2566,2009-2011,10018.0,9976.0,-1.308,-0.9018,-0.1616,-0.1146,0.0499,-0.2755,-2.2098,-0.2763,-0.2257,-1.4198,-1.292,-2.7118,Travis Outlaw
2567,2009-2011,1313.0,1295.0,-2.8952,-0.6888,0.6881,0.0327,-0.2343,-0.519,-3.584,0.7209,-0.7533,-2.4413,-1.1751,-3.6164,Brian Cook
2568,2009-2011,7302.0,7324.0,0.5564,0.5062,-1.119,-0.0838,0.0687,-0.2953,1.0627,-1.2028,-0.2266,-0.4939,0.1271,-0.3668,Carlos Delfino
2570,2009-2011,9746.0,9738.0,-2.6814,1.7925,0.5604,-0.0583,0.177,-0.4685,-0.8889,0.5021,-0.2915,-1.9441,1.2657,-0.6784,Kendrick Perkins
2571,2009-2011,7814.0,7789.0,1.8342,-1.4164,-0.1505,0.0577,0.0363,-0.5998,0.4178,-0.0928,-0.5634,1.72,-1.9585,-0.2384,Leandro Barbosa
2572,2009-2011,5809.0,5797.0,-0.5927,-0.7191,0.0797,-0.1961,0.3301,0.4175,-1.3118,-0.1164,0.7475,-0.1829,-0.4977,-0.6806,Josh Howard
2574,2009-2011,5705.0,5695.0,-2.2061,-2.8816,-0.1551,0.1218,0.1214,-0.4663,-5.0876,-0.0333,-0.3449,-2.2397,-3.2261,-5.4658,Jason Kapono
2575,2009-2011,3720.0,3715.0,-1.8295,-1.0095,0.0827,0.1508,0.1134,1.478,-2.839,0.2335,1.5913,-1.6335,0.6192,-1.0142,Luke Walton
2581,2009-2011,10977.0,10990.0,0.3961,-1.4668,-0.1557,-0.0427,0.4073,0.1904,-1.0707,-0.1984,0.5978,0.6477,-1.319,-0.6713,Steve Blake
2584,2009-2011,9519.0,9536.0,-1.2616,-1.7373,0.266,0.1282,-0.2325,0.7467,-2.9989,0.3942,0.5143,-1.228,-0.8624,-2.0904,Willie Green
2585,2009-2011,7112.0,7106.0,-1.3742,1.0505,-0.0701,0.1791,0.008,0.4391,-0.3237,0.109,0.447,-1.4364,1.6687,0.2323,Zaza Pachulia
2586,2009-2011,8213.0,8215.0,-0.9101,-0.2285,0.6444,0.1415,0.0207,-0.0601,-1.1385,0.7859,-0.0394,-0.2449,-0.1471,-0.392,Keith Bogans
2588,2009-2011,8501.0,8482.0,1.155,0.4334,1.564,-0.0439,0.3802,1.4746,1.5884,1.5201,1.8548,3.0993,1.864,4.9633,Matt Bonner
2590,2009-2011,13131.0,13096.0,1.8253,-2.42,-0.9572,0.0322,-0.4568,0.4105,-0.5947,-0.925,-0.0463,0.4113,-1.9774,-1.566,Mo Williams
2592,2009-2011,5045.0,5046.0,-0.56,-0.8314,-0.2176,0.2998,0.084,-0.2781,-1.3914,0.0821,-0.1941,-0.6936,-0.8098,-1.5034,James Jones
2594,2009-2011,8704.0,8671.0,0.0153,-0.7437,0.1667,0.1036,0.4225,1.064,-0.7284,0.2703,1.4864,0.6044,0.4239,1.0283,Kyle Korver
2605,2009-2011,6952.0,6958.0,-1.8471,-0.3439,0.6806,0.1226,0.1062,0.7253,-2.191,0.8032,0.8316,-1.0602,0.504,-0.5563,Marquis Daniels
2617,2009-2011,9634.0,9634.0,-1.6038,0.8822,-0.3381,-0.2646,0.0013,0.075,-0.7216,-0.6027,0.0763,-1.9406,0.6926,-1.248,Udonis Haslem
2624,2009-2011,3996.0,4027.0,-4.6066,-1.1343,-0.0965,-0.3089,-0.1616,2.5764,-5.741,-0.4054,2.4148,-4.8647,1.1331,-3.7316,Quinton Ross
2648,2009-2011,27.0,26.0,-5.967,-2.6678,0.7771,0.072,-0.009,0.0255,-8.6348,0.8491,0.0165,-5.1989,-2.5702,-7.7692,Ronald Dupree
2669,2009-2011,104.0,109.0,-5.5353,-1.5771,0.3433,0.4572,-0.0714,-0.1515,-7.1124,0.8006,-0.223,-5.2634,-1.2714,-6.5348,Linton Johnson
2679,2009-2011,2526.0,2531.0,-2.8777,-0.9254,0.5653,-0.084,-0.4906,-0.8006,-3.8031,0.4813,-1.2911,-2.803,-1.81,-4.613,Matt Carroll
2694,2009-2011,3794.0,3818.0,-4.7793,-2.6483,0.3461,0.4629,-0.1394,0.0235,-7.4276,0.809,-0.1159,-4.5726,-2.1619,-6.7344,Josh Powell
2730,2009-2011,16441.0,16298.0,1.9363,5.7489,0.6803,0.4992,0.1251,0.9668,7.6851,1.1796,1.0919,2.7418,7.2149,9.9566,Dwight Howard
2731,2009-2011,13734.0,13727.0,-0.9956,2.6932,-1.0822,-0.7264,-0.392,0.267,1.6976,-1.8085,-0.125,-2.4698,2.2339,-0.2359,Emeka Okafor
2732,2009-2011,13093.0,13073.0,0.5904,-2.9369,0.2107,0.0339,0.275,-0.4352,-2.3465,0.2446,-0.1602,1.0762,-3.3382,-2.2621,Ben Gordon
2733,2009-2011,4288.0,4291.0,-1.3261,-0.3278,0.2533,-0.0747,0.0494,0.1127,-1.6539,0.1786,0.1621,-1.0235,-0.2898,-1.3133,Shaun Livingston
2734,2009-2011,13303.0,13295.0,2.8839,-1.3259,-0.1751,-0.4533,0.1119,-1.114,1.558,-0.6284,-1.0021,2.8207,-2.8932,-0.0724,Devin Harris
2735,2009-2011,1747.0,1747.0,-1.2327,0.2209,0.3327,-0.0475,-0.045,-1.4928,-1.0118,0.2853,-1.5378,-0.945,-1.3193,-2.2644,Josh Childress
2736,2009-2011,14508.0,14519.0,-0.2509,-0.2983,0.1822,0.4954,0.0031,2.6752,-0.5491,0.6775,2.6784,-0.0656,2.8723,2.8068,Luol Deng
2738,2009-2011,17004.0,16985.0,2.1712,1.1963,-0.2716,0.467,-0.3096,0.521,3.3676,0.1954,0.2114,1.59,2.1843,3.7743,Andre Iguodala
2740,2009-2011,8139.0,8094.0,-1.0542,4.0695,-1.5542,-0.9964,-0.5231,-1.1285,3.0153,-2.5505,-1.6516,-3.1314,1.9446,-1.1868,Andris Biedrins
2741,2009-2011,677.0,674.0,-3.5365,2.6478,0.4595,0.0891,-0.0368,-0.6488,-0.8887,0.5486,-0.6856,-3.1137,2.0881,-1.0256,Robert Swift
2742,2009-2011,6713.0,6724.0,-0.9495,-2.3496,0.3513,-0.5132,0.452,0.3677,-3.2991,-0.162,0.8197,-0.1462,-2.4951,-2.6414,Sebastian Telfair
2743,2009-2011,6720.0,6779.0,-0.9393,2.6056,-0.0002,-0.9474,0.0071,-0.8785,1.6663,-0.9476,-0.8714,-0.9324,0.7796,-0.1527,Kris Humphries
2744,2009-2011,13936.0,13920.0,0.0069,1.8281,-0.565,-0.4092,0.1581,-1.7059,1.8349,-0.9741,-1.5478,-0.4,-0.287,-0.687,Al Jefferson
2746,2009-2011,14804.0,14771.0,0.2658,3.1907,0.1018,0.3266,0.2277,0.9778,3.4565,0.4284,1.2054,0.5952,4.495,5.0902,Josh Smith
2747,2009-2011,12592.0,12576.0,1.8446,-0.3273,0.1087,0.3667,0.4999,-0.3915,1.5173,0.4754,0.1084,2.4531,-0.352,2.1011,JR Smith
2748,2009-2011,9193.0,9211.0,0.6667,0.3838,-0.0835,0.1206,0.3484,0.0751,1.0504,0.0371,0.4235,0.9315,0.5795,1.511,Dorell Wright
2749,2009-2011,10451.0,10395.0,2.1334,-1.5806,-0.1249,0.2257,0.0816,0.9589,0.5528,0.1008,1.0405,2.0901,-0.3961,1.694,Jameer Nelson
2753,2009-2011,7681.0,7677.0,0.0875,0.1604,-0.2173,0.1126,0.131,1.3948,0.2478,-0.1047,1.5257,0.0011,1.6677,1.6688,Delonte West
2754,2009-2011,6331.0,6350.0,-1.042,2.6529,-0.3225,0.6043,0.1935,0.4279,1.6109,0.2817,0.6214,-1.171,3.6851,2.514,Tony Allen
2755,2009-2011,12357.0,12305.0,3.2312,-2.3749,0.3435,-0.7431,0.2222,-1.705,0.8562,-0.3997,-1.4828,3.7968,-4.823,-1.0262,Kevin Martin
2756,2009-2011,6886.0,6872.0,0.396,-0.0767,-0.2318,0.0052,-0.1249,-1.1891,0.3192,-0.2266,-1.314,0.0392,-1.2606,-1.2214,Sasha Vujacic
2757,2009-2011,14748.0,14743.0,0.6196,-0.7928,-0.0177,-0.2362,0.0781,-0.4927,-0.1732,-0.2538,-0.4146,0.68,-1.5216,-0.8416,Beno Udrih
2760,2009-2011,10249.0,10240.0,-0.6921,3.1511,0.1854,-0.2765,0.6204,0.5546,2.459,-0.0911,1.175,0.1137,3.4291,3.5428,Anderson Varejao
2767,2009-2011,2645.0,2682.0,-2.1512,-0.1912,-0.1267,0.3297,0.0604,-1.4362,-2.3424,0.203,-1.3758,-2.2176,-1.2976,-3.5152,Royal Ivey
2768,2009-2011,11448.0,11480.0,0.1994,-2.183,-1.3842,0.3657,-0.1137,0.145,-1.9836,-1.0185,0.0313,-1.2985,-1.6722,-2.9707,Chris Duhon
2772,2009-2011,14017.0,13989.0,-0.0007,1.4315,-0.1081,0.2859,-0.3812,-0.1307,1.4308,0.1778,-0.5119,-0.49,1.5867,1.0967,Trevor Ariza
2788,2009-2011,1651.0,1654.0,-4.7762,2.3495,-0.0529,-0.438,-0.1801,1.2142,-2.4266,-0.4908,1.0341,-5.0092,3.1258,-1.8834,DJ Mbenga
2804,2009-2011,8669.0,8668.0,-1.3236,-0.6588,0.8594,-0.0831,0.5332,-0.9006,-1.9824,0.7762,-0.3674,0.069,-1.6426,-1.5736,Andres Nocioni
2810,2009-2011,79.0,78.0,-5.5769,-2.2141,1.245,0.6306,-0.0269,-0.0056,-7.791,1.8756,-0.0325,-4.3587,-1.5892,-5.9479,Andre Brown
2824,2009-2011,95.0,95.0,-3.3456,-2.0592,0.5822,0.0408,0.0274,-0.198,-5.4048,0.623,-0.1706,-2.7359,-2.2165,-4.9524,Desmon Farmer
2853,2009-2011,1009.0,1019.0,-3.9083,-0.7045,-0.166,0.3646,0.2811,-0.8685,-4.6127,0.1985,-0.5874,-3.7931,-1.2084,-5.0015,Earl Barron
2863,2009-2011,5708.0,5724.0,-2.0387,0.1958,0.0636,0.1108,-0.5846,-0.8852,-1.8429,0.1744,-1.4698,-2.5597,-0.5786,-3.1383,Damien Wilkins
101106,2009-2011,10624.0,10600.0,-1.2198,3.3242,-0.7699,1.2619,0.0724,2.8718,2.1044,0.492,2.9442,-1.9173,7.4579,5.5406,Andrew Bogut
101107,2009-2011,11943.0,11970.0,-0.109,0.291,-0.7155,-0.078,-0.1662,0.0476,0.1821,-0.7935,-0.1186,-0.9907,0.2607,-0.73,Marvin Williams
101108,2009-2011,14239.0,14240.0,6.9101,2.9767,-0.5639,-0.2002,0.336,-0.1715,9.8868,-0.764,0.1645,6.6822,2.605,9.2873,Chris Paul
101109,2009-2011,16262.0,16272.0,0.9522,-0.4708,-0.2228,-0.0782,0.3169,0.8745,0.4813,-0.301,1.1914,1.0463,0.3254,1.3718,Raymond Felton
101110,2009-2011,5907.0,5880.0,-0.3083,-0.8678,-0.0461,-0.2902,0.1321,0.2811,-1.1761,-0.3363,0.4131,-0.2224,-0.8769,-1.0993,Martell Webster
101111,2009-2011,10682.0,10649.0,0.9237,-0.0596,-0.0501,-0.4903,-0.2638,-1.2069,0.8641,-0.5404,-1.4707,0.6098,-1.7568,-1.1471,Charlie Villanueva
101112,2009-2011,10731.0,10717.0,-0.3692,1.2449,1.132,-0.2941,0.1958,-0.2389,0.8757,0.8379,-0.0432,0.9587,0.7118,1.6704,Channing Frye
101113,2009-2011,1313.0,1324.0,-0.3792,-0.8857,-0.7013,-0.5852,-0.1865,-0.3883,-1.2649,-1.2865,-0.5748,-1.267,-1.8592,-3.1262,Ike Diogu
101114,2009-2011,15135.0,15134.0,5.2232,-1.3191,0.2336,-0.4072,-0.0131,-0.9969,3.9042,-0.1736,-1.0101,5.4437,-2.7232,2.7205,Deron Williams
101115,2009-2011,9360.0,9345.0,0.8407,2.1836,-1.1573,0.3877,-0.4069,0.5179,3.0243,-0.7696,0.1109,-0.7236,3.0892,2.3657,Andrew Bynum
101118,2009-2011,1183.0,1196.0,-4.5663,-0.38,-0.16,0.0413,0.0159,-0.1019,-4.9464,-0.1187,-0.086,-4.7104,-0.4406,-5.1511,Sean May
101119,2009-2011,2180.0,2190.0,-0.2194,-1.3531,-0.4588,0.0584,-0.5688,0.3413,-1.5724,-0.4004,-0.2275,-1.247,-0.9533,-2.2003,Rashad McCants
101120,2009-2011,5742.0,5760.0,-2.2176,-1.0529,0.874,0.0536,0.8444,-0.4142,-3.2706,0.9275,0.4302,-0.4992,-1.4136,-1.9128,Antoine Wright
101121,2009-2011,5627.0,5638.0,-2.7052,-0.8167,-0.0385,-0.4161,-0.2288,1.1438,-3.5218,-0.4545,0.9149,-2.9725,-0.0889,-3.0614,Joey Graham
101122,2009-2011,14956.0,14934.0,2.5397,-0.8218,0.2881,0.042,0.1939,0.9145,1.7178,0.3301,1.1084,3.0217,0.1347,3.1564,Danny Granger
101123,2009-2011,748.0,747.0,-2.1219,-2.3814,-0.0868,0.0726,-0.2899,-0.1956,-4.5033,-0.0142,-0.4854,-2.4985,-2.5044,-5.0029,Gerald Green
101124,2009-2011,9691.0,9769.0,-0.3066,-0.5612,-1.2871,-0.2601,-0.5521,-1.3261,-0.8678,-1.5473,-1.8782,-2.1458,-2.1475,-4.2933,Hakim Warrick
101126,2009-2011,8625.0,8624.0,2.7722,-1.7272,-0.7298,0.2361,-0.5165,0.209,1.045,-0.4937,-0.3075,1.5259,-1.2821,0.2438,Nate Robinson
101127,2009-2011,13120.0,13149.0,0.5224,-1.4334,-0.0958,-0.0977,0.3833,-0.7151,-0.911,-0.1935,-0.3319,0.8099,-2.2462,-1.4363,Jarrett Jack
101128,2009-2011,7782.0,7782.0,-0.4475,0.0195,-0.4813,0.1243,-0.3817,-1.6704,-0.4279,-0.357,-2.0522,-1.3106,-1.5266,-2.8371,Francisco Garcia
101129,2009-2011,3728.0,3728.0,-0.9813,-1.8319,-0.0853,0.188,0.079,-0.2484,-2.8132,0.1027,-0.1695,-0.9877,-1.8924,-2.88,Luther Head
101130,2009-2011,3636.0,3639.0,-4.7275,2.2869,-0.3831,-0.3121,-0.3643,-1.2558,-2.4406,-0.6952,-1.6201,-5.4748,0.719,-4.7559,Johan Petro
101131,2009-2011,7144.0,7151.0,-1.7799,0.4797,-0.1354,-0.1726,0.1767,-1.1739,-1.3002,-0.3081,-0.9972,-1.7387,-0.8668,-2.6054,Jason Maxiell
101132,2009-2011,5704.0,5678.0,-0.2868,-1.6943,-0.5942,-0.1254,-0.4252,-0.1636,-1.9811,-0.7196,-0.5888,-1.3062,-1.9833,-3.2895,Linas Kleiza
101133,2009-2011,1267.0,1280.0,-0.8399,2.0204,-1.4734,-0.5232,0.0638,0.6209,1.1805,-1.9966,0.6847,-2.2494,2.1181,-0.1314,Ian Mahinmi
101135,2009-2011,16972.0,16951.0,1.2359,1.65,-0.2498,-0.484,0.1712,-2.6015,2.886,-0.7338,-2.4302,1.1574,-1.4355,-0.2781,David Lee
101138,2009-2011,7987.0,8018.0,-0.8999,-0.383,-0.2756,0.1605,-0.008,1.0952,-1.2829,-0.1151,1.0873,-1.1835,0.8727,-0.3108,Brandon Bass
101139,2009-2011,9863.0,9857.0,-0.0689,-0.9081,0.4322,0.2537,0.135,0.5727,-0.9771,0.6858,0.7077,0.4982,-0.0818,0.4164,CJ Miles
101141,2009-2011,6551.0,6511.0,0.4911,0.8675,-0.0496,-0.1635,0.3633,1.4675,1.3586,-0.213,1.8308,0.8048,2.1715,2.9763,Ersan Ilyasova
101142,2009-2011,7482.0,7547.0,-1.9832,3.5001,0.8967,-0.6528,0.1218,-0.3029,1.5169,0.2439,-0.1811,-0.9647,2.5444,1.5797,Ronny Turiaf
101143,2009-2011,1567.0,1567.0,1.5343,0.7308,-0.3697,-0.006,0.0408,-0.9777,2.265,-0.3757,-0.9369,1.2053,-0.2529,0.9524,Travis Diener
101144,2009-2011,3395.0,3413.0,-0.033,-1.3539,-0.1845,-0.2081,-0.1264,1.8599,-1.3869,-0.3926,1.7336,-0.3439,0.298,-0.0459,Von Wafer
101145,2009-2011,13867.0,13861.0,0.5262,-1.0604,-0.3656,-0.1176,-0.252,-1.1192,-0.5342,-0.4832,-1.3712,-0.0914,-2.2972,-2.3886,Monta Ellis
101146,2009-2011,1954.0,1958.0,-1.1598,-2.6019,0.4926,-0.4428,-0.0351,1.3472,-3.7617,0.0498,1.3121,-0.7023,-1.6975,-2.3998,Roko Ukic
101150,2009-2011,10772.0,10782.0,2.5087,-1.2683,-0.1158,-0.4209,-0.2726,-1.1567,1.2404,-0.5367,-1.4293,2.1203,-2.8458,-0.7255,Lou Williams
101154,2009-2011,11811.0,11785.0,-1.5872,0.4659,-0.1333,0.2091,0.0568,0.5396,-1.1213,0.0758,0.5965,-1.6637,1.2146,-0.4491,Andray Blatche
101155,2009-2011,13499.0,13525.0,-1.2223,-1.0686,0.5223,-0.0079,-0.0797,1.0456,-2.2909,0.5144,0.9659,-0.7797,-0.0308,-0.8105,Ryan Gomes
101158,2009-2011,10.0,10.0,-4.3132,-3.0135,0.8773,-0.0252,0.0259,-0.0258,-7.3267,0.8522,0.0,-3.41,-3.0645,-6.4745,Orien Greene
101161,2009-2011,8055.0,7995.0,-0.3859,2.4045,0.2025,0.1768,0.5367,2.0106,2.0186,0.3793,2.5473,0.3533,4.5919,4.9452,Amir Johnson
101162,2009-2011,7530.0,7602.0,-0.9743,3.5526,-0.5613,-0.496,-0.2767,0.115,2.5783,-1.0573,-0.1617,-1.8123,3.1716,1.3593,Marcin Gortat
101165,2009-2011,394.0,393.0,-2.7989,-1.5895,0.4567,0.1927,0.0197,0.045,-4.3884,0.6494,0.0647,-2.3225,-1.3518,-3.6743,Alex Acker
101177,2009-2011,2569.0,2576.0,-3.047,-0.8507,1.1295,0.7349,-0.1449,0.7101,-3.8978,1.8644,0.5652,-2.0624,0.5943,-1.4681,Fabricio Oberto
101179,2009-2011,4295.0,4307.0,-2.4605,-0.6849,-0.3944,-0.0174,-0.1317,0.6516,-3.1454,-0.4118,0.52,-2.9866,-0.0506,-3.0372,Ronnie Price
101181,2009-2011,12139.0,12134.0,3.2316,-0.6053,-0.4938,-1.0619,0.0462,-1.3439,2.6263,-1.5557,-1.2977,2.784,-3.0111,-0.2271,Jose Calderon
101183,2009-2011,171.0,175.0,-4.1187,-2.8026,-0.5016,-0.0069,-0.0825,-0.065,-6.9214,-0.5085,-0.1476,-4.7028,-2.8746,-7.5774,Shavlik Randolph
101189,2009-2011,3575.0,3577.0,-1.1012,1.1969,0.2935,-0.3133,-0.377,0.8308,0.0957,-0.0198,0.4538,-1.1847,1.7144,0.5298,James Singleton
101194,2009-2011,565.0,561.0,1.1691,-2.6323,0.0001,0.4042,-0.3373,-0.2923,-1.4632,0.4043,-0.6296,0.8318,-2.5204,-1.6885,Anthony Roberson
101198,2009-2011,6683.0,6655.0,0.1043,-1.1636,-0.286,-0.1462,0.021,-1.66,-1.0593,-0.4322,-1.639,-0.1607,-2.9698,-3.1305,Will Bynum
101204,2009-2011,114.0,114.0,-4.6197,-1.2333,-0.0164,0.2469,0.0517,-0.0445,-5.853,0.2306,0.0072,-4.5843,-1.0309,-5.6152,Dwayne Jones
101211,2009-2011,4723.0,4772.0,-3.6442,-1.1893,0.4508,0.0977,0.0031,0.6937,-4.8334,0.5485,0.6967,-3.1903,-0.3979,-3.5882,Stephen Graham
101214,2009-2011,2223.0,2250.0,-2.5522,-1.5585,0.338,0.1401,0.0565,-1.0259,-4.1107,0.4781,-0.9694,-2.1577,-2.4442,-4.6019,Jawad Williams
101215,2009-2011,71.0,70.0,-4.0771,-2.9296,0.0359,0.3544,-0.0281,-0.1561,-7.0066,0.3903,-0.1842,-4.0693,-2.7313,-6.8006,Will Conroy
101235,2009-2011,5395.0,5402.0,-0.2088,-0.7988,-0.4702,-0.034,-0.1315,-0.1221,-1.0076,-0.5042,-0.2536,-0.8105,-0.955,-1.7654,Kelenna Azubuike
101236,2009-2011,9067.0,9096.0,-1.2094,2.8682,0.5502,0.5018,0.0371,1.0895,1.6588,1.0519,1.1266,-0.6222,4.4595,3.8373,Chuck Hayes
101249,2009-2011,20.0,20.0,-5.3164,-3.5699,0.9813,-0.1505,0.0031,-0.0155,-8.8863,0.8308,-0.0124,-4.332,-3.7359,-8.0679,John Lucas III
200081,2009-2011,8005.0,8036.0,-0.6253,2.5024,0.2628,-0.2579,-0.1358,-0.1342,1.8771,0.0048,-0.27,-0.4984,2.1103,1.6119,Jamario Moon
200745,2009-2011,14722.0,14715.0,-0.4377,-1.1802,0.1146,0.0221,0.2844,-2.1904,-1.6179,0.1367,-1.906,-0.0387,-3.3485,-3.3872,Andrea Bargnani
200746,2009-2011,16653.0,16581.0,0.7451,0.114,0.3941,0.2969,0.4977,2.0581,0.8591,0.691,2.5559,1.6369,2.469,4.1059,LaMarcus Aldridge
200747,2009-2011,1792.0,1794.0,-3.1999,-2.7906,0.3397,0.4474,0.0187,-0.3433,-5.9905,0.7871,-0.3246,-2.8416,-2.6865,-5.5281,Adam Morrison
200748,2009-2011,8247.0,8278.0,-2.3949,3.5507,-0.3623,-0.6991,-0.4611,-0.3199,1.1557,-1.0614,-0.781,-3.2183,2.5316,-0.6867,Tyrus Thomas
200749,2009-2011,3966.0,3974.0,-2.1341,1.6306,-0.1151,0.2007,-0.283,-0.5748,-0.5035,0.0856,-0.8578,-2.5322,1.2565,-1.2757,Shelden Williams
200750,2009-2011,12099.0,12094.0,3.602,-1.1719,0.0981,0.0961,0.5387,-0.3184,2.4301,0.1941,0.2202,4.2387,-1.3942,2.8445,Brandon Roy
200751,2009-2011,11015.0,10974.0,0.0481,-2.2574,-0.1826,-0.3369,-0.0732,0.1738,-2.2093,-0.5194,0.1006,-0.2076,-2.4205,-2.6282,Randy Foye
200752,2009-2011,15897.0,15887.0,-0.5406,-0.2171,-0.0906,-0.4761,0.329,0.1644,-0.7577,-0.5667,0.4934,-0.3022,-0.5288,-0.831,Rudy Gay
200753,2009-2011,631.0,640.0,-4.6127,2.8293,-0.1457,-0.8095,0.0364,0.1502,-1.7834,-0.9551,0.1866,-4.722,2.1701,-2.5519,Patrick O'Bryant
200754,2009-2011,64.0,63.0,-0.4624,1.3875,-0.2215,-0.8481,-0.0167,-0.0604,0.9252,-1.0696,-0.0771,-0.7007,0.4791,-0.2216,Mouhamed Sene
200755,2009-2011,8627.0,8608.0,0.7833,-2.1009,-0.932,-0.0333,0.0345,-0.0652,-1.3176,-0.9653,-0.0307,-0.1142,-2.1994,-2.3136,JJ Redick
200756,2009-2011,3610.0,3611.0,-4.3287,1.0234,-0.1439,-0.1568,-0.3345,0.8729,-3.3054,-0.3007,0.5385,-4.8071,1.7395,-3.0677,Hilton Armstrong
200757,2009-2011,11498.0,11501.0,-1.9079,2.3173,0.7581,0.0302,0.2269,0.479,0.4094,0.7883,0.7058,-0.923,2.8265,1.9035,Thabo Sefolosha
200758,2009-2011,11917.0,11932.0,-0.2446,1.8182,-0.1358,0.1539,-0.1876,-0.0688,1.5736,0.0181,-0.2564,-0.5679,1.9033,1.3353,Ronnie Brewer
200759,2009-2011,170.0,174.0,-4.8261,0.2022,0.3635,-0.3174,-0.0291,-0.4221,-4.6239,0.0461,-0.4513,-4.4918,-0.5373,-5.0291,Cedric Simmons
200760,2009-2011,4691.0,4701.0,-0.3155,-0.3222,-0.6716,-0.2223,-0.4953,-0.1618,-0.6376,-0.8939,-0.6571,-1.4824,-0.7062,-2.1886,Rodney Carney
200761,2009-2011,2971.0,2970.0,-1.0948,0.6205,0.3656,-0.0218,0.0802,-0.6013,-0.4744,0.3438,-0.5211,-0.649,-0.0027,-0.6517,Shawne Williams
200762,2009-2011,1474.0,1472.0,-0.9492,-1.0098,-0.4186,-0.4797,-0.0435,-0.3441,-1.959,-0.8983,-0.3875,-1.4112,-1.8336,-3.2448,Oleksiy Pecherov
200763,2009-2011,600.0,594.0,-1.1684,-1.8425,0.0074,0.2569,-0.1293,-0.643,-3.0109,0.2643,-0.7722,-1.2903,-2.2285,-3.5189,Quincy Douby
200764,2009-2011,1878.0,1878.0,-0.6928,2.9248,0.1324,0.5545,-0.22,-0.305,2.232,0.6869,-0.525,-0.7804,3.1743,2.3939,Renaldo Balkman
200765,2009-2011,15550.0,15550.0,2.6512,1.6758,-0.3155,-0.8533,-0.1713,-1.3679,4.327,-1.1689,-1.5392,2.1644,-0.5454,1.619,Rajon Rondo
200766,2009-2011,1859.0,1856.0,-1.4453,-1.6792,0.0566,-0.0137,0.0181,-0.699,-3.1245,0.0429,-0.6809,-1.3707,-2.3918,-3.7625,Marcus Williams
200767,2009-2011,3812.0,3833.0,-2.0428,2.352,-0.0878,-0.1564,-0.1218,-0.8277,0.3092,-0.2442,-0.9495,-2.2524,1.368,-0.8845,Josh Boone
200768,2009-2011,11568.0,11587.0,2.1441,-0.3537,-0.0562,0.149,-0.2458,1.0,1.7904,0.0928,0.7542,1.8421,0.7953,2.6374,Kyle Lowry
200769,2009-2011,7264.0,7214.0,-0.6546,-0.7409,-0.2822,0.0593,-0.5154,0.8778,-1.3955,-0.2229,0.3624,-1.4521,0.1961,-1.256,Shannon Brown
200770,2009-2011,8727.0,8664.0,0.144,-1.3196,-0.7079,0.0082,-0.2043,0.8439,-1.1755,-0.6997,0.6396,-0.7682,-0.4674,-1.2356,Jordan Farmar
200771,2009-2011,4332.0,4346.0,0.6994,-1.6548,0.139,-0.0043,-0.2201,-0.4129,-0.9553,0.1347,-0.633,0.6183,-2.072,-1.4536,Sergio Rodriguez
200772,2009-2011,248.0,254.0,-5.9435,-2.5494,-0.6964,0.2113,-0.0743,0.0173,-8.4929,-0.4851,-0.057,-6.7142,-2.3208,-9.035,Maurice Ager
200776,2009-2011,2637.0,2636.0,-3.6127,-0.9679,0.0493,0.0896,0.0407,0.6315,-4.5806,0.1389,0.6721,-3.5227,-0.2469,-3.7696,Mardy Collins
200778,2009-2011,23.0,24.0,-2.5922,-0.9439,0.6851,-0.0904,-0.0335,0.004,-3.5361,0.5947,-0.0295,-1.9406,-1.0302,-2.9709,James White
200779,2009-2011,3423.0,3423.0,1.087,-1.6978,0.219,0.3786,-0.7861,-2.2062,-0.6108,0.5976,-2.9923,0.5199,-3.5253,-3.0055,Steve Novak
200780,2009-2011,3783.0,3799.0,-3.7772,0.527,0.4424,0.4563,-0.4699,-0.1801,-3.2502,0.8987,-0.65,-3.8047,0.8032,-3.0015,Solomon Jones
200781,2009-2011,635.0,636.0,-2.9789,-0.6976,0.3127,0.4714,-0.1276,0.274,-3.6765,0.7841,0.1464,-2.7938,0.0479,-2.7459,Paul Davis
200783,2009-2011,6208.0,6199.0,-0.0241,0.089,-0.9863,0.2187,-0.1121,0.7377,0.0649,-0.7675,0.6256,-1.1224,1.0455,-0.077,Craig Smith
200789,2009-2011,9002.0,9015.0,-0.2392,-1.5934,-0.1936,0.5826,0.4551,0.6525,-1.8326,0.389,1.1076,0.0223,-0.3583,-0.336,Daniel Gibson
200793,2009-2011,498.0,507.0,-2.1768,-0.9374,0.5231,0.476,0.006,-0.0274,-3.1142,0.9991,-0.0214,-1.6477,-0.4888,-2.1365,Dee Brown
200794,2009-2011,13914.0,13850.0,0.5154,2.0217,0.3751,0.2939,0.3431,0.6575,2.5372,0.669,1.0007,1.2337,2.9731,4.2068,Paul Millsap
200796,2009-2011,3348.0,3365.0,-0.3934,0.8112,-0.7684,-0.5245,0.2372,0.8069,0.4178,-1.2929,1.0441,-0.9246,1.0936,0.169,Leon Powe
200797,2009-2011,5565.0,5596.0,-3.0892,-0.363,-0.609,0.2189,-0.019,-0.6947,-3.4521,-0.3901,-0.7138,-3.7172,-0.8388,-4.556,Ryan Hollins
200798,2009-2011,167.0,173.0,-7.7665,0.2791,1.0835,-0.5976,-0.0454,0.27,-7.4874,0.4859,0.2246,-6.7284,-0.0485,-6.7769,Cheikh Samb
200801,2009-2011,111.0,112.0,-7.2007,-1.107,0.2937,-0.2896,-0.0385,-0.2043,-8.3077,0.0041,-0.2428,-6.9455,-1.6009,-8.5464,Hassan Adams
200809,2009-2011,2729.0,2745.0,0.3524,-1.3366,0.1217,0.2532,-0.1535,-1.1934,-0.9842,0.3749,-1.3469,0.3207,-2.2768,-1.9561,Chris Quinn
200811,2009-2011,5776.0,5832.0,-2.5483,1.8192,0.3535,-0.1332,0.2656,0.3162,-0.7291,0.2203,0.5817,-1.9292,2.0021,0.0729,Lou Amundson
200814,2009-2011,563.0,551.0,-2.4691,-1.0741,-0.2372,0.2139,0.0886,-0.2119,-3.5432,-0.0233,-0.1233,-2.6176,-1.0721,-3.6898,Tarence Kinsey
200817,2009-2011,1778.0,1765.0,-1.5525,-1.29,-0.4944,-0.4118,-0.0417,0.112,-2.8425,-0.9063,0.0703,-2.0887,-1.5898,-3.6785,Pooh Jeter
200821,2009-2011,1661.0,1655.0,-1.4513,-2.4785,-0.1099,0.0675,-0.2477,0.3686,-3.9297,-0.0423,0.1209,-1.8088,-2.0423,-3.8511,Yakhouba Diawara
200822,2009-2011,888.0,893.0,-2.9249,-0.2997,-0.2624,-0.2231,-0.1129,0.1484,-3.2246,-0.4855,0.0355,-3.3001,-0.3744,-3.6745,Pops Mensah-Bonsu
200826,2009-2011,9141.0,9182.0,0.8056,-2.4351,0.0414,0.1976,-0.0512,0.2442,-1.6296,0.239,0.193,0.7958,-1.9934,-1.1976,J.J. Barea
200835,2009-2011,1161.0,1154.0,0.2998,-1.7794,0.4373,0.1251,0.0643,0.3424,-1.4796,0.5623,0.4068,0.8015,-1.3119,-0.5105,Walter Herrmann
200839,2009-2011,235.0,235.0,-5.4062,-1.9611,0.4394,0.3194,-0.0858,-0.021,-7.3674,0.7589,-0.1068,-5.0526,-1.6627,-6.7153,Mike Harris
200971,2009-2011,156.0,158.0,-2.7508,0.5394,0.1413,0.2034,-0.0613,0.0911,-2.2115,0.3447,0.0298,-2.6708,0.8338,-1.8369,Dontell Jefferson
200978,2009-2011,180.0,185.0,-5.6155,-2.6557,0.9277,-0.296,-0.0709,-0.1858,-8.2712,0.6317,-0.2568,-4.7587,-3.1376,-7.8963,Jeremy Richardson
201043,2009-2011,455.0,461.0,-4.6359,1.3064,-1.0707,-0.7441,0.2047,0.2727,-3.3295,-1.8148,0.4774,-5.5019,0.835,-4.667,Randolph Morris
201141,2009-2011,3240.0,3205.0,0.1762,2.84,-0.1742,-0.487,0.5036,0.2679,3.0163,-0.6613,0.7716,0.5056,2.6209,3.1266,Greg Oden
201142,2009-2011,18067.0,18046.0,3.4622,-0.1743,0.8068,-0.0228,-0.2576,0.0545,3.288,0.7841,-0.2031,4.0114,-0.1425,3.8689,Kevin Durant
201143,2009-2011,14411.0,14386.0,0.9536,2.7175,-0.6881,0.3034,0.0534,-0.2631,3.6712,-0.3847,-0.2097,0.319,2.7578,3.0768,Al Horford
201144,2009-2011,15164.0,15190.0,0.5446,-0.1845,0.018,-0.2528,0.8282,0.4213,0.3601,-0.2348,1.2495,1.3908,-0.016,1.3748,Mike Conley
201145,2009-2011,16231.0,16168.0,-0.7336,-0.2975,-0.2344,-0.2753,-0.7008,-1.0116,-1.0311,-0.5097,-1.7124,-1.6688,-1.5844,-3.2532,Jeff Green
201146,2009-2011,7983.0,7949.0,-3.1803,0.2073,-0.0046,-0.5708,0.1632,-0.5952,-2.973,-0.5753,-0.432,-3.0217,-0.9587,-3.9803,Yi
201147,2009-2011,8665.0,8628.0,-1.8698,-0.0593,0.2487,0.3246,0.0488,0.9272,-1.9292,0.5733,0.9761,-1.5723,1.1925,-0.3798,Corey Brewer
201148,2009-2011,2135.0,2150.0,-0.502,1.6621,0.0521,-0.7797,-0.1385,-0.5534,1.1602,-0.7276,-0.6919,-0.5884,0.3291,-0.2594,Brandan Wright
201149,2009-2011,10440.0,10429.0,0.1635,2.7292,0.1867,0.0157,0.106,-0.0624,2.8927,0.2024,0.0437,0.4562,2.6826,3.1388,Joakim Noah
201150,2009-2011,11421.0,11385.0,-2.3313,0.3584,-0.2921,0.0258,-0.1237,-0.6631,-1.9729,-0.2663,-0.7867,-2.7471,-0.2789,-3.026,Spencer Hawes
201151,2009-2011,2943.0,2986.0,-0.9476,-0.7907,-0.2426,-0.1107,-0.1657,-1.0075,-1.7384,-0.3533,-1.1732,-1.356,-1.9089,-3.2649,Acie Law
201152,2009-2011,13149.0,13192.0,-0.2688,-0.3972,0.1176,-0.3111,-0.1083,2.2237,-0.666,-0.1934,2.1154,-0.2595,1.5154,1.2559,Thaddeus Young
201153,2009-2011,4592.0,4628.0,-2.2827,0.5503,0.42,0.2144,0.1064,0.3747,-1.7324,0.6344,0.4811,-1.7563,1.1394,-0.6169,Julian Wright
201154,2009-2011,11707.0,11658.0,-2.4179,-1.3312,0.0632,-0.3688,0.0902,-1.0228,-3.7492,-0.3057,-0.9326,-2.2646,-2.7228,-4.9874,Al Thornton
201155,2009-2011,13198.0,13183.0,0.3912,-1.4063,0.2833,0.0494,0.0991,0.5509,-1.0151,0.3327,0.65,0.7736,-0.806,-0.0323,Rodney Stuckey
201156,2009-2011,10277.0,10238.0,-1.158,-2.6956,0.0305,-0.2207,0.1086,0.9847,-3.8536,-0.1903,1.0933,-1.0189,-1.9316,-2.9505,Nick Young
201157,2009-2011,1153.0,1174.0,-5.8355,0.9315,0.6832,0.0416,-0.0611,-0.132,-4.904,0.7249,-0.1931,-5.2135,0.8411,-4.3723,Sean Williams
201158,2009-2011,7714.0,7671.0,-0.3881,-2.0672,-0.1359,0.0458,0.1725,-0.1664,-2.4553,-0.0901,0.0061,-0.3516,-2.1877,-2.5393,Marco Belinelli
201159,2009-2011,2259.0,2242.0,-2.2122,-0.8323,0.4983,0.1913,0.0975,-1.6944,-3.0445,0.6896,-1.5969,-1.6163,-2.3354,-3.9517,Javaris Crittenton
201160,2009-2011,3377.0,3376.0,-3.4856,0.111,0.3405,0.4493,-0.0935,0.5399,-3.3747,0.7898,0.4464,-3.2386,1.1001,-2.1385,Jason Smith
201161,2009-2011,5901.0,5922.0,-0.408,-1.7152,0.2341,0.1869,0.08,0.4371,-2.1232,0.4209,0.5171,-0.0939,-1.0912,-1.1851,Daequan Cook
201162,2009-2011,10399.0,10440.0,0.7944,0.1644,0.538,0.0989,0.2067,-0.6126,0.9587,0.6369,-0.4059,1.539,-0.3494,1.1897,Jared Dudley
201163,2009-2011,14953.0,14948.0,-0.6979,-0.4753,0.0001,0.1008,-0.3478,1.2084,-1.1732,0.1009,0.8606,-1.0456,0.8338,-0.2117,Wilson Chandler
201164,2009-2011,9755.0,9723.0,2.0818,-0.7361,-0.9399,0.3544,-0.3612,0.4348,1.3458,-0.5855,0.0736,0.7808,0.0531,0.8339,Rudy Fernandez
201165,2009-2011,494.0,497.0,-3.7921,-1.6223,0.0462,-0.291,-0.2514,0.3358,-5.4144,-0.2448,0.0843,-3.9973,-1.5776,-5.5749,Morris Almond
201166,2009-2011,12024.0,11984.0,1.4917,-3.7523,-0.3253,-0.3286,0.0408,0.215,-2.2606,-0.6539,0.2558,1.2072,-3.866,-2.6587,Aaron Brooks
201167,2009-2011,11238.0,11249.0,-0.8155,-1.0908,0.319,0.1019,0.1321,0.2654,-1.9064,0.4209,0.3975,-0.3644,-0.7236,-1.088,Arron Afflalo
201168,2009-2011,1434.0,1451.0,-0.7135,2.5193,0.0321,-0.0157,-0.1045,-0.2917,1.8058,0.0163,-0.3963,-0.786,2.2118,1.4258,Tiago Splitter
201169,2009-2011,770.0,768.0,-0.7881,-4.098,0.2682,-0.0097,0.1228,-0.6264,-4.8862,0.2585,-0.5037,-0.3972,-4.7341,-5.1313,Alando Tucker
201171,2009-2011,11374.0,11371.0,0.0906,-0.9652,-1.1394,-0.5255,0.1959,-0.0317,-0.8745,-1.6649,0.1642,-0.8529,-1.5223,-2.3752,Carl Landry
201172,2009-2011,702.0,716.0,-2.0514,-0.9273,0.036,0.3001,0.0121,0.874,-2.9787,0.3361,0.8861,-2.0033,0.2468,-1.7565,Gabe Pruitt
201173,2009-2011,7.0,6.0,-2.433,-0.6771,-0.0954,-0.4698,0.0142,-0.1019,-3.1101,-0.5652,-0.0877,-2.5142,-1.2488,-3.763,Marcus Williams
201175,2009-2011,9037.0,9065.0,-2.4884,0.1428,0.07,0.0763,0.0999,0.8317,-2.3456,0.1463,0.9316,-2.3185,1.0508,-1.2678,Glen Davis
201176,2009-2011,252.0,247.0,-4.1663,0.5737,-0.2614,-0.2661,-0.1341,0.3794,-3.5926,-0.5275,0.2454,-4.5618,0.687,-3.8748,Jermareo Davidson
201177,2009-2011,4870.0,4879.0,-0.3288,1.9749,0.2938,0.1504,0.3664,-0.7431,1.6462,0.4442,-0.3767,0.3314,1.3823,1.7136,Josh McRoberts
201178,2009-2011,1946.0,1950.0,-4.7666,1.5684,0.081,0.0154,0.334,0.9815,-3.1983,0.0964,1.3155,-4.3517,2.5653,-1.7864,Kyrylo Fesenko
201180,2009-2011,57.0,57.0,-4.1199,-2.0773,1.4964,-0.4904,-0.0651,-0.5161,-6.1971,1.006,-0.5812,-2.6886,-3.0837,-5.7723,Sun Yue
201181,2009-2011,444.0,450.0,-4.7095,1.2652,0.0769,0.218,-0.1192,0.245,-3.4443,0.2949,0.1258,-4.7517,1.7282,-3.0235,Chris Richard
201187,2009-2011,5983.0,6014.0,-3.3478,1.579,0.4534,0.2798,-0.001,-2.3443,-1.7688,0.7332,-2.3452,-2.8954,-0.4854,-3.3808,Dominic McGuire
201188,2009-2011,14331.0,14297.0,-0.148,2.2042,-0.0582,-0.008,0.2453,0.1356,2.0562,-0.0662,0.3809,0.0392,2.3318,2.371,Marc Gasol
201189,2009-2011,2989.0,2995.0,-2.0932,1.24,-0.283,0.1019,-0.0779,-0.5711,-0.8532,-0.1811,-0.649,-2.4541,0.7708,-1.6833,Aaron Gray
201191,2009-2011,0.0,1.0,-4.3435,-2.7159,-0.2285,0.421,-0.0,0.0221,-7.0594,0.1925,0.0221,-4.572,-2.2728,-6.8448,JamesOn Curry
201193,2009-2011,30.0,31.0,-3.4073,-0.6882,-0.1694,-0.3455,-0.0102,0.12,-4.0955,-0.5149,0.1098,-3.5869,-0.9137,-4.5006,Demetris Nichols
201196,2009-2011,11960.0,11985.0,0.8289,-1.0351,-0.0306,-0.1253,-0.1609,-1.402,-0.2062,-0.1559,-1.5629,0.6374,-2.5624,-1.925,Ramon Sessions
201202,2009-2011,7112.0,7168.0,-4.3788,1.2995,-0.6732,0.4687,-0.2765,0.4782,-3.0793,-0.2044,0.2017,-5.3285,2.2464,-3.0821,Joel Anthony
201203,2009-2011,319.0,315.0,-3.6763,-1.7313,0.031,-0.001,0.0498,0.0731,-5.4076,0.03,0.1229,-3.5955,-1.6591,-5.2547,Mustafa Shakur
201207,2009-2011,238.0,232.0,-3.9856,-2.3131,0.5708,0.4549,-0.089,-0.0166,-6.2987,1.0257,-0.1056,-3.5039,-1.8748,-5.3786,Coby Karl
201228,2009-2011,9748.0,9734.0,0.066,0.4008,-0.2956,-0.0461,0.1786,0.5881,0.4668,-0.3417,0.7667,-0.051,0.9427,0.8918,C.J. Watson
201229,2009-2011,6134.0,6145.0,0.0509,0.2822,0.0773,0.085,0.1832,0.0982,0.3331,0.1623,0.2813,0.3113,0.4654,0.7768,Anthony Tolliver
201234,2009-2011,206.0,209.0,-4.8328,-2.7937,-0.2286,0.4757,-0.037,-0.0169,-7.6264,0.2471,-0.0539,-5.0984,-2.3349,-7.4333,Trey Johnson
201235,2009-2011,28.0,30.0,-3.5414,-1.2702,-0.6822,-0.634,-0.0312,0.0586,-4.8116,-1.3163,0.0274,-4.2548,-1.8456,-6.1004,Courtney Sims
201238,2009-2011,1073.0,1083.0,-3.018,1.6619,1.6392,0.7906,0.087,-0.1003,-1.3561,2.4298,-0.0133,-1.2918,2.3522,1.0603,Mario West
201242,2009-2011,201.0,193.0,-4.0243,-2.3748,-0.0223,0.2185,-0.0228,0.5951,-6.3991,0.1963,0.5723,-4.0694,-1.5612,-5.6306,Thomas Gardner
201336,2009-2011,39.0,39.0,-2.4646,-1.2444,0.6607,0.7128,-0.0267,0.1371,-3.709,1.3735,0.1104,-1.8306,-0.3945,-2.2251,Blake Ahearn
201446,2009-2011,1491.0,1489.0,-2.5206,-1.4566,0.1321,-0.0733,-0.1206,-0.1953,-3.9772,0.0588,-0.3159,-2.5091,-1.7251,-4.2342,Mike Taylor
201563,2009-2011,12881.0,12853.0,-1.3552,-0.8151,0.0516,-0.1768,0.2314,0.5034,-2.1703,-0.1252,0.7347,-1.0722,-0.4885,-1.5607,Michael Beasley
201564,2009-2011,15612.0,15604.0,-0.3223,-2.057,0.6521,-0.0264,0.5086,-1.7002,-2.3793,0.6257,-1.1915,0.8385,-3.7836,-2.9451,O.J. Mayo
201565,2009-2011,17206.0,17189.0,2.1554,-2.5446,0.5046,0.2604,0.1782,0.0721,-0.3892,0.765,0.2503,2.8382,-2.2121,0.6261,Derrick Rose
201566,2009-2011,16406.0,16359.0,1.6333,-1.7747,0.7673,0.0779,-0.1844,0.7973,-0.1414,0.8452,0.6129,2.2162,-0.8994,1.3168,Russell Westbrook
201567,2009-2011,12736.0,12710.0,2.9352,0.8116,-0.6107,-0.1388,-0.1766,-0.7953,3.7468,-0.7495,-0.972,2.1479,-0.1226,2.0253,Kevin Love
201568,2009-2011,10438.0,10442.0,1.5117,-0.3998,-0.4417,-0.2503,-0.0474,0.0074,1.1119,-0.692,-0.04,1.0227,-0.6427,0.38,Danilo Gallinari
201569,2009-2011,13615.0,13589.0,1.5154,-2.266,-0.3639,-0.5262,-0.0623,-0.4846,-0.7506,-0.8901,-0.5469,1.0892,-3.2768,-2.1876,Eric Gordon
201570,2009-2011,1507.0,1506.0,-3.4756,-1.2837,0.2341,0.4171,0.2658,-0.4878,-4.7593,0.6512,-0.222,-2.9757,-1.3545,-4.3302,Joe Alexander
201571,2009-2011,11496.0,11464.0,1.6178,-2.4204,-0.7386,-0.4369,-0.0605,-0.4194,-0.8027,-1.1755,-0.4799,0.8187,-3.2767,-2.458,D.J. Augustin
201572,2009-2011,15889.0,15826.0,-0.2256,-0.1506,-1.0621,-0.0981,-0.3234,-0.5416,-0.3762,-1.1603,-0.865,-1.6112,-0.7903,-2.4015,Brook Lopez
201573,2009-2011,6503.0,6514.0,-0.1905,-2.2888,-0.146,0.0729,0.0843,-0.9268,-2.4794,-0.0731,-0.8425,-0.2522,-3.1427,-3.395,Jerryd Bayless
201574,2009-2011,12589.0,12574.0,-1.8618,0.0169,-0.1286,0.2432,0.4693,0.4248,-1.8448,0.1146,0.8941,-1.5211,0.6849,-0.8362,Jason Thompson
201575,2009-2011,12108.0,12137.0,-2.4565,-0.6368,-0.1845,-0.1678,-0.3246,-0.3719,-3.0933,-0.3523,-0.6965,-2.9656,-1.1765,-4.1421,Brandon Rush
201576,2009-2011,5130.0,5139.0,-1.8064,2.0009,-0.4688,-0.5198,-0.1717,-1.6879,0.1944,-0.9886,-1.8596,-2.4469,-0.2069,-2.6538,Anthony Randolph
201577,2009-2011,5154.0,5165.0,-1.9298,0.3559,-0.5384,0.066,-0.1133,-0.0906,-1.5739,-0.4724,-0.204,-2.5815,0.3313,-2.2502,Robin Lopez
201578,2009-2011,5789.0,5820.0,-1.072,0.5851,-0.4191,-0.3357,-0.1496,-2.4301,-0.4869,-0.7548,-2.5798,-1.6407,-2.1807,-3.8215,Marreese Speights
201579,2009-2011,10522.0,10475.0,-2.2268,0.3786,0.2714,0.9031,0.1569,2.0377,-1.8482,1.1745,2.1946,-1.7985,3.3194,1.5209,Roy Hibbert
201580,2009-2011,8270.0,8265.0,-1.8766,2.8832,0.2499,-1.6275,0.3563,-1.7533,1.0067,-1.3776,-1.397,-1.2703,-0.4977,-1.768,JaVale McGee
201581,2009-2011,8948.0,8990.0,-2.0247,0.4454,-0.5515,-0.8782,-0.1859,-1.8691,-1.5793,-1.4296,-2.0549,-2.7621,-2.3018,-5.0638,JJ Hickson
201582,2009-2011,1063.0,1073.0,-4.3615,1.249,-1.5551,-0.7894,0.1093,0.3209,-3.1125,-2.3445,0.4302,-5.8074,0.7806,-5.0268,Alexis Ajinca
201583,2009-2011,6989.0,6964.0,2.6643,-0.6147,-0.5419,0.4412,-0.0484,1.4926,2.0496,-0.1007,1.4442,2.0739,1.3192,3.3931,Ryan Anderson
201584,2009-2011,11696.0,11720.0,-0.947,-0.4222,0.3846,-0.3941,0.5378,-0.4682,-1.3693,-0.0095,0.0695,-0.0247,-1.2846,-1.3092,Courtney Lee
201585,2009-2011,2350.0,2360.0,-3.0306,0.3639,-0.4167,-0.1851,-0.1071,-1.0291,-2.6668,-0.6019,-1.1362,-3.5544,-0.8504,-4.4048,Kosta Koufos
201586,2009-2011,6827.0,6832.0,-1.7878,3.0447,0.4585,-1.0654,0.0841,-0.324,1.2569,-0.6069,-0.2399,-1.2452,1.6554,0.4101,Serge Ibaka
201587,2009-2011,9006.0,9008.0,1.0565,0.0122,0.5584,-0.0428,0.3315,-1.0303,1.0687,0.5156,-0.6988,1.9464,-1.061,0.8855,Nicolas Batum
201588,2009-2011,10825.0,10851.0,0.0985,-0.4508,0.0534,-0.0086,0.1604,0.7542,-0.3523,0.0448,0.9146,0.3123,0.2948,0.6071,George Hill
201589,2009-2011,6763.0,6759.0,-3.1736,1.4376,-0.2882,0.1727,-0.1968,0.7359,-1.736,-0.1155,0.5391,-3.6585,2.3461,-1.3124,Darrell Arthur
201590,2009-2011,6974.0,6979.0,-2.3516,-1.331,0.0215,-0.1341,0.1984,0.9832,-3.6825,-0.1126,1.1816,-2.1317,-0.4819,-2.6136,Donte Greene
201591,2009-2011,1724.0,1741.0,-0.4461,1.7968,-0.6643,-0.3705,0.1364,-1.1073,1.3507,-1.0348,-0.9709,-0.974,0.319,-0.655,DJ White
201592,2009-2011,490.0,496.0,-2.4482,0.0559,0.0159,0.0615,-0.0829,-0.3859,-2.3923,0.0774,-0.4688,-2.5152,-0.2685,-2.7837,J.R. Giddens
201593,2009-2011,1773.0,1768.0,-3.6723,-1.7994,-0.2863,0.137,-0.1602,0.4271,-5.4717,-0.1493,0.2669,-4.1188,-1.2353,-5.3541,Nikola Pekovic
201594,2009-2011,44.0,43.0,-5.0647,-0.1366,-0.9157,-0.8162,-0.0171,0.0397,-5.2013,-1.732,0.0226,-5.9976,-0.9131,-6.9107,Walter Sharpe
201595,2009-2011,1217.0,1213.0,-1.7121,2.4618,1.1877,0.1427,0.0763,0.2937,0.7497,1.3304,0.37,-0.4481,2.8982,2.4501,Joey Dorsey
201596,2009-2011,11341.0,11318.0,0.2492,0.3715,-0.8637,0.2394,-0.418,-0.0685,0.6207,-0.6242,-0.4865,-1.0324,0.5424,-0.49,Mario Chalmers
201599,2009-2011,7568.0,7610.0,-2.1632,3.1784,-0.0537,-1.2981,-0.101,-1.8898,1.0152,-1.3518,-1.9908,-2.3179,-0.0095,-2.3274,DeAndre Jordan
201600,2009-2011,1849.0,1898.0,-2.9077,2.568,0.3228,-0.2806,0.2825,1.5547,-0.3397,0.0421,1.8372,-2.3024,3.842,1.5396,Omer Asik
201601,2009-2011,11489.0,11506.0,-1.9421,0.7152,0.5324,0.1433,-0.0216,1.7968,-1.2269,0.6758,1.7752,-1.4313,2.6553,1.224,Luc Mbah a Moute
201602,2009-2011,2754.0,2750.0,-1.8764,0.0601,0.1845,0.4485,-0.2078,0.0544,-1.8163,0.633,-0.1534,-1.8997,0.563,-1.3367,Kyle Weaver
201603,2009-2011,5608.0,5633.0,-2.7119,-1.3821,0.5906,0.0691,0.3037,-1.2823,-4.094,0.6598,-0.9786,-1.8175,-2.5953,-4.4129,Sonny Weems
201604,2009-2011,6081.0,6092.0,-2.3359,-1.0795,-0.2055,-0.0075,-0.3484,0.2379,-3.4153,-0.213,-0.1105,-2.8898,-0.849,-3.7388,Chris Douglas-Roberts
201605,2009-2011,888.0,880.0,-3.297,-1.4346,0.4688,0.8112,-0.1393,0.242,-4.7316,1.2799,0.1027,-2.9675,-0.3815,-3.349,Nathan Jawai
201606,2009-2011,575.0,564.0,-3.4111,-1.7853,0.0916,0.8564,-0.1203,0.1449,-5.1964,0.9481,0.0246,-3.4397,-0.784,-4.2237,Sean Singletary
201607,2009-2011,37.0,36.0,-5.4504,-3.7738,0.8585,0.6691,-0.0181,-0.0952,-9.2242,1.5275,-0.1133,-4.6101,-3.1999,-7.81,Patrick Ewing
201609,2009-2011,6703.0,6694.0,0.1843,-1.6549,0.2157,0.2569,0.2239,0.0531,-1.4706,0.4727,0.277,0.624,-1.3448,-0.7209,Goran Dragic
201611,2009-2011,3531.0,3557.0,-0.0031,-0.495,-0.0654,0.0835,0.2113,0.1601,-0.4981,0.0181,0.3714,0.1428,-0.2514,-0.1086,Henry Walker
201612,2009-2011,945.0,951.0,-2.5855,0.1382,0.3689,0.2081,0.1797,-0.2858,-2.4473,0.577,-0.1061,-2.0369,0.0605,-1.9764,Malik Hairston
201616,2009-2011,2071.0,2079.0,-3.727,-1.4394,0.0764,0.1863,-0.0282,-0.0587,-5.1665,0.2628,-0.0869,-3.6788,-1.3118,-4.9906,Darnell Jackson
201621,2009-2011,43.0,44.0,-2.7213,-1.2006,0.8042,0.0978,-0.0245,0.1854,-3.9219,0.902,0.1609,-1.9416,-0.9174,-2.859,Joe Crawford
201623,2009-2011,1087.0,1094.0,-3.4202,1.5679,-0.2445,-0.1384,-0.0933,0.286,-1.8523,-0.3829,0.1926,-3.758,1.7155,-2.0426,Semih Erden
201627,2009-2011,10831.0,10821.0,0.0557,-1.9824,-0.0547,0.0595,0.3429,0.1215,-1.9267,0.0048,0.4645,0.344,-1.8013,-1.4573,Anthony Morrow
201628,2009-2011,2831.0,2811.0,-1.1541,-3.9517,0.7017,-0.2509,-0.6626,-1.16,-5.1057,0.4508,-1.8225,-1.1149,-5.3625,-6.4774,Bobby Brown
201629,2009-2011,256.0,259.0,-4.7834,-0.2135,-0.4567,-0.0779,0.1084,0.1128,-4.9969,-0.5346,0.2212,-5.1316,-0.1786,-5.3102,Othello Hunter
201631,2009-2011,6.0,6.0,-1.9468,-0.9507,0.0121,-0.1532,-0.0005,0.0712,-2.8975,-0.1411,0.0707,-1.9351,-1.0328,-2.9679,Steven Hill
201632,2009-2011,1051.0,1057.0,-2.9674,1.9469,-0.0596,-0.0325,0.284,0.0983,-1.0205,-0.0921,0.3823,-2.743,2.0127,-0.7303,Hamed Haddadi
201633,2009-2011,915.0,917.0,-2.1068,0.0263,0.1416,0.3767,-0.3777,-0.5781,-2.0806,0.5182,-0.9558,-2.343,-0.1751,-2.5181,Rob Kurz
201634,2009-2011,372.0,369.0,-4.9515,-0.3251,0.5359,0.3246,-0.1094,0.0448,-5.2766,0.8606,-0.0646,-4.525,0.0443,-4.4807,DeMarcus Nelson
201785,2009-2011,792.0,803.0,-1.4027,0.601,0.3079,0.3687,0.3992,-0.0887,-0.8017,0.6766,0.3105,-0.6957,0.8811,0.1854,Othyus Jeffers
201802,2009-2011,40.0,39.0,-3.1494,-2.4893,-0.2593,0.5074,-0.0313,-0.1628,-5.6387,0.2481,-0.1941,-3.44,-2.1447,-5.5848,Oliver Lafayette
201805,2009-2011,1643.0,1653.0,-2.6477,0.7225,0.3739,0.3124,0.3412,-0.7746,-1.9252,0.6863,-0.4335,-1.9327,0.2603,-1.6724,Chris Hunter
201814,2009-2011,1643.0,1627.0,-1.9072,-0.9864,0.2754,0.0801,0.1922,-0.8439,-2.8937,0.3555,-0.6518,-1.4396,-1.7503,-3.19,Gary Forbes
201821,2009-2011,13.0,12.0,-4.2989,-2.0833,-0.2114,0.2158,-0.0185,0.0897,-6.3823,0.0045,0.0712,-4.5288,-1.7778,-6.3066,Trey Gilder
201858,2009-2011,2363.0,2371.0,-1.2805,-1.1945,0.1784,-0.0571,0.568,0.4021,-2.475,0.1213,0.9701,-0.5342,-0.8494,-1.3836,Cartier Martin
201933,2009-2011,6003.0,5998.0,2.0606,1.5083,1.2895,0.3129,0.2318,0.5596,3.5689,1.6024,0.7914,3.5818,2.3808,5.9626,Blake Griffin
201934,2009-2011,2461.0,2468.0,-4.3629,3.2229,0.3339,-0.7089,0.4247,-0.7973,-1.14,-0.375,-0.3726,-3.6044,1.7167,-1.8877,Hasheem Thabeet
201935,2009-2011,7650.0,7656.0,1.53,0.3051,0.5989,0.3431,0.4637,0.4131,1.8351,0.942,0.8768,2.5926,1.0613,3.6539,James Harden
201936,2009-2011,9319.0,9316.0,0.3742,-0.4627,0.0438,0.0804,-0.3614,1.0694,-0.0885,0.1242,0.7079,0.0566,0.6871,0.7436,Tyreke Evans
201938,2009-2011,6703.0,6710.0,-1.5454,-3.2633,-0.2802,-0.6199,-0.0543,-1.3296,-4.8087,-0.9001,-1.3839,-1.8799,-5.2127,-7.0927,Jonny Flynn
201939,2009-2011,11132.0,11098.0,1.716,-0.6755,0.1739,0.0416,0.4881,-0.1198,1.0405,0.2155,0.3683,2.378,-0.7537,1.6243,Stephen Curry
201941,2009-2011,3406.0,3426.0,-2.0899,-0.1205,-0.3252,0.3264,-0.0329,-0.9952,-2.2104,0.0012,-1.0281,-2.448,-0.7893,-3.2373,Jordan Hill
201942,2009-2011,8762.0,8749.0,-1.5895,-0.9415,0.0952,-0.6935,0.2218,-1.001,-2.531,-0.5983,-0.7792,-1.2725,-2.636,-3.9085,DeMar DeRozan
201943,2009-2011,9196.0,9177.0,0.8837,-1.4906,-0.3264,0.1569,0.0035,0.2171,-0.6069,-0.1695,0.2207,0.5609,-1.1166,-0.5557,Brandon Jennings
201944,2009-2011,3980.0,3989.0,-2.6112,-0.528,0.4604,0.1083,-0.4104,-0.4038,-3.1392,0.5687,-0.8142,-2.5612,-0.8234,-3.3846,Terrence Williams
201945,2009-2011,3780.0,3775.0,-1.9889,-0.0855,0.2939,-0.0683,0.2393,0.5096,-2.0745,0.2256,0.7489,-1.4557,0.3558,-1.0999,Gerald Henderson
201946,2009-2011,4063.0,4070.0,-0.9643,-0.9133,-0.5441,-0.2379,-0.0765,0.2203,-1.8776,-0.7821,0.1437,-1.5849,-0.931,-2.5159,Tyler Hansbrough
201947,2009-2011,1692.0,1704.0,-5.0362,-1.2209,-0.6316,0.0087,-0.0326,0.1982,-6.2571,-0.623,0.1656,-5.7005,-1.014,-6.7145,Earl Clark
201948,2009-2011,4486.0,4473.0,-1.1953,0.6721,0.248,0.1066,-0.1203,-1.5918,-0.5231,0.3546,-1.7121,-1.0675,-0.8131,-1.8806,Austin Daye
201949,2009-2011,3112.0,3084.0,-2.9114,0.9472,0.3726,-0.1062,-0.0738,-0.5511,-1.9643,0.2664,-0.6249,-2.6126,0.2898,-2.3228,James Johnson
201950,2009-2011,8946.0,8935.0,0.2109,-0.7893,0.4358,0.0382,0.6855,-0.1643,-0.5784,0.474,0.5212,1.3322,-0.9153,0.4168,Jrue Holiday
201951,2009-2011,6905.0,6895.0,2.2578,-1.1137,0.959,-0.4438,0.4896,-0.7068,1.1441,0.5152,-0.2172,3.7063,-2.2643,1.4421,Ty Lawson
201952,2009-2011,3297.0,3312.0,-1.5161,0.6,-0.7535,0.1474,0.103,-0.3821,-0.9161,-0.6061,-0.2791,-2.1667,0.3654,-1.8013,Jeff Teague
201953,2009-2011,4760.0,4800.0,-0.4776,-1.0653,0.2508,-0.1144,0.2413,1.3171,-1.5428,0.1364,1.5584,0.0145,0.1375,0.152,Eric Maynor
201954,2009-2011,8836.0,8826.0,0.5966,-1.9117,-0.1805,-0.3288,-0.0223,-0.9222,-1.315,-0.5093,-0.9445,0.3939,-3.1627,-2.7688,Darren Collison
201956,2009-2011,7330.0,7315.0,-0.8522,-0.4283,0.5661,0.0391,0.3839,-0.0082,-1.2806,0.6052,0.3756,0.0977,-0.3974,-0.2997,Omri Casspi
201957,2009-2011,286.0,283.0,-7.9861,-0.2352,-0.9205,-0.7087,-0.0707,-0.4512,-8.2213,-1.6292,-0.5219,-8.9773,-1.3951,-10.3724,Byron Mullens
201958,2009-2011,2409.0,2397.0,0.767,-0.9881,-0.1766,0.4292,-0.1801,0.0324,-0.2211,0.2526,-0.1478,0.4103,-0.5265,-0.1162,Rodrigue Beaubois
201959,2009-2011,7498.0,7491.0,-2.4323,1.6973,0.5491,-0.229,0.1414,0.9903,-0.7349,0.3201,1.1317,-1.7418,2.4586,0.7169,Taj Gibson
201960,2009-2011,1739.0,1759.0,-4.3954,-0.0549,0.5142,-0.057,0.3233,0.0668,-4.4503,0.4572,0.3901,-3.5579,-0.0451,-3.603,DeMarre Carroll
201961,2009-2011,5189.0,5219.0,-2.5019,-2.8928,-0.2911,0.091,-0.2075,0.5797,-5.3947,-0.2001,0.3722,-3.0004,-2.2222,-5.2226,Wayne Ellington
201962,2009-2011,6104.0,6120.0,2.0562,-1.0054,-0.6649,-0.043,-0.141,-0.9861,1.0507,-0.7079,-1.1272,1.2503,-2.0346,-0.7843,Toney Douglas
201963,2009-2011,1858.0,1854.0,-3.1283,-0.2074,-0.2961,-0.3507,0.0267,-0.2702,-3.3357,-0.6468,-0.2435,-3.3978,-0.8284,-4.2261,Christian Eyenga
201965,2009-2011,741.0,745.0,-2.8379,2.8254,0.131,-0.038,0.1853,-1.1432,-0.0125,0.093,-0.958,-2.5216,1.6442,-0.8774,Jeff Pendergraph
201966,2009-2011,1614.0,1597.0,-1.7886,-3.1134,0.4052,-0.0141,-0.0817,-1.1832,-4.902,0.3912,-1.2649,-1.465,-4.3107,-5.7757,Jermaine Taylor
201967,2009-2011,4345.0,4384.0,-3.041,1.1333,0.0575,-0.3194,0.366,-0.071,-1.9077,-0.2619,0.2951,-2.6175,0.743,-1.8745,Dante Cunningham
201969,2009-2011,1167.0,1173.0,-4.473,-2.4705,-0.0493,-0.1709,-0.3248,-0.0785,-6.9436,-0.2202,-0.4033,-4.8471,-2.7199,-7.567,DaJuan Summers
201970,2009-2011,5632.0,5644.0,-2.0935,-0.7643,0.3705,-0.513,0.0987,-0.3273,-2.8578,-0.1425,-0.2285,-1.6243,-1.6045,-3.2288,Sam Young
201971,2009-2011,6241.0,6241.0,-0.52,2.2205,-0.1717,-0.139,0.1697,-0.5117,1.7005,-0.3107,-0.342,-0.522,1.5699,1.0479,DeJuan Blair
201972,2009-2011,2536.0,2566.0,-1.4786,0.2222,0.3331,0.3897,0.448,-0.1734,-1.2564,0.7229,0.2746,-0.6975,0.4386,-0.259,Jon Brockman
201973,2009-2011,4102.0,4093.0,-0.3654,0.3612,-0.3198,0.0181,0.1814,0.2866,-0.0042,-0.3018,0.468,-0.5038,0.6659,0.1621,Jonas Jerebko
201974,2009-2011,2142.0,2157.0,-1.9161,0.116,0.1605,0.0869,0.0189,0.1258,-1.8,0.2473,0.1447,-1.7367,0.3287,-1.408,Derrick Brown
201975,2009-2011,5435.0,5453.0,0.3963,-1.2272,0.2077,-0.223,0.4821,0.2842,-0.8309,-0.0153,0.7663,1.0862,-1.166,-0.0799,Jodie Meeks
201977,2009-2011,7137.0,7109.0,1.6759,-1.6529,-0.1428,0.1191,-0.3243,0.3569,0.0229,-0.0237,0.0326,1.2088,-1.1769,0.0318,Marcus Thornton
201978,2009-2011,6412.0,6391.0,1.1941,-0.8079,-0.0091,0.1008,0.4385,0.7901,0.3863,0.0917,1.2286,1.6236,0.083,1.7065,Chase Budinger
201980,2009-2011,406.0,404.0,-0.3019,-1.0358,-0.0573,-0.3877,0.0182,0.2503,-1.3377,-0.4449,0.2685,-0.341,-1.1732,-1.5141,Danny Green
201981,2009-2011,65.0,65.0,-5.2564,-2.2938,0.2628,0.0702,0.0272,0.0446,-7.5501,0.333,0.0719,-4.9663,-2.1789,-7.1453,Taylor Griffin
201985,2009-2011,3338.0,3344.0,1.0957,-2.006,-0.6582,-0.0107,0.0542,0.4953,-0.9102,-0.6689,0.5495,0.4918,-1.5214,-1.0296,AJ Price
201988,2009-2011,1567.0,1576.0,0.2258,-3.693,0.0922,-0.3721,-0.3757,-0.519,-3.4673,-0.28,-0.8947,-0.0578,-4.5842,-4.642,Patty Mills
201991,2009-2011,412.0,409.0,-1.4175,-1.5458,-0.2136,0.31,0.094,0.1658,-2.9632,0.0965,0.2597,-1.5371,-1.07,-2.607,Lester Hudson
202066,2009-2011,1089.0,1101.0,-2.6386,-0.9367,-0.5926,0.7454,0.1158,-0.3466,-3.5753,0.1528,-0.2308,-3.1154,-0.538,-3.6534,Garrett Temple
202068,2009-2011,223.0,224.0,-3.102,-3.2066,-0.0787,-0.1163,0.0929,-0.1421,-6.3085,-0.1949,-0.0492,-3.0877,-3.4649,-6.5526,Marcus Landry
202079,2009-2011,33.0,33.0,-5.9912,-3.6819,0.1807,-0.3418,-0.0173,-0.0738,-9.6731,-0.1611,-0.0911,-5.8278,-4.0975,-9.9253,Antonio Anderson
202081,2009-2011,211.0,218.0,-2.373,-1.8654,0.7355,0.4095,0.0009,-0.4245,-4.2384,1.1449,-0.4236,-1.6366,-1.8804,-3.517,Garret Siler
202082,2009-2011,286.0,287.0,-3.6375,1.7264,-0.5806,0.9069,0.0483,0.3826,-1.9112,0.3263,0.4309,-4.1698,3.0158,-1.154,Larry Owens
202083,2009-2011,9111.0,9089.0,0.4566,-1.1902,-0.5025,-0.0629,-0.1493,0.3548,-0.7336,-0.5653,0.2055,-0.1952,-0.8983,-1.0934,Wesley Matthews
202087,2009-2011,2496.0,2510.0,-1.9487,-0.312,0.1622,-0.1378,-0.134,-0.3741,-2.2607,0.0243,-0.5081,-1.9205,-0.8239,-2.7444,Alonzo Gee
202130,2009-2011,4865.0,4866.0,1.3465,-1.0715,-0.0823,0.0294,0.0551,-1.5931,0.275,-0.0529,-1.538,1.3192,-2.6352,-1.316,Reggie Williams
202132,2009-2011,155.0,157.0,-4.0145,-2.6298,0.2932,0.8423,-0.0038,0.2444,-6.6443,1.1355,0.2406,-3.7252,-1.5431,-5.2683,Cedric Jackson
202178,2009-2011,1010.0,1022.0,1.126,-0.2209,0.4146,0.0345,-0.1183,0.0261,0.9051,0.4491,-0.0922,1.4222,-0.1603,1.262,Sundiata Gaines
202220,2009-2011,576.0,573.0,-2.8971,-1.2886,-0.2108,-0.2342,-0.0968,0.0002,-4.1856,-0.4451,-0.0966,-3.2047,-1.5226,-4.7273,Zabian Dowdell
202322,2009-2011,5164.0,5142.0,-0.0714,-0.1511,-0.3187,-0.3777,-0.1009,-1.0391,-0.2225,-0.6964,-1.14,-0.491,-1.5679,-2.0589,John Wall
202323,2009-2011,3482.0,3494.0,-2.6614,0.4429,0.5137,0.1864,-0.1292,1.0825,-2.2185,0.7001,0.9533,-2.2769,1.7118,-0.5651,Evan Turner
202324,2009-2011,2866.0,2870.0,-2.0554,1.0,-0.2892,0.1423,-0.1097,0.0858,-1.0554,-0.1469,-0.0238,-2.4542,1.2281,-1.2261,Derrick Favors
202325,2009-2011,4202.0,4186.0,-1.8349,-1.0147,-0.2372,0.1991,0.5587,-0.1864,-2.8496,-0.0382,0.3723,-1.5134,-1.0021,-2.5155,Wesley Johnson
202326,2009-2011,4547.0,4512.0,-3.0125,0.2496,0.8684,0.4457,0.087,0.1577,-2.7629,1.3141,0.2447,-2.0571,0.853,-1.2041,DeMarcus Cousins
202327,2009-2011,2007.0,2028.0,-4.8784,0.9908,0.256,0.3248,0.5416,0.9747,-3.8876,0.5808,1.5163,-4.0807,2.2903,-1.7904,Ekpe Udoh
202328,2009-2011,4093.0,4116.0,1.0017,2.3321,0.0529,0.1308,-0.0478,-1.2764,3.3337,0.1837,-1.3241,1.0068,1.1865,2.1933,Greg Monroe
202329,2009-2011,2817.0,2816.0,-2.3708,-0.3718,0.3448,-0.2242,-0.3762,0.2659,-2.7427,0.1206,-0.1103,-2.4023,-0.3301,-2.7324,Al-Farouq Aminu
202330,2009-2011,2312.0,2318.0,-2.1327,-1.2381,0.005,0.1404,-0.0651,-1.9119,-3.3709,0.1454,-1.977,-2.1928,-3.0097,-5.2025,Gordon Hayward
202331,2009-2011,2531.0,2529.0,-0.7539,1.668,0.0452,-0.225,0.1041,-0.401,0.914,-0.1798,-0.2968,-0.6046,1.042,0.4374,Paul George
202332,2009-2011,281.0,280.0,-5.1782,1.5636,0.1553,0.5747,0.0527,-0.0927,-3.6146,0.73,-0.04,-4.9703,2.0457,-2.9246,Cole Aldrich
202333,2009-2011,998.0,1000.0,-4.2089,-1.6312,-0.3783,-0.5516,-0.0037,0.5112,-5.8401,-0.9299,0.5075,-4.5909,-1.6716,-6.2625,Xavier Henry
202334,2009-2011,3085.0,3118.0,-0.6953,2.5562,-0.4876,-0.4824,-0.1594,-1.7066,1.8609,-0.9701,-1.866,-1.3424,0.3671,-0.9752,Ed Davis
202335,2009-2011,1680.0,1674.0,-0.1914,0.4781,-0.0113,0.3742,-0.1029,0.2746,0.2866,0.3629,0.1716,-0.3056,1.1268,0.8212,Patrick Patterson
202336,2009-2011,1677.0,1671.0,-5.5792,2.0234,0.1322,-0.7358,-0.3967,0.2957,-3.5558,-0.6036,-0.101,-5.8437,1.5834,-4.2603,Larry Sanders
202337,2009-2011,278.0,279.0,-6.2669,-1.0009,0.0691,-0.2113,-0.0747,0.2603,-7.2677,-0.1422,0.1856,-6.2725,-0.9518,-7.2243,Luke Babbitt
202338,2009-2011,1272.0,1263.0,-4.8638,-0.9922,-0.2544,-0.1092,-0.1532,-0.9425,-5.856,-0.3635,-1.0958,-5.2714,-2.0439,-7.3153,Kevin Seraphin
202339,2009-2011,3540.0,3539.0,-1.5813,-1.0665,0.4971,-0.0009,-0.2518,0.0235,-2.6478,0.4962,-0.2284,-1.336,-1.044,-2.3799,Eric Bledsoe
202340,2009-2011,315.0,327.0,-7.1153,-1.9208,-0.004,0.3581,-0.0892,0.2206,-9.0361,0.3541,0.1315,-7.2084,-1.3421,-8.5505,Avery Bradley
202341,2009-2011,553.0,565.0,-2.4611,-1.7211,-0.1215,0.4838,-0.1284,-0.5829,-4.1822,0.3623,-0.7113,-2.711,-1.8202,-4.5312,James Anderson
202342,2009-2011,59.0,60.0,-5.6029,-4.5282,1.9947,-0.218,-0.0127,-0.2293,-10.131,1.7767,-0.242,-3.6209,-4.9755,-8.5964,Craig Brackins
202344,2009-2011,2096.0,2080.0,-1.0744,1.4737,0.1194,-0.1617,0.1742,-1.0567,0.3993,-0.0423,-0.8825,-0.7808,0.2553,-0.5254,Trevor Booker
202345,2009-2011,784.0,783.0,-4.2178,1.644,0.4912,-0.0652,-0.0949,0.2705,-2.5739,0.426,0.1757,-3.8215,1.8492,-1.9723,Damion James
202346,2009-2011,257.0,258.0,-2.9639,-0.8019,0.3101,0.2971,-0.1265,-0.0413,-3.7658,0.6072,-0.1678,-2.7804,-0.5461,-3.3265,Dominique Jones
202347,2009-2011,1323.0,1327.0,-3.0004,-0.5223,0.3244,-0.0454,-0.1284,0.3112,-3.5227,0.279,0.1829,-2.8044,-0.2564,-3.0608,Quincy Pondexter
202348,2009-2011,2021.0,2016.0,-1.1211,-3.2911,0.0477,0.0213,-0.0562,-0.7853,-4.4121,0.0689,-0.8415,-1.1296,-4.0551,-5.1847,Jordan Crawford
202349,2009-2011,1651.0,1641.0,-1.0312,-2.182,-0.1054,0.0032,0.0471,0.0617,-3.2132,-0.1022,0.1088,-1.0895,-2.1171,-3.2066,Greivis Vasquez
202351,2009-2011,874.0,875.0,-1.109,-1.3797,0.2194,0.2515,-0.1122,-0.7918,-2.4887,0.4709,-0.904,-1.0017,-1.92,-2.9218,Lazar Hayward
202354,2009-2011,23.0,23.0,-6.939,-3.6781,1.015,-0.0549,0.0576,0.0501,-10.6171,0.9601,0.1078,-5.8664,-3.6828,-9.5492,Dexter Pittman
202355,2009-2011,3.0,4.0,-5.9218,-3.5068,0.9925,0.2323,-0.005,-0.0265,-9.4286,1.2248,-0.0315,-4.9343,-3.301,-8.2353,Hassan Whiteside
202356,2009-2011,546.0,562.0,-3.3757,-3.1059,0.5511,0.0358,-0.1428,0.7952,-6.4815,0.5869,0.6524,-2.9674,-2.2748,-5.2422,Armon Johnson
202360,2009-2011,51.0,48.0,-4.7728,-4.577,0.7653,-0.0814,-0.0459,0.0015,-9.3498,0.6839,-0.0444,-4.0534,-4.6569,-8.7103,Andy Rautins
202361,2009-2011,5075.0,5104.0,-0.008,0.9061,1.5073,0.0563,0.437,-1.2401,0.8981,1.5636,-0.8031,1.9364,-0.2777,1.6586,Landry Fields
202362,2009-2011,237.0,235.0,-4.001,-1.6226,0.6157,0.0186,-0.0432,0.1155,-5.6236,0.6343,0.0723,-3.4285,-1.4885,-4.917,Lance Stephenson
202365,2009-2011,248.0,242.0,-1.689,-2.0718,-1.4571,-0.4274,-0.066,0.0155,-3.7607,-1.8845,-0.0506,-3.2121,-2.4837,-5.6958,Devin Ebanks
202371,2009-2011,4.0,4.0,-5.883,-3.5474,1.157,0.0141,-0.0123,-0.0074,-9.4303,1.1712,-0.0197,-4.7383,-3.5406,-8.2789,Gani Lawal
202374,2009-2011,116.0,114.0,-7.0783,-2.0085,0.7382,0.3578,-0.0596,-0.1761,-9.0869,1.096,-0.2357,-6.3998,-1.8268,-8.2266,Solomon Alabi
202376,2009-2011,1225.0,1251.0,-1.6953,0.6316,0.2197,-0.2149,-0.0286,-0.0776,-1.0636,0.0048,-0.1063,-1.5042,0.3391,-1.1651,Luke Harangody
202377,2009-2011,43.0,43.0,-4.3381,-4.2,1.0417,-0.0361,-0.015,-0.068,-8.5381,1.0056,-0.0829,-3.3114,-4.3041,-7.6155,Pape Sy
202378,2009-2011,261.0,262.0,-0.8378,-0.1651,-0.6055,0.7854,0.0476,0.1497,-1.0029,0.1799,0.1973,-1.3957,0.77,-0.6258,Willie Warren
202379,2009-2011,895.0,894.0,0.7782,2.0192,0.0134,0.2243,0.0071,-0.4343,2.7974,0.2376,-0.4272,0.7986,1.8092,2.6078,Jeremy Evans
202380,2009-2011,160.0,156.0,-5.8221,0.4017,-1.6503,0.1591,-0.0302,-0.4138,-5.4204,-1.4912,-0.4439,-7.5025,0.1471,-7.3555,Hamady Ndiaye
202382,2009-2011,436.0,439.0,-4.5813,-0.7924,0.1756,-0.4169,0.1423,-0.3916,-5.3737,-0.2413,-0.2493,-4.2634,-1.601,-5.8644,Derrick Caracter
202386,2009-2011,822.0,830.0,-0.4724,-1.1837,-0.567,0.1796,-0.1314,-0.6992,-1.6561,-0.3874,-0.8306,-1.1708,-1.7033,-2.8741,Ben Uzoh
202389,2009-2011,1057.0,1046.0,-3.9325,0.5756,-0.347,0.0109,-0.1067,-0.2487,-3.3569,-0.3361,-0.3554,-4.3862,0.3378,-4.0484,Timofey Mozgov
202390,2009-2011,3254.0,3286.0,0.2498,-2.1228,0.047,-0.0,0.2089,-0.4542,-1.873,0.047,-0.2453,0.5057,-2.577,-2.0713,Gary Neal
202391,2009-2011,544.0,564.0,-1.7826,3.0446,-0.0287,0.7322,0.099,-0.5509,1.262,0.7035,-0.452,-1.7123,3.2259,1.5136,Jeremy Lin
202395,2009-2011,124.0,128.0,-3.6753,-2.6874,-0.1043,0.0933,0.0115,-0.3248,-6.3627,-0.011,-0.3133,-3.7681,-2.9189,-6.687,Sherron Collins
202396,2009-2011,1371.0,1375.0,-3.2216,-1.7778,-0.7715,-0.4511,-0.0853,-0.2159,-4.9994,-1.2226,-0.3011,-4.0784,-2.4448,-6.5232,Samardo Samuels
202397,2009-2011,883.0,883.0,-3.638,-0.7127,-0.0926,0.1337,0.0898,-0.3327,-4.3508,0.0411,-0.2429,-3.6409,-0.9117,-4.5526,Ish Smith
202399,2009-2011,383.0,385.0,-3.2317,0.4699,-0.0459,0.3994,0.0845,-0.3774,-2.7618,0.3535,-0.2929,-3.1932,0.492,-2.7012,Jeff Adrien
202408,2009-2011,41.0,42.0,-6.3237,-2.1595,0.0854,-0.1192,-0.0369,-0.1437,-8.4832,-0.0338,-0.1805,-6.2752,-2.4224,-8.6975,Marcus Cousin
202412,2009-2011,1805.0,1809.0,-1.8139,-1.382,0.2128,0.3065,-0.186,-0.4384,-3.1959,0.5193,-0.6244,-1.7871,-1.514,-3.301,Manny Harris
202419,2009-2011,273.0,272.0,-4.4382,0.9409,0.2758,0.0495,-0.1235,-0.0974,-3.4973,0.3252,-0.221,-4.286,0.893,-3.3931,Chris Johnson
255,2012-2014,3504.0,3484.0,-2.7211,-0.0814,0.1415,0.02,0.3488,0.1193,-2.8025,0.1614,0.4681,-2.2308,0.0578,-2.173,Grant Hill
436,2012-2014,469.0,469.0,-5.9282,-1.7828,0.4892,0.1274,-0.0739,0.1767,-7.711,0.6165,0.1027,-5.513,-1.4788,-6.9917,Juwan Howard
467,2012-2014,6497.0,6516.0,2.4441,3.2406,-0.8039,-0.1585,-0.0915,-0.5421,5.6847,-0.9623,-0.6336,1.5488,2.5401,4.0888,Jason Kidd
703,2012-2014,2300.0,2286.0,-3.6364,2.4967,-0.015,0.0147,-0.3251,0.1519,-1.1397,-0.0003,-0.1733,-3.9765,2.6633,-1.3133,Kurt Thomas
708,2012-2014,9326.0,9312.0,-1.006,3.3461,-1.434,0.8908,-0.1952,1.6116,2.3401,-0.5432,1.4164,-2.6352,5.8484,3.2133,Kevin Garnett
711,2012-2014,1563.0,1567.0,-1.0347,-2.1484,-0.1621,-0.2872,-0.045,1.1503,-3.1831,-0.4493,1.1053,-1.2417,-1.2853,-2.5271,Jerry Stackhouse
739,2012-2014,553.0,560.0,-0.9564,2.0541,0.5795,-0.9043,-0.1313,0.3992,1.0977,-0.3248,0.268,-0.5082,1.549,1.0408,Rasheed Wallace
948,2012-2014,3000.0,3013.0,-2.5101,4.4398,-0.3538,-0.2971,-0.0817,-0.8076,1.9297,-0.6509,-0.8893,-2.9456,3.3351,0.3895,Marcus Camby
951,2012-2014,10458.0,10451.0,1.7599,-0.6774,-0.3144,-0.1936,0.1694,-1.5282,1.0824,-0.508,-1.3587,1.6149,-2.3992,-0.7843,Ray Allen
956,2012-2014,160.0,164.0,-4.8696,0.776,0.6449,0.0105,0.0669,-0.1333,-4.0935,0.6554,-0.0663,-4.1577,0.6533,-3.5044,Erick Dampier
959,2012-2014,7749.0,7736.0,3.3115,-1.2029,0.8936,-0.0299,-0.112,-0.0521,2.1086,0.8637,-0.1641,4.0931,-1.2849,2.8082,Steve Nash
965,2012-2014,6864.0,6836.0,-0.818,-0.2031,0.5047,0.5898,-0.0241,1.0387,-1.0211,1.0945,1.0146,-0.3374,1.4254,1.088,Derek Fisher
977,2012-2014,10645.0,10603.0,3.5803,-1.4872,0.7985,0.0298,0.0309,-0.4745,2.093,0.8283,-0.4437,4.4097,-1.932,2.4777,Kobe Bryant
979,2012-2014,4506.0,4511.0,-2.8194,1.872,-0.4446,-0.0614,-0.0817,0.2288,-0.9474,-0.506,0.1471,-3.3456,2.0393,-1.3063,Jermaine O'Neal
1112,2012-2014,1770.0,1804.0,-2.9814,4.4286,-0.4232,0.0778,-0.2857,0.9823,1.4472,-0.3454,0.6966,-3.6903,5.4888,1.7985,Ben Wallace
1495,2012-2014,11374.0,11372.0,-0.1637,3.3906,-0.0492,0.7342,-0.0848,0.0207,3.2269,0.6849,-0.0641,-0.2977,4.1454,3.8478,Tim Duncan
1497,2012-2014,2526.0,2522.0,2.222,-1.788,-1.1226,0.2954,0.0963,0.4049,0.434,-0.8272,0.5013,1.1957,-1.0877,0.1081,Chauncey Billups
1499,2012-2014,546.0,548.0,-4.5547,2.2213,0.838,-0.6996,-0.0312,0.5593,-2.3334,0.1383,0.528,-3.7479,2.0809,-1.667,Tony Battie
1503,2012-2014,1570.0,1566.0,-1.2082,0.2372,-0.2524,0.2812,0.0783,1.5356,-0.9709,0.0288,1.6139,-1.3822,2.0541,0.6718,Tracy McGrady
1515,2012-2014,2462.0,2476.0,-0.6513,-0.1819,0.236,-0.2004,-0.35,-0.8152,-0.8332,0.0356,-1.1652,-0.7652,-1.1975,-1.9627,Anthony Parker
1536,2012-2014,4707.0,4712.0,-1.6272,-0.1893,-0.5937,-0.0432,0.0823,1.1473,-1.8165,-0.6369,1.2296,-2.1386,0.9149,-1.2237,Stephen Jackson
1630,2012-2014,225.0,225.0,-4.66,0.1077,0.8098,0.5447,0.0202,-0.0767,-4.5523,1.3545,-0.0565,-3.83,0.5758,-3.2542,Mikki Moore
1710,2012-2014,1081.0,1080.0,-0.6758,0.3174,-0.0724,0.0374,-0.1001,-0.3085,-0.3584,-0.0349,-0.4086,-0.8483,0.0463,-0.802,Mike Bibby
1712,2012-2014,7859.0,7866.0,-0.0675,-1.4473,0.176,-0.1567,0.2912,-0.0811,-1.5148,0.0193,0.2101,0.3997,-1.6852,-1.2854,Antawn Jamison
1713,2012-2014,11003.0,10960.0,1.6891,-0.4307,0.1693,0.2725,0.3732,1.4315,1.2584,0.4417,1.8047,2.2315,1.2733,3.5048,Vince Carter
1716,2012-2014,209.0,209.0,-6.9491,-2.4213,1.1972,0.9258,-0.2076,-0.0229,-9.3703,2.123,-0.2305,-5.9595,-1.5184,-7.4779,Larry Hughes
1717,2012-2014,12343.0,12258.0,2.9276,0.8126,0.4667,0.148,0.3983,0.4087,3.7403,0.6147,0.807,3.7926,1.3694,5.162,Dirk Nowitzki
1718,2012-2014,12838.0,12838.0,2.5461,0.3831,-0.3544,0.1432,-0.1578,1.6578,2.9291,-0.2112,1.5,2.0339,2.1841,4.2179,Paul Pierce
1730,2012-2014,9.0,8.0,-6.0653,-2.2724,0.4611,-0.1178,-0.0109,-0.0515,-8.3377,0.3434,-0.0624,-5.615,-2.4417,-8.0567,Brian Skinner
1733,2012-2014,4695.0,4715.0,-0.3235,-1.1312,0.0026,-0.2848,0.1899,0.64,-1.4546,-0.2822,0.8299,-0.131,-0.776,-0.9069,Al Harrington
1737,2012-2014,3624.0,3641.0,-4.2836,1.4986,0.2749,0.2819,-0.3467,0.182,-2.785,0.5568,-0.1647,-4.3554,1.9625,-2.3929,Nazr Mohammed
1740,2012-2014,4765.0,4782.0,-0.9173,0.1264,0.0412,-0.0784,-0.237,-0.4706,-0.7909,-0.0373,-0.7076,-1.1131,-0.4226,-1.5357,Rashard Lewis
1802,2012-2014,282.0,282.0,-0.5653,-0.0115,0.049,0.3277,-0.1177,-0.1089,-0.5768,0.3767,-0.2266,-0.634,0.2073,-0.4267,Brad Miller
1853,2012-2014,403.0,411.0,-2.3177,0.6789,0.3601,0.0101,-0.2127,0.199,-1.6387,0.3702,-0.0138,-2.1703,0.888,-1.2823,Anthony Carter
1863,2012-2014,209.0,205.0,-1.5527,-0.7963,-0.3478,0.0676,-0.1002,0.2195,-2.349,-0.2802,0.1193,-2.0007,-0.5091,-2.5099,Earl Boykins
1882,2012-2014,8933.0,8983.0,-1.924,2.7942,0.0638,-0.3436,-0.0548,-0.4848,0.8702,-0.2798,-0.5396,-1.915,1.9658,0.0508,Elton Brand
1884,2012-2014,1135.0,1131.0,-0.2728,-0.9399,-0.2516,0.2814,0.0854,0.1115,-1.2126,0.0298,0.1969,-0.4389,-0.547,-0.9859,Baron Davis
1885,2012-2014,5037.0,5054.0,-2.9163,1.8221,0.2163,-0.0512,0.1543,0.3194,-1.0942,0.1651,0.4737,-2.5458,2.0903,-0.4554,Lamar Odom
1888,2012-2014,3340.0,3332.0,-2.3118,-3.2339,0.5851,-0.1237,0.2755,0.8985,-5.5458,0.4614,1.174,-1.4513,-2.4591,-3.9104,Richard Hamilton
1889,2012-2014,9629.0,9606.0,1.3535,-0.0943,0.2751,-0.3925,0.5206,0.548,1.2592,-0.1173,1.0687,2.1493,0.0612,2.2105,Andre Miller
1890,2012-2014,12317.0,12328.0,-0.3588,1.3381,-0.7391,-0.0927,-0.083,-0.6715,0.9793,-0.8317,-0.7545,-1.1808,0.5739,-0.6069,Shawn Marion
1891,2012-2014,8984.0,8937.0,1.4532,-1.3876,-1.2682,-0.3167,-0.0639,-0.4892,0.0656,-1.5849,-0.5531,0.1211,-2.1935,-2.0724,Jason Terry
1894,2012-2014,2206.0,2193.0,-1.2165,-1.7396,-0.8531,-0.5705,-0.2296,-0.0018,-2.9561,-1.4236,-0.2314,-2.2992,-2.312,-4.6112,Corey Maggette
1897,2012-2014,8986.0,8979.0,0.0331,0.3729,0.0202,0.3093,0.2433,0.892,0.406,0.3295,1.1353,0.2966,1.5742,1.8707,Metta World Peace
1902,2012-2014,273.0,266.0,-2.737,0.6083,0.8791,-0.1194,-0.0263,0.5591,-2.1287,0.7597,0.5327,-1.8842,1.0479,-0.8363,Jeff Foster
1905,2012-2014,5556.0,5566.0,0.8178,1.7333,-0.6813,0.3734,-0.1977,-0.2133,2.5512,-0.3079,-0.411,-0.0612,1.8935,1.8323,Andrei Kirilenko
1922,2012-2014,32.0,33.0,-5.4808,-1.1239,0.37,0.1499,-0.0434,-0.0279,-6.6047,0.5199,-0.0713,-5.1542,-1.0019,-6.1561,Francisco Elson
1938,2012-2014,7540.0,7569.0,4.6511,0.4901,0.4086,0.2751,0.395,0.2519,5.1412,0.6837,0.647,5.4547,1.0172,6.4719,Manu Ginobili
1952,2012-2014,1489.0,1489.0,-1.4278,-1.6155,1.0123,0.037,0.0289,-0.6856,-3.0433,1.0493,-0.6568,-0.3866,-2.2642,-2.6508,Raja Bell
2030,2012-2014,3691.0,3709.0,-3.4127,2.3793,-0.3903,-0.1051,0.1137,1.0309,-1.0334,-0.4954,1.1446,-3.6893,3.3052,-0.3842,Kenyon Martin
2034,2012-2014,6356.0,6359.0,0.4281,-1.0193,0.6501,-0.1313,0.1462,-1.2797,-0.5912,0.5188,-1.1335,1.2244,-2.4303,-1.2058,Mike Miller
2037,2012-2014,11640.0,11577.0,2.8913,-2.1348,-0.5991,-0.4396,-0.356,0.3773,0.7565,-1.0388,0.0213,1.9361,-2.1971,-0.261,Jamal Crawford
2038,2012-2014,959.0,964.0,-5.9643,2.1794,-0.131,-0.3041,0.0615,-1.1006,-3.7849,-0.4351,-1.0391,-6.0337,0.7747,-5.259,Joel Przybilla
2039,2012-2014,1384.0,1388.0,-1.6483,-2.0954,0.6322,0.8125,-0.3068,-0.8698,-3.7437,1.4447,-1.1766,-1.3229,-2.1527,-3.4756,Keyon Dooling
2045,2012-2014,4178.0,4190.0,-0.7216,-0.4655,-0.3307,0.0727,0.149,0.2719,-1.1871,-0.258,0.4209,-0.9033,-0.1209,-1.0243,Hedo Turkoglu
2047,2012-2014,1646.0,1653.0,-1.555,0.2576,-0.0033,-0.1091,-0.2642,0.6624,-1.2974,-0.1124,0.3982,-1.8225,0.8109,-1.0116,Quentin Richardson
2048,2012-2014,674.0,695.0,-7.881,0.5836,0.0555,-0.6282,0.3367,0.701,-7.2974,-0.5728,1.0377,-7.4889,0.6564,-6.8325,Jamaal Magloire
2052,2012-2014,4004.0,4033.0,-1.3297,-0.6085,1.0014,0.269,-0.3415,0.3326,-1.9382,1.2704,-0.0089,-0.6698,-0.007,-0.6768,DeShawn Stevenson
2059,2012-2014,520.0,519.0,-2.5421,1.9441,0.3948,0.107,-0.087,-0.3029,-0.598,0.5018,-0.3898,-2.2342,1.7482,-0.486,Eduardo Najera
2072,2012-2014,1488.0,1490.0,0.3374,-3.0357,-0.1481,-0.2992,-0.0593,-0.8907,-2.6983,-0.4473,-0.95,0.13,-4.2257,-4.0957,Michael Redd
2073,2012-2014,562.0,560.0,-2.9982,0.1688,0.6249,0.506,-0.1711,0.0121,-2.8294,1.1309,-0.159,-2.5443,0.6868,-1.8575,Brian Cardinal
2198,2012-2014,866.0,878.0,-4.3021,0.6001,-0.3102,-0.0912,-0.1659,0.3928,-3.702,-0.4014,0.2269,-4.7782,0.9017,-3.8765,Kwame Brown
2199,2012-2014,11186.0,11154.0,0.1445,2.1386,-0.1711,-0.2623,-0.0824,0.5578,2.2832,-0.4334,0.4754,-0.109,2.4341,2.3251,Tyson Chandler
2200,2012-2014,11771.0,11764.0,-0.5561,0.8153,-0.1145,0.5418,0.2634,-0.1036,0.2592,0.4273,0.1598,-0.4073,1.2535,0.8462,Pau Gasol
2201,2012-2014,215.0,214.0,-6.7988,-2.9292,-0.5511,-0.5914,-0.0836,-0.5246,-9.7279,-1.1425,-0.6082,-7.4334,-4.0452,-11.4786,Eddy Curry
2202,2012-2014,4756.0,4749.0,0.2387,-0.4084,-0.0375,0.0756,0.1491,0.3331,-0.1696,0.0381,0.4822,0.3503,0.0003,0.3506,Jason Richardson
2203,2012-2014,8996.0,9005.0,-0.0726,0.5298,0.6265,0.4618,-0.0436,0.4116,0.4572,1.0882,0.3681,0.5103,1.4032,1.9135,Shane Battier
2205,2012-2014,1052.0,1046.0,-4.9668,1.8816,0.7634,0.272,-0.3986,-0.3387,-3.0853,1.0354,-0.7374,-4.6021,1.8148,-2.7873,DeSagana Diop
2207,2012-2014,13713.0,13711.0,1.7928,-2.513,0.5553,0.2287,0.5069,0.9711,-0.7202,0.784,1.478,2.855,-1.3132,1.5418,Joe Johnson
2209,2012-2014,1715.0,1730.0,-0.4053,0.2633,0.1556,0.2245,-0.2376,0.546,-0.142,0.3801,0.3085,-0.4872,1.0337,0.5465,Vladimir Radmanovic
2210,2012-2014,8662.0,8687.0,-0.4559,-0.8726,-0.2061,-0.1428,-0.2027,-0.0771,-1.3285,-0.3489,-0.2798,-0.8647,-1.0925,-1.9572,Richard Jefferson
2211,2012-2014,2284.0,2265.0,-2.2515,1.0409,1.2948,-0.4355,-0.0526,-0.6396,-1.2106,0.8593,-0.6921,-1.0092,-0.0342,-1.0434,Troy Murphy
2215,2012-2014,1642.0,1662.0,-5.516,-0.1223,-0.1073,0.8697,0.1999,0.6161,-5.6383,0.7624,0.816,-5.4234,1.3635,-4.06,Jason Collins
2216,2012-2014,11178.0,11176.0,-0.9344,-0.9636,0.9657,0.2103,0.3171,0.7015,-1.898,1.176,1.0186,0.3484,-0.0518,0.2967,Zach Randolph
2217,2012-2014,4365.0,4392.0,-3.8119,-0.0804,-0.4271,0.4331,0.0861,0.947,-3.8923,0.0061,1.0331,-4.1528,1.2998,-2.8531,Brendan Haywood
2222,2012-2014,10607.0,10601.0,-0.4598,1.655,-0.2454,0.2804,-0.3939,1.1928,1.1952,0.035,0.7989,-1.0991,3.1282,2.029,Gerald Wallace
2223,2012-2014,7409.0,7391.0,-1.7116,2.577,-0.3613,-0.5112,-0.234,0.4904,0.8655,-0.8724,0.2564,-2.3068,2.5562,0.2494,Samuel Dalembert
2224,2012-2014,3467.0,3475.0,0.1536,0.6993,-0.3341,-0.3218,0.0037,-0.2609,0.8529,-0.6558,-0.2572,-0.1768,0.1166,-0.0602,Jamaal Tinsley
2225,2012-2014,11891.0,11862.0,3.3355,-1.4932,-0.1171,0.4551,0.1582,1.4635,1.8423,0.338,1.6217,3.3766,0.4254,3.8021,Tony Parker
2229,2012-2014,2012.0,2018.0,-0.8654,-1.7685,-0.1565,0.7321,0.3291,0.031,-2.6339,0.5756,0.3601,-0.6928,-1.0054,-1.6982,Mike James
2230,2012-2014,678.0,672.0,-2.0866,-1.8113,0.1644,-0.3326,0.1083,0.1974,-3.898,-0.1683,0.3057,-1.814,-1.9465,-3.7605,Maurice Evans
2240,2012-2014,399.0,400.0,-1.0577,-0.6915,0.0159,0.805,0.0974,0.5322,-1.7492,0.8209,0.6296,-0.9445,0.6457,-0.2987,Gilbert Arenas
2243,2012-2014,237.0,236.0,-1.3701,1.0658,0.3322,0.4184,0.0595,-0.2527,-0.3042,0.7506,-0.1932,-0.9783,1.2315,0.2531,Brian Scalabrine
2246,2012-2014,813.0,811.0,-1.9492,-1.3035,0.0327,0.0819,-0.227,-0.4596,-3.2527,0.1146,-0.6866,-2.1436,-1.6812,-3.8247,Mehmet Okur
2248,2012-2014,3885.0,3882.0,-1.3835,1.2967,0.4507,0.5047,0.1377,-0.568,-0.0868,0.9555,-0.4303,-0.7951,1.2334,0.4383,Earl Watson
2250,2012-2014,788.0,791.0,-2.5559,-0.671,-0.193,-0.1174,-0.0592,-0.5285,-3.2269,-0.3104,-0.5876,-2.8081,-1.3168,-4.1249,Bobby Simmons
2365,2012-2014,4749.0,4795.0,-0.4401,3.4858,0.124,-0.8417,0.0406,1.1078,3.0457,-0.7177,1.1483,-0.2756,3.7519,3.4763,Chris Andersen
2399,2012-2014,11623.0,11568.0,0.703,-0.3848,-0.1798,0.0052,-0.0024,1.4816,0.3183,-0.1746,1.4792,0.5209,1.102,1.6229,Mike Dunleavy
2400,2012-2014,3940.0,3956.0,-0.0161,-0.252,0.0882,0.0762,-0.0636,-1.7363,-0.2681,0.1644,-1.7999,0.0086,-1.9121,-1.9036,Drew Gooden
2403,2012-2014,8421.0,8427.0,-1.3534,0.737,-0.2238,0.3957,-0.0705,2.2139,-0.6163,0.1719,2.1435,-1.6477,3.3467,1.699,Nene
2404,2012-2014,2537.0,2547.0,-1.6176,1.5832,-0.6633,0.0993,-0.0336,0.0248,-0.0344,-0.564,-0.0088,-2.3146,1.7073,-0.6073,Chris Wilcox
2405,2012-2014,6996.0,6972.0,-0.8662,-0.9006,-1.2275,-1.0731,-0.5731,-0.8221,-1.7669,-2.3006,-1.3951,-2.6668,-2.7958,-5.4626,Amar'e Stoudemire
2406,2012-2014,9813.0,9797.0,-0.3835,-1.2005,0.1098,-0.4772,0.0669,-1.2817,-1.5839,-0.3674,-1.2149,-0.2068,-2.9594,-3.1663,Caron Butler
2407,2012-2014,2073.0,2100.0,-3.5552,-0.0952,0.5345,1.5372,-0.0343,1.0104,-3.6503,2.0716,0.9761,-3.055,2.4524,-0.6026,Jared Jeffries
2408,2012-2014,49.0,49.0,-5.3254,-1.2558,-0.1555,0.0387,0.0866,-0.3418,-6.5811,-0.1168,-0.2552,-5.3942,-1.5589,-6.9531,Melvin Ely
2419,2012-2014,12354.0,12367.0,-2.3537,-1.007,1.7039,0.4243,0.0162,1.1047,-3.3607,2.1282,1.121,-0.6336,0.5221,-0.1115,Tayshaun Prince
2422,2012-2014,10231.0,10273.0,-1.3557,-0.727,0.2363,0.2386,-0.0886,0.8928,-2.0827,0.4749,0.8043,-1.2079,0.4044,-0.8035,John Salmons
2427,2012-2014,4108.0,4068.0,-0.4579,-1.3229,0.1322,-0.1921,0.4658,-1.3497,-1.7808,-0.0599,-0.884,0.14,-2.8647,-2.7247,Roger Mason Jr.
2429,2012-2014,25.0,26.0,-7.1637,-1.0498,-0.1113,-0.5838,-0.0162,0.0239,-8.2136,-0.6951,0.0077,-7.2912,-1.6097,-8.9009,Dan Gadzuric
2430,2012-2014,12482.0,12429.0,-2.3431,0.4051,-1.0418,-0.9636,-0.3058,-0.283,-1.938,-2.0053,-0.5888,-3.6907,-0.8415,-4.5321,Carlos Boozer
2440,2012-2014,10279.0,10242.0,0.6563,0.6606,0.6838,0.098,0.4483,0.2462,1.317,0.7818,0.6945,1.7885,1.0048,2.7933,Matt Barnes
2446,2012-2014,1597.0,1606.0,-2.144,-0.99,0.111,0.0879,-0.2924,-0.0911,-3.134,0.1989,-0.3834,-2.3254,-0.9932,-3.3185,Rasual Butler
2449,2012-2014,10682.0,10645.0,-2.3177,-0.8425,-0.6979,-0.0499,-0.1768,1.2707,-3.1602,-0.7478,1.0939,-3.1923,0.3782,-2.8141,Luis Scola
2457,2012-2014,2722.0,2719.0,1.4519,-2.0874,-0.96,-0.0429,-0.0599,-0.1145,-0.6355,-1.0029,-0.1744,0.432,-2.2448,-1.8128,Jannero Pargo
2501,2012-2014,6741.0,6789.0,-3.0824,2.0254,1.5255,-1.463,0.1594,-0.6614,-1.0571,0.0626,-0.502,-1.3975,-0.099,-1.4965,Reggie Evans
2544,2012-2014,15572.0,15516.0,6.9678,1.6004,0.9491,0.7268,0.354,-1.1803,8.5682,1.6759,-0.8263,8.2709,1.1469,9.4179,LeBron James
2545,2012-2014,906.0,903.0,-5.6818,-0.5529,0.0792,-0.186,-0.1118,0.8568,-6.2347,-0.1068,0.745,-5.7144,0.1179,-5.5965,Darko Milicic
2546,2012-2014,13965.0,13877.0,3.41,-1.6215,0.3956,0.097,-0.0189,0.1251,1.7884,0.4926,0.1062,3.7866,-1.3995,2.3872,Carmelo Anthony
2547,2012-2014,13239.0,13199.0,0.6266,1.343,-0.0353,-0.3608,-0.0194,0.5648,1.9696,-0.3962,0.5453,0.5719,1.5469,2.1188,Chris Bosh
2548,2012-2014,11077.0,11058.0,2.9542,0.7444,-0.3091,0.4554,-0.268,-0.119,3.6986,0.1463,-0.3869,2.3771,1.0809,3.458,Dwyane Wade
2549,2012-2014,6729.0,6697.0,-3.6916,0.3998,-0.2417,0.4861,0.3549,0.7283,-3.2918,0.2445,1.0832,-3.5784,1.6143,-1.9641,Chris Kaman
2550,2012-2014,9628.0,9599.0,-0.2954,-0.1693,-0.1473,0.6841,0.1468,1.0197,-0.4647,0.5368,1.1665,-0.296,1.5345,1.2386,Kirk Hinrich
2551,2012-2014,373.0,381.0,-0.6245,0.1988,-0.2899,0.1998,0.044,0.2334,-0.4257,-0.0901,0.2774,-0.8704,0.632,-0.2384,T.J. Ford
2554,2012-2014,2470.0,2487.0,-1.6359,-0.8594,-0.4931,-0.0125,0.1691,0.5328,-2.4953,-0.5056,0.7018,-1.9599,-0.3392,-2.2991,Mickael Pietrus
2555,2012-2014,8326.0,8347.0,-1.203,0.4737,2.0753,0.6769,0.6198,0.7386,-0.7293,2.7522,1.3584,1.4922,1.8892,3.3813,Nick Collison
2557,2012-2014,10298.0,10309.0,0.2467,-0.7632,-0.3071,-0.3542,-0.2569,-0.8678,-0.5165,-0.6613,-1.1248,-0.3173,-1.9852,-2.3026,Luke Ridnour
2561,2012-2014,13046.0,13034.0,-0.4419,0.8795,0.1218,0.3523,0.3509,-0.0652,0.4376,0.4741,0.2858,0.0309,1.1666,1.1975,David West
2562,2012-2014,1992.0,1986.0,-3.1751,1.0903,-0.2364,-0.3214,0.1695,0.8008,-2.0848,-0.5579,0.9704,-3.242,1.5697,-1.6723,Sasha Pavlovic
2563,2012-2014,3969.0,3964.0,-2.499,-1.161,-0.3031,0.3214,0.3894,-0.9518,-3.6599,0.0184,-0.5623,-2.4126,-1.7913,-4.2039,Dahntay Jones
2564,2012-2014,10008.0,10040.0,-0.7874,0.1105,0.0279,0.4377,0.1933,0.4789,-0.6769,0.4656,0.6722,-0.5662,1.0272,0.4609,Boris Diaw
2566,2012-2014,3968.0,3976.0,-1.7492,-0.6095,0.0117,-0.219,0.1009,-0.2296,-2.3586,-0.2073,-0.1288,-1.6365,-1.0581,-2.6947,Travis Outlaw
2567,2012-2014,552.0,558.0,-3.839,0.324,1.3178,-0.6895,-0.0387,0.3354,-3.515,0.6282,0.2967,-2.5599,-0.0301,-2.5901,Brian Cook
2568,2012-2014,6356.0,6380.0,1.318,0.5092,-0.1322,-0.5804,0.0979,-0.0948,1.8273,-0.7126,0.0031,1.2838,-0.166,1.1178,Carlos Delfino
2570,2012-2014,9640.0,9632.0,-5.0305,1.1376,-0.4039,-0.1632,-0.7337,0.1349,-3.893,-0.5671,-0.5988,-6.1682,1.1093,-5.0588,Kendrick Perkins
2571,2012-2014,4371.0,4349.0,-0.7351,-1.8427,0.6049,0.2048,0.2547,0.3668,-2.5779,0.8097,0.6215,0.1244,-1.2711,-1.1467,Leandro Barbosa
2572,2012-2014,2284.0,2299.0,-3.3123,-0.6923,0.2795,-0.2195,0.2092,0.208,-4.0045,0.0601,0.4173,-2.8236,-0.7037,-3.5272,Josh Howard
2574,2012-2014,489.0,485.0,-3.1579,-1.5698,0.7295,0.3936,0.0768,0.4449,-4.7277,1.1231,0.5217,-2.3516,-0.7313,-3.0829,Jason Kapono
2575,2012-2014,2315.0,2332.0,-1.5547,0.4709,0.3685,0.1387,0.0811,-0.3125,-1.0838,0.5072,-0.2314,-1.105,0.297,-0.808,Luke Walton
2581,2012-2014,7710.0,7722.0,0.6223,-0.3765,-0.462,0.1803,-0.2948,0.5228,0.2458,-0.2818,0.228,-0.1346,0.3266,0.192,Steve Blake
2584,2012-2014,5688.0,5700.0,-0.7071,-1.6124,-0.1159,0.1804,-0.0294,0.0106,-2.3195,0.0645,-0.0188,-0.8524,-1.4213,-2.2737,Willie Green
2585,2012-2014,7720.0,7713.0,-1.0234,0.7004,0.0374,0.3169,-0.1786,0.3147,-0.323,0.3543,0.1361,-1.1647,1.332,0.1674,Zaza Pachulia
2586,2012-2014,2895.0,2899.0,-1.1544,-1.4535,0.485,0.4432,-0.1787,0.6074,-2.6078,0.9282,0.4288,-0.8481,-0.4028,-1.2509,Keith Bogans
2588,2012-2014,5692.0,5738.0,0.2358,-0.0175,1.6643,0.0103,0.4529,0.0827,0.2183,1.6746,0.5356,2.353,0.0755,2.4285,Matt Bonner
2590,2012-2014,9142.0,9123.0,0.7263,-2.1003,0.5258,-0.3965,-0.1046,0.1476,-1.374,0.1293,0.043,1.1474,-2.3492,-1.2017,Mo Williams
2592,2012-2014,2145.0,2127.0,0.3029,-0.9011,-0.1002,0.0059,-0.0593,0.8365,-0.5983,-0.0943,0.7772,0.1434,-0.0587,0.0847,James Jones
2594,2012-2014,11800.0,11731.0,1.7134,-0.0594,-0.1586,-0.0241,0.1081,-0.1015,1.654,-0.1827,0.0067,1.6629,-0.1849,1.478,Kyle Korver
2605,2012-2014,3042.0,3057.0,-2.7811,0.089,0.7213,0.2618,-0.3397,1.1957,-2.6921,0.9831,0.856,-2.3995,1.5465,-0.853,Marquis Daniels
2617,2012-2014,6872.0,6889.0,-3.6143,1.5117,0.0811,0.0444,0.0672,0.5399,-2.1026,0.1255,0.607,-3.4661,2.096,-1.3701,Udonis Haslem
2668,2012-2014,256.0,260.0,-1.494,-1.0338,1.0091,1.0876,-0.1133,-0.1391,-2.5278,2.0967,-0.2525,-0.5983,-0.0853,-0.6835,Josh Davis
2679,2012-2014,1142.0,1135.0,-3.6455,-0.5495,-0.0813,0.0303,-0.1795,-0.8742,-4.195,-0.051,-1.0537,-3.9063,-1.3935,-5.2997,Matt Carroll
2694,2012-2014,37.0,38.0,-6.1368,-0.0609,-0.0504,-0.9082,-0.0174,0.0323,-6.1978,-0.9586,0.0149,-6.2046,-0.9368,-7.1415,Josh Powell
2730,2012-2014,13916.0,13824.0,-1.7324,1.463,0.3323,0.7868,0.1687,1.917,-0.2694,1.119,2.0857,-1.2314,4.1667,2.9352,Dwight Howard
2731,2012-2014,5356.0,5356.0,-2.6854,0.9891,-0.9174,-0.0771,-0.2188,0.7076,-1.6962,-0.9945,0.4888,-3.8216,1.6196,-2.2019,Emeka Okafor
2732,2012-2014,6189.0,6201.0,-1.0974,-2.9747,-0.0107,-0.3608,-0.206,-1.3775,-4.0721,-0.3716,-1.5835,-1.3141,-4.7131,-6.0272,Ben Gordon
2733,2012-2014,8601.0,8625.0,-0.4687,0.9405,-0.1992,0.0534,-0.0174,-0.3651,0.4718,-0.1458,-0.3825,-0.6853,0.6288,-0.0565,Shaun Livingston
2734,2012-2014,7672.0,7677.0,2.6046,-0.3779,-0.2431,-0.0142,0.2467,0.4941,2.2268,-0.2573,0.7408,2.6082,0.102,2.7103,Devin Harris
2735,2012-2014,1170.0,1176.0,-1.574,0.7472,1.3665,0.2245,0.1014,-0.5195,-0.8268,1.591,-0.418,-0.1061,0.4523,0.3462,Josh Childress
2736,2012-2014,13718.0,13674.0,0.3045,-0.866,0.2578,0.5721,0.3597,2.0946,-0.5615,0.8299,2.4543,0.922,1.8007,2.7227,Luol Deng
2738,2012-2014,13694.0,13742.0,1.4176,1.4909,-0.0962,0.6307,0.4173,2.4611,2.9085,0.5345,2.8784,1.7386,4.5827,6.3214,Andre Iguodala
2740,2012-2014,2442.0,2461.0,-4.7902,4.6571,0.0644,-0.437,-0.3237,-1.2405,-0.1331,-0.3726,-1.5642,-5.0495,2.9796,-2.0699,Andris Biedrins
2742,2012-2014,3549.0,3573.0,0.2499,-0.719,-0.0481,0.1369,-0.2842,0.5537,-0.4691,0.0888,0.2696,-0.0824,-0.0283,-0.1107,Sebastian Telfair
2743,2012-2014,8920.0,8945.0,-1.2085,1.1072,-0.3202,-0.5881,-0.0756,-0.4941,-0.1013,-0.9083,-0.5697,-1.6043,0.025,-1.5793,Kris Humphries
2744,2012-2014,13745.0,13731.0,-0.3277,1.8732,-0.0756,-0.3099,0.5022,-0.8797,1.5456,-0.3855,-0.3775,0.0989,0.6837,0.7826,Al Jefferson
2746,2012-2014,14961.0,14967.0,-1.3669,0.9414,0.1077,0.3825,0.3133,0.2588,-0.4255,0.4902,0.5721,-0.946,1.5827,0.6367,Josh Smith
2747,2012-2014,11508.0,11470.0,1.3179,-0.9292,-0.3521,0.2603,0.2323,0.7991,0.3887,-0.0918,1.0314,1.1981,0.1302,1.3283,JR Smith
2748,2012-2014,8582.0,8603.0,1.9691,0.728,-0.9478,-0.0046,-0.5197,-1.0828,2.6971,-0.9523,-1.6026,0.5016,-0.3594,0.1423,Dorell Wright
2749,2012-2014,11202.0,11180.0,1.9916,-1.5583,0.3561,0.2101,0.6001,-0.2573,0.4333,0.5662,0.3428,2.9478,-1.6055,1.3423,Jameer Nelson
2753,2012-2014,2011.0,2016.0,0.6871,0.8383,0.148,-0.1479,-0.5021,0.8195,1.5254,0.0002,0.3174,0.333,1.51,1.843,Delonte West
2754,2012-2014,9147.0,9166.0,-0.743,1.8072,0.2068,0.7634,-0.0194,1.2555,1.0642,0.9702,1.2361,-0.5557,3.8262,3.2705,Tony Allen
2755,2012-2014,11175.0,11156.0,2.2896,-1.7208,-0.4487,-0.1848,-0.0455,0.1911,0.5688,-0.6335,0.1456,1.7954,-1.7146,0.0809,Kevin Martin
2756,2012-2014,23.0,24.0,-4.9507,-1.1372,-0.3388,-0.8562,-0.0181,-0.0398,-6.088,-1.1949,-0.0579,-5.3076,-2.0333,-7.3409,Sasha Vujacic
2757,2012-2014,6198.0,6218.0,0.66,-1.0468,0.0561,-0.1119,-0.0072,0.1881,-0.3868,-0.0557,0.1809,0.7089,-0.9705,-0.2616,Beno Udrih
2760,2012-2014,6691.0,6711.0,0.5453,2.6036,-0.3949,0.2993,0.0559,0.4669,3.1488,-0.0956,0.5228,0.2063,3.3698,3.5761,Anderson Varejao
2765,2012-2014,84.0,80.0,-2.9503,0.0413,-0.22,-0.3573,0.0266,0.0438,-2.909,-0.5773,0.0704,-3.1438,-0.2722,-3.4159,Andre Emmett
2767,2012-2014,2036.0,2046.0,-1.9205,-1.0474,0.4224,0.4686,-0.2723,0.1155,-2.9679,0.891,-0.1568,-1.7705,-0.4633,-2.2338,Royal Ivey
2768,2012-2014,3874.0,3899.0,-0.8173,-0.6269,-0.3681,-0.0486,0.2019,0.6445,-1.4442,-0.4167,0.8464,-0.9836,-0.031,-1.0146,Chris Duhon
2772,2012-2014,10753.0,10746.0,1.2493,1.3303,-0.2407,0.143,-0.2976,0.3762,2.5796,-0.0977,0.0786,0.711,1.8495,2.5605,Trevor Ariza
2804,2012-2014,106.0,111.0,-6.3026,-0.4454,0.2719,-1.0322,-0.014,0.0987,-6.748,-0.7603,0.0847,-6.0446,-1.3789,-7.4236,Andres Nocioni
2853,2012-2014,334.0,329.0,-5.8184,-0.2191,-0.3644,-0.4185,-0.113,0.2417,-6.0375,-0.7828,0.1287,-6.2958,-0.3958,-6.6916,Earl Barron
2863,2012-2014,3807.0,3851.0,-2.2009,-0.3082,0.5106,0.073,0.2277,0.4329,-2.5091,0.5836,0.6606,-1.4626,0.1977,-1.2649,Damien Wilkins
101106,2012-2014,5749.0,5749.0,-2.3908,3.9606,-0.7722,0.2291,-0.1491,0.4452,1.5698,-0.5431,0.2961,-3.3122,4.6349,1.3227,Andrew Bogut
101107,2012-2014,9244.0,9261.0,0.042,0.4625,0.2486,-0.2562,-0.0262,0.2554,0.5045,-0.0075,0.2292,0.2644,0.4618,0.7262,Marvin Williams
101108,2012-2014,12912.0,12852.0,8.7108,3.0588,-0.4003,-0.1938,-0.0941,0.0028,11.7696,-0.5941,-0.0913,8.2164,2.8677,11.0842,Chris Paul
101109,2012-2014,11769.0,11723.0,0.9526,-0.8018,0.4265,-0.5567,0.6199,-0.4818,0.1509,-0.1302,0.1382,1.999,-1.8403,0.1588,Raymond Felton
101110,2012-2014,10694.0,10688.0,0.5428,-0.9063,0.2723,-0.0097,0.5214,-0.6385,-0.3635,0.2626,-0.1172,1.3364,-1.5546,-0.2182,Martell Webster
101111,2012-2014,2815.0,2817.0,0.118,0.0263,0.7172,-0.1331,-0.3021,-0.8293,0.1443,0.5841,-1.1313,0.5331,-0.9361,-0.403,Charlie Villanueva
101112,2012-2014,7795.0,7789.0,-0.0045,0.7795,2.419,-0.2644,0.9718,-0.073,0.775,2.1546,0.8988,3.3863,0.4421,3.8285,Channing Frye
101113,2012-2014,27.0,28.0,-6.2438,-2.0179,0.1576,-0.3347,0.0593,-0.0617,-8.2618,-0.177,-0.0025,-6.0269,-2.4143,-8.4412,Ike Diogu
101114,2012-2014,13045.0,13045.0,4.3342,-1.0588,-0.3389,-0.4897,0.2276,-0.4397,3.2754,-0.8286,-0.2121,4.2229,-1.9882,2.2347,Deron Williams
101115,2012-2014,5001.0,4978.0,-0.8003,1.1981,-0.7083,0.6935,-0.3563,0.0054,0.3978,-0.0148,-0.3508,-1.8649,1.897,0.0321,Andrew Bynum
101122,2012-2014,5785.0,5768.0,0.8181,-1.245,0.02,-0.232,0.2149,1.042,-0.4269,-0.2121,1.2569,1.053,-0.435,0.618,Danny Granger
101123,2012-2014,8277.0,8250.0,0.5553,-1.5327,0.0976,0.1565,-0.2994,0.5971,-0.9774,0.2541,0.2977,0.3535,-0.779,-0.4256,Gerald Green
101124,2012-2014,1891.0,1913.0,-2.6383,-1.6662,-0.402,-0.2125,-0.2839,-1.2106,-4.3046,-0.6145,-1.4945,-3.3242,-3.0894,-6.4136,Hakim Warrick
101126,2012-2014,7908.0,7902.0,3.0829,-1.2262,-0.3575,0.307,0.0944,-0.2568,1.8567,-0.0505,-0.1624,2.8197,-1.1759,1.6438,Nate Robinson
101127,2012-2014,11852.0,11852.0,0.8811,-0.9409,-0.7944,-0.1434,-0.6161,0.0649,-0.0598,-0.9379,-0.5512,-0.5294,-1.0195,-1.5489,Jarrett Jack
101128,2012-2014,5787.0,5809.0,-0.6448,1.0535,-0.6255,0.0509,-0.2211,-0.204,0.4087,-0.5746,-0.4252,-1.4915,0.9004,-0.591,Francisco Garcia
101130,2012-2014,2429.0,2432.0,-4.0834,0.6105,0.5236,0.1806,-0.3787,-0.9117,-3.4729,0.7043,-1.2904,-3.9385,-0.1205,-4.059,Johan Petro
101131,2012-2014,7027.0,7023.0,-4.1227,0.1947,0.3425,0.1887,0.1668,1.095,-3.928,0.5312,1.2618,-3.6134,1.4784,-2.135,Jason Maxiell
101132,2012-2014,2691.0,2686.0,-1.0069,-1.9578,-0.1295,-0.2344,0.0929,0.9632,-2.9647,-0.3639,1.0561,-1.0435,-1.229,-2.2725,Linas Kleiza
101133,2012-2014,7073.0,7047.0,-3.6277,0.7928,-1.464,0.3469,-0.2686,1.4733,-2.8349,-1.1171,1.2047,-5.3603,2.613,-2.7473,Ian Mahinmi
101135,2012-2014,14410.0,14378.0,-0.1765,-0.1825,0.5416,-0.1951,0.4747,0.9289,-0.359,0.3465,1.4036,0.8398,0.5513,1.3911,David Lee
101138,2012-2014,12080.0,12098.0,-1.8917,0.2574,0.0289,0.1649,0.3088,-1.101,-1.6342,0.1937,-0.7922,-1.554,-0.6787,-2.2327,Brandon Bass
101139,2012-2014,6787.0,6778.0,1.1359,-0.8828,-0.3584,0.2895,0.1695,0.5422,0.2531,-0.0689,0.7118,0.947,-0.051,0.896,CJ Miles
101141,2012-2014,10143.0,10099.0,0.8753,0.1275,-0.2047,-0.2363,-0.0761,-0.2856,1.0027,-0.441,-0.3617,0.5945,-0.3944,0.2,Ersan Ilyasova
101142,2012-2014,3067.0,3096.0,-3.4937,2.4233,0.6165,-0.4347,-0.2681,0.0009,-1.0704,0.1817,-0.2672,-3.1453,1.9895,-1.1558,Ronny Turiaf
101144,2012-2014,868.0,873.0,-1.9053,-2.0498,0.0879,-0.0266,-0.0408,-0.1754,-3.9551,0.0613,-0.2163,-1.8582,-2.2518,-4.1101,Von Wafer
101145,2012-2014,16299.0,16269.0,1.1346,-0.4991,0.1146,-0.2102,0.438,-0.8149,0.6354,-0.0957,-0.3768,1.6872,-1.5242,0.1629,Monta Ellis
101150,2012-2014,8207.0,8247.0,3.1435,-1.0771,-1.0079,-0.3926,-0.3459,-0.8781,2.0664,-1.4005,-1.2239,1.7898,-2.3478,-0.558,Lou Williams
101153,2012-2014,1208.0,1213.0,-0.1211,-0.0606,0.7303,-0.0503,0.0041,-0.183,-0.1817,0.6801,-0.1789,0.6133,-0.2939,0.3194,Mickael Gelabale
101154,2012-2014,7218.0,7211.0,-0.6774,0.8904,-0.4796,0.0878,-0.1134,-0.3878,0.213,-0.3918,-0.5012,-1.2704,0.5904,-0.68,Andray Blatche
101155,2012-2014,895.0,901.0,-4.4442,-0.2133,-0.1171,-0.3338,-0.1454,0.4065,-4.6575,-0.4509,0.2611,-4.7067,-0.1406,-4.8473,Ryan Gomes
101161,2012-2014,11445.0,11413.0,-1.1846,1.4428,0.399,0.1253,0.9097,1.5832,0.2583,0.5243,2.493,0.1242,3.1513,3.2755,Amir Johnson
101162,2012-2014,12826.0,12791.0,-1.3239,1.9099,-0.2332,0.1268,0.1393,0.9132,0.5859,-0.1064,1.0525,-1.4178,2.9499,1.5321,Marcin Gortat
101179,2012-2014,2668.0,2671.0,-1.6528,0.5654,-0.2678,0.5662,-0.2437,0.405,-1.0874,0.2984,0.1613,-2.1643,1.5366,-0.6277,Ronnie Price
101181,2012-2014,12247.0,12215.0,3.7353,-0.7551,-1.5812,-0.8023,-0.03,-1.1844,2.9802,-2.3836,-1.2144,2.1241,-2.7418,-0.6177,Jose Calderon
101183,2012-2014,567.0,563.0,-3.2158,0.3904,-0.2731,-0.279,0.3572,-0.0463,-2.8254,-0.5521,0.3108,-3.1317,0.065,-3.0667,Shavlik Randolph
101187,2012-2014,7018.0,7044.0,-0.1291,-1.7902,-0.7499,0.2286,-0.1664,-0.0584,-1.9193,-0.5213,-0.2248,-1.0455,-1.6199,-2.6654,Alan Anderson
101189,2012-2014,503.0,503.0,0.3706,2.4504,0.0439,0.1226,0.1473,-0.0404,2.8211,0.1665,0.1069,0.5618,2.5326,3.0945,James Singleton
101198,2012-2014,5461.0,5457.0,-0.3564,-1.906,-0.1048,-0.025,-0.4384,-0.9198,-2.2624,-0.1298,-1.3583,-0.8996,-2.8509,-3.7505,Will Bynum
101215,2012-2014,40.0,40.0,-10.8448,-3.7551,1.2775,-0.3598,-0.089,-0.2594,-14.5999,0.9177,-0.3484,-9.6563,-4.3743,-14.0306,Will Conroy
101235,2012-2014,37.0,39.0,-6.0431,-3.1691,0.2703,-0.2037,-0.0492,-0.0026,-9.2122,0.0666,-0.0518,-5.822,-3.3753,-9.1973,Kelenna Azubuike
101236,2012-2014,5756.0,5835.0,-2.5494,1.3189,0.8586,0.0824,0.1592,0.1927,-1.2305,0.941,0.3519,-1.5316,1.5939,0.0623,Chuck Hayes
101249,2012-2014,4013.0,4037.0,0.3922,-2.6933,0.1261,-0.2348,-0.367,0.8711,-2.3011,-0.1087,0.5042,0.1513,-2.057,-1.9057,John Lucas III
200081,2012-2014,234.0,235.0,-5.0728,1.2543,-0.0445,-0.3661,-0.2693,-0.4801,-3.8185,-0.4106,-0.7494,-5.3866,0.4081,-4.9785,Jamario Moon
200745,2012-2014,6221.0,6195.0,-0.919,-1.1626,-0.4509,-0.1303,-0.5229,-0.273,-2.0815,-0.5812,-0.796,-1.8928,-1.5659,-3.4587,Andrea Bargnani
200746,2012-2014,14052.0,14017.0,0.2102,0.41,0.7219,0.4489,0.328,1.4211,0.6201,1.1708,1.7491,1.2601,2.2799,3.5401,LaMarcus Aldridge
200748,2012-2014,2605.0,2589.0,-5.4423,1.4814,0.3943,-0.4888,0.1198,-1.8299,-3.9609,-0.0944,-1.7101,-4.9281,-0.8373,-5.7654,Tyrus Thomas
200749,2012-2014,2348.0,2364.0,-2.1771,1.6337,0.3307,-0.1297,-0.2251,-1.637,-0.5434,0.201,-1.8621,-2.0715,-0.133,-2.2044,Shelden Williams
200750,2012-2014,225.0,226.0,-1.9142,-1.2619,-0.4174,0.0831,0.0692,0.0618,-3.1761,-0.3344,0.131,-2.2624,-1.1171,-3.3795,Brandon Roy
200751,2012-2014,12572.0,12511.0,1.2179,-1.6776,-0.1642,0.3897,-0.2815,0.2335,-0.4597,0.2255,-0.048,0.7722,-1.0544,-0.2822,Randy Foye
200752,2012-2014,14584.0,14543.0,-0.0637,-0.3056,0.4266,0.1233,0.256,0.9362,-0.3693,0.55,1.1922,0.6189,0.7539,1.3729,Rudy Gay
200755,2012-2014,9940.0,9914.0,2.5555,-2.1231,0.0773,-0.1886,0.2697,-0.2385,0.4324,-0.1113,0.0312,2.9026,-2.5503,0.3523,JJ Redick
200756,2012-2014,199.0,198.0,-1.6906,1.0444,0.2683,-0.1931,0.031,0.2987,-0.6462,0.0751,0.3298,-1.3913,1.15,-0.2413,Hilton Armstrong
200757,2012-2014,9408.0,9386.0,-0.1258,1.868,0.384,0.3654,-0.3565,1.4673,1.7422,0.7494,1.1108,-0.0983,3.7007,3.6025,Thabo Sefolosha
200758,2012-2014,5004.0,5042.0,-1.1959,0.7793,0.9844,0.3527,0.2912,0.0586,-0.4167,1.3371,0.3498,0.0796,1.1905,1.2702,Ronnie Brewer
200761,2012-2014,2502.0,2497.0,-2.1424,0.7566,0.5788,0.0026,-0.0605,0.0085,-1.3859,0.5814,-0.0519,-1.6241,0.7677,-0.8564,Shawne Williams
200764,2012-2014,227.0,235.0,-1.9732,1.0734,-0.3364,-0.069,0.0178,-0.1125,-0.8998,-0.4054,-0.0947,-2.2918,0.8919,-1.3999,Renaldo Balkman
200765,2012-2014,8462.0,8421.0,2.0538,0.4876,-1.0531,-0.3379,-0.1936,-0.9316,2.5414,-1.391,-1.1252,0.8071,-0.7819,0.0252,Rajon Rondo
200768,2012-2014,12417.0,12376.0,4.3869,0.459,0.2804,0.2126,0.1439,0.3096,4.846,0.4929,0.4535,4.8112,0.9813,5.7924,Kyle Lowry
200769,2012-2014,5867.0,5900.0,-0.6675,-1.1906,0.1506,-0.3001,-0.4487,-1.2517,-1.8581,-0.1495,-1.7004,-0.9656,-2.7425,-3.708,Shannon Brown
200770,2012-2014,3461.0,3451.0,2.1956,-1.8203,-0.1008,-0.0599,-0.0668,-1.5093,0.3753,-0.1607,-1.5761,2.028,-3.3895,-1.3615,Jordan Farmar
200777,2012-2014,2336.0,2353.0,-3.5614,-0.211,0.6175,0.5789,-0.1385,0.3997,-3.7724,1.1963,0.2613,-3.0824,0.7676,-2.3148,Joel Freeland
200778,2012-2014,840.0,852.0,-2.5304,-0.571,0.2135,0.0922,-0.0727,-0.835,-3.1013,0.3058,-0.9077,-2.3895,-1.3137,-3.7032,James White
200779,2012-2014,6137.0,6118.0,1.6717,-1.7135,0.0937,0.4324,0.2054,-0.0317,-0.0418,0.5261,0.1737,1.9708,-1.3128,0.658,Steve Novak
200780,2012-2014,767.0,761.0,-4.3173,-0.7973,0.5981,0.8118,-0.1075,-0.7262,-5.1145,1.4099,-0.8336,-3.8266,-0.7117,-4.5383,Solomon Jones
200782,2012-2014,8412.0,8416.0,-0.2983,0.798,0.3162,0.0848,0.1724,0.1579,0.4996,0.401,0.3304,0.1903,1.0407,1.2311,P.J. Tucker
200783,2012-2014,882.0,877.0,-1.9427,0.5534,-0.0634,0.1922,-0.0952,-0.5285,-1.3893,0.1288,-0.6238,-2.1013,0.217,-1.8843,Craig Smith
200789,2012-2014,3529.0,3522.0,-0.9842,-0.8731,-0.4244,0.2181,-0.0585,-0.6387,-1.8573,-0.2063,-0.6972,-1.4671,-1.2936,-2.7608,Daniel Gibson
200794,2012-2014,13437.0,13418.0,1.3042,2.0793,-0.431,0.1733,0.0421,-0.2417,3.3836,-0.2577,-0.1996,0.9154,2.0109,2.9263,Paul Millsap
200797,2012-2014,3233.0,3243.0,-3.9578,-0.378,-1.3829,0.0875,0.1345,2.3803,-4.3358,-1.2954,2.5148,-5.2062,2.0898,-3.1164,Ryan Hollins
200809,2012-2014,147.0,151.0,-4.6441,-2.1521,-0.1443,0.0963,-0.0114,0.2656,-6.7962,-0.048,0.2541,-4.7998,-1.7902,-6.5901,Chris Quinn
200811,2012-2014,2475.0,2475.0,-5.2329,0.0216,1.1018,-0.0006,0.0333,-0.2254,-5.2113,1.1012,-0.1921,-4.0978,-0.2044,-4.3022,Lou Amundson
200826,2012-2014,8299.0,8326.0,0.5752,-2.9928,-0.7732,0.3199,-0.1802,1.4067,-2.4176,-0.4533,1.2266,-0.3781,-1.2662,-1.6443,J.J. Barea
200839,2012-2014,449.0,439.0,-1.276,1.2778,-0.7607,-0.208,0.0027,0.2331,0.0018,-0.9687,0.2358,-2.034,1.3029,-0.7311,Mike Harris
201041,2012-2014,688.0,680.0,-3.0802,-1.2133,-0.1221,-0.2459,-0.11,-0.2385,-4.2935,-0.368,-0.3485,-3.3123,-1.6977,-5.01,Walker Russell
201141,2012-2014,406.0,403.0,-3.767,0.5427,-0.9993,-0.0564,-0.0963,-0.3586,-3.2243,-1.0557,-0.4549,-4.8626,0.1277,-4.7349,Greg Oden
201142,2012-2014,17478.0,17438.0,6.0654,1.6582,1.2645,0.0967,-0.0491,-0.6803,7.7236,1.3612,-0.7294,7.2808,1.0746,8.3555,Kevin Durant
201143,2012-2014,7701.0,7676.0,0.3528,1.5305,-1.0722,0.7894,-0.0341,0.2599,1.8834,-0.2828,0.2258,-0.7534,2.5798,1.8264,Al Horford
201144,2012-2014,13748.0,13729.0,3.7097,0.9784,0.268,-0.2821,0.1324,0.2093,4.6881,-0.0141,0.3417,4.1101,0.9056,5.0157,Mike Conley
201145,2012-2014,9780.0,9758.0,-0.5522,-0.9731,-0.6436,-0.156,-0.293,0.5755,-1.5252,-0.7997,0.2825,-1.4888,-0.5536,-2.0424,Jeff Green
201146,2012-2014,416.0,421.0,-4.9314,0.1344,-0.9018,-0.9385,-0.1399,0.0692,-4.797,-1.8403,-0.0707,-5.9732,-0.7348,-6.708,Yi
201147,2012-2014,12019.0,12008.0,0.4048,0.4471,-0.1102,0.0407,0.4182,-0.1765,0.8519,-0.0694,0.2417,0.7128,0.3114,1.0242,Corey Brewer
201148,2012-2014,5875.0,5922.0,1.1151,2.2278,-0.1978,-0.3805,0.4113,-1.2982,3.3429,-0.5783,-0.8869,1.3286,0.5491,1.8777,Brandan Wright
201149,2012-2014,13514.0,13453.0,0.5855,2.6981,0.3265,0.4601,0.1102,1.0375,3.2836,0.7865,1.1477,1.0222,4.1957,5.2179,Joakim Noah
201150,2012-2014,11029.0,11022.0,-1.1404,0.7079,-0.5464,-0.2742,-0.3274,-1.0093,-0.4325,-0.8206,-1.3367,-2.0142,-0.5756,-2.5898,Spencer Hawes
201152,2012-2014,13899.0,13936.0,0.3219,0.7564,0.345,-0.1111,0.1238,0.35,1.0783,0.2339,0.4737,0.7907,0.9952,1.7859,Thaddeus Young
201155,2012-2014,11033.0,11034.0,0.2773,-1.7918,0.2483,-0.1923,0.3681,-0.6504,-1.5146,0.056,-0.2823,0.8936,-2.6345,-1.7409,Rodney Stuckey
201156,2012-2014,9760.0,9714.0,0.7876,-2.4924,-0.7633,-0.103,-0.0654,0.1257,-1.7049,-0.8663,0.0603,-0.0412,-2.4697,-2.5109,Nick Young
201157,2012-2014,207.0,216.0,-0.9109,1.2014,0.3812,0.151,0.0182,0.2019,0.2904,0.5322,0.2201,-0.5116,1.5542,1.0427,Sean Williams
201158,2012-2014,11115.0,11167.0,0.3591,-1.5495,0.007,-0.2641,0.4044,-0.8865,-1.1904,-0.2571,-0.482,0.7705,-2.7001,-1.9296,Marco Belinelli
201160,2012-2014,4951.0,4963.0,-2.509,0.0924,0.4119,0.2713,0.0124,0.8214,-2.4166,0.6832,0.8337,-2.0847,1.1851,-0.8996,Jason Smith
201161,2012-2014,2791.0,2818.0,-1.2552,-1.0178,0.5252,-0.0781,-0.3167,0.4032,-2.273,0.4471,0.0865,-1.0467,-0.6926,-1.7394,Daequan Cook
201162,2012-2014,11248.0,11241.0,0.9562,-1.1198,0.0198,0.2495,-0.4068,1.3646,-0.1637,0.2693,0.9578,0.5692,0.4942,1.0634,Jared Dudley
201163,2012-2014,6503.0,6492.0,-0.1165,-0.6937,0.0391,-0.0937,0.1937,0.2995,-0.8102,-0.0546,0.4932,0.1163,-0.488,-0.3716,Wilson Chandler
201164,2012-2014,1409.0,1416.0,1.2714,-0.4978,-0.7282,0.0045,-0.0673,0.1501,0.7735,-0.7237,0.0829,0.4759,-0.3432,0.1327,Rudy Fernandez
201165,2012-2014,130.0,131.0,-4.6541,0.132,0.4766,-0.3891,0.087,0.259,-4.5221,0.0875,0.346,-4.0906,0.0019,-4.0886,Morris Almond
201166,2012-2014,5140.0,5111.0,0.3603,-1.8552,0.5239,-0.1686,0.0467,-1.0068,-1.4948,0.3553,-0.9601,0.9309,-3.0306,-2.0997,Aaron Brooks
201167,2012-2014,13454.0,13454.0,0.7445,-2.2235,-0.4183,0.0408,-0.163,-0.5086,-1.4789,-0.3776,-0.6717,0.1632,-2.6913,-2.5282,Arron Afflalo
201168,2012-2014,8569.0,8598.0,0.1638,1.2512,-0.3795,0.4302,0.0121,2.0364,1.4149,0.0507,2.0485,-0.2036,3.7178,3.5142,Tiago Splitter
201171,2012-2014,5999.0,5995.0,-0.2896,-0.9357,-1.0775,-0.2725,-0.0842,-0.4013,-1.2253,-1.35,-0.4856,-1.4513,-1.6095,-3.0608,Carl Landry
201175,2012-2014,7826.0,7844.0,-2.8516,-0.2933,-0.157,-0.0594,-0.076,1.4009,-3.1449,-0.2164,1.3249,-3.0846,1.0482,-2.0363,Glen Davis
201177,2012-2014,8676.0,8633.0,0.2477,0.669,0.4898,0.34,-0.1049,-0.3674,0.9167,0.8298,-0.4723,0.6325,0.6417,1.2742,Josh McRoberts
201178,2012-2014,33.0,34.0,-3.524,-0.2503,0.2084,-0.3742,0.0304,-0.015,-3.7743,-0.1657,0.0154,-3.2852,-0.6395,-3.9246,Kyrylo Fesenko
201182,2012-2014,75.0,73.0,-2.4621,-1.6244,0.3828,0.1332,-0.0081,-0.1802,-4.0865,0.516,-0.1883,-2.0874,-1.6714,-3.7588,Derrick Byars
201187,2012-2014,2903.0,2948.0,-2.5143,2.246,0.2972,0.3997,-0.1215,-1.4906,-0.2683,0.6968,-1.6121,-2.3387,1.1551,-1.1835,Dominic McGuire
201188,2012-2014,13265.0,13258.0,0.0302,2.5073,-0.053,0.4199,-0.4361,1.4123,2.5374,0.3668,0.9762,-0.4589,4.3394,3.8805,Marc Gasol
201189,2012-2014,3162.0,3176.0,-4.3072,0.1973,-0.2838,-0.1667,-0.0731,-0.5159,-4.1099,-0.4506,-0.589,-4.6641,-0.4854,-5.1496,Aaron Gray
201196,2012-2014,10817.0,10847.0,1.7541,-1.2751,-0.1021,-0.466,0.1908,-0.8492,0.479,-0.5681,-0.6583,1.8429,-2.5903,-0.7474,Ramon Sessions
201202,2012-2014,4015.0,4028.0,-3.3481,2.2675,-0.4125,0.2324,0.4571,-0.3423,-1.0806,-0.1801,0.1147,-3.3035,2.1576,-1.146,Joel Anthony
201203,2012-2014,25.0,27.0,-3.6617,-1.7401,0.6231,0.4671,-0.0546,0.0645,-5.4018,1.0902,0.0099,-3.0932,-1.2085,-4.3017,Mustafa Shakur
201208,2012-2014,177.0,176.0,-4.2066,1.0795,-0.1294,0.101,-0.0348,-0.1782,-3.1271,-0.0284,-0.2131,-4.3709,1.0023,-3.3685,Darryl Watkins
201228,2012-2014,7312.0,7283.0,1.197,-0.5116,-0.3205,0.0618,-0.0164,1.0302,0.6854,-0.2587,1.0138,0.8601,0.5804,1.4405,C.J. Watson
201229,2012-2014,6171.0,6171.0,-0.743,-0.6961,-0.1996,0.3057,-0.1797,1.2478,-1.4391,0.1061,1.0682,-1.1223,0.8575,-0.2648,Anthony Tolliver
201234,2012-2014,118.0,116.0,-2.7761,-0.1922,0.1413,0.3818,-0.0322,-0.0451,-2.9683,0.523,-0.0773,-2.667,0.1444,-2.5225,Trey Johnson
201274,2012-2014,3765.0,3789.0,-1.878,1.2367,-0.5762,0.0078,-0.1916,0.5715,-0.6413,-0.5684,0.3799,-2.6458,1.816,-0.8298,Ivan Johnson
201286,2012-2014,82.0,85.0,-3.498,-0.5256,-0.5745,-0.1226,-0.0244,-0.4909,-4.0236,-0.697,-0.5153,-4.0968,-1.139,-5.2359,Eric Dawson
201291,2012-2014,215.0,216.0,-1.5235,-0.4843,-0.0713,0.587,0.0345,0.0716,-2.0078,0.5157,0.1061,-1.5603,0.1743,-1.386,Carldell Johnson
201336,2012-2014,63.0,61.0,-5.9981,-3.4636,0.9539,0.1053,-0.0364,0.0157,-9.4617,1.0592,-0.0207,-5.0807,-3.3425,-8.4232,Blake Ahearn
201563,2012-2014,6533.0,6556.0,-3.1124,-1.7455,-0.3455,-0.1945,-0.0104,-0.9269,-4.8578,-0.5399,-0.9373,-3.4682,-2.8669,-6.3351,Michael Beasley
201564,2012-2014,11774.0,11727.0,0.1828,-1.5006,-0.4105,0.0719,-0.3497,-0.2995,-1.3178,-0.3386,-0.6492,-0.5773,-1.7283,-2.3056,O.J. Mayo
201565,2012-2014,3208.0,3205.0,3.321,-2.1788,0.7294,0.0071,0.3829,0.9058,1.1422,0.7365,1.2887,4.4334,-1.2659,3.1675,Derrick Rose
201566,2012-2014,13142.0,13113.0,4.1815,-0.6082,1.1157,0.0334,-0.1087,0.2921,3.5732,1.1491,0.1834,5.1885,-0.2828,4.9058,Russell Westbrook
201567,2012-2014,11214.0,11220.0,4.8404,0.057,-0.4446,0.3923,0.0975,0.7796,4.8974,-0.0523,0.8771,4.4932,1.229,5.7222,Kevin Love
201568,2012-2014,7137.0,7154.0,2.4692,0.1292,0.0182,0.1012,0.3031,1.1991,2.5984,0.1193,1.5022,2.7905,1.4294,4.2199,Danilo Gallinari
201569,2012-2014,6992.0,6985.0,1.0986,-1.8988,0.4725,-0.6668,0.2228,-1.3814,-0.8002,-0.1943,-1.1586,1.7939,-3.947,-2.1531,Eric Gordon
201571,2012-2014,8692.0,8634.0,2.5612,-1.7908,-1.3543,-0.5127,-0.2332,-0.5996,0.7705,-1.8669,-0.8328,0.9738,-2.903,-1.9292,D.J. Augustin
201572,2012-2014,5457.0,5460.0,0.9902,-0.2167,-0.7257,0.9271,-0.0744,0.6196,0.7735,0.2015,0.5452,0.1902,1.33,1.5202,Brook Lopez
201573,2012-2014,7846.0,7845.0,0.6686,-1.0423,0.0447,-0.1404,0.2592,-1.0235,-0.3737,-0.0957,-0.7643,0.9725,-2.2062,-1.2338,Jerryd Bayless
201574,2012-2014,11653.0,11681.0,-2.5177,0.1019,0.8061,-0.0396,0.7617,0.1284,-2.4158,0.7665,0.89,-0.9499,0.1906,-0.7592,Jason Thompson
201575,2012-2014,4208.0,4211.0,-0.4681,0.2107,0.3474,-0.2913,0.025,-1.5044,-0.2574,0.0561,-1.4794,-0.0957,-1.585,-1.6807,Brandon Rush
201576,2012-2014,2817.0,2825.0,-2.2036,1.7494,-0.1083,-0.6443,-0.2306,-0.7072,-0.4542,-0.7526,-0.9378,-2.5425,0.3979,-2.1446,Anthony Randolph
201577,2012-2014,10758.0,10742.0,-0.444,0.2542,0.0077,1.1494,-0.0564,1.1039,-0.1898,1.1571,1.0474,-0.4927,2.5075,2.0148,Robin Lopez
201578,2012-2014,7001.0,7025.0,-2.7458,-1.0869,-0.4885,0.1654,-0.3227,0.0089,-3.8327,-0.3231,-0.3138,-3.5571,-0.9126,-4.4697,Marreese Speights
201579,2012-2014,12496.0,12459.0,-2.7826,0.6892,0.6735,0.7993,0.4192,0.7798,-2.0934,1.4728,1.199,-1.6899,2.2683,0.5784,Roy Hibbert
201580,2012-2014,6028.0,6009.0,-2.2263,1.7075,-0.968,-1.526,-0.1819,-1.298,-0.5188,-2.494,-1.4798,-3.3762,-1.1164,-4.4926,JaVale McGee
201581,2012-2014,10581.0,10587.0,-1.4848,0.0258,-1.613,-0.3992,-0.5477,-0.5078,-1.459,-2.0122,-1.0555,-3.6455,-0.8812,-4.5266,JJ Hickson
201582,2012-2014,1819.0,1807.0,-2.5964,1.5654,-0.0017,-0.7512,0.1437,0.1334,-1.031,-0.753,0.277,-2.4545,0.9475,-1.507,Alexis Ajinca
201583,2012-2014,9832.0,9805.0,3.8355,-2.3975,0.3227,0.4991,-0.0452,-0.0198,1.438,0.8218,-0.0651,4.1129,-1.9182,2.1947,Ryan Anderson
201584,2012-2014,10723.0,10744.0,0.0206,0.2484,-0.0351,-0.0745,0.0058,-0.1616,0.269,-0.1095,-0.1558,-0.0086,0.0123,0.0038,Courtney Lee
201585,2012-2014,7574.0,7569.0,-1.6186,1.756,0.1466,-0.3833,0.2342,0.4071,0.1374,-0.2366,0.6413,-1.2377,1.7799,0.5421,Kosta Koufos
201586,2012-2014,13735.0,13678.0,-1.3251,2.7533,0.5377,0.0286,-0.1504,-0.1285,1.4282,0.5664,-0.2789,-0.9377,2.6534,1.7157,Serge Ibaka
201587,2012-2014,14714.0,14659.0,1.9731,0.54,0.1266,0.0401,-0.0378,-0.8603,2.513,0.1667,-0.8981,2.0619,-0.2803,1.7816,Nicolas Batum
201588,2012-2014,11950.0,11969.0,2.1133,0.0509,0.0213,0.0729,0.3782,0.808,2.1642,0.0943,1.1863,2.5129,0.9318,3.4447,George Hill
201589,2012-2014,4222.0,4224.0,-3.8883,-0.1787,1.0784,0.1442,-0.2029,1.5013,-4.067,1.2226,1.2983,-3.0128,1.4667,-1.5461,Darrell Arthur
201590,2012-2014,1591.0,1595.0,-1.6677,0.8294,-0.0563,-0.3264,-0.2829,0.4145,-0.8384,-0.3827,0.1316,-2.0069,0.9174,-1.0895,Donte Greene
201591,2012-2014,2273.0,2256.0,-3.1093,-0.1045,0.1054,-0.1604,-0.3602,-0.835,-3.2138,-0.055,-1.1952,-3.3641,-1.0999,-4.464,DJ White
201593,2012-2014,9532.0,9541.0,0.993,-1.3408,-0.544,0.7466,0.2264,1.0734,-0.3478,0.2026,1.2998,0.6754,0.4792,1.1546,Nikola Pekovic
201596,2012-2014,11620.0,11493.0,1.4646,0.8175,-0.5979,0.2606,0.0734,0.0449,2.2821,-0.3373,0.1182,0.9401,1.123,2.0631,Mario Chalmers
201599,2012-2014,12755.0,12757.0,-1.776,2.7179,1.0012,-0.681,0.3076,0.3142,0.9419,0.3202,0.6217,-0.4672,2.3511,1.8838,DeAndre Jordan
201600,2012-2014,8599.0,8655.0,-3.1125,1.7378,0.5369,0.3757,0.1462,2.3311,-1.3747,0.9126,2.4773,-2.4293,4.4445,2.0152,Omer Asik
201601,2012-2014,6571.0,6608.0,-2.7729,-0.2799,0.2259,0.0733,0.2561,1.1345,-3.0529,0.2993,1.3906,-2.2909,0.9279,-1.363,Luc Mbah a Moute
201604,2012-2014,2098.0,2106.0,0.167,0.1747,0.0571,-0.007,-0.0985,0.2553,0.3418,0.0501,0.1568,0.1256,0.4231,0.5487,Chris Douglas-Roberts
201609,2012-2014,13298.0,13302.0,3.8967,-0.6205,0.7195,0.0368,0.3757,-0.5059,3.2762,0.7563,-0.1302,4.9919,-1.0896,3.9023,Goran Dragic
201611,2012-2014,1220.0,1232.0,-1.5887,-0.4582,-0.2794,0.0194,-0.2544,0.8401,-2.0469,-0.26,0.5857,-2.1225,0.4012,-1.7212,Henry Walker
201623,2012-2014,625.0,626.0,-4.2102,-0.1439,-0.8158,-0.089,-0.0879,-0.2478,-4.3541,-0.9049,-0.3357,-5.114,-0.4807,-5.5946,Semih Erden
201627,2012-2014,6589.0,6556.0,0.3895,-1.9826,0.0769,-0.244,-0.0196,-0.2034,-1.5932,-0.1671,-0.223,0.4468,-2.4301,-1.9833,Anthony Morrow
201632,2012-2014,935.0,936.0,-4.984,1.8926,0.4934,-0.1591,-0.0768,1.2203,-3.0914,0.3343,1.1435,-4.5674,2.9538,-1.6136,Hamed Haddadi
201785,2012-2014,84.0,85.0,-2.9039,0.4143,-0.2064,-0.5085,0.0857,0.1388,-2.4896,-0.7149,0.2245,-3.0246,0.0445,-2.98,Othyus Jeffers
201814,2012-2014,1351.0,1369.0,-0.8015,-1.8452,0.2123,0.0506,-0.1207,0.0402,-2.6467,0.2629,-0.0805,-0.7099,-1.7544,-2.4643,Gary Forbes
201858,2012-2014,3787.0,3800.0,-0.4804,-1.1382,-0.5506,-0.2916,-0.2759,0.4765,-1.6187,-0.8422,0.2006,-1.3069,-0.9533,-2.2602,Cartier Martin
201880,2012-2014,5640.0,5659.0,-3.956,4.3493,-0.5616,-0.4968,-0.1422,0.1582,0.3933,-1.0584,0.016,-4.6598,4.0107,-0.6491,Greg Stiemsma
201933,2012-2014,15109.0,15022.0,1.4345,-0.0882,0.1463,0.0544,0.291,0.6068,1.3464,0.2007,0.8978,1.8718,0.573,2.4448,Blake Griffin
201934,2012-2014,2151.0,2153.0,-4.4485,2.7242,-0.1825,-0.5704,-0.0819,0.9367,-1.7243,-0.753,0.8548,-4.7129,3.0905,-1.6224,Hasheem Thabeet
201935,2012-2014,15392.0,15374.0,5.989,0.0314,0.2431,-0.2037,0.177,-1.7528,6.0205,0.0394,-1.5758,6.4091,-1.925,4.4841,James Harden
201936,2012-2014,12123.0,12150.0,0.8542,0.0127,-0.0072,0.019,-0.2849,-2.519,0.8669,0.0118,-2.804,0.5621,-2.4873,-1.9252,Tyreke Evans
201937,2012-2014,11431.0,11466.0,2.3432,2.5786,-0.5362,-0.2552,0.2003,0.1571,4.9218,-0.7914,0.3574,2.0073,2.4805,4.4878,Ricky Rubio
201938,2012-2014,791.0,801.0,-0.2147,-1.967,-0.4016,-0.648,0.0236,-1.5604,-2.1817,-1.0496,-1.5368,-0.5927,-4.1755,-4.7681,Jonny Flynn
201939,2012-2014,13117.0,13049.0,5.8057,-1.0277,0.7113,0.1965,0.3271,0.9151,4.778,0.9078,1.2422,6.844,0.0839,6.9279,Stephen Curry
201941,2012-2014,4969.0,4988.0,-0.8568,0.689,-0.8196,-0.609,-0.2288,-0.3098,-0.1678,-1.4286,-0.5386,-1.9053,-0.2297,-2.135,Jordan Hill
201942,2012-2014,15516.0,15522.0,-0.0209,-1.4538,0.2648,-0.1918,0.1761,1.1533,-1.4747,0.073,1.3294,0.42,-0.4923,-0.0723,DeMar DeRozan
201943,2012-2014,15800.0,15767.0,2.9044,-1.4525,-0.6019,-0.4864,-0.4776,-1.58,1.4519,-1.0883,-2.0576,1.8249,-3.5189,-1.694,Brandon Jennings
201944,2012-2014,1676.0,1689.0,-1.7989,-0.1493,0.0024,0.179,-0.1199,-0.7427,-1.9482,0.1814,-0.8626,-1.9163,-0.7131,-2.6294,Terrence Williams
201945,2012-2014,12292.0,12260.0,-0.8881,-0.983,0.029,-0.0107,-0.2854,-0.1302,-1.8711,0.0182,-0.4155,-1.1445,-1.1239,-2.2684,Gerald Henderson
201946,2012-2014,7164.0,7168.0,-1.1555,-0.8409,-1.444,-0.3801,-0.1114,0.6624,-1.9965,-1.8241,0.5509,-2.7109,-0.5587,-3.2696,Tyler Hansbrough
201947,2012-2014,5237.0,5249.0,-2.9123,0.8674,-0.2203,-0.3795,-0.71,-0.9506,-2.0449,-0.5998,-1.6606,-3.8426,-0.4627,-4.3054,Earl Clark
201948,2012-2014,2776.0,2758.0,-2.5532,0.2249,0.5243,-0.0659,-0.0803,0.0208,-2.3283,0.4585,-0.0595,-2.1091,0.1798,-1.9293,Austin Daye
201949,2012-2014,6480.0,6510.0,-1.6682,2.058,0.5295,-0.4827,-0.2012,-0.9009,0.3898,0.0468,-1.1021,-1.34,0.6744,-0.6655,James Johnson
201950,2012-2014,11910.0,11907.0,0.8271,-0.7783,0.1564,-0.1257,0.0155,2.0476,0.0489,0.0307,2.0631,0.999,1.1436,2.1426,Jrue Holiday
201951,2012-2014,13754.0,13748.0,3.6442,-0.462,-0.1179,-0.3861,0.3889,0.3258,3.1822,-0.504,0.7147,3.9152,-0.5223,3.3929,Ty Lawson
201952,2012-2014,14195.0,14177.0,2.3429,-0.2254,-0.477,-0.5387,-0.2701,0.0846,2.1175,-1.0157,-0.1855,1.5959,-0.6795,0.9163,Jeff Teague
201953,2012-2014,2784.0,2795.0,-1.3642,-2.4283,0.4064,-0.0867,-0.0391,-1.2654,-3.7925,0.3197,-1.3044,-0.9968,-3.7804,-4.7772,Eric Maynor
201954,2012-2014,12385.0,12353.0,1.7567,0.0217,-0.0133,-0.379,0.1688,-1.0646,1.7784,-0.3922,-0.8958,1.9122,-1.4219,0.4904,Darren Collison
201956,2012-2014,6129.0,6168.0,-0.7077,-0.0322,-0.2364,0.1762,-0.495,-0.0175,-0.7399,-0.0602,-0.5125,-1.4391,0.1265,-1.3126,Omri Casspi
201957,2012-2014,6364.0,6386.0,-2.3134,-0.5197,0.0459,-0.4274,-0.3131,-3.5699,-2.8331,-0.3814,-3.883,-2.5806,-4.5169,-7.0975,Byron Mullens
201958,2012-2014,3318.0,3325.0,0.29,0.6834,-0.2298,0.0961,0.1041,-0.4922,0.9733,-0.1337,-0.388,0.1644,0.2873,0.4517,Rodrigue Beaubois
201959,2012-2014,9490.0,9530.0,-2.3493,0.2984,-0.0034,0.8652,0.5057,2.4047,-2.0509,0.8618,2.9104,-1.847,3.5682,1.7213,Taj Gibson
201960,2012-2014,7356.0,7378.0,1.0201,0.9605,0.3489,0.1707,0.1531,0.8587,1.9806,0.5196,1.0118,1.5221,1.9899,3.512,DeMarre Carroll
201961,2012-2014,5841.0,5832.0,-0.2939,-0.8968,-0.1251,-0.0846,0.2235,0.2183,-1.1906,-0.2096,0.4418,-0.1954,-0.7631,-0.9584,Wayne Ellington
201962,2012-2014,5169.0,5165.0,-0.07,-0.8315,0.3488,0.2204,0.2752,-0.041,-0.9014,0.5692,0.2342,0.554,-0.652,-0.098,Toney Douglas
201963,2012-2014,185.0,187.0,-5.7886,-0.0467,1.0834,0.0164,-0.1192,-0.1051,-5.8353,1.0998,-0.2242,-4.8244,-0.1354,-4.9598,Christian Eyenga
201964,2012-2014,1911.0,1909.0,-2.7997,-0.3109,0.6204,0.0601,0.0259,-0.3725,-3.1106,0.6806,-0.3466,-2.1533,-0.6233,-2.7766,Victor Claver
201965,2012-2014,2821.0,2832.0,-2.9409,0.1849,0.3609,0.3991,0.5169,0.4634,-2.756,0.76,0.9802,-2.0631,1.0474,-1.0157,Jeff Ayres
201967,2012-2014,9292.0,9352.0,-1.9422,1.1708,0.0864,-0.3668,0.1979,-0.3036,-0.7715,-0.2804,-0.1057,-1.6579,0.5004,-1.1575,Dante Cunningham
201969,2012-2014,400.0,404.0,-2.9724,-1.4343,0.5112,0.5986,0.0327,-0.1583,-4.4067,1.1098,-0.1257,-2.4285,-0.9941,-3.4226,DaJuan Summers
201970,2012-2014,2063.0,2083.0,-3.3657,-0.3204,0.5303,-0.0342,-0.4907,0.5903,-3.6861,0.4961,0.0996,-3.3262,0.2357,-3.0905,Sam Young
201971,2012-2014,6770.0,6750.0,-1.1041,0.3099,-0.512,0.1226,-0.1826,-0.3007,-0.7942,-0.3894,-0.4832,-1.7987,0.1319,-1.6668,DeJuan Blair
201972,2012-2014,471.0,480.0,-4.4472,-1.2689,0.4424,0.2928,-0.1463,0.1206,-5.7161,0.7352,-0.0257,-4.1511,-0.8556,-5.0066,Jon Brockman
201973,2012-2014,5908.0,5917.0,-0.3209,-0.1416,-0.488,0.1169,-0.2496,-0.3882,-0.4625,-0.3711,-0.6378,-1.0585,-0.4129,-1.4714,Jonas Jerebko
201974,2012-2014,2716.0,2710.0,-0.4652,-0.5735,0.0177,-0.0757,-0.5405,-1.4608,-1.0387,-0.058,-2.0013,-0.988,-2.11,-3.0981,Derrick Brown
201975,2012-2014,11667.0,11695.0,1.6006,-0.7307,-0.7148,-0.4503,0.1648,-0.0102,0.8699,-1.1651,0.1546,1.0506,-1.1912,-0.1406,Jodie Meeks
201976,2012-2014,4817.0,4827.0,1.7491,0.3569,1.032,0.9563,0.4743,0.7909,2.1061,1.9883,1.2652,3.2555,2.1041,5.3596,Patrick Beverley
201977,2012-2014,10275.0,10310.0,1.9823,-1.7591,-0.8858,-0.2816,-0.2764,-0.3702,0.2231,-1.1674,-0.6466,0.8201,-2.411,-1.5909,Marcus Thornton
201978,2012-2014,4964.0,4979.0,0.1744,-1.159,0.0158,-0.0421,0.1363,0.596,-0.9846,-0.0263,0.7323,0.3265,-0.6051,-0.2786,Chase Budinger
201979,2012-2014,2211.0,2230.0,-0.5437,0.8093,0.0454,0.1453,0.0507,0.0812,0.2656,0.1907,0.1319,-0.4476,1.0358,0.5883,Nick Calathes
201980,2012-2014,10494.0,10505.0,1.3794,0.8576,-0.2853,0.1974,-0.1279,1.2482,2.237,-0.0879,1.1203,0.9662,2.3032,3.2694,Danny Green
201985,2012-2014,3704.0,3696.0,1.1986,-1.3816,-0.7808,-0.2648,-0.0968,1.3294,-0.1831,-1.0455,1.2326,0.321,-0.317,0.004,AJ Price
201986,2012-2014,2762.0,2769.0,-0.3137,0.535,0.1305,-0.0241,-0.2497,-0.6089,0.2213,0.1064,-0.8586,-0.4329,-0.098,-0.5309,Nando De Colo
201988,2012-2014,4869.0,4889.0,3.3694,-1.0532,-0.1581,0.1894,0.2459,1.3068,2.3162,0.0314,1.5527,3.4572,0.4431,3.9003,Patty Mills
201991,2012-2014,639.0,635.0,0.0553,-1.0479,0.2369,0.0468,0.0658,-0.1161,-0.9926,0.2837,-0.0502,0.358,-1.1171,-0.7591,Lester Hudson
202066,2012-2014,3419.0,3430.0,-2.0135,0.6746,0.2384,0.5171,0.1577,0.6141,-1.3389,0.7554,0.7718,-1.6174,1.8057,0.1883,Garrett Temple
202082,2012-2014,142.0,141.0,-3.9488,-0.0294,0.3552,0.0858,-0.0677,-0.1045,-3.9782,0.4409,-0.1721,-3.6613,-0.0481,-3.7094,Larry Owens
202083,2012-2014,14357.0,14320.0,2.0815,-0.9582,-0.4259,0.0265,0.461,0.0171,1.1233,-0.3995,0.4781,2.1165,-0.9145,1.202,Wesley Matthews
202087,2012-2014,10422.0,10421.0,-1.3175,0.2788,0.0118,0.0196,-0.0152,-1.1904,-1.0386,0.0314,-1.2056,-1.3209,-0.892,-2.2128,Alonzo Gee
202091,2012-2014,401.0,404.0,-1.1543,-1.4191,-0.6048,0.1497,0.0223,-0.2546,-2.5734,-0.455,-0.2323,-1.7368,-1.524,-3.2607,Dionte Christmas
202130,2012-2014,2103.0,2127.0,0.7565,-1.3567,-0.3041,0.178,-0.3882,-1.825,-0.6002,-0.1261,-2.2132,0.0642,-3.0037,-2.9396,Reggie Williams
202148,2012-2014,503.0,509.0,-5.3711,2.3029,-0.1379,-0.4449,-0.0062,-0.2096,-3.0683,-0.5829,-0.2158,-5.5152,1.6483,-3.8669,Mickell Gladness
202178,2012-2014,1520.0,1528.0,0.7925,0.3667,-0.2403,0.3354,-0.1672,-0.7533,1.1592,0.0951,-0.9206,0.385,-0.0513,0.3337,Sundiata Gaines
202197,2012-2014,21.0,24.0,-5.1626,-1.7905,0.2418,-0.5546,-0.0168,-0.025,-6.9531,-0.3128,-0.0418,-4.9376,-2.3701,-7.3077,Shane Edwards
202227,2012-2014,856.0,850.0,-4.4797,-1.3622,0.5131,0.0392,-0.2299,0.1188,-5.8419,0.5523,-0.1111,-4.1965,-1.2042,-5.4007,Terrel Harris
202322,2012-2014,13732.0,13696.0,2.0252,0.2046,0.5529,-0.3688,0.4272,-0.4861,2.2298,0.1841,-0.0589,3.0053,-0.6503,2.355,John Wall
202323,2012-2014,13726.0,13757.0,-2.2471,-0.4389,0.6358,-0.0524,0.2055,0.0581,-2.686,0.5835,0.2637,-1.4058,-0.4331,-1.8389,Evan Turner
202324,2012-2014,10228.0,10193.0,-1.7578,1.8896,-0.092,-0.7535,0.0238,-0.2139,0.1318,-0.8455,-0.1901,-1.826,0.9222,-0.9038,Derrick Favors
202325,2012-2014,9182.0,9184.0,-1.8052,0.3618,-0.591,-0.3943,-0.3521,-0.8188,-1.4434,-0.9853,-1.1709,-2.7483,-0.8513,-3.5996,Wesley Johnson
202326,2012-2014,12840.0,12792.0,-0.256,1.1811,0.259,0.1725,-0.1626,-0.1171,0.9251,0.4315,-0.2797,-0.1596,1.2365,1.0769,DeMarcus Cousins
202327,2012-2014,6581.0,6607.0,-3.1541,1.7052,0.6211,0.1441,0.0585,0.9026,-1.4489,0.7652,0.9611,-2.4745,2.7519,0.2774,Ekpe Udoh
202328,2012-2014,14284.0,14244.0,-0.1801,0.4488,0.7045,-0.0605,0.1613,-0.1156,0.2687,0.644,0.0457,0.6857,0.2727,0.9584,Greg Monroe
202329,2012-2014,10503.0,10536.0,-2.0418,2.3422,0.1906,-0.0995,0.5469,0.1518,0.3005,0.0911,0.6986,-1.3043,2.3945,1.0903,Al-Farouq Aminu
202330,2012-2014,13322.0,13327.0,1.5313,-0.2106,-0.1261,0.0506,0.5652,-0.8758,1.3207,-0.0755,-0.3106,1.9704,-1.0357,0.9347,Gordon Hayward
202331,2012-2014,14977.0,14913.0,2.0989,1.5783,0.0462,0.4154,-0.2034,1.7475,3.6772,0.4615,1.5441,1.9416,3.7412,5.6828,Paul George
202332,2012-2014,1786.0,1807.0,-2.8623,3.9602,0.1641,-0.6851,0.2498,-0.9373,1.0979,-0.521,-0.6875,-2.4484,2.3378,-0.1106,Cole Aldrich
202333,2012-2014,4424.0,4441.0,-3.0209,-1.1933,0.0601,-0.5263,0.0382,1.0668,-4.2142,-0.4662,1.1049,-2.9226,-0.6529,-3.5755,Xavier Henry
202334,2012-2014,7689.0,7705.0,-1.928,1.6034,-0.4964,-0.4171,-0.1742,-0.0015,-0.3245,-0.9136,-0.1756,-2.5986,1.1848,-1.4137,Ed Davis
202335,2012-2014,9357.0,9385.0,-1.2685,-0.5374,0.645,0.0826,0.0825,0.4264,-1.8059,0.7277,0.5088,-0.541,-0.0284,-0.5694,Patrick Patterson
202336,2012-2014,6174.0,6144.0,-2.8085,3.917,-0.3383,0.1732,-0.252,1.9999,1.1085,-0.1651,1.7479,-3.3988,6.0901,2.6913,Larry Sanders
202337,2012-2014,3372.0,3353.0,-0.5876,-0.9257,0.8539,-0.0355,0.3396,-0.8868,-1.5133,0.8184,-0.5472,0.6059,-1.848,-1.2421,Luke Babbitt
202338,2012-2014,6646.0,6655.0,-4.6245,-1.0837,-0.6079,0.5349,-0.1322,1.2078,-5.7082,-0.073,1.0756,-5.3646,0.659,-4.7056,Kevin Seraphin
202339,2012-2014,6679.0,6685.0,1.3428,1.3385,0.1207,0.8183,-0.2431,1.8703,2.6814,0.939,1.6272,1.2205,4.027,5.2475,Eric Bledsoe
202340,2012-2014,8896.0,8894.0,-1.7288,-1.25,1.1803,0.189,0.6915,2.1361,-2.9789,1.3692,2.8276,0.1429,1.0751,1.218,Avery Bradley
202341,2012-2014,6837.0,6824.0,-0.4485,-0.6653,0.0727,0.1462,-0.0095,-0.7995,-1.1137,0.2189,-0.809,-0.3853,-1.3185,-1.7038,James Anderson
202342,2012-2014,172.0,169.0,-4.6376,-2.1061,0.4684,0.3083,-0.0701,-0.2761,-6.7438,0.7766,-0.3462,-4.2393,-2.074,-6.3133,Craig Brackins
202343,2012-2014,2692.0,2716.0,-1.4904,-1.6253,0.1663,0.445,-0.7788,-1.2102,-3.1158,0.6113,-1.989,-2.103,-2.3905,-4.4935,Elliot Williams
202344,2012-2014,7096.0,7102.0,-1.4009,0.8626,0.494,-0.2208,0.3792,-2.7088,-0.5383,0.2732,-2.3296,-0.5277,-2.067,-2.5947,Trevor Booker
202345,2012-2014,415.0,415.0,-5.6231,1.6417,0.4712,-0.6629,-0.032,0.3025,-3.9814,-0.1917,0.2705,-5.1839,1.2814,-3.9025,Damion James
202346,2012-2014,1182.0,1195.0,-1.0958,-0.8159,0.6584,0.0852,-0.3644,-0.4208,-1.9116,0.7436,-0.7852,-0.8017,-1.1515,-1.9532,Dominique Jones
202347,2012-2014,4771.0,4773.0,-0.8045,-1.496,0.373,0.2439,0.2027,0.8105,-2.3005,0.6169,1.0132,-0.2288,-0.4417,-0.6704,Quincy Pondexter
202348,2012-2014,10472.0,10423.0,0.6499,-2.4966,-0.2729,0.0178,-0.2578,-0.0425,-1.8467,-0.2551,-0.3003,0.1192,-2.5213,-2.4021,Jordan Crawford
202349,2012-2014,11524.0,11498.0,1.4656,-1.3831,0.2529,-0.0097,0.2806,0.2888,0.0825,0.2432,0.5694,1.999,-1.104,0.8951,Greivis Vasquez
202350,2012-2014,1083.0,1106.0,-3.0482,0.9788,0.0837,-0.0387,-0.2684,0.0393,-2.0693,0.045,-0.2291,-3.2329,0.9794,-2.2535,Daniel Orton
202351,2012-2014,338.0,340.0,-4.3454,-0.8509,-0.1447,-0.0926,-0.184,-0.1806,-5.1963,-0.2373,-0.3646,-4.6741,-1.1241,-5.7982,Lazar Hayward
202354,2012-2014,666.0,657.0,-5.0845,-1.6953,-0.8969,-0.2268,-0.033,0.3249,-6.7798,-1.1237,0.2918,-6.0144,-1.5972,-7.6117,Dexter Pittman
202355,2012-2014,216.0,225.0,-4.2583,2.6275,0.956,-1.0132,-0.007,0.2404,-1.6308,-0.0572,0.2335,-3.3093,1.8547,-1.4545,Hassan Whiteside
202356,2012-2014,243.0,244.0,-2.2387,-0.0866,0.6235,0.0648,-0.072,0.1444,-2.3253,0.6882,0.0724,-1.6872,0.1225,-1.5646,Armon Johnson
202359,2012-2014,75.0,76.0,-5.1144,-2.0727,0.5097,0.1517,-0.0071,0.0705,-7.1871,0.6613,0.0633,-4.6118,-1.8506,-6.4624,Darington Hobson
202361,2012-2014,6287.0,6327.0,-1.7092,0.4894,0.7212,0.1704,0.4283,0.7558,-1.2198,0.8916,1.1841,-0.5598,1.4156,0.8559,Landry Fields
202362,2012-2014,10400.0,10396.0,-0.5177,-0.1777,0.1984,0.1223,0.6218,0.1557,-0.6953,0.3208,0.7775,0.3026,0.1003,0.4029,Lance Stephenson
202363,2012-2014,809.0,812.0,-3.6268,1.7781,0.0193,-0.1987,-0.066,-0.2194,-1.8487,-0.1794,-0.2854,-3.6735,1.3599,-2.3135,Jarvis Varnado
202365,2012-2014,1156.0,1145.0,-3.5367,-1.474,0.5294,-0.0353,0.1059,-0.022,-5.0107,0.4942,0.0839,-2.9013,-1.5313,-4.4326,Devin Ebanks
202366,2012-2014,225.0,226.0,-1.6299,-0.1155,0.5938,0.257,0.0984,-0.1403,-1.7455,0.8507,-0.042,-0.9377,0.0011,-0.9367,Jerome Jordan
202374,2012-2014,236.0,238.0,-3.8507,2.5243,0.7243,-0.8077,0.0229,0.1221,-1.3264,-0.0834,0.1451,-3.1034,1.8387,-1.2647,Solomon Alabi
202376,2012-2014,429.0,433.0,-2.1531,-0.219,-0.1941,0.0009,0.0604,-0.588,-2.3721,-0.1932,-0.5275,-2.2867,-0.806,-3.0928,Luke Harangody
202379,2012-2014,3167.0,3189.0,-0.6859,2.0496,0.44,0.0226,-0.2305,-0.2495,1.3638,0.4625,-0.48,-0.4764,1.8227,1.3462,Jeremy Evans
202380,2012-2014,157.0,155.0,-5.5923,0.4464,0.2731,0.2165,-0.0649,0.2024,-5.146,0.4896,0.1375,-5.3841,0.8653,-4.5188,Hamady Ndiaye
202385,2012-2014,32.0,33.0,-3.8275,-2.147,-0.1105,-0.0315,0.0263,0.0716,-5.9745,-0.142,0.0979,-3.9117,-2.1069,-6.0186,Ryan Reid
202386,2012-2014,685.0,681.0,-2.131,0.5211,-0.2038,-0.0087,-0.0739,0.7927,-1.6099,-0.2124,0.7187,-2.4087,1.3051,-1.1035,Ben Uzoh
202388,2012-2014,2507.0,2523.0,-1.9631,-1.5004,0.037,-0.0013,-0.5369,-1.2909,-3.4635,0.0357,-1.8278,-2.463,-2.7926,-5.2556,Donald Sloan
202389,2012-2014,5705.0,5723.0,-2.2647,0.9178,-0.1353,-0.201,0.3226,-0.281,-1.3469,-0.3363,0.0416,-2.0774,0.4358,-1.6416,Timofey Mozgov
202390,2012-2014,7436.0,7470.0,0.2642,-2.5786,-0.093,-0.2701,0.1607,-0.7399,-2.3144,-0.3631,-0.5792,0.3319,-3.5886,-3.2567,Gary Neal
202391,2012-2014,11329.0,11314.0,1.5606,-0.2,-0.2123,-0.0921,-0.0921,0.9308,1.3606,-0.3045,0.8387,1.2561,0.6387,1.8948,Jeremy Lin
202396,2012-2014,1957.0,1959.0,-4.2404,-1.2263,-0.9279,-0.1374,-0.1665,1.4305,-5.4667,-1.0653,1.264,-5.3348,0.0667,-5.2681,Samardo Samuels
202397,2012-2014,3466.0,3472.0,-1.6086,0.7486,0.025,0.1351,-0.3466,0.749,-0.86,0.16,0.4024,-1.9302,1.6327,-0.2975,Ish Smith
202399,2012-2014,3362.0,3382.0,-1.7952,1.106,-0.4481,-0.2174,0.1755,-0.9453,-0.6892,-0.6655,-0.7698,-2.0677,-0.0567,-2.1244,Jeff Adrien
202406,2012-2014,331.0,335.0,-1.9136,0.4573,0.2522,0.1129,-0.0518,0.5816,-1.4563,0.3651,0.5299,-1.7132,1.1519,-0.5613,Jerome Dyson
202412,2012-2014,1218.0,1221.0,-1.8848,-0.7624,0.1532,0.1476,-0.0308,0.1538,-2.6473,0.3009,0.1231,-1.7624,-0.461,-2.2233,Manny Harris
202419,2012-2014,878.0,884.0,-2.5408,2.1089,-1.0227,-0.9497,0.2747,-1.1242,-0.4319,-1.9724,-0.8495,-3.2887,0.0349,-3.2538,Chris Johnson
202458,2012-2014,179.0,179.0,-3.4298,-1.3129,-0.192,0.2389,-0.1714,0.2119,-4.7427,0.0469,0.0405,-3.7933,-0.8621,-4.6553,Justin Dentmon
202498,2012-2014,2413.0,2425.0,-2.6433,-0.683,-0.0443,0.3088,-0.0847,0.3506,-3.3263,0.2645,0.2659,-2.7723,-0.0237,-2.796,Lance Thomas
202536,2012-2014,87.0,92.0,-3.6654,-0.0624,0.4213,0.1795,-0.0469,0.0958,-3.7278,0.6008,0.0489,-3.291,0.2129,-3.0782,Jerry Smith
202545,2012-2014,127.0,126.0,-5.6516,-2.1095,0.4473,-0.0682,-0.1667,-0.3122,-7.7611,0.379,-0.4788,-5.371,-2.4899,-7.8609,Luke Zeller
202620,2012-2014,60.0,62.0,-4.6414,-0.6392,0.8879,-0.0243,0.0175,-0.2549,-5.2806,0.8636,-0.2374,-3.7361,-0.9184,-4.6544,Arinze Onuaku
202622,2012-2014,190.0,191.0,-1.9295,-2.0043,0.038,0.2818,-0.1947,0.0766,-3.9337,0.3197,-0.1181,-2.0862,-1.6459,-3.7321,Courtney Fortson
202681,2012-2014,11889.0,11857.0,3.5057,-1.1227,0.2796,-0.0537,-0.0848,-1.5743,2.383,0.2259,-1.6591,3.7006,-2.7508,0.9498,Kyrie Irving
202682,2012-2014,10076.0,10130.0,-1.526,-0.5003,-0.9685,-0.141,0.1241,0.0918,-2.0263,-1.1095,0.2159,-2.3704,-0.5495,-2.9199,Derrick Williams
202683,2012-2014,7847.0,7843.0,-2.2988,-1.3409,-0.9656,-0.2968,-0.2424,-0.5444,-3.6396,-1.2624,-0.7868,-3.5067,-2.182,-5.6888,Enes Kanter
202684,2012-2014,12561.0,12543.0,-2.009,-0.8068,-0.0374,-0.1749,0.2057,-0.6874,-2.8158,-0.2123,-0.4817,-1.8407,-1.6691,-3.5098,Tristan Thompson
202685,2012-2014,7116.0,7118.0,-1.8336,0.5476,-0.393,-0.2925,0.1352,-0.6054,-1.286,-0.6855,-0.4702,-2.0914,-0.3504,-2.4417,Jonas Valanciunas
202686,2012-2014,4756.0,4739.0,-3.4497,0.9989,-0.3547,0.5973,0.0199,-1.0495,-2.4508,0.2425,-1.0295,-3.7845,0.5467,-3.2378,Jan Vesely
202687,2012-2014,8903.0,8909.0,-4.5479,2.1216,0.0353,-0.867,0.0905,-1.643,-2.4263,-0.8317,-1.5525,-4.4221,-0.3884,-4.8105,Bismack Biyombo
202688,2012-2014,13082.0,13099.0,0.16,-2.5507,-0.0965,0.0748,-0.2384,0.348,-2.3907,-0.0217,0.1096,-0.1749,-2.1278,-2.3027,Brandon Knight
202689,2012-2014,13899.0,13915.0,2.2963,-0.226,-0.417,0.1268,-0.3654,0.757,2.0702,-0.2902,0.3916,1.5139,0.6578,2.1716,Kemba Walker
202690,2012-2014,5138.0,5145.0,0.4668,-2.913,-0.0889,-0.414,0.1884,-1.6724,-2.4462,-0.5029,-1.484,0.5663,-4.9995,-4.4332,Jimmer Fredette
202691,2012-2014,14648.0,14622.0,0.2709,-2.0031,0.4715,0.0812,0.5701,0.7862,-1.7323,0.5527,1.3563,1.3125,-1.1358,0.1768,Klay Thompson
202692,2012-2014,8242.0,8229.0,-0.5533,-1.7809,0.4621,-0.0801,0.4789,0.1411,-2.3342,0.382,0.62,0.3878,-1.72,-1.3322,Alec Burks
202693,2012-2014,10044.0,10063.0,-1.0743,0.5032,0.2656,-0.0318,0.2965,-0.901,-0.5711,0.2338,-0.6045,-0.5123,-0.4296,-0.9419,Markieff Morris
202694,2012-2014,6773.0,6790.0,-0.3729,-0.9835,0.398,-0.0115,0.0264,0.2576,-1.3563,0.3865,0.284,0.0516,-0.7374,-0.6858,Marcus Morris Sr.
202695,2012-2014,10237.0,10242.0,2.0457,3.2544,-0.4105,-0.2825,0.0159,-0.472,5.3002,-0.693,-0.4561,1.6511,2.5,4.1511,Kawhi Leonard
202696,2012-2014,9914.0,9912.0,-1.5908,1.5534,-0.6106,-0.2587,-0.0235,-0.0753,-0.0374,-0.8693,-0.0987,-2.2249,1.2194,-1.0054,Nikola Vučević
202697,2012-2014,8808.0,8839.0,-0.7396,0.6475,0.3093,0.1157,0.4729,1.506,-0.0921,0.425,1.979,0.0426,2.2693,2.3119,Iman Shumpert
202698,2012-2014,5036.0,5031.0,-3.3258,1.3853,-0.3848,0.4677,-0.1817,0.629,-1.9405,0.0829,0.4473,-3.8923,2.482,-1.4102,Chris Singleton
202699,2012-2014,7084.0,7067.0,-0.3289,0.2235,-0.2431,-0.3227,-0.1001,-0.8004,-0.1054,-0.5658,-0.9004,-0.6721,-0.8996,-1.5717,Tobias Harris
202700,2012-2014,3017.0,3016.0,-2.138,-1.4665,-0.6198,0.1922,0.1537,0.3737,-3.6045,-0.4276,0.5274,-2.6041,-0.9006,-3.5047,Donatas Motiejunas
202701,2012-2014,1605.0,1591.0,-3.2813,-2.502,0.3124,0.0216,-0.2399,-0.2442,-5.7833,0.334,-0.4841,-3.2088,-2.7246,-5.9334,Nolan Smith
202702,2012-2014,10816.0,10818.0,-0.0017,1.2504,0.13,-1.1951,0.692,-1.3917,1.2487,-1.0651,-0.6998,0.8203,-1.3365,-0.5162,Kenneth Faried
202704,2012-2014,7508.0,7494.0,0.6794,0.0381,0.2297,0.1435,0.013,0.7916,0.7175,0.3732,0.8046,0.9221,0.9732,1.8953,Reggie Jackson
202705,2012-2014,5473.0,5464.0,-1.0931,-1.5844,0.1617,0.0234,-0.5032,-1.2162,-2.6775,0.1852,-1.7194,-1.4345,-2.7772,-4.2117,MarShon Brooks
202706,2012-2014,3400.0,3408.0,0.0775,-0.0272,0.2577,0.0119,-0.0856,-0.6776,0.0503,0.2696,-0.7632,0.2496,-0.6929,-0.4433,Jordan Hamilton
202707,2012-2014,556.0,574.0,-4.7391,-0.4204,-0.2998,-0.3649,-0.1304,0.0576,-5.1594,-0.6647,-0.0729,-5.1693,-0.7277,-5.897,JaJuan Johnson
202708,2012-2014,9148.0,9225.0,-2.4442,-1.1833,0.5371,-0.0286,0.1543,-0.046,-3.6275,0.5085,0.1083,-1.7528,-1.2579,-3.0107,Norris Cole
202709,2012-2014,3146.0,3177.0,0.0931,0.2326,-0.0275,-0.0466,0.0292,-2.021,0.3256,-0.0741,-1.9917,0.0948,-1.835,-1.7402,Cory Joseph
202710,2012-2014,9506.0,9545.0,1.3223,0.9658,-0.1318,0.2859,0.1476,0.4027,2.2881,0.1541,0.5503,1.338,1.6544,2.9924,Jimmy Butler III
202712,2012-2014,161.0,161.0,-5.6233,-0.9956,0.0953,-0.3224,-0.1027,-0.1894,-6.6189,-0.2271,-0.292,-5.6306,-1.5073,-7.138,Justin Harper
202713,2012-2014,8969.0,8946.0,-1.0303,-0.9436,-0.0372,-0.0498,-0.1298,0.9927,-1.9739,-0.087,0.8628,-1.1973,-0.0008,-1.1981,Kyle Singler
202714,2012-2014,5215.0,5228.0,0.5986,-0.4754,-0.4208,0.1434,0.0367,-0.1616,0.1231,-0.2774,-0.1249,0.2145,-0.4937,-0.2792,Shelvin Mack
202715,2012-2014,255.0,254.0,-4.2299,0.4311,0.6808,0.0448,-0.0015,-0.2946,-3.7988,0.7256,-0.2961,-3.5505,0.1812,-3.3693,Tyler Honeycutt
202716,2012-2014,1231.0,1240.0,-1.6691,0.2021,0.0425,-0.1696,0.268,-0.6081,-1.467,-0.1271,-0.34,-1.3585,-0.5756,-1.9341,Jordan Williams
202717,2012-2014,238.0,240.0,-3.9125,-0.5793,-0.2738,-0.9508,-0.0545,-0.471,-4.4919,-1.2245,-0.5256,-4.2408,-2.0011,-6.242,Trey Thompkins
202718,2012-2014,14565.0,14553.0,1.0297,-0.269,0.2226,0.2178,-0.0568,0.0191,0.7606,0.4403,-0.0377,1.1954,-0.0322,1.1632,Chandler Parsons
202719,2012-2014,2021.0,2024.0,-5.1571,-0.925,-1.0937,-0.1808,0.3096,-1.0094,-6.082,-1.2744,-0.6998,-5.9412,-2.1151,-8.0563,Jeremy Tyler
202720,2012-2014,2685.0,2678.0,-1.1754,0.1355,0.2432,0.0059,-0.0758,-0.9865,-1.0399,0.249,-1.0622,-1.008,-0.8451,-1.8531,Jon Leuer
202721,2012-2014,2290.0,2288.0,-2.0252,-2.3839,0.6007,-0.1762,-0.3253,0.6296,-4.4091,0.4244,0.3044,-1.7498,-1.9305,-3.6803,Darius Morris
202723,2012-2014,1021.0,1016.0,-1.8829,-0.4142,0.4205,0.4108,-0.1272,0.5093,-2.2971,0.8313,0.3821,-1.5896,0.5059,-1.0837,Malcolm Lee
202724,2012-2014,2640.0,2655.0,-1.8882,-0.6831,0.0967,-0.5359,-0.2574,0.0526,-2.5714,-0.4392,-0.2048,-2.049,-1.1665,-3.2154,Charles Jenkins
202725,2012-2014,1767.0,1777.0,-1.1512,1.099,-0.1607,-0.0195,-0.1633,1.2427,-0.0521,-0.1802,1.0794,-1.4751,2.3222,0.8471,Josh Harrellson
202726,2012-2014,781.0,785.0,-2.1429,-3.767,-0.3818,0.0972,-0.0869,0.0183,-5.9099,-0.2846,-0.0686,-2.6116,-3.6516,-6.2631,Andrew Goudelock
202727,2012-2014,90.0,94.0,-2.8189,-1.2764,0.8481,0.5691,-0.0423,-0.1502,-4.0953,1.4172,-0.1925,-2.0131,-0.8576,-2.8707,Travis Leslie
202728,2012-2014,17.0,15.0,-5.147,-2.3705,0.6067,0.1541,0.0141,0.1091,-7.5175,0.7609,0.1232,-4.5262,-2.1072,-6.6334,Keith Benson
202729,2012-2014,601.0,594.0,-5.2211,-2.4516,-0.0505,-0.3988,-0.0855,-0.0542,-7.6727,-0.4493,-0.1398,-5.3572,-2.9046,-8.2618,Josh Selby
202730,2012-2014,6477.0,6520.0,-2.8665,0.1935,0.2224,0.5038,-0.4727,1.1654,-2.673,0.7262,0.6927,-3.1168,1.8627,-1.2541,Lavoy Allen
202731,2012-2014,279.0,273.0,-1.4544,0.4649,0.1549,0.0061,-0.0375,-0.2237,-0.9895,0.161,-0.2613,-1.337,0.2473,-1.0898,Vernon Macklin
202732,2012-2014,800.0,815.0,-2.513,0.4881,1.1455,0.0997,-0.2372,-0.0872,-2.0249,1.2452,-0.3244,-1.6047,0.5006,-1.1041,DeAndre Liggins
202734,2012-2014,6860.0,6849.0,-0.8608,-1.0047,-0.6939,-0.0344,-0.5136,0.5183,-1.8656,-0.7283,0.0047,-2.0684,-0.5208,-2.5892,E'Twaun Moore
202738,2012-2014,12496.0,12549.0,3.8332,-1.4298,0.4292,-0.5054,0.2321,0.5399,2.4034,-0.0762,0.7719,4.4945,-1.3953,3.0992,Isaiah Thomas
202775,2012-2014,94.0,91.0,-4.5107,-0.2216,0.3242,-0.3908,-0.0196,-0.1048,-4.7323,-0.0666,-0.1245,-4.2062,-0.7172,-4.9234,Edwin Ubiles
202779,2012-2014,278.0,279.0,-3.112,-0.4417,0.272,0.0143,0.0434,0.0441,-3.5537,0.2863,0.0876,-2.7965,-0.3834,-3.1799,Dwight Buycks
202809,2012-2014,858.0,859.0,-5.5281,-3.2762,0.06,-0.0025,-0.192,-0.3807,-8.8043,0.0575,-0.5727,-5.6601,-3.6593,-9.3195,Cory Higgins
202810,2012-2014,113.0,112.0,-4.5544,-1.0441,0.339,0.1726,-0.0336,-0.2229,-5.5985,0.5116,-0.2564,-4.249,-1.0943,-5.3433,D.J. Kennedy
202814,2012-2014,170.0,169.0,-4.6104,-1.5392,0.5588,1.0144,0.0027,0.0227,-6.1496,1.5732,0.0254,-4.0489,-0.5021,-4.551,Mychel Thompson
202862,2012-2014,46.0,44.0,-5.0878,-2.0145,-0.1486,-0.1303,0.0058,-0.2992,-7.1023,-0.2789,-0.2934,-5.2306,-2.444,-7.6747,Dennis Horner
202874,2012-2014,628.0,635.0,-1.0411,1.3064,-0.3461,-0.1804,0.0556,-0.8513,0.2653,-0.5265,-0.7957,-1.3316,0.2747,-1.0569,Chris Wright
202880,2012-2014,75.0,76.0,-6.9705,-1.3463,0.2406,-0.4567,0.0308,0.1141,-8.3168,-0.2161,0.1449,-6.6992,-1.6889,-8.388,Jeff Foote
202918,2012-2014,74.0,74.0,-5.0357,-3.3429,0.5862,0.6755,-0.0307,-0.0133,-8.3787,1.2617,-0.044,-4.4802,-2.6807,-7.1609,Xavier Silas
202933,2012-2014,643.0,641.0,-0.7576,1.5048,0.5778,0.2658,0.0272,-0.5597,0.7472,0.8436,-0.5325,-0.1525,1.2108,1.0583,Julyan Stone
202951,2012-2014,2052.0,2045.0,-2.7924,-3.3082,0.1893,-0.1388,-0.3613,0.6533,-6.1006,0.0505,0.292,-2.9644,-2.7937,-5.7581,Jeremy Pargo
202952,2012-2014,267.0,265.0,-4.3246,0.811,0.2383,-0.2982,0.1948,0.0269,-3.5136,-0.0599,0.2217,-3.8915,0.5397,-3.3518,Malcolm Thomas
202962,2012-2014,2555.0,2537.0,-1.4749,0.7129,-0.8564,0.202,0.1643,-0.3515,-0.762,-0.6544,-0.1872,-2.167,0.5635,-1.6035,Greg Smith
202970,2012-2014,4289.0,4281.0,-1.7067,2.3216,0.0998,0.1925,0.0102,-0.3732,0.6149,0.2923,-0.363,-1.5967,2.1409,0.5442,Gustavo Ayon
203006,2012-2014,17.0,19.0,-6.8083,-2.3386,0.4073,0.4376,0.0018,-0.0737,-9.1469,0.8449,-0.0718,-6.3992,-1.9746,-8.3738,Josh Akognon
203076,2012-2014,7987.0,7988.0,1.4029,3.8338,-0.5003,-1.9234,-0.0376,-1.1825,5.2367,-2.4238,-1.2201,0.865,0.7279,1.5929,Anthony Davis
203077,2012-2014,6616.0,6597.0,-2.2849,0.7709,0.3312,0.1555,0.5559,0.7652,-1.514,0.4867,1.3211,-1.3979,1.6916,0.2938,Michael Kidd-Gilchrist
203078,2012-2014,8215.0,8208.0,0.1925,-1.8386,-0.0656,0.1284,-0.2123,1.7312,-1.6461,0.0628,1.5189,-0.0853,0.0209,-0.0644,Bradley Beal
203079,2012-2014,7408.0,7367.0,-0.6302,-2.5507,0.5938,-0.0898,0.609,0.6598,-3.1809,0.504,1.2688,0.5726,-1.9807,-1.4081,Dion Waiters
203080,2012-2014,3751.0,3776.0,-4.0017,-0.4671,-0.2808,-0.2463,0.2631,-1.0565,-4.4688,-0.5271,-0.7934,-4.0194,-1.7699,-5.7892,Thomas Robinson
203081,2012-2014,11912.0,11892.0,3.341,-2.2038,-0.0388,-0.1469,0.3671,0.2513,1.1372,-0.1858,0.6185,3.6693,-2.0994,1.5699,Damian Lillard
203082,2012-2014,6511.0,6501.0,-0.2928,-1.1696,0.3017,-0.484,0.3723,-0.5388,-1.4624,-0.1823,-0.1665,0.3812,-2.1924,-1.8112,Terrence Ross
203083,2012-2014,7464.0,7478.0,0.1382,2.4975,0.0595,-1.1458,0.3375,-1.4008,2.6357,-1.0863,-1.0633,0.5352,-0.0491,0.4861,Andre Drummond
203084,2012-2014,8533.0,8534.0,-1.9181,-0.6232,-0.0717,-0.0773,-0.268,0.9363,-2.5413,-0.149,0.6683,-2.2578,0.2359,-2.022,Harrison Barnes
203085,2012-2014,5165.0,5165.0,-2.9038,-2.2961,1.3433,0.0957,0.4768,-0.2326,-5.1999,1.439,0.2442,-1.0837,-2.4331,-3.5168,Austin Rivers
203086,2012-2014,3059.0,3067.0,-3.0182,0.2709,0.5198,0.2477,-0.3157,-1.3491,-2.7473,0.7675,-1.6647,-2.8141,-0.8305,-3.6445,Meyers Leonard
203087,2012-2014,3338.0,3348.0,0.1582,-0.5001,0.014,0.1357,0.171,0.0355,-0.3419,0.1497,0.2065,0.3432,-0.3289,0.0143,Jeremy Lamb
203088,2012-2014,4453.0,4453.0,0.9292,-0.9196,-0.3876,-0.9629,0.0731,-1.1456,0.0096,-1.3505,-1.0725,0.6146,-3.028,-2.4133,Kendall Marshall
203089,2012-2014,5184.0,5210.0,-2.0825,0.5548,-0.9245,-0.0866,-0.358,-1.9852,-1.5278,-1.0112,-2.3432,-3.3651,-1.517,-4.8822,John Henson
203090,2012-2014,7584.0,7598.0,-1.268,1.1442,-0.4345,-0.4348,-0.2364,-2.231,-0.1238,-0.8693,-2.4674,-1.9388,-1.5216,-3.4604,Maurice Harkless
203091,2012-2014,16.0,20.0,-5.5463,-1.6917,0.4061,-0.2461,0.0021,-0.071,-7.238,0.16,-0.0689,-5.1381,-2.0088,-7.1469,Royce White
203092,2012-2014,5933.0,5904.0,-2.9009,-0.1697,0.5168,0.605,0.1441,0.6658,-3.0707,1.1218,0.8099,-2.24,1.1011,-1.1389,Tyler Zeller
203093,2012-2014,4665.0,4682.0,0.3937,1.5735,-0.419,-0.4643,0.2056,-2.4407,1.9672,-0.8834,-2.235,0.1803,-1.3315,-1.1512,Terrence Jones
203094,2012-2014,4684.0,4670.0,-3.159,-0.5451,-0.3244,-0.5036,-0.4119,0.6817,-3.7041,-0.8281,0.2698,-3.8954,-0.367,-4.2624,Andrew Nicholson
203095,2012-2014,4016.0,4028.0,-0.9622,-2.0169,-0.4553,0.4444,0.3429,1.6315,-2.9791,-0.0109,1.9744,-1.0746,0.059,-1.0157,Evan Fournier
203096,2012-2014,5685.0,5637.0,-0.8151,-0.854,-0.1973,0.4392,0.1917,1.1613,-1.6691,0.2419,1.353,-0.8207,0.7466,-0.0742,Jared Sullinger
203097,2012-2014,70.0,70.0,-8.9294,-0.846,0.6802,-0.0236,-0.0239,-0.0423,-9.7754,0.6566,-0.0662,-8.2731,-0.9119,-9.185,Fab Melo
203098,2012-2014,2076.0,2075.0,0.0611,-1.7404,-0.2892,-0.1154,-0.4171,-0.39,-1.6792,-0.4046,-0.8071,-0.6452,-2.2458,-2.891,John Jenkins
203099,2012-2014,226.0,221.0,-2.0938,-1.4963,-0.4263,0.6133,0.0298,0.0837,-3.5901,0.187,0.1135,-2.4903,-0.7994,-3.2897,Jared Cunningham
203100,2012-2014,4202.0,4223.0,-1.4583,-2.5594,0.0696,-0.0035,-0.6779,-0.4984,-4.0176,0.0661,-1.1763,-2.0666,-3.0613,-5.1279,Tony Wroten
203101,2012-2014,4002.0,3999.0,-3.2357,1.3822,-0.0488,-0.8811,-0.1563,0.2654,-1.8534,-0.9299,0.1091,-3.4408,0.7666,-2.6742,Miles Plumlee
203102,2012-2014,1429.0,1442.0,-1.3861,-0.0745,-0.0071,0.1569,-0.1907,-1.601,-1.4606,0.1497,-1.7917,-1.5839,-1.5186,-3.1026,Arnett Moultrie
203103,2012-2014,2071.0,2082.0,-3.0398,-0.2451,0.0231,-0.0654,0.3407,0.1484,-3.2849,-0.0423,0.4891,-2.676,-0.1621,-2.8381,Perry Jones III
203104,2012-2014,1564.0,1584.0,-4.7947,-1.3101,-0.5695,-0.056,-0.1057,-0.1262,-6.1048,-0.6255,-0.2319,-5.4699,-1.4922,-6.9621,Marquis Teague
203105,2012-2014,2180.0,2204.0,-4.5034,0.7879,0.3367,0.1424,-0.0477,0.6383,-3.7155,0.4791,0.5907,-4.2143,1.5686,-2.6458,Festus Ezeli
203106,2012-2014,4118.0,4141.0,-1.8701,-1.5713,-0.053,-0.216,-0.2985,0.7341,-3.4414,-0.269,0.4356,-2.2216,-1.0532,-3.2748,Jeffery Taylor
203108,2012-2014,1226.0,1223.0,-3.3553,1.9614,-0.0994,-0.5401,-0.062,-0.767,-1.3939,-0.6396,-0.829,-3.5167,0.6542,-2.8625,Bernard James
203109,2012-2014,5161.0,5197.0,-0.2252,1.179,0.3046,0.1648,0.2396,0.8295,0.9537,0.4694,1.0691,0.3189,2.1733,2.4922,Jae Crowder
203110,2012-2014,5789.0,5826.0,-2.1453,2.8661,0.3351,0.2639,0.2583,1.0995,0.7207,0.599,1.3578,-1.5519,4.2294,2.6775,Draymond Green
203111,2012-2014,1925.0,1931.0,-1.8153,-0.9294,-0.0777,-0.0608,-0.0738,1.0082,-2.7447,-0.1385,0.9343,-1.9669,0.018,-1.9489,Orlando Johnson
203112,2012-2014,2320.0,2339.0,-2.3184,1.5074,0.4407,0.5707,0.4875,-0.7852,-0.811,1.0115,-0.2977,-1.3901,1.2929,-0.0972,Quincy Acy
203113,2012-2014,1707.0,1718.0,-3.5373,-0.2416,0.1276,-0.4594,0.3763,-0.4415,-3.7789,-0.3318,-0.0652,-3.0335,-1.1425,-4.176,Quincy Miller
203114,2012-2014,5660.0,5662.0,-0.5087,-0.6407,0.383,0.1117,0.2625,-1.9105,-1.1494,0.4946,-1.648,0.1368,-2.4396,-2.3028,Khris Middleton
203115,2012-2014,2497.0,2506.0,-2.3104,-0.3289,0.3128,0.048,-0.599,-0.2739,-2.6393,0.3608,-0.8729,-2.5967,-0.5547,-3.1514,Will Barton
203116,2012-2014,957.0,979.0,-4.8232,-2.401,-0.0532,0.0351,-0.0494,-1.3874,-7.2242,-0.0181,-1.4368,-4.9258,-3.7534,-8.6791,Tyshawn Taylor
203117,2012-2014,2487.0,2470.0,-2.8988,-2.3604,0.3253,0.4713,0.1557,-0.5384,-5.2591,0.7966,-0.3827,-2.4178,-2.4275,-4.8452,Doron Lamb
203118,2012-2014,3680.0,3688.0,0.1961,-1.4242,-0.4048,-0.1969,-0.5107,-0.9401,-1.2281,-0.6018,-1.4508,-0.7194,-2.5613,-3.2807,Mike Scott
203119,2012-2014,802.0,807.0,-2.1236,-0.8994,-0.0876,1.2009,-0.0139,-0.8142,-3.023,1.1133,-0.8281,-2.2251,-0.5128,-2.7378,Kim English
203120,2012-2014,138.0,141.0,-1.4732,-1.3743,-0.0044,-0.3558,-0.0292,-0.262,-2.8475,-0.3602,-0.2911,-1.5067,-1.9921,-3.4989,Justin Hamilton
203121,2012-2014,2685.0,2693.0,-1.9869,0.1505,-0.3793,0.5621,0.1258,0.6057,-1.8364,0.1828,0.7315,-2.2405,1.3183,-0.9222,Darius Miller
203122,2012-2014,108.0,108.0,-8.23,-3.5853,0.6002,-0.1662,-0.0438,-0.497,-11.8153,0.434,-0.5408,-7.6736,-4.2485,-11.9221,Kevin Murphy
203124,2012-2014,3597.0,3585.0,-2.5337,2.6187,-0.385,-0.1785,0.6451,-0.8046,0.0849,-0.5635,-0.1595,-2.2737,1.6356,-0.6381,Kyle O'Quinn
203126,2012-2014,105.0,107.0,-6.8099,-1.7489,0.0976,-0.397,0.0552,-0.0182,-8.5588,-0.2994,0.0371,-6.6571,-2.164,-8.8211,Kris Joseph
203129,2012-2014,498.0,501.0,-4.478,-1.7374,0.3996,0.3494,0.1106,-0.0604,-6.2154,0.749,0.0503,-3.9678,-1.4483,-5.4161,Tornike Shengelia
203130,2012-2014,51.0,49.0,-8.9062,-2.0079,0.1628,-0.2464,-0.0718,0.1432,-10.9141,-0.0836,0.0714,-8.8151,-2.1111,-10.9263,Darius Johnson-Odom
203133,2012-2014,1321.0,1317.0,-1.2494,-0.3573,0.3833,0.0404,0.2427,0.2762,-1.6067,0.4236,0.5189,-0.6235,-0.0407,-0.6642,Robbie Hummel
203135,2012-2014,2680.0,2705.0,-3.6801,0.3727,0.7248,0.1736,-0.0904,-0.6012,-3.3074,0.8984,-0.6916,-3.0457,-0.055,-3.1006,Robert Sacre
203136,2012-2014,198.0,201.0,-5.2514,-1.0101,-0.0231,0.533,-0.0114,-0.3261,-6.2615,0.5099,-0.3375,-5.2858,-0.8032,-6.0891,Ognjen Kuzmic
203138,2012-2014,3580.0,3582.0,-1.229,-0.4815,0.0974,0.2746,-0.0959,-1.8233,-1.7104,0.372,-1.9192,-1.2275,-2.0302,-3.2577,Hollis Thompson
203139,2012-2014,570.0,568.0,-2.9366,-2.3534,0.4893,0.6671,-0.1502,-0.4794,-5.29,1.1563,-0.6295,-2.5975,-2.1657,-4.7632,Viacheslav Kravtsov
203141,2012-2014,3654.0,3667.0,0.9887,-1.4444,0.6228,0.0842,-0.1559,-0.4422,-0.4557,0.707,-0.5981,1.4556,-1.8025,-0.3468,Mirza Teletovic
203142,2012-2014,2110.0,2134.0,1.154,-2.9396,-0.0507,0.4886,0.2322,-0.5767,-1.7857,0.4379,-0.3446,1.3354,-3.0278,-1.6924,Chris Copeland
203143,2012-2014,4725.0,4706.0,2.3265,1.3169,-0.3408,0.2167,0.1037,0.2118,3.6434,-0.1241,0.3155,2.0893,1.7454,3.8347,Pablo Prigioni
203144,2012-2014,4847.0,4851.0,-0.0737,-1.4272,-0.2338,-0.0408,0.1977,0.9298,-1.5008,-0.2746,1.1275,-0.1098,-0.5382,-0.648,Alexey Shved
203145,2012-2014,2502.0,2513.0,-1.5771,-0.8309,-0.3303,0.0999,-0.3313,0.5003,-2.408,-0.2304,0.1689,-2.2388,-0.2308,-2.4695,Kent Bazemore
203146,2012-2014,410.0,411.0,-2.7778,-2.5371,-0.7181,0.1323,-0.0156,-0.6349,-5.3149,-0.5858,-0.6505,-3.5115,-3.0397,-6.5513,Maalik Wayns
203147,2012-2014,6.0,7.0,-4.6024,-1.3918,0.4751,-0.406,-0.0016,-0.1136,-5.9942,0.0691,-0.1152,-4.1289,-1.9114,-6.0403,Chris Smith
203148,2012-2014,5669.0,5635.0,1.0949,-1.5179,-0.6774,-0.2977,-0.5555,-0.4963,-0.423,-0.9752,-1.0518,-0.138,-2.3119,-2.45,Brian Roberts
203156,2012-2014,1744.0,1758.0,-0.452,-0.2715,0.2222,0.7125,-0.3647,-0.1692,-0.7235,0.9347,-0.5339,-0.5944,0.2718,-0.3226,Henry Sims
203158,2012-2014,639.0,631.0,-3.5098,-1.5485,0.6205,0.1896,0.2035,0.3286,-5.0583,0.8101,0.5321,-2.6857,-1.0303,-3.716,Kevin Jones
203159,2012-2014,47.0,48.0,-5.5789,-1.6855,0.7155,-0.4382,-0.064,0.0521,-7.2644,0.2773,-0.0119,-4.9273,-2.0716,-6.9989,Scott Machado
203162,2012-2014,408.0,398.0,-2.3064,-0.8421,-0.4032,0.6575,-0.1966,0.0626,-3.1484,0.2543,-0.134,-2.9061,-0.122,-3.0281,Ben Hansbrough
203183,2012-2014,18.0,17.0,-2.1027,-1.4918,0.6097,0.1746,0.0063,-0.0692,-3.5945,0.7843,-0.0629,-1.4867,-1.3864,-2.8731,Tony Mitchell
203187,2012-2014,1751.0,1745.0,0.2183,-0.8066,-0.1957,0.0655,0.1809,-0.1316,-0.5883,-0.1302,0.0493,0.2034,-0.8727,-0.6693,Chris Johnson
203197,2012-2014,2275.0,2276.0,-2.3881,-0.5731,-0.5625,0.0426,-0.1585,-0.2007,-2.9613,-0.5198,-0.3592,-3.1091,-0.7312,-3.8402,Diante Garrett
203199,2012-2014,1557.0,1564.0,-3.9653,0.023,-0.5175,-0.3139,0.2319,-1.5528,-3.9424,-0.8314,-1.3209,-4.251,-1.8437,-6.0947,DeQuan Jones
203200,2012-2014,276.0,280.0,-3.4828,-0.2088,-0.1847,0.1218,0.1152,0.1247,-3.6916,-0.0629,0.2399,-3.5524,0.0377,-3.5147,Justin Holiday
203203,2012-2014,11.0,11.0,-8.605,-2.4068,0.9623,0.0434,-0.0208,-0.0322,-11.0118,1.0056,-0.053,-7.6635,-2.3957,-10.0591,Chris Wright
203263,2012-2014,330.0,336.0,-3.0925,-0.5575,-0.6253,-0.0511,-0.1561,0.0939,-3.6499,-0.6765,-0.0621,-3.8739,-0.5146,-4.3885,James Nunnally
203268,2012-2014,469.0,471.0,-2.0308,-0.1706,-0.5556,0.6649,-0.0637,-0.3685,-2.2015,0.1093,-0.4322,-2.6501,0.1257,-2.5244,Jorge Gutierrez
203315,2012-2014,753.0,756.0,-2.7469,-1.5825,0.121,0.1869,0.1141,0.427,-4.3294,0.3079,0.5411,-2.5118,-0.9686,-3.4804,Toure' Murry
203317,2012-2014,24.0,22.0,-8.7149,-2.0942,0.6334,-0.0901,-0.0128,0.0354,-10.809,0.5434,0.0225,-8.0943,-2.1489,-10.2432,Tim Ohlbrecht
203318,2012-2014,218.0,214.0,-3.1168,-0.5438,-0.1923,0.0155,-0.1017,0.4744,-3.6606,-0.1769,0.3727,-3.4109,-0.0539,-3.4648,Glen Rice
203382,2012-2014,1279.0,1277.0,-4.3881,-2.0277,0.6879,0.3324,0.1258,0.8746,-6.4158,1.0203,1.0005,-3.5744,-0.8207,-4.395,Aron Baynes
203458,2012-2014,743.0,740.0,-5.7281,-0.5132,0.0412,-0.1639,0.0169,-0.2733,-6.2413,-0.1227,-0.2565,-5.6701,-0.9504,-6.6204,Alex Len
203459,2012-2014,207.0,205.0,-2.8365,-1.7101,0.1742,0.5612,0.1144,-0.1021,-4.5465,0.7354,0.0122,-2.548,-1.251,-3.799,Allen Crabbe
203460,2012-2014,797.0,803.0,-3.0725,1.238,0.9086,0.6503,0.1227,-0.093,-1.8345,1.559,0.0297,-2.0411,1.7953,-0.2458,Andre Roberson
203461,2012-2014,1321.0,1331.0,-4.8418,-1.4962,-0.3582,-0.646,-0.0461,-0.302,-6.338,-1.0042,-0.3481,-5.2461,-2.4442,-7.6903,Anthony Bennett
203462,2012-2014,1084.0,1085.0,-2.9737,-0.5274,-0.2706,-0.6068,-0.1936,-0.315,-3.5011,-0.8774,-0.5085,-3.4378,-1.4492,-4.887,Archie Goodwin
203463,2012-2014,4319.0,4318.0,-2.3077,-1.9624,-0.3691,-0.0636,0.2452,-0.1038,-4.2701,-0.4328,0.1414,-2.4316,-2.1298,-4.5615,Ben McLemore
203467,2012-2014,82.0,83.0,-1.0481,-1.2096,-0.0846,0.3348,0.0495,-0.0535,-2.2578,0.2502,-0.004,-1.0832,-0.9283,-2.0115,Carrick Felix
203468,2012-2014,961.0,960.0,-2.1354,-2.5192,0.4433,0.4195,0.1376,0.4282,-4.6546,0.8628,0.5658,-1.5545,-1.6714,-3.226,CJ McCollum
203469,2012-2014,2807.0,2837.0,-2.4912,0.2454,-0.2942,0.1587,-0.1601,0.8609,-2.2458,-0.1356,0.7008,-2.9456,1.265,-1.6806,Cody Zeller
203471,2012-2014,1259.0,1261.0,-3.5402,-1.9045,-0.0181,-0.1642,-0.252,-1.3236,-5.4447,-0.1823,-1.5756,-3.8103,-3.3923,-7.2025,Dennis Schröder
203473,2012-2014,758.0,762.0,-4.4941,1.9386,-0.0995,-0.5693,-0.0413,-0.3639,-2.5555,-0.6688,-0.4052,-4.635,1.0054,-3.6296,Dewayne Dedmon
203474,2012-2014,26.0,25.0,-4.3326,-0.7426,-0.0799,-0.9135,-0.0301,0.0605,-5.0752,-0.9934,0.0304,-4.4426,-1.5956,-6.0382,DJ Stephens
203476,2012-2014,1646.0,1649.0,-2.0209,2.5486,-0.9358,-0.8264,-0.1168,-0.3454,0.5278,-1.7622,-0.4622,-3.0735,1.3768,-1.6966,Gorgui Dieng
203477,2012-2014,532.0,540.0,-0.7716,-2.1322,-0.8686,0.7808,0.0611,-0.5964,-2.9038,-0.0878,-0.5354,-1.5792,-1.9478,-3.527,Isaiah Canaan
203479,2012-2014,313.0,314.0,-4.7669,-0.9302,0.2946,-0.0453,0.0448,0.0454,-5.6971,0.2493,0.0902,-4.4274,-0.9301,-5.3576,Jamaal Franklin
203480,2012-2014,59.0,60.0,-4.9924,-0.2545,-0.0768,-1.1182,0.0191,0.0797,-5.2469,-1.195,0.0988,-5.05,-1.293,-6.3431,James Southerland
203481,2012-2014,1336.0,1348.0,-1.6896,2.6624,0.1824,-0.3701,0.3015,-0.138,0.9728,-0.1878,0.1635,-1.2057,2.1543,0.9485,Jeff Withey
203482,2012-2014,2792.0,2769.0,-0.6102,-1.1165,-0.1691,0.1465,0.1431,-0.9463,-1.7266,-0.0225,-0.8032,-0.6361,-1.9162,-2.5524,Kelly Olynyk
203484,2012-2014,3163.0,3163.0,-1.1432,0.225,0.037,-0.351,0.0354,0.6184,-0.9182,-0.314,0.6538,-1.0708,0.4923,-0.5784,Kentavious Caldwell-Pope
203485,2012-2014,476.0,478.0,-1.5777,-0.2735,0.0151,0.0696,-0.1493,0.3409,-1.8512,0.0847,0.1917,-1.7119,0.137,-1.5749,Lorenzo Brown
203486,2012-2014,2442.0,2445.0,0.0981,2.0416,-0.9087,-0.1297,-0.0699,-1.3144,2.1397,-1.0384,-1.3843,-0.8805,0.5975,-0.283,Mason Plumlee
203487,2012-2014,4989.0,4967.0,0.1391,0.1424,0.1703,0.0294,-0.3237,-1.5807,0.2815,0.1997,-1.9044,-0.0143,-1.4089,-1.4231,Michael Carter-Williams
203488,2012-2014,431.0,437.0,-3.7696,0.2306,0.7253,0.1991,-0.1411,-0.8098,-3.539,0.9245,-0.9509,-3.1854,-0.3801,-3.5654,Mike Muscala
203489,2012-2014,2520.0,2515.0,-0.4404,-0.4909,0.0424,0.2487,-0.2245,0.7799,-0.9312,0.2911,0.5554,-0.6224,0.5377,-0.0847,Nate Wolters
203490,2012-2014,623.0,623.0,-4.0648,-1.5631,0.3162,-0.194,-0.1093,0.2328,-5.628,0.1222,0.1234,-3.8579,-1.5244,-5.3823,Otto Porter Jr.
203491,2012-2014,418.0,418.0,-2.0964,-1.2891,-0.2304,0.4028,0.0252,-0.514,-3.3855,0.1724,-0.4887,-2.3016,-1.4002,-3.7018,Peyton Siva
203492,2012-2014,1746.0,1744.0,-2.0917,-1.6441,0.0329,-0.136,0.3682,-0.2913,-3.7358,-0.1031,0.0769,-1.6906,-2.0714,-3.762,Ray McCallum
203493,2012-2014,809.0,826.0,-2.1615,-1.4177,0.1528,0.1703,-0.1835,0.946,-3.5791,0.3231,0.7624,-2.1922,-0.3013,-2.4935,Reggie Bullock Jr.
203495,2012-2014,67.0,69.0,-2.4657,-2.2717,0.0217,-0.2135,0.0292,0.0835,-4.7374,-0.1918,0.1128,-2.4148,-2.4017,-4.8164,Ricky Ledo
203496,2012-2014,67.0,68.0,-1.7262,-2.1157,-1.5421,-0.3421,0.045,0.145,-3.8419,-1.8842,0.19,-3.2233,-2.3128,-5.5361,Robert Covington
203497,2012-2014,854.0,855.0,-4.729,2.4918,1.0053,-0.5518,-0.1974,0.3793,-2.2372,0.4535,0.182,-3.9211,2.3194,-1.6017,Rudy Gobert
203498,2012-2014,581.0,577.0,-2.2551,-2.7847,-0.6557,-0.6593,-0.0065,-0.5763,-5.0398,-1.315,-0.5828,-2.9173,-4.0203,-6.9376,Shabazz Muhammad
203499,2012-2014,967.0,974.0,-2.0415,-0.8754,0.1821,0.0109,0.0823,0.1758,-2.9169,0.193,0.2581,-1.777,-0.6887,-2.4657,Shane Larkin
203500,2012-2014,2360.0,2382.0,-3.1376,0.9407,0.1995,-0.0477,0.1837,-1.1095,-2.1969,0.1518,-0.9257,-2.7544,-0.2165,-2.9709,Steven Adams
203501,2012-2014,3641.0,3636.0,0.9101,-2.2265,0.0298,-0.0906,-0.4751,-1.2559,-1.3164,-0.0608,-1.731,0.4647,-3.573,-3.1082,Tim Hardaway Jr.
203502,2012-2014,158.0,156.0,-0.838,-0.2674,0.6256,0.3284,-0.0197,0.0291,-1.1054,0.9541,0.0095,-0.232,0.0902,-0.1419,Tony Mitchell
203503,2012-2014,2316.0,2321.0,-1.4593,-0.8863,0.2687,0.0591,-0.5286,-0.5265,-2.3456,0.3278,-1.0551,-1.7192,-1.3536,-3.0729,Tony Snell
203504,2012-2014,4322.0,4312.0,0.7979,-2.376,-0.1279,-0.0483,0.3958,-0.8205,-1.578,-0.1762,-0.4247,1.0659,-3.2448,-2.1789,Trey Burke
203505,2012-2014,30.0,29.0,-4.7408,-1.3207,0.0207,0.1421,0.0144,0.0445,-6.0615,0.1628,0.059,-4.7056,-1.1341,-5.8397,Vander Blue
203506,2012-2014,4914.0,4917.0,-0.6229,0.2182,-0.3618,0.0731,-0.1449,0.8578,-0.4047,-0.2887,0.7129,-1.1296,1.1491,0.0195,Victor Oladipo
203507,2012-2014,3673.0,3661.0,-2.0732,0.8934,0.1469,0.2549,0.3812,-1.9046,-1.1798,0.4018,-1.5234,-1.5451,-0.7563,-2.3014,Giannis Antetokounmpo
203508,2012-2014,316.0,322.0,-4.1885,-0.8183,-0.3537,0.1058,-0.1727,-0.1691,-5.0068,-0.2479,-0.3419,-4.7149,-0.8816,-5.5965,Sergey Karasev
203513,2012-2014,127.0,126.0,-5.6328,-0.1171,0.1617,0.1875,-0.1656,-0.2941,-5.7499,0.3493,-0.4597,-5.6366,-0.2237,-5.8603,Erik Murphy
203515,2012-2014,2201.0,2202.0,-0.3429,0.9248,-0.0616,0.1919,0.0806,-0.6591,0.5819,0.1303,-0.5785,-0.3239,0.4576,0.1337,Phil Pressey
203517,2012-2014,296.0,301.0,-5.1737,-2.2508,-0.1973,0.3813,-0.072,-0.2157,-7.4245,0.1839,-0.2877,-5.4431,-2.0852,-7.5283,Nemanja Nedovic
203519,2012-2014,74.0,74.0,-3.2287,-1.5716,0.4401,0.1717,0.047,0.0608,-4.8003,0.6117,0.1078,-2.7416,-1.3392,-4.0808,Adonis Thomas
203521,2012-2014,2485.0,2503.0,0.4483,-0.9638,0.1452,0.6875,0.3354,1.0695,-0.5155,0.8326,1.4049,0.9289,0.7932,1.7221,Matthew Dellavedova
203524,2012-2014,426.0,431.0,-2.321,0.0709,0.5121,-0.0736,0.1988,-0.0132,-2.2501,0.4385,0.1856,-1.6101,-0.0159,-1.626,Solomon Hill
203527,2012-2014,2734.0,2737.0,-0.2814,0.8709,0.0334,0.156,0.549,-0.7809,0.5895,0.1894,-0.232,0.3011,0.246,0.547,Ryan Kelly
203539,2012-2014,594.0,590.0,-3.0435,-2.3276,-0.0004,0.1808,0.035,-0.2644,-5.3711,0.1803,-0.2295,-3.0089,-2.4113,-5.4202,Gal Mekel
203540,2012-2014,473.0,479.0,-2.5145,-1.4631,0.3323,0.1641,0.0548,0.3168,-3.9776,0.4963,0.3716,-2.1274,-0.9823,-3.1097,Gigi Datome
203543,2012-2014,935.0,942.0,-3.5094,0.5717,0.0051,-0.1759,-0.293,-0.0976,-2.9377,-0.1708,-0.3905,-3.7973,0.2981,-3.4991,Vitor Faverani
203544,2012-2014,1845.0,1804.0,-0.1828,-0.9392,0.2351,0.1482,-0.203,1.0795,-1.1221,0.3833,0.8765,-0.1507,0.2885,0.1378,Pero Antic
203545,2012-2014,900.0,907.0,-1.0006,-1.1879,0.3601,0.6702,-0.1762,-0.3442,-2.1884,1.0303,-0.5204,-0.8167,-0.8619,-1.6785,Miroslav Raduljica
203546,2012-2014,340.0,333.0,-2.064,-1.5159,0.0826,0.7338,-0.0619,0.2203,-3.5798,0.8164,0.1584,-2.0433,-0.5618,-2.6051,Ian Clark
203548,2012-2014,24.0,25.0,-4.1652,-1.4264,0.7822,0.2706,0.0199,-0.1913,-5.5916,1.0528,-0.1713,-3.3631,-1.3471,-4.7102,Elias Harris
203552,2012-2014,27.0,28.0,-4.611,-1.1755,0.0351,-0.2206,-0.0177,0.004,-5.7865,-0.1855,-0.0137,-4.5935,-1.3922,-5.9857,Seth Curry
203561,2012-2014,1179.0,1183.0,-4.0549,-0.3042,1.1852,0.7314,0.0449,0.3927,-4.3592,1.9166,0.4375,-2.8248,0.8198,-2.005,Brandon Davies
203569,2012-2014,262.0,255.0,-2.8941,-0.5423,-0.4508,-0.1033,-0.0378,0.0496,-3.4363,-0.5542,0.0118,-3.3827,-0.596,-3.9787,Chris Babb
203584,2012-2014,146.0,143.0,1.5159,-3.2258,-0.768,1.3839,0.157,-0.2073,-1.7099,0.6159,-0.0503,0.9049,-2.0493,-1.1443,Troy Daniels
203810,2012-2014,240.0,243.0,-0.336,-0.5127,-0.6457,0.3244,0.0619,0.2123,-0.8487,-0.3213,0.2742,-0.9198,0.024,-0.8958,Casper Ware
203816,2012-2014,14.0,16.0,-4.9833,-1.7898,0.0629,0.2091,-0.0074,0.0133,-6.7731,0.2719,0.0059,-4.9278,-1.5675,-6.4953,Scotty Hopson
708,2015-2017,2887.0,2917.0,-3.0147,4.257,0.0436,0.3845,0.0471,1.3132,1.2423,0.4281,1.3603,-2.924,5.9547,3.0307,Kevin Garnett
977,2015-2017,6171.0,6178.0,0.8066,-3.091,0.4501,-0.1347,-0.1065,-1.4401,-2.2844,0.3155,-1.5466,1.1502,-4.6657,-3.5155,Kobe Bryant
1495,2015-2017,7318.0,7306.0,-0.4624,3.5306,-0.1826,0.8118,-0.1253,0.6237,3.0682,0.6292,0.4984,-0.7704,4.9662,4.1958,Tim Duncan
1713,2015-2017,7627.0,7604.0,-0.4993,0.3576,-0.1495,0.1659,0.4712,-0.0636,-0.1417,0.0163,0.4076,-0.1776,0.4598,0.2822,Vince Carter
1717,2015-2017,11918.0,11876.0,0.685,0.2131,0.1855,-0.3852,0.3196,-0.0287,0.8981,-0.1997,0.2908,1.1901,-0.2008,0.9893,Dirk Nowitzki
1718,2015-2017,6748.0,6710.0,-0.7428,-0.6564,-0.5166,-0.0134,-0.2515,0.8869,-1.3991,-0.53,0.6354,-1.5109,0.2171,-1.2937,Paul Pierce
1737,2015-2017,290.0,290.0,-5.1459,0.502,-0.3304,-0.496,0.0342,0.1588,-4.6439,-0.8264,0.193,-5.4421,0.1647,-5.2774,Nazr Mohammed
1882,2015-2017,1417.0,1424.0,-4.9552,2.3764,0.2739,0.0195,-0.031,0.2876,-2.5788,0.2934,0.2566,-4.7123,2.6835,-2.0288,Elton Brand
1889,2015-2017,3244.0,3252.0,0.0466,-0.8309,0.4496,-0.1262,0.7573,-0.9237,-0.7843,0.3234,-0.1664,1.2535,-1.8808,-0.6273,Andre Miller
1890,2015-2017,2110.0,2135.0,-2.2139,0.0789,0.4123,-0.2938,-0.0904,-0.0144,-2.1349,0.1184,-0.1048,-1.8921,-0.2293,-2.1213,Shawn Marion
1891,2015-2017,8557.0,8547.0,0.1335,-0.0288,-0.0084,0.1214,-0.1162,0.5537,0.1047,0.113,0.4374,0.0089,0.6463,0.6552,Jason Terry
1897,2015-2017,1479.0,1482.0,-2.8526,-0.2795,-0.0146,0.023,-0.2477,0.1508,-3.1321,0.0084,-0.0969,-3.1149,-0.1057,-3.2207,Metta World Peace
1905,2015-2017,72.0,73.0,-7.5204,-1.9903,0.9214,0.1037,-0.0041,-0.3115,-9.5106,1.0251,-0.3156,-6.603,-2.1981,-8.8011,Andrei Kirilenko
1938,2015-2017,8181.0,8178.0,1.5762,0.5787,-0.3427,0.1996,0.1078,1.7318,2.1549,-0.1432,1.8395,1.3413,2.51,3.8513,Manu Ginobili
2030,2015-2017,215.0,214.0,-5.1581,1.7005,0.4088,-0.0782,0.0598,0.1445,-3.4577,0.3306,0.2042,-4.6896,1.7667,-2.9228,Kenyon Martin
2034,2015-2017,2427.0,2423.0,-3.361,0.0729,0.9387,0.0515,-0.676,-1.1847,-3.2881,0.9902,-1.8607,-3.0983,-1.0603,-4.1586,Mike Miller
2037,2015-2017,12002.0,11934.0,1.0215,-2.6792,-1.0013,-0.7384,-0.2181,-0.1719,-1.6577,-1.7397,-0.3901,-0.1979,-3.5895,-3.7874,Jamal Crawford
2045,2015-2017,1382.0,1375.0,-1.0507,0.2219,-0.4411,0.1189,0.2258,-0.1437,-0.8288,-0.3222,0.082,-1.2661,0.1971,-1.069,Hedo Turkoglu
2199,2015-2017,10476.0,10498.0,0.1536,2.2633,-0.5541,0.2771,-0.0787,0.2106,2.4168,-0.277,0.1318,-0.4793,2.7509,2.2716,Tyson Chandler
2200,2015-2017,12992.0,12988.0,0.0047,2.0669,-0.2824,0.4463,0.0025,-1.191,2.0716,0.1638,-1.1885,-0.2752,1.3222,1.047,Pau Gasol
2202,2015-2017,660.0,663.0,0.9261,-0.804,0.0874,0.2164,-0.1405,0.246,0.1221,0.3038,0.1056,0.8731,-0.3416,0.5315,Jason Richardson
2207,2015-2017,14187.0,14172.0,-0.0279,-1.7439,0.5511,0.1958,0.9514,0.6247,-1.7718,0.7469,1.5761,1.4747,-0.9234,0.5513,Joe Johnson
2210,2015-2017,8336.0,8324.0,-1.6585,-1.1087,0.1903,0.254,0.0223,0.8639,-2.7672,0.4444,0.8861,-1.4459,0.0093,-1.4367,Richard Jefferson
2216,2015-2017,11657.0,11686.0,0.145,-1.0366,0.6959,0.0276,0.1094,0.4303,-0.8916,0.7235,0.5398,0.9503,-0.5786,0.3716,Zach Randolph
2217,2015-2017,238.0,238.0,-6.5857,1.1337,0.1159,-0.7523,-0.1075,-0.1259,-5.452,-0.6364,-0.2334,-6.5773,0.2555,-6.3217,Brendan Haywood
2222,2015-2017,568.0,566.0,-4.1859,0.3572,1.099,0.1875,0.2318,-0.1507,-3.8288,1.2865,0.0811,-2.8552,0.394,-2.4612,Gerald Wallace
2223,2015-2017,1002.0,1032.0,-5.3067,3.2006,-0.3315,-0.2855,-0.2637,-0.4167,-2.1061,-0.617,-0.6804,-5.9019,2.4984,-3.4035,Samuel Dalembert
2225,2015-2017,10631.0,10627.0,0.2594,-2.4791,-0.1807,-0.4197,-0.0683,-0.6018,-2.2197,-0.6003,-0.6702,0.0104,-3.5007,-3.4902,Tony Parker
2365,2015-2017,3140.0,3146.0,-1.2012,2.999,0.2811,-0.2923,-0.0006,-0.8444,1.7979,-0.0113,-0.845,-0.9207,1.8623,0.9416,Chris Andersen
2399,2015-2017,6590.0,6569.0,-0.9071,-0.6063,0.0813,-0.086,0.0109,0.0913,-1.5134,-0.0047,0.1022,-0.8148,-0.6011,-1.4159,Mike Dunleavy
2400,2015-2017,2276.0,2278.0,-2.708,0.0854,0.6366,-0.1692,-0.053,-0.2432,-2.6226,0.4674,-0.2962,-2.1244,-0.3271,-2.4514,Drew Gooden
2403,2015-2017,8148.0,8122.0,-1.2224,0.4213,-0.2712,0.4811,-0.0943,2.5379,-0.8011,0.2099,2.4435,-1.588,3.4403,1.8523,Nene
2405,2015-2017,3850.0,3834.0,-1.0275,0.7873,-0.544,-0.4201,0.2121,-0.3742,-0.2402,-0.9641,-0.1621,-1.3594,-0.0071,-1.3665,Amar'e Stoudemire
2406,2015-2017,3489.0,3490.0,-1.4642,-0.5395,0.2765,0.0303,-0.323,-0.1425,-2.0037,0.3068,-0.4655,-1.5107,-0.6517,-2.1624,Caron Butler
2419,2015-2017,5468.0,5492.0,-2.4751,-0.8599,-0.0012,-0.0118,-0.1839,0.356,-3.3351,-0.013,0.1721,-2.6603,-0.5157,-3.176,Tayshaun Prince
2422,2015-2017,515.0,519.0,-3.9691,-0.6515,0.6678,0.5917,-0.0933,-0.3071,-4.6206,1.2595,-0.4004,-3.3946,-0.3669,-3.7615,John Salmons
2430,2015-2017,3349.0,3354.0,-2.533,-0.9182,-0.8971,-0.5513,0.4627,-1.0437,-3.4512,-1.4483,-0.5809,-2.9673,-2.5131,-5.4804,Carlos Boozer
2440,2015-2017,12310.0,12260.0,-1.1404,0.6519,0.4858,0.0082,-0.1327,-1.5513,-0.4885,0.4939,-1.684,-0.7874,-0.8912,-1.6786,Matt Barnes
2446,2015-2017,3776.0,3777.0,-1.0311,-0.4484,-0.0614,-0.3734,0.161,0.6923,-1.4795,-0.4348,0.8533,-0.9315,-0.1295,-1.061,Rasual Butler
2449,2015-2017,7384.0,7382.0,-1.6142,0.0837,-0.271,-0.2705,0.2196,0.2625,-1.5305,-0.5415,0.482,-1.6656,0.0757,-1.5899,Luis Scola
2457,2015-2017,142.0,142.0,0.0205,-2.0254,-0.9013,0.5956,-0.0129,-0.0444,-2.0049,-0.3057,-0.0573,-0.8937,-1.4742,-2.3679,Jannero Pargo
2501,2015-2017,1456.0,1474.0,-2.5408,1.0835,0.1332,-0.1557,0.1624,-0.2842,-1.4573,-0.0225,-0.1218,-2.2452,0.6435,-1.6017,Reggie Evans
2544,2015-2017,15658.0,15671.0,5.9918,-0.0793,1.3143,0.7424,0.5778,1.483,5.9125,2.0567,2.0608,7.8839,2.146,10.03,LeBron James
2546,2015-2017,12706.0,12679.0,1.658,-1.5734,1.2437,0.2807,0.77,-1.6346,0.0845,1.5244,-0.8646,3.6717,-2.9273,0.7444,Carmelo Anthony
2547,2015-2017,6342.0,6343.0,1.5819,-0.5135,-0.4928,0.5842,-0.6301,0.9802,1.0684,0.0914,0.3501,0.4589,1.0509,1.5098,Chris Bosh
2548,2015-2017,11713.0,11704.0,1.1003,-2.0898,0.0579,0.1166,-0.5668,-0.3002,-0.9894,0.1746,-0.8671,0.5914,-2.2734,-1.6819,Dwyane Wade
2549,2015-2017,2936.0,2941.0,-2.5604,-0.1965,-0.8749,0.0334,-0.165,-0.0986,-2.7569,-0.8415,-0.2637,-3.6003,-0.2618,-3.862,Chris Kaman
2550,2015-2017,4383.0,4392.0,-3.0263,-1.2966,0.2982,0.5749,0.2022,0.4927,-4.3229,0.873,0.6949,-2.526,-0.229,-2.755,Kirk Hinrich
2555,2015-2017,3844.0,3844.0,-3.1854,0.5483,0.7833,0.5546,-0.1236,1.708,-2.6372,1.3379,1.5844,-2.5257,2.8109,0.2851,Nick Collison
2557,2015-2017,1353.0,1359.0,-1.87,-0.7604,0.2551,-0.0814,-0.3596,-0.8304,-2.6305,0.1737,-1.19,-1.9746,-1.6722,-3.6467,Luke Ridnour
2561,2015-2017,8140.0,8114.0,-1.3093,1.801,-0.0709,0.3888,0.1304,0.8115,0.4917,0.3179,0.9419,-1.2498,3.0013,1.7515,David West
2563,2015-2017,350.0,361.0,-5.51,-1.3193,0.0469,0.6443,0.0482,-0.6939,-6.8293,0.6911,-0.6456,-5.415,-1.3689,-6.7838,Dahntay Jones
2564,2015-2017,9066.0,9080.0,-1.1736,-1.6924,0.4699,0.4606,-0.0156,1.6771,-2.866,0.9305,1.6615,-0.7193,0.4453,-0.274,Boris Diaw
2570,2015-2017,3372.0,3389.0,-6.4086,-0.5305,0.212,-0.1028,0.3286,0.1193,-6.9392,0.1092,0.4479,-5.868,-0.514,-6.382,Kendrick Perkins
2571,2015-2017,6214.0,6253.0,-0.6184,-0.9029,0.5825,0.0034,0.1145,-0.5237,-1.5213,0.5858,-0.4092,0.0786,-1.4232,-1.3446,Leandro Barbosa
2581,2015-2017,4996.0,4977.0,-0.4502,-1.2387,-0.1399,0.2256,0.0489,0.4558,-1.6889,0.0857,0.5047,-0.5411,-0.5574,-1.0985,Steve Blake
2584,2015-2017,1866.0,1871.0,-2.8896,-2.2524,-0.1417,0.3104,-0.51,0.74,-5.142,0.1687,0.23,-3.5413,-1.202,-4.7432,Willie Green
2585,2015-2017,9854.0,9858.0,-0.1788,1.8009,-0.2506,0.1175,-0.1853,1.5912,1.6221,-0.1331,1.4059,-0.6147,3.5096,2.8949,Zaza Pachulia
2588,2015-2017,2217.0,2215.0,-0.6521,-0.8556,0.35,0.2617,0.1594,-0.698,-1.5078,0.6117,-0.5386,-0.1427,-1.2919,-1.4346,Matt Bonner
2590,2015-2017,5377.0,5353.0,0.6995,-2.5734,-0.7828,-0.3014,-0.4168,0.5499,-1.8738,-1.0842,0.1331,-0.5,-2.3249,-2.8249,Mo Williams
2592,2015-2017,2984.0,2978.0,-0.099,-0.6148,-0.6443,0.2255,-0.5333,-1.7287,-0.7138,-0.4188,-2.262,-1.2766,-2.1181,-3.3946,James Jones
2594,2015-2017,13197.0,13109.0,0.3566,-0.0895,-0.3265,-0.0728,0.1114,-0.5635,0.2671,-0.3993,-0.452,0.1415,-0.7258,-0.5843,Kyle Korver
2617,2015-2017,2652.0,2675.0,-3.9027,0.4128,0.2609,-0.3775,-0.3581,-0.6084,-3.4899,-0.1166,-0.9665,-3.9999,-0.5731,-4.573,Udonis Haslem
2730,2015-2017,11377.0,11354.0,0.1145,1.3978,-1.2884,-0.0017,-0.4064,0.2877,1.5123,-1.2901,-0.1187,-1.5803,1.6838,0.1035,Dwight Howard
2732,2015-2017,1546.0,1558.0,-1.9574,-3.6086,-0.0166,-0.2549,-0.3281,-0.3934,-5.566,-0.2715,-0.7215,-2.3021,-4.2568,-6.5589,Ben Gordon
2733,2015-2017,8666.0,8721.0,-1.2129,0.0169,0.204,-0.0519,-0.1512,0.4085,-1.196,0.1521,0.2573,-1.1601,0.3735,-0.7866,Shaun Livingston
2734,2015-2017,8119.0,8133.0,1.0227,0.3235,-0.4802,0.0858,-0.1589,0.3155,1.3462,-0.3943,0.1566,0.3836,0.7249,1.1084,Devin Harris
2736,2015-2017,12361.0,12360.0,0.2866,-0.3839,0.5861,0.2055,0.1746,1.0397,-0.0973,0.7916,1.2143,1.0473,0.8613,1.9086,Luol Deng
2738,2015-2017,11992.0,12044.0,0.8264,1.2637,0.3547,0.3684,-0.1491,0.5793,2.0901,0.723,0.4302,1.032,2.2113,3.2433,Andre Iguodala
2742,2015-2017,619.0,617.0,-0.2611,-2.0836,-0.4174,0.2244,-0.1827,0.4051,-2.3447,-0.193,0.2224,-0.8612,-1.4541,-2.3153,Sebastian Telfair
2743,2015-2017,5680.0,5690.0,-1.5878,0.7261,-0.5398,-0.2674,-0.494,-0.0712,-0.8617,-0.8072,-0.5651,-2.6216,0.3875,-2.234,Kris Humphries
2744,2015-2017,7851.0,7853.0,-2.0317,0.9668,-1.3844,-0.2209,-0.3,0.395,-1.0649,-1.6053,0.095,-3.7162,1.1409,-2.5752,Al Jefferson
2746,2015-2017,6474.0,6500.0,-2.5502,0.2108,-0.5611,0.2381,-0.2966,1.0755,-2.3395,-0.323,0.7789,-3.408,1.5244,-1.8836,Josh Smith
2747,2015-2017,11008.0,11008.0,0.4851,-0.3309,-0.3045,0.2989,-0.0598,-0.9673,0.1542,-0.0056,-1.0271,0.1208,-0.9993,-0.8785,JR Smith
2748,2015-2017,1192.0,1172.0,-0.6016,1.2659,-0.079,-0.1138,0.1672,0.3436,0.6643,-0.1927,0.5108,-0.5134,1.4957,0.9823,Dorell Wright
2749,2015-2017,8947.0,8937.0,-0.05,-1.2583,0.0706,0.0077,0.0103,-0.7238,-1.3083,0.0784,-0.7135,0.031,-1.9744,-1.9435,Jameer Nelson
2754,2015-2017,9937.0,9951.0,-1.1374,2.2431,1.0078,0.7558,0.3871,1.191,1.1057,1.7636,1.5781,0.2575,4.1899,4.4474,Tony Allen
2755,2015-2017,4781.0,4774.0,-0.0117,-2.7352,-0.4757,-0.18,-0.4101,-0.44,-2.7469,-0.6557,-0.8501,-0.8975,-3.3551,-4.2527,Kevin Martin
2756,2015-2017,2614.0,2623.0,-1.0255,-0.131,-0.3668,0.0766,0.0371,0.4284,-1.1564,-0.2901,0.4655,-1.3551,0.374,-0.9811,Sasha Vujacic
2757,2015-2017,5343.0,5358.0,0.0598,-1.4991,0.6086,-0.0642,-0.0575,1.2941,-1.4392,0.5444,1.2366,0.6109,-0.2691,0.3417,Beno Udrih
2760,2015-2017,2402.0,2392.0,-2.0889,1.1137,0.1702,0.2756,-0.5397,-0.5946,-0.9752,0.4458,-1.1344,-2.4584,0.7947,-1.6637,Anderson Varejao
2772,2015-2017,17397.0,17379.0,1.3327,1.6145,-1.4005,-0.2141,-0.2348,-0.4599,2.9472,-1.6145,-0.6947,-0.3025,0.9405,0.638,Trevor Ariza
2853,2015-2017,284.0,286.0,-6.0017,-1.3791,0.9916,0.7539,-0.1899,0.0922,-7.3808,1.7455,-0.0976,-5.2,-0.5329,-5.7329,Earl Barron
101106,2015-2017,7276.0,7235.0,-3.2043,4.6872,-1.303,0.2452,-0.1706,1.1407,1.4829,-1.0577,0.97,-4.6779,6.0731,1.3952,Andrew Bogut
101107,2015-2017,13130.0,13126.0,0.4667,1.5316,0.2252,-0.277,-0.1276,-0.1859,1.9983,-0.0518,-0.3135,0.5643,1.0687,1.633,Marvin Williams
101108,2015-2017,14239.0,14238.0,7.408,3.2186,0.0866,0.0071,0.2193,0.2727,10.6266,0.0937,0.4921,7.7139,3.4984,11.2123,Chris Paul
101109,2015-2017,8314.0,8331.0,-0.9396,-0.5338,-0.1408,-0.0723,0.0353,-0.2876,-1.4733,-0.2131,-0.2523,-1.0451,-0.8937,-1.9388,Raymond Felton
101110,2015-2017,692.0,700.0,-3.1369,-3.238,-0.4942,0.0302,-0.2066,-0.6533,-6.3749,-0.464,-0.8599,-3.8377,-3.8611,-7.6988,Martell Webster
101111,2015-2017,2743.0,2755.0,0.1449,-0.4741,0.3806,-0.1446,-0.5115,-0.755,-0.3292,0.2361,-1.2665,0.014,-1.3736,-1.3596,Charlie Villanueva
101112,2015-2017,8751.0,8749.0,-0.5367,1.0394,0.3132,-0.3106,-0.0596,-0.9807,0.5027,0.0026,-1.0404,-0.2831,-0.2519,-0.535,Channing Frye
101114,2015-2017,11410.0,11362.0,1.0193,-1.4643,-0.2994,-0.1011,-0.138,0.8144,-0.445,-0.4004,0.6764,0.5819,-0.751,-0.1691,Deron Williams
101122,2015-2017,1139.0,1128.0,-2.4816,-1.3626,-0.2888,-0.2275,-0.0533,-0.7067,-3.8442,-0.5163,-0.76,-2.8237,-2.2967,-5.1205,Danny Granger
101123,2015-2017,7045.0,7048.0,-0.3476,-2.262,0.2075,0.0628,0.0743,0.2818,-2.6096,0.2702,0.3561,-0.0659,-1.9175,-1.9833,Gerald Green
101126,2015-2017,1205.0,1221.0,-0.8977,-2.0852,-0.3639,-0.11,-0.4479,0.0374,-2.9829,-0.4739,-0.4104,-1.7094,-2.1579,-3.8673,Nate Robinson
101127,2015-2017,6478.0,6492.0,-0.1884,-1.2159,-0.9902,-0.3365,-0.6296,-0.5996,-1.4043,-1.3267,-1.2292,-1.8082,-2.152,-3.9602,Jarrett Jack
101128,2015-2017,393.0,392.0,-3.5268,-1.5449,-0.5213,1.0892,-0.0392,0.1155,-5.0716,0.5679,0.0763,-4.0872,-0.3402,-4.4274,Francisco Garcia
101131,2015-2017,1704.0,1726.0,-4.3084,0.5557,0.1169,0.008,-0.1403,0.2531,-3.7527,0.1249,0.1128,-4.3318,0.8168,-3.515,Jason Maxiell
101133,2015-2017,7008.0,7019.0,-2.6367,2.313,-0.4104,0.0097,-0.0828,1.5807,-0.3237,-0.4008,1.4978,-3.13,3.9033,0.7733,Ian Mahinmi
101135,2015-2017,6630.0,6676.0,0.1264,1.0399,-0.5747,0.2181,-0.1732,-0.6346,1.1663,-0.3566,-0.8078,-0.6215,0.6234,0.0019,David Lee
101138,2015-2017,7677.0,7726.0,0.0893,0.0136,-0.8807,0.0931,-0.0016,-0.6671,0.1029,-0.7877,-0.6687,-0.7931,-0.5604,-1.3534,Brandon Bass
101139,2015-2017,10232.0,10190.0,0.9287,-0.6217,-0.3714,-0.32,0.1311,0.6348,0.307,-0.6914,0.7659,0.6883,-0.3068,0.3815,CJ Miles
101141,2015-2017,10744.0,10686.0,0.5407,-0.4967,-0.2665,-0.0016,0.051,0.4915,0.0441,-0.2682,0.5425,0.3252,-0.0068,0.3184,Ersan Ilyasova
101142,2015-2017,42.0,43.0,-6.1537,-2.1058,0.5874,0.8049,-0.0116,-0.0535,-8.2594,1.3923,-0.0651,-5.5779,-1.3544,-6.9323,Ronny Turiaf
101145,2015-2017,15010.0,14983.0,-0.3974,-0.6433,0.5053,-0.1587,0.4032,0.4348,-1.0407,0.3466,0.8379,0.5111,-0.3672,0.1439,Monta Ellis
101150,2015-2017,12016.0,12003.0,4.4024,-1.33,-0.5635,-0.5803,-0.0304,-0.2397,3.0724,-1.1438,-0.27,3.8086,-2.1499,1.6586,Lou Williams
101161,2015-2017,10607.0,10626.0,-0.8784,1.6342,0.3713,0.3518,-0.0772,1.4241,0.7558,0.7231,1.3469,-0.5843,3.4101,2.8258,Amir Johnson
101162,2015-2017,14571.0,14535.0,-0.8917,1.4527,-0.6598,-0.1697,0.1045,0.3805,0.5611,-0.8295,0.485,-1.447,1.6636,0.2165,Marcin Gortat
101179,2015-2017,4692.0,4703.0,-0.775,1.6325,-0.2308,0.2582,-0.0633,-0.2494,0.8575,0.0274,-0.3128,-1.0691,1.6412,0.5721,Ronnie Price
101181,2015-2017,7389.0,7395.0,-0.1299,-0.487,-0.1493,-0.1297,-0.258,-0.7387,-0.6169,-0.2789,-0.9967,-0.5372,-1.3554,-1.8926,Jose Calderon
101183,2015-2017,262.0,263.0,-5.1015,-0.2097,0.3978,0.4329,-0.1394,0.1472,-5.3111,0.8307,0.0078,-4.8431,0.3705,-4.4726,Shavlik Randolph
101187,2015-2017,4418.0,4418.0,-1.4732,-0.9673,0.3854,0.0183,-0.1079,1.7096,-2.4404,0.4038,1.6017,-1.1956,0.7607,-0.435,Alan Anderson
101198,2015-2017,105.0,103.0,-2.3804,-2.3733,0.6961,0.066,-0.0689,-0.7438,-4.7538,0.7621,-0.8127,-1.7532,-3.0511,-4.8044,Will Bynum
101236,2015-2017,546.0,542.0,-3.6892,0.9703,0.821,0.5397,0.1538,0.341,-2.7189,1.3607,0.4949,-2.7144,1.8511,-0.8633,Chuck Hayes
101249,2015-2017,537.0,538.0,0.0404,-1.5976,-0.369,-0.5466,-0.2023,-0.057,-1.5573,-0.9156,-0.2592,-0.5309,-2.2013,-2.7321,John Lucas III
200745,2015-2017,2762.0,2766.0,-2.5499,-3.0945,-0.3806,0.0747,-0.4199,-1.1537,-5.6444,-0.3059,-1.5736,-3.3505,-4.1734,-7.5239,Andrea Bargnani
200746,2015-2017,13821.0,13779.0,0.4835,-0.0966,0.4405,0.3503,0.0645,1.2513,0.3869,0.7908,1.3158,0.9885,1.5051,2.4936,LaMarcus Aldridge
200748,2015-2017,14.0,13.0,-4.9094,-2.1932,0.0642,0.437,0.019,-0.0132,-7.1026,0.5012,0.0058,-4.8262,-1.7694,-6.5957,Tyrus Thomas
200751,2015-2017,8126.0,8139.0,-1.5051,-1.4794,-0.4554,0.0829,-0.0629,-0.2715,-2.9845,-0.3725,-0.3343,-2.0234,-1.668,-3.6914,Randy Foye
200752,2015-2017,11752.0,11768.0,0.5974,-0.3913,0.4427,0.0744,0.525,0.1355,0.2061,0.5171,0.6605,1.5651,-0.1814,1.3837,Rudy Gay
200755,2015-2017,13279.0,13250.0,2.4188,-2.1846,-0.3144,-0.0572,-0.0328,0.6573,0.2342,-0.3716,0.6246,2.0716,-1.5845,0.4871,JJ Redick
200757,2015-2017,8652.0,8740.0,-0.5573,2.7761,0.1475,0.3166,-0.2653,0.8074,2.2188,0.4641,0.5421,-0.6751,3.9001,3.225,Thabo Sefolosha
200761,2015-2017,2036.0,2034.0,-1.7568,0.2621,0.6012,-0.2452,0.1664,-1.0495,-1.4947,0.356,-0.8831,-0.9893,-1.0326,-2.0219,Shawne Williams
200765,2015-2017,13097.0,13112.0,0.5909,1.0966,-0.9304,-0.5859,-0.1929,-0.9412,1.6876,-1.5164,-1.1342,-0.5324,-0.4305,-0.963,Rajon Rondo
200768,2015-2017,14591.0,14542.0,4.7969,0.7606,0.3346,0.3532,0.2954,0.6845,5.5576,0.6877,0.9799,5.4269,1.7983,7.2252,Kyle Lowry
200769,2015-2017,167.0,170.0,-4.8351,-1.7159,0.4526,0.4845,0.065,-0.3438,-6.551,0.9371,-0.2788,-4.3176,-1.5752,-5.8928,Shannon Brown
200770,2015-2017,1689.0,1686.0,-0.1354,-0.3575,-0.0953,0.2153,0.0019,-0.6497,-0.4929,0.12,-0.6477,-0.2287,-0.7918,-1.0206,Jordan Farmar
200771,2015-2017,3065.0,3054.0,0.5223,-1.3225,-0.7212,-0.7984,-0.0678,0.1787,-0.8001,-1.5196,0.1109,-0.2667,-1.9421,-2.2088,Sergio Rodriguez
200777,2015-2017,1205.0,1206.0,-4.1024,1.5124,0.1876,0.2263,0.1301,1.0164,-2.59,0.4139,1.1465,-3.7847,2.7551,-1.0296,Joel Freeland
200779,2015-2017,537.0,531.0,-1.3277,-1.8757,0.0646,0.519,-0.0962,-0.8631,-3.2034,0.5836,-0.9593,-1.3593,-2.2199,-3.5792,Steve Novak
200782,2015-2017,14549.0,14512.0,-0.8875,1.4914,0.2315,-0.0471,-0.221,-0.198,0.6039,0.1844,-0.419,-0.8769,1.2463,0.3694,P.J. Tucker
200794,2015-2017,14817.0,14801.0,1.6947,2.5214,-0.2454,0.4735,0.5296,0.3298,4.2161,0.2281,0.8593,1.9789,3.3246,5.3035,Paul Millsap
200797,2015-2017,1759.0,1761.0,-2.8227,-0.0581,-0.4843,0.5425,-0.1027,-0.7462,-2.8808,0.0582,-0.8489,-3.4097,-0.2618,-3.6715,Ryan Hollins
200811,2015-2017,2191.0,2184.0,-5.206,0.6945,0.3809,-0.0751,0.069,1.0992,-4.5115,0.3058,1.1682,-4.7561,1.7186,-3.0376,Lou Amundson
200826,2015-2017,7497.0,7529.0,1.7743,-2.46,-0.4246,-0.0389,0.1722,-0.443,-0.6858,-0.4636,-0.2707,1.5218,-2.9419,-1.42,J.J. Barea
201142,2015-2017,11508.0,11482.0,5.88,1.7762,-0.0737,0.4058,-0.4396,-0.0482,7.6562,0.332,-0.4879,5.3666,2.1337,7.5003,Kevin Durant
201143,2015-2017,14239.0,14282.0,1.4047,1.8361,-1.0543,0.3967,-0.0274,0.1703,3.2408,-0.6576,0.1429,0.323,2.4031,2.7261,Al Horford
201144,2015-2017,12044.0,12050.0,4.3375,0.0328,-0.1134,0.0457,-0.025,0.6166,4.3703,-0.0678,0.5916,4.1991,0.695,4.8941,Mike Conley
201145,2015-2017,12265.0,12312.0,-0.7496,-1.7419,-0.6312,-0.127,-0.4359,0.111,-2.4916,-0.7582,-0.3249,-1.8167,-1.758,-3.5746,Jeff Green
201147,2015-2017,10430.0,10452.0,-1.0822,-0.0015,0.0273,0.1057,-0.0971,0.1157,-1.0837,0.133,0.0186,-1.152,0.22,-0.932,Corey Brewer
201148,2015-2017,4145.0,4171.0,0.6225,2.7726,-0.1816,-0.1803,-0.3794,-1.1491,3.3951,-0.3619,-1.5286,0.0615,1.4432,1.5047,Brandan Wright
201149,2015-2017,7217.0,7198.0,-1.2827,2.4903,-0.1458,0.2976,-0.2476,-0.4179,1.2076,0.1518,-0.6655,-1.6761,2.37,0.6939,Joakim Noah
201150,2015-2017,6174.0,6186.0,-2.508,0.7659,-0.2149,-0.0828,-0.2899,0.0287,-1.7421,-0.2977,-0.2613,-3.0128,0.7117,-2.3011,Spencer Hawes
201152,2015-2017,14002.0,13995.0,-0.2224,0.9751,0.0164,0.201,0.0585,0.4249,0.7527,0.2174,0.4834,-0.1474,1.6009,1.4535,Thaddeus Young
201155,2015-2017,7578.0,7570.0,-0.862,-1.8029,0.1038,0.0639,0.1064,0.8712,-2.6649,0.1677,0.9776,-0.6518,-0.8677,-1.5195,Rodney Stuckey
201156,2015-2017,7225.0,7250.0,0.8978,-2.0369,-0.705,0.1179,0.1656,-0.0809,-1.1392,-0.587,0.0846,0.3584,-2.0,-1.6416,Nick Young
201158,2015-2017,9775.0,9771.0,0.3354,-2.27,-0.6825,-0.4602,-0.2783,-0.7453,-1.9346,-1.1427,-1.0236,-0.6255,-3.4755,-4.1009,Marco Belinelli
201160,2015-2017,7928.0,7972.0,-3.6458,0.1911,0.9664,-0.1746,0.4663,-1.8056,-3.4547,0.7918,-1.3393,-2.213,-1.789,-4.0021,Jason Smith
201162,2015-2017,10469.0,10473.0,-0.3954,0.5319,0.4344,0.0623,-0.3388,1.6852,0.1365,0.4967,1.3464,-0.2997,2.2794,1.9797,Jared Dudley
201163,2015-2017,9399.0,9381.0,-0.0533,-1.0596,0.1439,-0.0795,0.391,-0.4033,-1.1129,0.0644,-0.0123,0.4816,-1.5424,-1.0608,Wilson Chandler
201166,2015-2017,7594.0,7558.0,-0.4837,-2.3155,0.3986,0.0223,0.3192,0.2666,-2.7992,0.4208,0.5858,0.2341,-2.0267,-1.7926,Aaron Brooks
201167,2015-2017,12631.0,12632.0,-1.6441,-2.778,0.9792,-0.2191,0.6156,0.7692,-4.4221,0.7601,1.3847,-0.0494,-2.2279,-2.2772,Arron Afflalo
201168,2015-2017,3328.0,3340.0,-0.3663,1.0876,0.1612,0.3796,0.278,0.7717,0.7213,0.5408,1.0497,0.0729,2.239,2.3119,Tiago Splitter
201171,2015-2017,3504.0,3518.0,-0.4986,-1.2424,-0.6031,-0.3103,-0.1139,-0.2487,-1.741,-0.9134,-0.3626,-1.2156,-1.8013,-3.017,Carl Landry
201175,2015-2017,1781.0,1778.0,-4.2006,0.9191,0.6399,0.5769,-0.1776,0.7896,-3.2815,1.2168,0.612,-3.7382,2.2856,-1.4526,Glen Davis
201177,2015-2017,2419.0,2429.0,-2.2869,0.1431,0.2612,-0.047,0.1087,-0.1361,-2.1438,0.2142,-0.0274,-1.9169,-0.0401,-1.957,Josh McRoberts
201188,2015-2017,13438.0,13457.0,0.0729,1.2172,0.4176,0.3526,-0.0483,-0.1174,1.2901,0.7702,-0.1657,0.4421,1.4524,1.8946,Marc Gasol
201196,2015-2017,7380.0,7406.0,0.0683,-2.0441,-0.5843,0.0117,-0.2442,0.0987,-1.9758,-0.5726,-0.1455,-0.7602,-1.9337,-2.6939,Ramon Sessions
201202,2015-2017,1216.0,1235.0,-4.1044,5.0,0.5405,-1.1017,-0.0944,0.2495,0.8956,-0.5613,0.1551,-3.6583,4.1478,0.4894,Joel Anthony
201228,2015-2017,6221.0,6211.0,-0.1823,-0.1928,-0.5585,0.1609,0.2169,-0.6722,-0.3751,-0.3976,-0.4553,-0.5239,-0.7041,-1.2279,C.J. Watson
201229,2015-2017,8409.0,8399.0,-0.2064,-0.4533,0.6072,0.1549,0.2763,-0.4131,-0.6597,0.762,-0.1368,0.677,-0.7115,-0.0344,Anthony Tolliver
201563,2015-2017,3595.0,3610.0,-1.638,-0.5469,-0.5337,-0.1754,-0.131,-0.8792,-2.1848,-0.7091,-1.0102,-2.3027,-1.6015,-3.9042,Michael Beasley
201564,2015-2017,5512.0,5504.0,-1.1253,-1.1784,-0.2696,0.1392,-0.0715,1.4652,-2.3037,-0.1304,1.3937,-1.4664,0.426,-1.0404,O.J. Mayo
201565,2015-2017,11411.0,11389.0,0.0116,-3.8529,0.4994,0.3335,-0.086,0.393,-3.8413,0.8328,0.307,0.425,-3.1265,-2.7015,Derrick Rose
201566,2015-2017,16122.0,16111.0,6.9412,0.6331,2.5117,-0.3849,0.0607,-1.0007,7.5743,2.1268,-0.94,9.5137,-0.7525,8.7612,Russell Westbrook
201567,2015-2017,13329.0,13305.0,2.692,0.9951,-0.4143,0.0635,-0.235,0.8141,3.6871,-0.3508,0.5791,2.0427,1.8727,3.9154,Kevin Love
201568,2015-2017,10854.0,10845.0,2.9542,-0.6464,0.0191,0.0898,0.1742,1.1366,2.3079,0.1089,1.3108,3.1475,0.58,3.7275,Danilo Gallinari
201569,2015-2017,11696.0,11698.0,1.0955,-1.9841,-0.6196,0.4759,0.2415,1.5779,-0.8886,-0.1437,1.8194,0.7174,0.0697,0.7871,Eric Gordon
201571,2015-2017,9279.0,9256.0,1.072,-2.1604,-2.0217,-0.4612,-0.4133,-0.4278,-1.0884,-2.4829,-0.8411,-1.3629,-3.0494,-4.4124,D.J. Augustin
201572,2015-2017,13591.0,13562.0,0.6972,-0.28,-0.534,0.2785,0.0594,1.3651,0.4172,-0.2555,1.4245,0.2226,1.3636,1.5862,Brook Lopez
201573,2015-2017,6410.0,6424.0,-0.9266,-0.8307,-0.436,-0.1725,-0.108,-0.7269,-1.7573,-0.6085,-0.8349,-1.4706,-1.7301,-3.2008,Jerryd Bayless
201574,2015-2017,4850.0,4852.0,-4.2298,0.9725,0.7192,0.0738,0.4993,-0.2824,-3.2573,0.793,0.2169,-3.0114,0.764,-2.2474,Jason Thompson
201575,2015-2017,4761.0,4770.0,-2.6221,-0.2668,1.1879,-0.3022,0.1155,-2.7097,-2.8889,0.8857,-2.5941,-1.3186,-3.2787,-4.5973,Brandon Rush
201577,2015-2017,11911.0,11958.0,-1.3922,-0.3282,0.6195,1.2385,0.0876,1.4045,-1.7204,1.858,1.4921,-0.6851,2.3148,1.6297,Robin Lopez
201578,2015-2017,6776.0,6769.0,-0.7377,-0.1253,0.274,-0.1425,0.1802,0.3604,-0.863,0.1315,0.5405,-0.2836,0.0926,-0.191,Marreese Speights
201579,2015-2017,8758.0,8745.0,-4.2877,1.3009,0.4162,0.1496,-0.2031,0.0718,-2.9867,0.5658,-0.1313,-4.0745,1.5223,-2.5522,Roy Hibbert
201580,2015-2017,2832.0,2838.0,-0.3687,1.7873,-0.8366,-1.1137,0.1763,-0.6079,1.4186,-1.9503,-0.4316,-1.029,0.0657,-0.9633,JaVale McGee
201581,2015-2017,3688.0,3714.0,-2.2646,-0.63,-0.5821,-0.3492,-0.4526,0.534,-2.8946,-0.9312,0.0814,-3.2992,-0.4452,-3.7444,JJ Hickson
201582,2015-2017,4722.0,4709.0,-3.2526,1.8553,-0.4137,-0.5299,0.1799,0.6191,-1.3973,-0.9436,0.799,-3.4864,1.9445,-1.5419,Alexis Ajinca
201583,2015-2017,11701.0,11695.0,2.0305,-1.9365,0.1248,0.1738,0.4341,-0.0368,0.094,0.2986,0.3972,2.5894,-1.7995,0.7899,Ryan Anderson
201584,2015-2017,13978.0,13952.0,-0.4587,-0.3809,0.1318,-0.2453,0.3302,-0.2801,-0.8396,-0.1136,0.0502,0.0033,-0.9062,-0.903,Courtney Lee
201585,2015-2017,8383.0,8401.0,-2.7962,1.7073,-0.3449,-0.3822,-0.2658,1.0554,-1.0888,-0.7271,0.7896,-3.4068,2.3805,-1.0264,Kosta Koufos
201586,2015-2017,14049.0,14056.0,-1.8288,1.0528,0.6658,-0.0196,0.2435,0.6628,-0.776,0.6462,0.9063,-0.9195,1.696,0.7765,Serge Ibaka
201587,2015-2017,14801.0,14802.0,1.3801,0.3076,-0.1798,0.0698,0.138,0.0199,1.6877,-0.11,0.1579,1.3383,0.3974,1.7357,Nicolas Batum
201588,2015-2017,10404.0,10410.0,2.2633,-0.1546,-0.1737,0.1452,0.1479,0.9807,2.1087,-0.0285,1.1286,2.2375,0.9713,3.2087,George Hill
201589,2015-2017,6332.0,6369.0,-2.192,0.9835,0.0405,0.4079,-0.1507,1.5161,-1.2085,0.4484,1.3653,-2.3022,2.9075,0.6053,Darrell Arthur
201593,2015-2017,1877.0,1872.0,-1.8219,-1.5128,-0.4959,-0.4313,-0.0324,0.8722,-3.3347,-0.9272,0.8397,-2.3502,-1.072,-3.4221,Nikola Pekovic
201595,2015-2017,1740.0,1739.0,-3.6784,2.1717,0.7504,0.358,0.0272,-0.5696,-1.5068,1.1084,-0.5425,-2.9009,1.9601,-0.9408,Joey Dorsey
201596,2015-2017,7270.0,7207.0,0.1711,0.6335,-0.5039,0.0802,-0.2222,0.3029,0.8046,-0.4237,0.0807,-0.555,1.0166,0.4617,Mario Chalmers
201599,2015-2017,15716.0,15748.0,0.8304,3.6268,1.0054,0.0538,0.4578,-0.1373,4.4572,1.0593,0.3205,2.2937,3.5433,5.8369,DeAndre Jordan
201600,2015-2017,7031.0,7063.0,-2.1447,0.858,-0.2957,-0.0568,0.0162,-0.0118,-1.2867,-0.3525,0.0044,-2.4242,0.7895,-1.6347,Omer Asik
201601,2015-2017,9748.0,9802.0,-1.954,-0.0215,-0.1459,0.3536,-0.4444,2.394,-1.9754,0.2076,1.9496,-2.5443,2.7261,0.1818,Luc Mbah a Moute
201603,2015-2017,1054.0,1054.0,-4.7872,-2.8249,0.3452,0.0679,-0.0703,-0.0531,-7.6122,0.4131,-0.1235,-4.5124,-2.8102,-7.3226,Sonny Weems
201604,2015-2017,200.0,203.0,-5.7269,-1.2033,-0.0972,0.5043,0.0604,-0.2867,-6.9302,0.4071,-0.2263,-5.7637,-0.9857,-6.7494,Chris Douglas-Roberts
201609,2015-2017,14813.0,14755.0,1.7603,-1.6809,0.1696,0.0447,0.2473,0.9067,0.0794,0.2143,1.154,2.1772,-0.7296,1.4476,Goran Dragic
201611,2015-2017,1227.0,1212.0,-2.3357,0.4457,-0.6578,-0.2126,-0.001,0.4326,-1.89,-0.8704,0.4315,-2.9946,0.6657,-2.3289,Henry Walker
201619,2015-2017,197.0,196.0,-3.3552,0.6144,0.27,-0.0487,-0.0272,0.3388,-2.7408,0.2214,0.3116,-3.1123,0.9045,-2.2078,Sasha Kaun
201627,2015-2017,7003.0,6962.0,0.7182,-1.1882,0.4828,-0.0096,0.1646,1.0192,-0.47,0.4732,1.1838,1.3656,-0.1785,1.187,Anthony Morrow
201628,2015-2017,265.0,268.0,-0.418,-3.1485,-0.2567,-0.0176,0.0094,-0.1441,-3.5665,-0.2744,-0.1347,-0.6654,-3.3102,-3.9756,Bobby Brown
201858,2015-2017,383.0,387.0,-4.7795,-2.3923,1.1986,-0.1524,0.0601,0.429,-7.1718,1.0463,0.4891,-3.5208,-2.1157,-5.6365,Cartier Martin
201880,2015-2017,124.0,129.0,-2.9614,-0.8821,1.3682,0.6236,-0.0021,-0.4833,-3.8435,1.9919,-0.4855,-1.5953,-0.7418,-2.3371,Greg Stiemsma
201933,2015-2017,11135.0,11111.0,2.1504,-0.7209,0.4304,0.1487,0.107,0.2162,1.4295,0.5791,0.3232,2.6878,-0.356,2.3318,Blake Griffin
201935,2015-2017,18545.0,18501.0,7.4196,0.3782,-0.1688,-0.575,0.521,-0.6525,7.7978,-0.7438,-0.1315,7.7718,-0.8493,6.9224,James Harden
201936,2015-2017,8210.0,8197.0,0.9173,-0.5587,0.1371,0.1667,0.384,-0.6019,0.3585,0.3037,-0.218,1.4383,-0.994,0.4443,Tyreke Evans
201937,2015-2017,10892.0,10844.0,2.8335,2.6058,-0.2018,-0.1484,0.1284,1.064,5.4393,-0.3502,1.1924,2.7601,3.5214,6.2815,Ricky Rubio
201939,2015-2017,16837.0,16780.0,9.4068,1.8626,0.1687,0.0531,0.4976,-0.6353,11.2694,0.2218,-0.1377,10.0731,1.2804,11.3535,Stephen Curry
201941,2015-2017,6784.0,6795.0,-2.0784,-0.3899,-0.7287,-0.218,0.125,0.1688,-2.4683,-0.9467,0.2938,-2.6822,-0.439,-3.1212,Jordan Hill
201942,2015-2017,14777.0,14754.0,1.7287,-2.31,0.1398,-0.0324,-0.0747,0.0386,-0.5813,0.1074,-0.0362,1.7937,-2.3038,-0.5101,DeMar DeRozan
201943,2015-2017,7768.0,7738.0,2.0103,-0.8838,-0.3935,-0.3341,0.1507,-0.2243,1.1265,-0.7277,-0.0735,1.7675,-1.4422,0.3253,Brandon Jennings
201945,2015-2017,10745.0,10747.0,-1.2913,-1.7272,0.0652,0.1,-0.0731,1.2421,-3.0185,0.1651,1.1689,-1.2993,-0.3851,-1.6844,Gerald Henderson
201946,2015-2017,2692.0,2718.0,-1.4215,0.768,-0.3905,0.2145,0.4701,-0.2369,-0.6535,-0.176,0.2332,-1.3419,0.7456,-0.5963,Tyler Hansbrough
201947,2015-2017,192.0,193.0,-5.6095,0.5155,-0.1913,-0.5547,-0.1007,0.1068,-5.094,-0.7459,0.0061,-5.9015,0.0676,-5.8338,Earl Clark
201948,2015-2017,686.0,701.0,-3.5296,-0.6459,1.2364,-0.2841,-0.0027,-0.168,-4.1755,0.9523,-0.1706,-2.2959,-1.0979,-3.3938,Austin Daye
201949,2015-2017,8634.0,8629.0,-0.5378,1.3648,0.0617,0.1351,0.071,0.0727,0.8271,0.1968,0.1437,-0.4051,1.5726,1.1676,James Johnson
201950,2015-2017,10723.0,10702.0,2.2779,0.1815,-0.318,0.0012,-0.1296,0.8311,2.4594,-0.3168,0.7015,1.8304,1.0138,2.8442,Jrue Holiday
201951,2015-2017,11724.0,11683.0,1.6977,-0.8543,-0.5327,-0.5905,-0.6349,-0.6446,0.8435,-1.1232,-1.2795,0.5302,-2.0893,-1.5592,Ty Lawson
201952,2015-2017,14349.0,14334.0,3.1723,0.2018,-0.4526,-0.5918,-0.29,-0.8707,3.3741,-1.0445,-1.1607,2.4297,-1.2608,1.1689,Jeff Teague
201954,2015-2017,11808.0,11797.0,1.7903,-0.95,0.1158,-0.4629,0.2765,0.0552,0.8402,-0.3471,0.3317,2.1826,-1.3578,0.8248,Darren Collison
201956,2015-2017,8049.0,8058.0,-0.5424,-0.6092,0.1237,-0.1047,0.2974,-0.515,-1.1516,0.019,-0.2176,-0.1213,-1.2289,-1.3502,Omri Casspi
201959,2015-2017,10982.0,10982.0,-1.4331,0.3957,0.1795,0.2204,0.1649,0.9282,-1.0374,0.3999,1.0931,-1.0887,1.5443,0.4556,Taj Gibson
201960,2015-2017,9524.0,9542.0,0.9454,0.9251,0.1659,-0.1201,0.292,0.3133,1.8706,0.0458,0.6053,1.4034,1.1183,2.5217,DeMarre Carroll
201961,2015-2017,9426.0,9418.0,0.2385,-1.6863,-0.4777,-0.0129,-0.1325,1.1024,-1.4479,-0.4906,0.9699,-0.3717,-0.5968,-0.9686,Wayne Ellington
201962,2015-2017,3683.0,3689.0,0.2586,1.118,-0.4714,0.1458,0.2929,-2.5461,1.3766,-0.3256,-2.2532,0.0801,-1.2823,-1.2022,Toney Douglas
201964,2015-2017,147.0,151.0,-4.0549,0.5557,-0.9619,-0.8825,0.0347,0.4093,-3.4992,-1.8444,0.444,-4.9821,0.0826,-4.8995,Victor Claver
201965,2015-2017,965.0,979.0,-3.0276,0.3341,-0.4208,-0.3462,0.0579,-1.0465,-2.6935,-0.767,-0.9887,-3.3905,-1.0586,-4.4491,Jeff Ayres
201967,2015-2017,10398.0,10477.0,-2.3763,-0.0852,1.0408,-0.0537,0.5151,-0.9368,-2.4615,0.9871,-0.4217,-0.8204,-1.0757,-1.8962,Dante Cunningham
201971,2015-2017,812.0,834.0,-6.6976,-0.5138,-0.6703,-0.7528,0.0082,-0.627,-7.2115,-1.4231,-0.6188,-7.3598,-1.8936,-9.2534,DeJuan Blair
201973,2015-2017,7274.0,7295.0,-1.4326,0.6853,0.8905,-0.3911,0.3941,0.9491,-0.7474,0.4994,1.3432,-0.148,1.2433,1.0953,Jonas Jerebko
201975,2015-2017,4450.0,4441.0,0.9386,-0.7589,-0.7883,-0.5627,0.1284,-0.5482,0.1797,-1.351,-0.4198,0.2787,-1.8698,-1.5911,Jodie Meeks
201976,2015-2017,11740.0,11719.0,0.4561,1.2403,0.2586,-0.0064,0.3637,-0.052,1.6964,0.2523,0.3117,1.0784,1.1819,2.2603,Patrick Beverley
201977,2015-2017,4890.0,4866.0,0.9146,-1.2338,-0.5117,0.0285,-0.4908,-1.2671,-0.3192,-0.4832,-1.7579,-0.0879,-2.4724,-2.5603,Marcus Thornton
201978,2015-2017,4456.0,4467.0,-0.8978,-0.3862,0.3037,0.0442,-0.2524,-0.4618,-1.284,0.3479,-0.7142,-0.8465,-0.8038,-1.6503,Chase Budinger
201979,2015-2017,1617.0,1627.0,-1.6357,1.9398,-0.2842,0.2422,-0.0486,1.7249,0.3042,-0.042,1.6763,-1.9685,3.907,1.9384,Nick Calathes
201980,2015-2017,11918.0,11929.0,0.1042,2.1904,0.6906,0.0571,0.3245,0.8815,2.2946,0.7477,1.2061,1.1193,3.129,4.2484,Danny Green
201985,2015-2017,608.0,616.0,0.2541,-2.8566,-0.0539,0.0592,-0.1554,-0.1816,-2.6025,0.0053,-0.337,0.0448,-2.979,-2.9343,AJ Price
201988,2015-2017,8523.0,8510.0,2.2368,-0.8078,0.0981,0.0302,0.3652,0.8506,1.4291,0.1283,1.2158,2.7001,0.0731,2.7732,Patty Mills
201991,2015-2017,108.0,106.0,-2.1202,1.6219,0.0352,0.1946,-0.0028,0.0263,-0.4984,0.2299,0.0235,-2.0878,1.8428,-0.245,Lester Hudson
202066,2015-2017,8884.0,8874.0,-0.9065,0.6695,-0.1844,0.2223,-0.4871,-0.1589,-0.2369,0.0379,-0.646,-1.5779,0.7329,-0.845,Garrett Temple
202077,2015-2017,72.0,71.0,-8.2234,-2.1367,1.2926,0.6605,-0.0453,0.1732,-10.36,1.9531,0.1279,-6.9761,-1.303,-8.279,Jerel McNeal
202083,2015-2017,13971.0,13953.0,1.0973,-0.783,-0.3435,-0.0144,0.1415,1.6074,0.3142,-0.3579,1.7489,0.8953,0.81,1.7053,Wesley Matthews
202087,2015-2017,4853.0,4902.0,-2.4023,0.3331,0.4777,-0.2086,-0.4803,-0.5103,-2.0691,0.2691,-0.9905,-2.4049,-0.3857,-2.7906,Alonzo Gee
202130,2015-2017,371.0,373.0,-0.5617,-1.7177,-0.1905,0.3372,-0.1282,-0.4455,-2.2794,0.1468,-0.5737,-0.8803,-1.826,-2.7063,Reggie Williams
202322,2015-2017,17182.0,17142.0,3.2895,0.4241,0.1367,0.1187,0.4039,0.3119,3.7136,0.2554,0.7158,3.8302,0.8547,4.6848,John Wall
202323,2015-2017,12594.0,12585.0,-1.472,-0.1395,-0.1456,0.0528,-0.6638,0.316,-1.6115,-0.0928,-0.3478,-2.2814,0.2293,-2.0522,Evan Turner
202324,2015-2017,10261.0,10256.0,-0.3974,1.5099,-0.0246,0.3146,0.1916,0.621,1.1124,0.2899,0.8125,-0.2305,2.4454,2.2149,Derrick Favors
202325,2015-2017,9399.0,9366.0,-1.8367,1.1181,0.2288,-0.2135,0.1179,0.5444,-0.7186,0.0154,0.6624,-1.4899,1.4491,-0.0409,Wesley Johnson
202326,2015-2017,13605.0,13552.0,1.6622,1.3871,0.1763,0.9879,0.077,0.6854,3.0493,1.1643,0.7624,1.9156,3.0604,4.9759,DeMarcus Cousins
202327,2015-2017,258.0,265.0,-4.5226,2.5043,1.0294,0.1958,0.0333,-0.0535,-2.0183,1.2253,-0.0202,-3.4599,2.6466,-0.8133,Ekpe Udoh
202328,2015-2017,12275.0,12297.0,1.3438,1.2487,0.1245,-0.0292,0.2567,-0.9025,2.5925,0.0954,-0.6458,1.7251,0.317,2.0421,Greg Monroe
202329,2015-2017,11004.0,11070.0,-0.9687,1.5721,0.5981,-0.1252,0.4876,1.2304,0.6035,0.4729,1.718,0.1171,2.6773,2.7944,Al-Farouq Aminu
202330,2015-2017,15292.0,15279.0,3.0964,-0.7579,0.3582,0.0954,0.2677,0.3532,2.3385,0.4536,0.6209,3.7223,-0.3093,3.413,Gordon Hayward
202331,2015-2017,11326.0,11287.0,3.0896,0.483,0.7055,0.4979,-0.122,0.5281,3.5727,1.2034,0.4061,3.6731,1.509,5.1821,Paul George
202332,2015-2017,4490.0,4475.0,-2.2003,5.7922,-0.7861,-0.7338,-0.3215,-1.4871,3.5919,-1.5199,-1.8086,-3.3079,3.5713,0.2634,Cole Aldrich
202333,2015-2017,167.0,166.0,-4.944,-2.3923,0.0,0.368,0.0827,-0.0894,-7.3363,0.368,-0.0068,-4.8613,-2.1138,-6.9751,Xavier Henry
202334,2015-2017,8533.0,8547.0,-0.299,2.6616,0.0166,-0.5349,0.0039,-2.1562,2.3627,-0.5182,-2.1523,-0.2784,-0.0295,-0.3079,Ed Davis
202335,2015-2017,11244.0,11246.0,-0.0744,0.781,1.9419,0.1227,0.8986,0.1437,0.7065,2.0645,1.0423,2.766,1.0473,3.8134,Patrick Patterson
202336,2015-2017,1192.0,1177.0,-3.5555,3.1973,0.9856,0.1367,-0.3147,0.816,-0.3582,1.1223,0.5013,-2.8847,4.15,1.2654,Larry Sanders
202337,2015-2017,5402.0,5418.0,-1.7727,-0.538,1.2103,-0.0564,0.0983,-0.4526,-2.3106,1.1539,-0.3542,-0.464,-1.047,-1.511,Luke Babbitt
202338,2015-2017,4495.0,4472.0,-5.1591,-0.4851,0.1891,0.8097,-0.1746,-0.4585,-5.6442,0.9988,-0.6331,-5.1445,-0.1339,-5.2785,Kevin Seraphin
202339,2015-2017,12419.0,12379.0,2.5036,-0.1647,0.1994,0.2378,0.1225,0.8794,2.3389,0.4373,1.0019,2.8255,0.9525,3.778,Eric Bledsoe
202340,2015-2017,13803.0,13759.0,0.0198,-1.027,0.3478,-0.0795,0.2109,0.2782,-1.0072,0.2683,0.4891,0.5785,-0.8283,-0.2498,Avery Bradley
202341,2015-2017,1525.0,1525.0,-3.5678,-1.4018,0.3121,0.1578,0.047,-0.1645,-4.9695,0.4699,-0.1176,-3.2087,-1.4084,-4.6172,James Anderson
202343,2015-2017,315.0,316.0,-2.8126,-1.7183,0.5623,0.6368,0.031,0.1503,-4.5309,1.1991,0.1813,-2.2193,-0.9312,-3.1505,Elliot Williams
202344,2015-2017,9791.0,9776.0,-0.902,1.2139,-0.4813,0.0286,0.1749,1.2614,0.3119,-0.4527,1.4363,-1.2084,2.5038,1.2954,Trevor Booker
202347,2015-2017,3428.0,3442.0,-1.3481,-1.9424,-0.1032,0.3482,0.4111,0.5771,-3.2905,0.245,0.9883,-1.0402,-1.017,-2.0572,Quincy Pondexter
202348,2015-2017,893.0,888.0,3.0396,-1.8886,-0.1553,0.1748,0.2221,-0.9019,1.151,0.0195,-0.6798,3.1064,-2.6157,0.4907,Jordan Crawford
202349,2015-2017,4789.0,4801.0,-0.4592,-1.7426,-0.3153,-0.037,-0.1822,-1.1716,-2.2018,-0.3522,-1.3539,-0.9568,-2.9512,-3.9079,Greivis Vasquez
202353,2015-2017,158.0,158.0,-6.2139,-1.6111,0.052,0.1543,0.0835,-0.072,-7.825,0.2063,0.0115,-6.0783,-1.5289,-7.6072,Tibor Pleiss
202355,2015-2017,11213.0,11193.0,-0.4386,5.0522,1.7883,-1.385,0.1455,-1.1902,4.6137,0.4034,-1.0448,1.4953,2.477,3.9723,Hassan Whiteside
202357,2015-2017,4514.0,4533.0,-1.5416,0.7333,0.5099,0.2646,0.1895,1.0288,-0.8083,0.7746,1.2183,-0.8422,2.0267,1.1845,Nemanja Bjelica
202361,2015-2017,420.0,429.0,-1.8392,-0.3619,0.1188,-0.0499,-0.3009,-0.671,-2.2011,0.0689,-0.972,-2.0214,-1.0828,-3.1042,Landry Fields
202362,2015-2017,6511.0,6517.0,-2.816,-1.7717,0.2837,0.087,-0.0935,0.3223,-4.5877,0.3706,0.2288,-2.6258,-1.3624,-3.9882,Lance Stephenson
202366,2015-2017,759.0,770.0,-1.1331,0.4818,-0.0745,0.3699,-0.2138,-0.444,-0.6513,0.2953,-0.6578,-1.4215,0.4077,-1.0138,Jerome Jordan
202379,2015-2017,1031.0,1038.0,-0.5465,2.4996,-0.0911,-0.1252,-0.0681,0.3104,1.9532,-0.2163,0.2423,-0.7057,2.6848,1.9792,Jeremy Evans
202388,2015-2017,4755.0,4772.0,0.5553,-1.0849,-0.9515,-0.1683,-0.0498,-0.0644,-0.5295,-1.1198,-0.1142,-0.446,-1.3175,-1.7635,Donald Sloan
202389,2015-2017,8788.0,8741.0,-2.4099,0.2795,-0.1667,0.3338,0.2767,2.1599,-2.1304,0.1671,2.4366,-2.3,2.7733,0.4732,Timofey Mozgov
202390,2015-2017,4040.0,4029.0,-1.108,-2.825,-0.2525,-0.0319,-0.1714,-0.7841,-3.933,-0.2845,-0.9555,-1.5319,-3.641,-5.1729,Gary Neal
202391,2015-2017,9832.0,9834.0,0.4074,-0.5264,-0.1693,0.0553,0.2298,0.7807,-0.119,-0.114,1.0104,0.4678,0.3096,0.7774,Jeremy Lin
202397,2015-2017,10023.0,10034.0,-0.47,-0.7073,0.1022,-0.3746,0.3975,-0.4626,-1.1773,-0.2724,-0.0651,0.0297,-1.5445,-1.5149,Ish Smith
202399,2015-2017,433.0,436.0,-2.7398,1.5903,-0.1431,0.2811,-0.0053,0.2649,-1.1495,0.1379,0.2595,-2.8883,2.1362,-0.7521,Jeff Adrien
202407,2015-2017,2140.0,2150.0,-4.4203,1.0226,0.1648,0.2562,0.3282,0.9145,-3.3977,0.4209,1.2426,-3.9274,2.1932,-1.7342,Elijah Millsap
202412,2015-2017,49.0,50.0,-7.0252,-4.03,0.3618,-0.2129,-0.0579,-0.2808,-11.0552,0.1489,-0.3387,-6.7213,-4.5237,-11.2449,Manny Harris
202498,2015-2017,7370.0,7410.0,-3.0129,-2.2805,0.1877,-0.0239,0.2609,0.8878,-5.2934,0.1638,1.1486,-2.5643,-1.4167,-3.981,Lance Thomas
202620,2015-2017,190.0,191.0,-0.9187,1.1144,0.5107,0.2522,-0.021,-0.4462,0.1957,0.7629,-0.4672,-0.429,0.9205,0.4915,Arinze Onuaku
202681,2015-2017,13593.0,13578.0,4.3462,-1.3452,0.193,-0.35,0.0255,-1.2208,3.001,-0.157,-1.1953,4.5647,-2.916,1.6487,Kyrie Irving
202682,2015-2017,7367.0,7392.0,0.0896,-2.0678,-0.9675,-0.1312,-0.2786,-0.9786,-1.9782,-1.0987,-1.2572,-1.1565,-3.1776,-4.334,Derrick Williams
202683,2015-2017,10672.0,10662.0,1.8477,-1.2068,0.3671,-0.6079,0.4423,-0.7977,0.6409,-0.2408,-0.3554,2.657,-2.6123,0.0447,Enes Kanter
202684,2015-2017,13238.0,13337.0,-0.323,0.6341,0.3874,0.3115,0.045,0.2935,0.3111,0.699,0.3385,0.1094,1.2392,1.3486,Tristan Thompson
202685,2015-2017,11049.0,11003.0,-0.0437,1.7563,-0.7141,-0.8513,-0.1707,-1.1157,1.7125,-1.5653,-1.2864,-0.9285,-0.2107,-1.1391,Jonas Valančiūnas
202687,2015-2017,9360.0,9376.0,-3.3231,2.5943,-0.7368,0.0099,-0.1487,0.469,-0.7288,-0.7268,0.3204,-4.2085,3.0733,-1.1353,Bismack Biyombo
202688,2015-2017,10320.0,10343.0,0.8396,-2.1406,-0.7359,-0.1384,-0.704,-0.328,-1.301,-0.8743,-1.032,-0.6003,-2.6071,-3.2074,Brandon Knight
202689,2015-2017,15268.0,15243.0,4.1076,-0.4334,-0.204,0.0119,0.0286,-0.324,3.6742,-0.1921,-0.2954,3.9322,-0.7455,3.1867,Kemba Walker
202690,2015-2017,1039.0,1043.0,-1.9136,-2.2735,-0.0372,-0.3446,0.1766,0.0902,-4.1871,-0.3817,0.2668,-1.7742,-2.5279,-4.302,Jimmer Fredette
202691,2015-2017,16088.0,16081.0,3.4289,-1.2525,0.1777,0.2343,0.393,-0.4034,2.1764,0.4121,-0.0104,3.9996,-1.4216,2.578,Klay Thompson
202692,2015-2017,4531.0,4537.0,-1.4727,-2.2864,-0.271,0.2112,0.0476,-0.2554,-3.7591,-0.0598,-0.2078,-1.6961,-2.3306,-4.0267,Alec Burks
202693,2015-2017,13331.0,13248.0,-1.7601,-0.2464,0.2557,-0.1294,0.2194,1.984,-2.0065,0.1263,2.2034,-1.2849,1.6082,0.3233,Markieff Morris
202694,2015-2017,14861.0,14798.0,-0.5141,-1.4542,0.2084,0.1317,-0.0122,1.7252,-1.9683,0.3401,1.713,-0.318,0.4027,0.0848,Marcus Morris Sr.
202695,2015-2017,13463.0,13424.0,5.2762,3.4576,0.6237,0.6016,0.3806,0.3701,8.7337,1.2253,0.7507,6.2805,4.4293,10.7098,Kawhi Leonard
202696,2015-2017,13440.0,13419.0,-0.3922,0.8443,-1.3258,0.371,-0.0814,-0.8774,0.452,-0.9548,-0.9588,-1.7994,0.3378,-1.4615,Nikola Vučević
202697,2015-2017,9377.0,9414.0,-1.5537,0.3516,0.557,-0.0006,0.394,1.1086,-1.2021,0.5565,1.5026,-0.6026,1.4597,0.857,Iman Shumpert
202699,2015-2017,14689.0,14663.0,0.6618,-0.4172,-0.4863,-0.0294,-0.1715,0.4213,0.2446,-0.5157,0.2498,0.004,-0.0253,-0.0213,Tobias Harris
202700,2015-2017,6107.0,6121.0,-1.4191,-1.1245,-0.2289,0.2293,-0.1266,0.9553,-2.5436,0.0004,0.8286,-1.7746,0.0601,-1.7145,Donatas Motiejunas
202702,2015-2017,10131.0,10134.0,0.6779,0.7668,-0.1243,-0.077,0.7181,-0.8529,1.4447,-0.2014,-0.1348,1.2717,-0.1632,1.1085,Kenneth Faried
202703,2015-2017,9882.0,9835.0,0.9168,1.532,0.2358,0.0069,0.3716,0.6083,2.4488,0.2428,0.9799,1.5242,2.1472,3.6715,Nikola Mirotic
202704,2015-2017,12087.0,12007.0,1.531,-2.5396,0.2096,0.1616,0.1196,0.7779,-1.0086,0.3713,0.8975,1.8602,-1.6,0.2602,Reggie Jackson
202706,2015-2017,851.0,862.0,-1.4067,-1.1397,0.2247,0.0698,0.1439,-1.4103,-2.5464,0.2946,-1.2664,-1.0381,-2.4801,-3.5182,Jordan Hamilton
202708,2015-2017,6107.0,6128.0,-1.9752,-1.3238,0.0889,-0.2604,0.1873,-0.7946,-3.299,-0.1715,-0.6073,-1.6989,-2.3788,-4.0778,Norris Cole
202709,2015-2017,10813.0,10792.0,-0.4837,-0.7763,0.1252,0.0314,0.2856,0.771,-1.26,0.1567,1.0566,-0.0729,0.0262,-0.0467,Cory Joseph
202710,2015-2017,15411.0,15334.0,4.6497,1.0728,-0.7317,0.3115,-0.1708,0.57,5.7225,-0.4202,0.3992,3.7473,1.9543,5.7015,Jimmy Butler III
202711,2015-2017,12111.0,12145.0,-0.1319,-2.8561,-0.3963,-0.1482,0.1919,-1.1098,-2.988,-0.5445,-0.918,-0.3363,-4.1142,-4.4505,Bojan Bogdanovic
202712,2015-2017,133.0,133.0,-2.7089,-2.9333,-0.0361,0.0494,-0.0964,-0.4622,-5.6422,0.0133,-0.5586,-2.8413,-3.3461,-6.1875,Justin Harper
202713,2015-2017,6217.0,6214.0,-2.8702,-0.9341,0.509,-0.0691,-0.0026,0.5495,-3.8043,0.4399,0.547,-2.3637,-0.4536,-2.8174,Kyle Singler
202714,2015-2017,5971.0,5938.0,-0.0772,-1.5577,0.2197,0.0184,0.0449,0.2148,-1.6349,0.2381,0.2597,0.1874,-1.3244,-1.137,Shelvin Mack
202718,2015-2017,9147.0,9136.0,0.8764,-0.6638,0.0112,0.1255,0.3054,-0.0305,0.2125,0.1366,0.2749,1.193,-0.5689,0.6241,Chandler Parsons
202720,2015-2017,8053.0,8039.0,-1.1143,-0.0967,-0.1864,-0.2928,-0.5833,1.3005,-1.211,-0.4791,0.7172,-1.884,0.911,-0.973,Jon Leuer
202721,2015-2017,590.0,584.0,-2.9075,-2.9693,-0.4388,-0.0422,-0.2207,-0.0724,-5.8767,-0.481,-0.2931,-3.5669,-3.084,-6.6509,Darius Morris
202722,2015-2017,1631.0,1631.0,0.3552,0.5525,0.4043,0.2003,-0.0016,-0.0257,0.9077,0.6046,-0.0273,0.7578,0.7271,1.4849,Davis Bertans
202723,2015-2017,5.0,5.0,-7.6774,-3.0042,0.5873,0.709,0.0162,0.0232,-10.6816,1.2963,0.0394,-7.0739,-2.2721,-9.346,Malcolm Lee
202726,2015-2017,102.0,109.0,-2.2152,-1.1577,0.4478,0.2515,0.0648,0.1921,-3.3729,0.6993,0.257,-1.7026,-0.714,-2.4166,Andrew Goudelock
202730,2015-2017,6933.0,7009.0,-2.1059,0.341,1.1359,0.3957,0.6026,0.7764,-1.7649,1.5316,1.379,-0.3674,1.5131,1.1457,Lavoy Allen
202732,2015-2017,1541.0,1546.0,-3.5074,1.7347,0.542,0.0503,0.1423,0.1452,-1.7727,0.5923,0.2875,-2.8232,1.9303,-0.8929,DeAndre Liggins
202734,2015-2017,7270.0,7266.0,-1.184,-0.8141,0.4073,0.1612,0.2904,-0.0656,-1.9981,0.5685,0.2248,-0.4863,-0.7186,-1.2049,E'Twaun Moore
202738,2015-2017,14204.0,14118.0,6.2361,-1.9965,-0.146,-0.784,0.2821,-1.0563,4.2396,-0.93,-0.7742,6.3721,-3.8368,2.5353,Isaiah Thomas
202779,2015-2017,238.0,243.0,-1.4785,-1.5057,-0.0622,0.007,-0.0204,-0.3771,-2.9842,-0.0552,-0.3975,-1.5611,-1.8758,-3.4369,Dwight Buycks
202952,2015-2017,411.0,407.0,-3.3966,-1.1453,0.1829,-0.1576,-0.2711,-0.7347,-4.5419,0.0254,-1.0057,-3.4848,-2.0375,-5.5223,Malcolm Thomas
202962,2015-2017,1089.0,1105.0,-3.7589,-0.0365,0.0849,0.3524,-0.2587,0.1591,-3.7954,0.4373,-0.0996,-3.9328,0.475,-3.4578,Greg Smith
203076,2015-2017,14616.0,14600.0,2.6067,3.5046,-0.7727,-0.2504,-0.1212,0.7555,6.1112,-1.0231,0.6343,1.7128,4.0096,5.7225,Anthony Davis
203077,2015-2017,8072.0,8118.0,-1.5291,1.2782,0.0225,-0.0738,0.2899,2.0056,-0.2508,-0.0512,2.2955,-1.2166,3.2101,1.9935,Michael Kidd-Gilchrist
203078,2015-2017,13047.0,13019.0,2.1809,-1.7949,0.2727,0.0589,0.4932,0.5452,0.386,0.3316,1.0383,2.9467,-1.1908,1.756,Bradley Beal
203079,2015-2017,11602.0,11567.0,-1.5846,-2.0284,1.0035,0.0759,0.2104,1.2584,-3.613,1.0793,1.4688,-0.3707,-0.6942,-1.0649,Dion Waiters
203080,2015-2017,4398.0,4427.0,-2.1524,1.4396,0.4287,0.1043,-0.3684,-1.8479,-0.7128,0.533,-2.2163,-2.0921,-0.304,-2.3961,Thomas Robinson
203081,2015-2017,16668.0,16593.0,5.0754,-1.5459,0.5583,-0.076,0.216,-0.0291,3.5295,0.4823,0.1869,5.8496,-1.6509,4.1987,Damian Lillard
203082,2015-2017,11352.0,11335.0,-0.0307,-0.4247,1.0414,-0.5413,0.449,-1.4113,-0.4554,0.5001,-0.9623,1.4597,-2.3773,-0.9176,Terrence Ross
203083,2015-2017,14869.0,14744.0,-0.2782,2.4376,-0.4367,-0.8442,0.2079,0.115,2.1594,-1.2809,0.3229,-0.507,1.7084,1.2014,Andre Drummond
203084,2015-2017,14352.0,14326.0,0.1612,-1.3027,-0.4831,0.0246,-0.2551,1.2756,-1.1415,-0.4584,1.0205,-0.577,-0.0024,-0.5794,Harrison Barnes
203085,2015-2017,10138.0,10137.0,-1.1821,-2.0825,0.2481,0.174,-0.0383,1.1297,-3.2646,0.4221,1.0913,-0.9724,-0.7788,-1.7512,Austin Rivers
203086,2015-2017,6823.0,6778.0,-2.2472,-0.1199,0.927,0.2093,-0.1704,0.46,-2.3672,1.1363,0.2895,-1.4907,0.5494,-0.9413,Meyers Leonard
203087,2015-2017,5930.0,5920.0,0.4462,0.6379,-0.1201,-0.1551,-0.1178,0.622,1.0841,-0.2753,0.5042,0.2083,1.1048,1.313,Jeremy Lamb
203088,2015-2017,1645.0,1626.0,-0.9751,-0.9994,0.5646,-0.2668,0.1692,-0.6384,-1.9745,0.2977,-0.4692,-0.2414,-1.9047,-2.146,Kendall Marshall
203089,2015-2017,6444.0,6445.0,-2.9321,3.1627,0.0569,-0.1642,-0.3764,-0.4405,0.2307,-0.1073,-0.8169,-3.2516,2.558,-0.6936,John Henson
203090,2015-2017,8733.0,8753.0,-0.8706,0.3944,0.7135,-0.0401,0.3236,-0.0054,-0.4762,0.6734,0.3181,0.1664,0.3489,0.5153,Maurice Harkless
203092,2015-2017,5999.0,6004.0,-1.416,-0.3239,-0.2891,0.7118,-0.277,0.625,-1.74,0.4227,0.3479,-1.9822,1.0128,-0.9694,Tyler Zeller
203093,2015-2017,6468.0,6466.0,-1.0443,0.5404,-0.6786,-0.4236,-0.4898,-1.1493,-0.5039,-1.1021,-1.6391,-2.2127,-1.0324,-3.2451,Terrence Jones
203094,2015-2017,3281.0,3283.0,-2.7889,-0.785,-0.0215,-0.4534,-0.2517,0.7151,-3.5738,-0.4749,0.4634,-3.0621,-0.5233,-3.5854,Andrew Nicholson
203095,2015-2017,12853.0,12827.0,0.8379,-2.0155,-0.5588,0.0679,0.1674,0.3042,-1.1776,-0.491,0.4716,0.4465,-1.6435,-1.197,Evan Fournier
203096,2015-2017,7231.0,7235.0,-0.2497,1.1371,-0.6614,-0.0234,-0.2401,0.4821,0.8875,-0.6848,0.242,-1.1512,1.5958,0.4446,Jared Sullinger
203098,2015-2017,1637.0,1633.0,-0.411,-1.8132,0.2065,-0.1147,-0.3771,-0.1593,-2.2242,0.0917,-0.5364,-0.5817,-2.0872,-2.6689,John Jenkins
203099,2015-2017,1000.0,1004.0,-3.8974,-2.4382,0.1447,1.1369,0.1534,0.1061,-6.3356,1.2816,0.2595,-3.5994,-1.1951,-4.7945,Jared Cunningham
203100,2015-2017,2093.0,2082.0,-0.2168,-3.8641,0.5518,-0.0033,-0.3742,-1.1435,-4.0809,0.5484,-1.5177,-0.0393,-5.0109,-5.0502,Tony Wroten
203101,2015-2017,5009.0,5023.0,-2.5059,1.9707,-0.5853,-0.33,-0.0582,-1.0077,-0.5352,-0.9153,-1.0659,-3.1494,0.633,-2.5163,Miles Plumlee
203103,2015-2017,1268.0,1281.0,-4.1156,-1.6785,0.4261,-0.5311,-0.2813,-0.563,-5.7941,-0.105,-0.8443,-3.9708,-2.7726,-6.7434,Perry Jones III
203105,2015-2017,2615.0,2642.0,-1.9516,1.6438,-0.4108,-0.2095,0.0207,0.7744,-0.3078,-0.6204,0.795,-2.3418,2.2087,-0.1331,Festus Ezeli
203106,2015-2017,816.0,823.0,-2.7303,-2.0059,0.5361,0.0813,-0.3141,-0.4385,-4.7362,0.6174,-0.7526,-2.5083,-2.3631,-4.8714,Jeffery Taylor
203107,2015-2017,1394.0,1397.0,-1.8634,-0.3693,0.3886,0.0831,0.1743,1.2529,-2.2327,0.4717,1.4272,-1.3004,0.9667,-0.3337,Tomas Satoransky
203108,2015-2017,312.0,311.0,-2.3783,2.2428,0.3306,0.0165,-0.0131,-0.1301,-0.1354,0.3472,-0.1432,-2.0608,2.1293,0.0685,Bernard James
203109,2015-2017,12786.0,12817.0,1.3621,1.2988,0.2172,0.0278,0.5354,0.2893,2.6609,0.245,0.8247,2.1147,1.6159,3.7306,Jae Crowder
203110,2015-2017,16238.0,16212.0,1.1866,4.1996,0.2899,0.2976,0.1578,1.253,5.3862,0.5875,1.4108,1.6343,5.7503,7.3845,Draymond Green
203111,2015-2017,208.0,210.0,-6.1357,-1.5314,0.1741,-0.4622,0.0006,-0.2559,-7.6671,-0.2881,-0.2553,-5.961,-2.2495,-8.2105,Orlando Johnson
203112,2015-2017,5420.0,5418.0,-1.6363,0.6714,-0.3521,-0.1307,-0.7679,-0.2452,-0.9649,-0.4827,-1.0132,-2.7562,0.2954,-2.4608,Quincy Acy
203113,2015-2017,247.0,250.0,-4.4197,0.2158,0.2768,0.2688,0.0771,0.6584,-4.2039,0.5456,0.7355,-4.0658,1.143,-2.9228,Quincy Miller
203114,2015-2017,12003.0,12016.0,1.149,0.5241,0.1705,0.1461,0.7286,1.6501,1.6731,0.3167,2.3787,2.0481,2.3204,4.3685,Khris Middleton
203115,2015-2017,10146.0,10178.0,0.4927,-0.2375,-0.0724,0.218,-0.3836,-0.1414,0.2551,0.1455,-0.5251,0.0366,-0.161,-0.1244,Will Barton
203118,2015-2017,4887.0,4919.0,0.5637,-0.8554,-0.0892,0.1924,-0.58,1.9443,-0.2918,0.1032,1.3642,-0.1056,1.2812,1.1757,Mike Scott
203120,2015-2017,3847.0,3859.0,-0.3054,1.2232,0.4109,-0.1439,-0.9395,-1.2822,0.9178,0.2669,-2.2218,-0.8341,-0.2029,-1.037,Justin Hamilton
203121,2015-2017,87.0,88.0,-8.8768,-3.0121,0.0718,0.7965,-0.0457,0.0858,-11.8889,0.8684,0.0402,-8.8507,-2.1297,-10.9803,Darius Miller
203123,2015-2017,2164.0,2163.0,-2.5693,-0.5175,0.6261,0.1276,-0.1715,0.3719,-3.0868,0.7536,0.2004,-2.1147,-0.0181,-2.1327,Kostas Papanikolaou
203124,2015-2017,5526.0,5538.0,-1.8548,3.6768,-0.5606,-0.9763,-0.1148,-1.4761,1.822,-1.5369,-1.5908,-2.5301,1.2244,-1.3057,Kyle O'Quinn
203128,2015-2017,953.0,944.0,-1.9186,3.0137,1.4672,0.1857,-0.0078,-1.3281,1.0951,1.6529,-1.3359,-0.4591,1.8712,1.4121,Furkan Aldemir
203133,2015-2017,1464.0,1448.0,-2.9233,0.0174,0.7441,-0.2829,0.0564,-1.4018,-2.9059,0.4612,-1.3454,-2.1228,-1.6672,-3.79,Robbie Hummel
203135,2015-2017,2852.0,2854.0,-4.03,-0.0073,0.829,0.3759,0.0621,0.9572,-4.0374,1.2049,1.0193,-3.1389,1.3258,-1.8131,Robert Sacre
203136,2015-2017,149.0,156.0,-2.2415,0.4424,1.1442,0.5842,-0.1276,-0.1193,-1.7991,1.7284,-0.247,-1.2249,0.9072,-0.3177,Ognjen Kuzmic
203138,2015-2017,9321.0,9338.0,-1.2842,-1.1804,-0.3283,0.0299,-0.362,-0.9457,-2.4646,-0.2984,-1.3077,-1.9746,-2.0961,-4.0707,Hollis Thompson
203141,2015-2017,7485.0,7485.0,0.2353,-1.5374,-0.1021,0.1732,-0.0037,1.3993,-1.3021,0.0711,1.3957,0.1295,0.0352,0.1647,Mirza Teletovic
203142,2015-2017,1905.0,1906.0,-2.7035,-3.4085,-0.0879,0.1366,0.2119,0.0301,-6.1119,0.0488,0.242,-2.5794,-3.2417,-5.8211,Chris Copeland
203143,2015-2017,3952.0,3941.0,1.0649,2.3096,0.0597,0.0043,-0.194,-0.8898,3.3745,0.064,-1.0839,0.9306,1.4241,2.3546,Pablo Prigioni
203144,2015-2017,1526.0,1537.0,3.3655,-0.9313,-0.0851,0.2347,-0.2544,-0.7195,2.4343,0.1496,-0.9739,3.026,-1.4161,1.6099,Alexey Shved
203145,2015-2017,10783.0,10851.0,-1.2953,0.8152,-0.9766,0.0755,-0.2164,-0.2834,-0.4802,-0.9011,-0.4998,-2.4883,0.6073,-1.881,Kent Bazemore
203148,2015-2017,4291.0,4322.0,-0.1785,-1.9847,-0.2668,-0.2352,-0.2189,0.3004,-2.1632,-0.502,0.0815,-0.6642,-1.9195,-2.5837,Brian Roberts
203156,2015-2017,3214.0,3206.0,-2.273,-0.0038,-0.201,-0.3135,-0.7154,-0.5797,-2.2767,-0.5145,-1.2951,-3.1894,-0.897,-4.0864,Henry Sims
203186,2015-2017,2898.0,2931.0,-1.1167,1.4588,-0.4582,-0.0244,-0.0237,0.6504,0.3421,-0.4827,0.6267,-1.5986,2.0848,0.4862,Willie Reed
203187,2015-2017,2722.0,2748.0,-2.2936,0.6049,0.2758,-0.0499,0.1161,0.3514,-1.6887,0.2258,0.4675,-1.9017,0.9064,-0.9954,Chris Johnson
203200,2015-2017,6206.0,6215.0,-0.5171,0.7513,-0.9422,0.0231,-0.2204,-0.2176,0.2342,-0.9191,-0.438,-1.6796,0.5567,-1.1228,Justin Holiday
203210,2015-2017,7231.0,7215.0,-1.3837,0.4689,-0.0801,0.0122,0.2706,-0.6208,-0.9148,-0.0679,-0.3502,-1.1931,-0.1397,-1.3328,JaMychal Green
203268,2015-2017,482.0,478.0,-0.874,-0.0943,-0.1795,0.2018,-0.0214,-0.1987,-0.9684,0.0223,-0.2201,-1.0749,-0.0912,-1.1661,Jorge Gutierrez
203315,2015-2017,37.0,37.0,-6.8119,-3.3375,1.056,0.5224,-0.0182,0.1719,-10.1495,1.5784,0.1537,-5.7741,-2.6432,-8.4173,Toure' Murry
203318,2015-2017,85.0,79.0,-7.6869,-4.4415,0.4821,0.5543,-0.0284,-0.2415,-12.1284,1.0364,-0.2699,-7.2332,-4.1287,-11.3619,Glen Rice
203382,2015-2017,6979.0,6998.0,-2.0624,0.4762,0.0908,0.1214,0.1333,1.6221,-1.5862,0.2122,1.7554,-1.8383,2.2197,0.3814,Aron Baynes
203457,2015-2017,10503.0,10536.0,-1.6424,4.2028,-1.1766,-1.0254,-0.5897,-1.2051,2.5604,-2.2021,-1.7948,-3.4088,1.9723,-1.4365,Nerlens Noel
203458,2015-2017,10054.0,10062.0,-4.1215,1.4667,-0.3046,-0.5615,-0.2354,0.1465,-2.6549,-0.8661,-0.0889,-4.6616,1.0517,-3.6099,Alex Len
203459,2015-2017,10250.0,10228.0,-0.9505,-0.6089,0.253,-0.4687,-0.1334,-1.001,-1.5594,-0.2157,-1.1344,-0.8309,-2.0787,-2.9095,Allen Crabbe
203460,2015-2017,10524.0,10567.0,-2.24,1.622,1.0775,0.2594,-0.1601,1.6983,-0.618,1.3369,1.5382,-1.3225,3.5796,2.2571,Andre Roberson
203461,2015-2017,2540.0,2540.0,-2.3496,-0.1373,0.4506,-0.3321,-0.3412,-2.7031,-2.4869,0.1185,-3.0443,-2.2402,-3.1725,-5.4128,Anthony Bennett
203462,2015-2017,3824.0,3810.0,-1.5877,-3.1537,-0.0399,0.2477,-0.3439,-1.8374,-4.7414,0.2078,-2.1813,-1.9716,-4.7434,-6.715,Archie Goodwin
203463,2015-2017,10700.0,10685.0,-1.6665,-2.0216,0.0968,-0.0139,0.5285,1.3226,-3.6881,0.0829,1.8511,-1.0412,-0.7129,-1.7541,Ben McLemore
203468,2015-2017,13178.0,13148.0,1.8221,-1.6785,0.3146,0.0511,0.111,1.6681,0.1436,0.3657,1.779,2.2477,0.0406,2.2884,CJ McCollum
203469,2015-2017,9814.0,9784.0,-1.2165,1.8827,0.5639,0.1443,0.7833,0.8899,0.6662,0.7082,1.6732,0.1307,2.9169,3.0476,Cody Zeller
203471,2015-2017,11191.0,11216.0,1.1871,-2.3514,-0.2399,-0.1008,-0.0077,0.4336,-1.1644,-0.3407,0.4259,0.9396,-2.0187,-1.0791,Dennis Schröder
203473,2015-2017,5623.0,5641.0,-2.731,3.6689,-0.4263,-0.0671,-0.0262,0.0435,0.9379,-0.4934,0.0172,-3.1835,3.6453,0.4618,Dewayne Dedmon
203475,2015-2017,899.0,911.0,-2.1227,-2.4059,0.4071,-0.2396,-0.1466,-0.3271,-4.5285,0.1675,-0.4737,-1.8621,-2.9726,-4.8347,Erick Green
203476,2015-2017,13897.0,13955.0,-1.0686,2.8691,0.1126,-0.0384,0.2632,0.2173,1.8005,0.0741,0.4805,-0.6928,3.0479,2.3551,Gorgui Dieng
203477,2015-2017,6928.0,6944.0,0.7245,-1.8132,-1.9051,0.2195,-0.4451,-0.4566,-1.0888,-1.6857,-0.9017,-1.6257,-2.0504,-3.6761,Isaiah Canaan
203479,2015-2017,32.0,30.0,-5.3304,-1.6815,0.0043,0.718,0.0113,-0.18,-7.0119,0.7222,-0.1687,-5.3149,-1.1435,-6.4585,Jamaal Franklin
203481,2015-2017,2593.0,2606.0,-1.6943,3.6822,0.2479,-0.8161,0.2628,-0.1661,1.9879,-0.5682,0.0967,-1.1836,2.7,1.5164,Jeff Withey
203482,2015-2017,8894.0,8856.0,0.1287,0.9664,-1.2556,0.1874,-0.0503,1.2976,1.095,-1.0682,1.2473,-1.1772,2.4514,1.2742,Kelly Olynyk
203484,2015-2017,15674.0,15605.0,0.1938,-1.269,0.1908,-0.1404,0.7401,1.5332,-1.0752,0.0505,2.2733,1.1248,0.1238,1.2486,Kentavious Caldwell-Pope
203485,2015-2017,1192.0,1180.0,-1.711,0.875,0.0168,0.0277,0.2267,-1.0515,-0.8359,0.0444,-0.8248,-1.4675,-0.1488,-1.6163,Lorenzo Brown
203486,2015-2017,11803.0,11807.0,-0.5561,1.7163,0.6912,0.0403,0.6175,-1.7912,1.1601,0.7315,-1.1736,0.7526,-0.0346,0.718,Mason Plumlee
203487,2015-2017,9186.0,9197.0,-1.8635,-0.0024,-0.1577,0.1273,-0.2263,0.5003,-1.8658,-0.0304,0.274,-2.2475,0.6252,-1.6223,Michael Carter-Williams
203488,2015-2017,4602.0,4626.0,-0.2119,1.1556,0.0184,0.2387,-0.1824,-0.6403,0.9437,0.2571,-0.8228,-0.376,0.7541,0.3781,Mike Muscala
203489,2015-2017,473.0,475.0,-4.9468,-1.4818,0.306,0.139,-0.0456,0.0832,-6.4286,0.445,0.0376,-4.6865,-1.2596,-5.946,Nate Wolters
203490,2015-2017,12739.0,12723.0,0.902,1.6139,0.2558,-0.2892,0.2378,-1.3503,2.516,-0.0334,-1.1125,1.3956,-0.0256,1.37,Otto Porter Jr.
203492,2015-2017,3811.0,3799.0,-1.1913,-1.5016,0.1215,-0.0534,0.1776,-1.3909,-2.6929,0.0681,-1.2133,-0.8922,-2.9459,-3.8381,Ray McCallum
203493,2015-2017,2422.0,2428.0,-0.7505,0.3549,0.7048,0.1152,-0.0622,-0.0394,-0.3956,0.82,-0.1015,-0.1078,0.4308,0.323,Reggie Bullock Jr.
203495,2015-2017,482.0,482.0,-3.9915,-3.9836,0.5587,0.1055,-0.0196,-0.3069,-7.9752,0.6642,-0.3265,-3.4524,-4.1851,-7.6375,Ricky Ledo
203496,2015-2017,11967.0,11913.0,0.6371,1.9859,-1.0626,0.2162,-0.1152,0.9522,2.623,-0.8464,0.837,-0.5407,3.1543,2.6136,Robert Covington
203497,2015-2017,12867.0,12879.0,0.1232,4.5461,0.0742,0.5173,0.0,1.6268,4.6693,0.5915,1.6268,0.1974,6.6902,6.8876,Rudy Gobert
203498,2015-2017,8058.0,8114.0,1.1384,-3.3484,-1.0043,0.1059,-0.0227,-0.5014,-2.21,-0.8984,-0.5241,0.1114,-3.7439,-3.6325,Shabazz Muhammad
203499,2015-2017,7005.0,7030.0,-0.524,0.7949,-0.3897,-0.3264,-0.6143,-2.332,0.2708,-0.7161,-2.9463,-1.528,-1.8635,-3.3916,Shane Larkin
203500,2015-2017,12397.0,12365.0,-1.1085,0.7153,-0.1097,0.0598,-0.6514,1.5255,-0.3932,-0.0498,0.874,-1.8696,2.3006,0.431,Steven Adams
203501,2015-2017,9356.0,9366.0,1.1627,-2.4294,-0.4674,-0.036,0.1796,0.4134,-1.2667,-0.5033,0.593,0.875,-2.052,-1.177,Tim Hardaway Jr.
203503,2015-2017,9980.0,9981.0,-1.4919,-1.0212,1.1033,0.2765,0.2787,1.7029,-2.5131,1.3798,1.9816,-0.1099,0.9582,0.8484,Tony Snell
203504,2015-2017,8303.0,8322.0,-0.0426,-2.7596,-0.5997,-0.2388,-0.1965,-0.5511,-2.8022,-0.8385,-0.7475,-0.8388,-3.5495,-4.3883,Trey Burke
203505,2015-2017,151.0,151.0,-4.5988,-2.4891,0.3728,0.18,-0.0965,-0.492,-7.0878,0.5528,-0.5885,-4.3224,-2.8011,-7.1235,Vander Blue
203506,2015-2017,14386.0,14377.0,0.3799,-0.3387,0.101,0.2512,0.0751,0.895,0.0412,0.3521,0.9701,0.556,0.8075,1.3635,Victor Oladipo
203507,2015-2017,16084.0,16073.0,0.7238,1.8776,0.1805,0.3852,0.143,-1.5453,2.6015,0.5657,-1.4023,1.0474,0.7175,1.7648,Giannis Antetokounmpo
203508,2015-2017,1907.0,1909.0,-1.336,-0.9412,0.4633,0.0689,0.2511,0.2334,-2.2771,0.5322,0.4845,-0.6216,-0.6388,-1.2605,Sergey Karasev
203510,2015-2017,171.0,171.0,-1.1782,-1.6731,-0.1413,0.2935,0.1363,0.6146,-2.8513,0.1522,0.7509,-1.1832,-0.765,-1.9482,Pierre Jackson
203511,2015-2017,106.0,108.0,-5.2702,-2.073,2.3803,0.2219,-0.026,-0.2385,-7.3432,2.6022,-0.2644,-2.9159,-2.0896,-5.0054,Grant Jerrett
203512,2015-2017,2665.0,2696.0,-2.1701,5.0,0.0616,-0.3695,0.4124,-0.9169,2.8298,-0.308,-0.5045,-1.6962,3.7135,2.0173,Lucas Nogueira
203515,2015-2017,1813.0,1816.0,-0.9164,0.4245,-0.1116,0.11,-0.0869,-0.3045,-0.4919,-0.0016,-0.3914,-1.1148,0.23,-0.8848,Phil Pressey
203516,2015-2017,5543.0,5564.0,-0.8681,0.1258,0.2935,-0.1911,0.0629,0.4359,-0.7423,0.1024,0.4988,-0.5118,0.3707,-0.141,James Ennis III
203518,2015-2017,2172.0,2189.0,-0.15,-0.8063,-0.001,-0.07,0.1684,-0.435,-0.9562,-0.0709,-0.2666,0.0175,-1.3113,-1.2938,Alex Abrines
203521,2015-2017,10223.0,10231.0,-0.8733,-1.6011,1.1752,0.3739,0.3954,0.6338,-2.4743,1.5491,1.0292,0.6974,-0.5934,0.104,Matthew Dellavedova
203524,2015-2017,11160.0,11193.0,-1.6504,-0.2564,0.4498,-0.1033,0.4348,0.6861,-1.9068,0.3465,1.1209,-0.7658,0.3263,-0.4395,Solomon Hill
203526,2015-2017,3482.0,3485.0,-1.4381,-0.4838,-0.2207,-0.2092,0.3929,1.1781,-1.922,-0.4299,1.571,-1.266,0.4851,-0.7809,Raul Neto
203527,2015-2017,3528.0,3528.0,-3.1586,0.0494,-0.1347,0.0362,-0.1403,0.0386,-3.1092,-0.0984,-0.1017,-3.4336,0.1243,-3.3093,Ryan Kelly
203530,2015-2017,4576.0,4603.0,-1.3501,-0.7046,-0.4556,-0.3102,-0.3014,-1.0096,-2.0547,-0.7658,-1.311,-2.107,-2.0245,-4.1315,Joffrey Lauvergne
203539,2015-2017,82.0,84.0,-6.8216,-3.0496,-0.0306,-0.0946,0.0246,0.1063,-9.8712,-0.1252,0.1309,-6.8277,-3.0379,-9.8656,Gal Mekel
203540,2015-2017,403.0,407.0,-0.5815,-0.6857,0.0672,-0.2656,0.0295,0.4232,-1.2672,-0.1984,0.4526,-0.4849,-0.5281,-1.013,Gigi Datome
203544,2015-2017,2075.0,2073.0,-1.5931,-1.7305,-0.5002,0.2252,0.2987,1.3458,-3.3236,-0.275,1.6444,-1.7946,-0.1595,-1.9542,Pero Antic
203545,2015-2017,46.0,46.0,-7.7437,-2.5708,0.9858,0.3505,0.0261,-0.0116,-10.3144,1.3363,0.0144,-6.7318,-2.2319,-8.9637,Miroslav Raduljica
203546,2015-2017,3902.0,3900.0,-0.0005,-0.9652,0.0426,0.0938,-0.2869,-1.3729,-0.9657,0.1363,-1.6598,-0.2449,-2.2442,-2.4891,Ian Clark
203552,2015-2017,5337.0,5324.0,1.8793,-0.4129,-0.5387,-0.1862,-0.2404,0.0704,1.4664,-0.725,-0.17,1.1002,-0.5288,0.5714,Seth Curry
203561,2015-2017,846.0,848.0,-2.3741,-0.9133,0.7296,0.5262,-0.1664,-1.1323,-3.2874,1.2558,-1.2987,-1.8109,-1.5194,-3.3304,Brandon Davies
203564,2015-2017,11.0,12.0,-7.7128,-2.5783,0.837,0.6234,-0.0018,-0.0056,-10.291,1.4604,-0.0074,-6.8776,-1.9605,-8.8381,Kalin Lucas
203565,2015-2017,55.0,56.0,-8.2162,-3.5959,1.276,0.2485,-0.0647,-0.06,-11.8121,1.5245,-0.1247,-7.0049,-3.4074,-10.4123,Patrick Christopher
203580,2015-2017,427.0,421.0,-2.5076,-2.894,-0.2384,-0.4522,-0.1711,-0.0135,-5.4016,-0.6905,-0.1846,-2.9171,-3.3596,-6.2767,Larry Drew II
203584,2015-2017,4104.0,4095.0,0.657,-2.7501,-1.3812,0.4611,-0.2733,-0.4056,-2.0931,-0.9201,-0.679,-0.9975,-2.6947,-3.6922,Troy Daniels
203585,2015-2017,3838.0,3852.0,-1.0468,-1.2221,1.0553,0.5691,0.1747,0.3566,-2.2689,1.6244,0.5312,0.1832,-0.2964,-0.1133,Rodney McGruder
203613,2015-2017,4399.0,4414.0,-2.4998,-1.0118,0.242,0.1689,0.4611,1.8274,-3.5116,0.4109,2.2885,-1.7967,0.9845,-0.8122,Jonathon Simmons
203648,2015-2017,14.0,14.0,-3.4337,-2.8781,0.1916,-0.2844,0.0102,-0.1202,-6.3118,-0.0929,-0.11,-3.232,-3.2827,-6.5147,Thanasis Antetokounmpo
203798,2015-2017,3930.0,3946.0,-2.313,-1.4427,-0.1647,-0.2905,0.0413,-0.6466,-3.7557,-0.4553,-0.6053,-2.4363,-2.3799,-4.8163,PJ Hairston
203805,2015-2017,134.0,137.0,-4.2384,-0.4147,0.3246,0.9964,0.056,-0.117,-4.6531,1.321,-0.061,-3.8578,0.4647,-3.3931,Will Cherry
203893,2015-2017,285.0,282.0,-3.6502,-1.8656,0.0614,0.1785,-0.1619,-0.0106,-5.5159,0.2399,-0.1725,-3.7507,-1.6978,-5.4485,Russ Smith
203894,2015-2017,4086.0,4096.0,-0.3877,-0.6224,-0.8462,0.081,0.2864,-0.3631,-1.0101,-0.7652,-0.0767,-0.9476,-0.9045,-1.852,Shabazz Napier
203895,2015-2017,1139.0,1144.0,-1.6308,-2.3229,0.1045,0.1813,0.2255,-0.3874,-3.9536,0.2858,-0.1619,-1.3007,-2.529,-3.8297,Jordan McRae
203897,2015-2017,11786.0,11812.0,-0.1155,-2.2385,-0.3946,-0.2036,-0.7314,-1.9218,-2.354,-0.5983,-2.6531,-1.2415,-4.3639,-5.6054,Zach LaVine
203898,2015-2017,3317.0,3293.0,-1.9273,-1.246,0.2598,-0.1578,-0.1195,-0.1722,-3.1732,0.102,-0.2917,-1.787,-1.576,-3.363,Tyler Ennis
203900,2015-2017,3454.0,3480.0,-2.0128,-0.1883,-0.2237,0.009,0.4688,-2.6789,-2.2012,-0.2146,-2.2101,-1.7677,-2.8582,-4.6259,Markel Brown
203901,2015-2017,14062.0,14081.0,0.2282,-0.0481,0.1522,-0.0725,0.6343,-0.2758,0.1802,0.0797,0.3586,1.0148,-0.3964,0.6184,Elfrid Payton
203902,2015-2017,1912.0,1927.0,-3.3138,-1.4531,-0.0249,0.5647,0.1445,-0.3451,-4.7669,0.5399,-0.2006,-3.1942,-1.2335,-4.4277,Semaj Christon
203903,2015-2017,12885.0,12894.0,0.3968,-2.0158,0.039,0.0361,-0.3783,-1.3916,-1.619,0.0752,-1.7699,0.0575,-3.3712,-3.3137,Jordan Clarkson
203906,2015-2017,955.0,958.0,-3.737,-0.9019,0.5765,0.3014,0.0066,0.5828,-4.6389,0.8779,0.5894,-3.1539,-0.0176,-3.1715,Devyn Marble
203909,2015-2017,4254.0,4261.0,-2.6021,-0.262,0.0648,-0.1316,-0.0773,0.2924,-2.864,-0.0668,0.2151,-2.6146,-0.1012,-2.7158,KJ McDaniels
203910,2015-2017,552.0,555.0,-5.0048,-2.6361,0.5423,0.4383,-0.1156,0.2269,-7.6408,0.9806,0.1113,-4.5781,-1.9709,-6.549,Nick Johnson
203912,2015-2017,765.0,768.0,-2.1742,-1.3998,0.3793,-0.0682,0.0786,0.2916,-3.5739,0.3111,0.3703,-1.7162,-1.1763,-2.8925,C.J. Wilcox
203913,2015-2017,1101.0,1102.0,-1.065,-2.936,0.1236,-0.4284,-0.0908,-1.594,-4.001,-0.3047,-1.6848,-1.0322,-4.9584,-5.9906,Jabari Brown
203914,2015-2017,10046.0,10026.0,0.7704,-0.6703,0.002,-0.3242,0.1723,-1.8098,0.1002,-0.3221,-1.6376,0.9448,-2.8043,-1.8595,Gary Harris
203915,2015-2017,3932.0,3932.0,-0.6023,-0.0055,-0.0877,0.0271,-0.4441,-0.1228,-0.6078,-0.0606,-0.5669,-1.1342,-0.1011,-1.2353,Spencer Dinwiddie
203917,2015-2017,10429.0,10446.0,-1.3989,-1.9124,-0.6269,-0.1698,0.0972,-0.4925,-3.3113,-0.7967,-0.3953,-1.9286,-2.5747,-4.5033,Nik Stauskas
203918,2015-2017,9755.0,9695.0,0.0926,-1.3189,-0.1959,0.1071,0.4873,0.3445,-1.2263,-0.0888,0.8318,0.3839,-0.8672,-0.4833,Rodney Hood
203919,2015-2017,519.0,519.0,-2.0239,0.3949,0.3479,0.6514,0.0558,-0.1311,-1.629,0.9993,-0.0753,-1.6202,0.9152,-0.705,Jordan Adams
203921,2015-2017,1564.0,1551.0,-3.8513,-1.2494,0.4545,-0.0785,-0.3853,0.5033,-5.1007,0.3761,0.1181,-3.782,-0.8245,-4.6065,Cleanthony Early
203922,2015-2017,4332.0,4329.0,-1.0402,-0.2552,0.1913,-0.0909,-0.1228,0.1492,-1.2955,0.1003,0.0264,-0.9718,-0.1969,-1.1687,Glenn Robinson III
203923,2015-2017,1519.0,1535.0,-1.4362,-1.1235,-0.044,0.3255,-0.1075,-0.9425,-2.5597,0.2815,-1.05,-1.5876,-1.7405,-3.3281,James Young
203924,2015-2017,9941.0,9962.0,-3.0573,0.3689,-0.1183,-0.3487,0.1409,-0.1248,-2.6884,-0.467,0.0161,-3.0347,-0.1046,-3.1393,Jerami Grant
203925,2015-2017,3453.0,3466.0,-2.1057,-1.8183,0.1596,-0.0211,-0.5674,-0.8862,-3.924,0.1385,-1.4536,-2.5135,-2.7257,-5.2392,Joe Harris
203926,2015-2017,7391.0,7370.0,-1.2656,-2.9484,-0.3283,0.0122,-0.2797,-0.8047,-4.214,-0.3161,-1.0844,-1.8736,-3.741,-5.6146,Doug McDermott
203928,2015-2017,1159.0,1165.0,-3.3696,-0.0172,-0.1611,-0.3832,0.1973,1.3583,-3.3869,-0.5443,1.5557,-3.3334,0.9579,-2.3756,Cory Jefferson
203930,2015-2017,5108.0,5092.0,0.6163,-2.3238,0.039,-0.2719,0.178,-1.4511,-1.7075,-0.2329,-1.2731,0.8333,-4.0468,-3.2134,Sean Kilpatrick
203932,2015-2017,9940.0,9981.0,0.0539,0.2586,0.0822,0.1829,0.5736,-0.2272,0.3125,0.2651,0.3464,0.7097,0.2142,0.924,Aaron Gordon
203933,2015-2017,7754.0,7762.0,-0.4188,-0.7253,0.3216,-0.4017,-0.0822,-0.6914,-1.1441,-0.0801,-0.7736,-0.1794,-1.8184,-1.9978,T.J. Warren
203934,2015-2017,885.0,891.0,-3.7507,-1.6533,0.0868,0.3182,0.291,0.1886,-5.404,0.405,0.4797,-3.3729,-1.1464,-4.5194,Lamar Patterson
203935,2015-2017,11984.0,12036.0,0.1915,0.7949,-0.2996,0.3154,0.152,0.2409,0.9864,0.0158,0.3928,0.0439,1.3511,1.395,Marcus Smart
203937,2015-2017,5144.0,5160.0,-2.0917,3.0173,0.5425,0.2197,0.493,0.0649,0.9256,0.7622,0.5579,-1.0562,3.302,2.2457,Kyle Anderson
203939,2015-2017,5057.0,5069.0,-0.0983,2.1994,-1.1971,-0.3585,-0.4756,-1.3019,2.1011,-1.5557,-1.7776,-1.7711,0.5389,-1.2321,Dwight Powell
203940,2015-2017,2650.0,2669.0,-5.5985,-0.4382,0.1655,-0.0523,0.1431,-1.847,-6.0367,0.1132,-1.7039,-5.2899,-2.3375,-7.6274,Adreian Payne
203943,2015-2017,5319.0,5311.0,-3.7337,0.4647,-0.4459,0.0633,-0.2036,0.3922,-3.269,-0.3826,0.1887,-4.3832,0.9203,-3.4629,Noah Vonleh
203944,2015-2017,8986.0,8984.0,-2.3541,0.0876,-0.2013,-0.2781,-0.0693,-1.275,-2.2665,-0.4794,-1.3443,-2.6247,-1.4655,-4.0902,Julius Randle
203945,2015-2017,29.0,27.0,-6.5191,-2.9281,0.5066,0.7022,-0.0285,-0.145,-9.4473,1.2088,-0.1735,-6.041,-2.3709,-8.4119,Alex Kirk
203946,2015-2017,346.0,340.0,-6.32,-0.4609,0.7101,-0.0456,-0.0184,-0.0995,-6.7809,0.6645,-0.1179,-5.6282,-0.6061,-6.2343,Cameron Bairstow
203948,2015-2017,2530.0,2542.0,-5.2623,-2.2301,0.769,0.1399,0.1006,-0.6638,-7.4924,0.9089,-0.5632,-4.3927,-2.7539,-7.1466,Johnny O'Bryant III
203949,2015-2017,1756.0,1758.0,-1.6663,1.0913,0.3937,-0.1892,-0.3492,-0.6614,-0.575,0.2045,-1.0106,-1.6218,0.2407,-1.3811,James McAdoo
203950,2015-2017,307.0,302.0,-0.6276,0.5675,0.7015,0.5672,-0.0917,0.2807,-0.06,1.2687,0.189,-0.0177,1.4154,1.3977,Jarnell Stokes
203951,2015-2017,57.0,53.0,-6.2041,-3.8886,0.4265,-0.5906,0.0046,0.2161,-10.0927,-0.1641,0.2207,-5.773,-4.263,-10.036,Keith Appling
203952,2015-2017,17590.0,17571.0,-0.0145,-3.2024,0.4917,-0.0423,0.2878,-0.2626,-3.2169,0.4494,0.0252,0.765,-3.5073,-2.7423,Andrew Wiggins
203953,2015-2017,9670.0,9673.0,0.1247,-1.3568,0.3317,-0.0761,-0.1349,-1.7344,-1.2321,0.2556,-1.8693,0.3215,-3.1673,-2.8458,Jabari Parker
203954,2015-2017,1607.0,1579.0,0.8,2.1982,-0.2665,0.4446,-0.1102,1.3542,2.9982,0.1781,1.2439,0.4233,3.997,4.4203,Joel Embiid
203955,2015-2017,405.0,410.0,-1.4915,-2.7251,0.2326,-0.2579,0.0479,-0.3945,-4.2166,-0.0252,-0.3466,-1.211,-3.3774,-4.5884,Bryce Cotton
203956,2015-2017,1166.0,1164.0,-2.9098,0.695,-0.8671,-0.6536,0.2806,0.096,-2.2148,-1.5207,0.3766,-3.4963,0.1373,-3.359,Mitch McGary
203957,2015-2017,5719.0,5705.0,-2.6519,-2.5544,0.1815,0.6454,-0.0455,1.2347,-5.2063,0.8268,1.1893,-2.5159,-0.6743,-3.1902,Dante Exum
203958,2015-2017,42.0,41.0,-6.9292,-3.695,0.835,0.9338,-0.0345,-0.0062,-10.6241,1.7688,-0.0408,-6.1287,-2.7674,-8.8961,Andre Dawkins
203960,2015-2017,4451.0,4473.0,-3.6813,-1.2439,-0.4043,0.101,0.1725,-0.6051,-4.9252,-0.3032,-0.4326,-3.9131,-1.748,-5.661,JaKarr Sampson
203961,2015-2017,109.0,110.0,-5.0303,0.6752,-0.2228,0.018,0.0352,-0.096,-4.3551,-0.2048,-0.0609,-5.218,0.5972,-4.6208,Eric Moreland
203962,2015-2017,179.0,178.0,-2.6548,0.2944,-0.715,0.2722,0.0869,-0.0748,-2.3604,-0.4428,0.0121,-3.2829,0.4918,-2.7911,Josh Huestis
203963,2015-2017,290.0,295.0,-1.0413,0.1056,0.1456,0.0995,0.0209,0.0213,-0.9357,0.2451,0.0422,-0.8748,0.2263,-0.6484,Shayne Whittington
203967,2015-2017,4407.0,4408.0,-0.5565,-1.4917,-0.2118,-0.1238,-0.1691,1.0502,-2.0482,-0.3356,0.8811,-0.9373,-0.5653,-1.5027,Dario Saric
203968,2015-2017,6.0,4.0,-6.6309,-2.2204,0.4704,0.5808,-0.0004,0.0783,-8.8513,1.0512,0.0779,-6.1609,-1.5613,-7.7222,Jerrelle Benimon
203991,2015-2017,6281.0,6316.0,-0.1137,2.183,-0.6808,-0.2981,0.2124,0.5656,2.0693,-0.9788,0.778,-0.582,2.4505,1.8685,Clint Capela
203994,2015-2017,6122.0,6115.0,-3.43,2.0415,1.2313,0.1095,0.2081,0.8196,-1.3885,1.3408,1.0276,-1.9907,2.9706,0.9799,Jusuf Nurkić
203996,2015-2017,307.0,310.0,-4.0377,0.8055,0.0372,-0.5618,-0.1143,-0.0087,-3.2322,-0.5246,-0.123,-4.1149,0.235,-3.8799,Damien Inglis
203998,2015-2017,213.0,214.0,-5.7644,-2.5592,0.7764,0.3964,-0.0738,-0.0538,-8.3236,1.1728,-0.1276,-5.0618,-2.2166,-7.2783,Bruno Caboclo
203999,2015-2017,7637.0,7580.0,3.7464,3.032,0.2533,0.5976,0.5819,0.7187,6.7783,0.8509,1.3006,4.5815,4.3483,8.9298,Nikola Jokić
204001,2015-2017,8326.0,8281.0,-0.9896,1.4912,0.279,0.0337,0.1655,1.3247,0.5017,0.3127,1.4902,-0.5451,2.8497,2.3046,Kristaps Porziņģis
204002,2015-2017,204.0,201.0,-3.2916,2.3962,-0.4312,-0.1713,0.1205,-0.3771,-0.8954,-0.6024,-0.2566,-3.6022,1.8478,-1.7545,Edy Tavares
204014,2015-2017,3236.0,3230.0,-1.668,-2.5814,0.4504,0.2372,-0.1725,-0.0656,-4.2494,0.6876,-0.2381,-1.3901,-2.4097,-3.7998,Damjan Rudez
204020,2015-2017,7231.0,7226.0,0.1364,0.3373,-0.2375,0.2501,-0.5388,0.0419,0.4737,0.0125,-0.4969,-0.64,0.6293,-0.0107,Tyler Johnson
204021,2015-2017,6.0,5.0,-6.134,-1.5158,0.236,0.6558,0.0156,-0.0169,-7.6498,0.8918,-0.0013,-5.8824,-0.8769,-6.7593,Sim Bhullar
204022,2015-2017,182.0,187.0,-5.0475,0.5809,-0.4775,0.0975,0.0432,0.0839,-4.4666,-0.38,0.1271,-5.4818,0.7623,-4.7195,Jack Cooley
204025,2015-2017,5069.0,5082.0,-0.0171,-0.4075,-0.2446,-0.0036,0.0572,-0.4335,-0.4247,-0.2482,-0.3763,-0.2045,-0.8446,-1.0491,Tim Frazier
204028,2015-2017,5487.0,5490.0,-2.1404,0.9511,-0.0046,0.3452,0.2659,1.2587,-1.1894,0.3407,1.5247,-1.8791,2.5551,0.676,Tarik Black
204033,2015-2017,14.0,14.0,-6.0788,-3.1067,0.6432,0.445,0.0059,-0.1474,-9.1855,1.0882,-0.1415,-5.4297,-2.8091,-8.2387,David Wear
204037,2015-2017,1268.0,1284.0,-4.1741,-1.5253,0.8103,0.1026,-0.2859,-0.0881,-5.6994,0.9129,-0.3741,-3.6497,-1.5108,-5.1606,Travis Wear
204038,2015-2017,9864.0,9854.0,-0.7096,-0.1647,-0.0472,0.0339,-0.0295,0.4463,-0.8743,-0.0133,0.4168,-0.7863,0.3155,-0.4708,Langston Galloway
204054,2015-2017,156.0,153.0,-2.4167,-3.052,0.5273,0.4986,-0.0551,-0.1584,-5.4687,1.0259,-0.2134,-1.9445,-2.7118,-4.6563,Zoran Dragic
204060,2015-2017,9337.0,9349.0,-0.2419,1.0803,-0.349,-0.3996,-0.1125,-0.9936,0.8384,-0.7485,-1.1061,-0.7033,-0.3129,-1.0163,Joe Ingles
204065,2015-2017,74.0,74.0,-3.7839,-1.6549,0.4583,0.1611,0.1027,0.2564,-5.4389,0.6195,0.3591,-3.2229,-1.2374,-4.4603,David Stockton
204067,2015-2017,448.0,457.0,-0.01,-1.1495,-0.5714,0.1761,-0.2111,-0.1039,-1.1595,-0.3953,-0.315,-0.7924,-1.0774,-1.8698,Jarell Eddie
204079,2015-2017,153.0,153.0,-4.8802,-2.1335,0.07,-0.289,-0.0897,-0.2606,-7.0137,-0.219,-0.3504,-4.9,-2.6831,-7.583,Drew Gordon
204098,2015-2017,481.0,485.0,-2.8912,0.2451,0.1944,0.2616,0.2356,-0.5314,-2.6462,0.456,-0.2957,-2.4612,-0.0247,-2.4859,Xavier Munford
204456,2015-2017,7705.0,7730.0,0.646,1.9871,-0.7081,-0.8633,0.1294,-1.0506,2.633,-1.5713,-0.9212,0.0673,0.0732,0.1405,T.J. McConnell
1626143,2015-2017,5408.0,5386.0,-2.383,-2.0936,-0.9119,0.2514,-0.7634,-0.6169,-4.4766,-0.6605,-1.3803,-4.0583,-2.4591,-6.5174,Jahlil Okafor
1626144,2015-2017,7103.0,7097.0,-2.0614,-2.794,-0.1843,-0.0631,-0.0658,-0.5175,-4.8554,-0.2474,-0.5833,-2.3115,-3.3746,-5.6862,Emmanuel Mudiay
1626145,2015-2017,2685.0,2713.0,0.902,1.378,-0.7218,-0.1064,0.2722,-1.2549,2.2801,-0.8282,-0.9827,0.4524,0.0167,0.4692,Tyus Jones
1626146,2015-2017,71.0,75.0,-4.6825,-1.5979,-0.5111,-0.0466,-0.023,0.0463,-6.2803,-0.5577,0.0233,-5.2166,-1.5981,-6.8147,Cliff Alexander
1626147,2015-2017,3744.0,3734.0,-0.1493,0.4259,-0.2842,-0.1645,-0.5256,-0.7137,0.2766,-0.4487,-1.2393,-0.9591,-0.4523,-1.4114,Justin Anderson
1626148,2015-2017,1505.0,1501.0,-3.3754,-1.1807,0.7015,0.0832,-0.1657,0.4896,-4.5561,0.7847,0.324,-2.8396,-0.6079,-3.4475,Anthony Brown
1626149,2015-2017,2984.0,2996.0,0.3446,0.0599,-0.6122,0.6324,0.2539,-0.0406,0.4045,0.0202,0.2134,-0.0137,0.6517,0.6381,Montrezl Harrell
1626150,2015-2017,2853.0,2842.0,-2.1146,-0.4816,-0.8022,1.0346,0.2109,0.5962,-2.5962,0.2323,0.8071,-2.7059,1.1492,-1.5568,Andrew Harrison
1626151,2015-2017,236.0,237.0,-5.0297,-1.2866,0.8084,0.2795,-0.0089,0.0368,-6.3163,1.0879,0.028,-4.2302,-0.9703,-5.2004,Aaron Harrison
1626153,2015-2017,1316.0,1312.0,0.78,0.8361,-0.1338,0.5055,0.0467,0.4039,1.6162,0.3718,0.4506,0.693,1.7456,2.4385,Delon Wright
1626154,2015-2017,667.0,670.0,-2.287,-0.0536,0.2388,-0.3431,-0.3556,0.8163,-2.3406,-0.1043,0.4607,-2.4038,0.4196,-1.9842,RJ Hunter
1626155,2015-2017,2976.0,2975.0,0.7918,-0.3097,0.8002,0.1153,0.0919,0.1194,0.4821,0.9155,0.2113,1.684,-0.075,1.6089,Sam Dekker
1626156,2015-2017,8243.0,8258.0,0.7972,-1.5346,-0.522,0.1461,-0.3197,-0.9218,-0.7374,-0.3759,-1.2415,-0.0445,-2.3103,-2.3548,D'Angelo Russell
1626157,2015-2017,11201.0,11180.0,2.4795,1.4091,0.0643,-0.2587,0.5501,-1.3422,3.8886,-0.1944,-0.7921,3.0939,-0.1918,2.9021,Karl-Anthony Towns
1626158,2015-2017,3916.0,3928.0,0.0255,1.7215,-0.1577,-0.2346,0.1645,-1.9271,1.7469,-0.3923,-1.7626,0.0323,-0.4402,-0.4079,Richaun Holmes
1626159,2015-2017,5618.0,5634.0,-3.4088,-0.2798,0.5164,0.0065,-0.0163,2.0249,-3.6886,0.5228,2.0086,-2.9087,1.7515,-1.1572,Justise Winslow
1626161,2015-2017,5697.0,5731.0,-1.3295,1.7618,-0.0366,-0.377,0.1117,-1.108,0.4324,-0.4136,-0.9963,-1.2544,0.2769,-0.9775,Willie Cauley-Stein
1626162,2015-2017,4637.0,4670.0,-2.7057,-0.2169,0.9213,-0.2715,0.4637,0.8107,-2.9226,0.6499,1.2744,-1.3207,0.3223,-0.9984,Kelly Oubre Jr.
1626163,2015-2017,7329.0,7318.0,-0.4431,-0.4181,-0.1621,0.1723,0.13,0.051,-0.8612,0.0101,0.181,-0.4752,-0.1949,-0.6701,Frank Kaminsky
1626164,2015-2017,10062.0,10043.0,-0.738,-3.6167,0.8072,-0.3386,0.5108,-0.7074,-4.3547,0.4686,-0.1966,0.5799,-4.6627,-4.0827,Devin Booker
1626166,2015-2017,2320.0,2334.0,-1.8,-0.589,-0.3396,0.2405,0.0119,-0.0748,-2.389,-0.0991,-0.0629,-2.1278,-0.4233,-2.551,Cameron Payne
1626167,2015-2017,7891.0,7858.0,-2.0213,2.4479,-0.1999,-0.5582,-0.4194,0.1912,0.4266,-0.7582,-0.2281,-2.6406,2.081,-0.5596,Myles Turner
1626168,2015-2017,4813.0,4841.0,-2.2429,-0.9979,0.318,-0.2591,-0.0983,0.8061,-3.2408,0.059,0.7078,-2.0232,-0.4509,-2.4741,Trey Lyles
1626169,2015-2017,6117.0,6128.0,-3.3622,-0.7594,0.6593,0.0081,0.027,0.2494,-4.1216,0.6674,0.2764,-2.676,-0.5019,-3.1779,Stanley Johnson
1626170,2015-2017,4515.0,4514.0,-0.3958,-0.0834,-0.3129,-0.0412,0.02,0.5932,-0.4792,-0.354,0.6132,-0.6887,0.4686,-0.2201,Jerian Grant
1626171,2015-2017,4194.0,4199.0,-1.3189,-0.4363,-0.4561,-0.3587,-0.1912,-0.3696,-1.7552,-0.8148,-0.5608,-1.9662,-1.1646,-3.1308,Bobby Portis
1626172,2015-2017,977.0,984.0,-1.5116,1.9201,0.7975,0.5289,-0.3297,-0.3108,0.4085,1.3264,-0.6405,-1.0438,2.1382,1.0944,Kevon Looney
1626173,2015-2017,2872.0,2887.0,-3.5003,-0.8749,0.579,-0.3055,-0.1016,-1.0958,-4.3752,0.2735,-1.1974,-3.0228,-2.2762,-5.2991,Rashad Vaughn
1626174,2015-2017,523.0,523.0,-0.9183,1.0376,-0.6819,-0.4291,-0.0574,-0.1538,0.1193,-1.111,-0.2113,-1.6577,0.4547,-1.203,Christian Wood
1626175,2015-2017,403.0,411.0,-4.0903,0.702,0.8316,-0.3558,-0.1039,-0.3968,-3.3883,0.4758,-0.5008,-3.3626,-0.0506,-3.4133,Jordan Mickey
1626176,2015-2017,458.0,454.0,-2.9348,-0.4666,-0.3698,0.5641,-0.0508,-0.3959,-3.4014,0.1943,-0.4467,-3.3555,-0.2983,-3.6537,Rakeem Christmas
1626178,2015-2017,5002.0,5011.0,-1.5957,2.2238,-0.0822,0.318,-0.0805,0.9215,0.6281,0.2357,0.841,-1.7584,3.4632,1.7048,Rondae Hollis-Jefferson
1626179,2015-2017,3184.0,3187.0,-1.1863,-0.3961,-0.1744,0.0986,-0.3389,0.2083,-1.5824,-0.0758,-0.1307,-1.6996,-0.0892,-1.7888,Terry Rozier
1626181,2015-2017,4111.0,4122.0,-0.3321,-0.2413,-0.3182,-0.034,0.5644,-0.6219,-0.5734,-0.3521,-0.0575,-0.0858,-0.8971,-0.983,Norman Powell
1626183,2015-2017,56.0,56.0,-5.0272,-2.2864,-0.0814,-0.0085,0.0184,-0.1766,-7.3136,-0.0899,-0.1583,-5.0903,-2.4715,-7.5617,Branden Dawson
1626184,2015-2017,608.0,606.0,0.478,-0.9083,-0.282,0.2274,0.0831,-0.5558,-0.4303,-0.0546,-0.4727,0.2791,-1.2367,-0.9577,Chasson Randle
1626185,2015-2017,1858.0,1875.0,-3.8497,-0.124,-0.0799,-0.3481,0.0144,0.6107,-3.9737,-0.428,0.6252,-3.9152,0.1386,-3.7766,Jarell Martin
1626188,2015-2017,368.0,371.0,0.111,-2.6403,-0.0573,-0.3815,0.0975,-0.6761,-2.5294,-0.4389,-0.5787,0.1511,-3.698,-3.5469,Quinn Cook
1626191,2015-2017,891.0,890.0,-1.7888,1.5289,-0.2016,-0.4395,0.1891,-1.2679,-0.2599,-0.6412,-1.0788,-1.8014,-0.1785,-1.9799,Chris McCullough
1626192,2015-2017,921.0,919.0,-1.5288,-1.1887,0.5372,-0.1491,-0.1213,-0.2259,-2.7175,0.3881,-0.3472,-1.1129,-1.5637,-2.6766,Pat Connaughton
1626195,2015-2017,2664.0,2675.0,-0.03,1.5753,-0.4846,0.0001,-0.1248,-0.0639,1.5453,-0.4845,-0.1887,-0.6394,1.5115,0.8721,Willy Hernangomez
1626196,2015-2017,5342.0,5357.0,-1.2993,0.2332,0.07,0.236,0.1468,-0.3153,-1.0662,0.306,-0.1685,-1.0825,0.1538,-0.9287,Josh Richardson
1626199,2015-2017,1503.0,1494.0,-2.71,-2.5272,-0.3118,-0.0449,0.0913,0.6641,-5.2372,-0.3566,0.7554,-2.9305,-1.9079,-4.8384,Darrun Hilliard
1626202,2015-2017,1067.0,1061.0,-1.8382,-2.4198,-0.0934,0.1634,-0.2958,-0.4302,-4.258,0.07,-0.726,-2.2274,-2.6866,-4.9141,Joe Young
1626203,2015-2017,370.0,368.0,-1.8644,-0.4254,-0.1086,-0.3525,-0.1435,-0.0845,-2.2898,-0.4611,-0.228,-2.1165,-0.8625,-2.9789,Treveon Graham
1626204,2015-2017,5491.0,5490.0,-0.9194,2.8688,-0.1011,-0.0072,-0.3486,0.4006,1.9494,-0.1083,0.052,-1.3691,3.2622,1.8931,Larry Nance Jr.
1626209,2015-2017,4755.0,4763.0,-2.4294,-1.3057,-0.3855,-0.1391,-0.2157,-0.3267,-3.7352,-0.5246,-0.5424,-3.0307,-1.7715,-4.8022,Mario Hezonja
1626210,2015-2017,1657.0,1653.0,-1.5423,3.0282,-0.1104,-0.6345,0.1268,-0.3436,1.4859,-0.7449,-0.2167,-1.5259,2.0502,0.5243,Alan Williams
1626214,2015-2017,547.0,548.0,-1.8501,0.0436,0.6923,0.1706,-0.062,-0.3805,-1.8065,0.863,-0.4425,-1.2198,-0.1662,-1.386,Bryce Dejean-Jones
1626242,2015-2017,81.0,77.0,-5.8016,-5.1553,0.9952,-0.4175,-0.1334,-0.1391,-10.9569,0.5777,-0.2725,-4.9398,-5.7119,-10.6517,Luis Montero
1626245,2015-2017,2708.0,2687.0,-0.1417,1.2466,-0.069,0.1365,-0.0446,0.5809,1.1049,0.0675,0.5363,-0.2553,1.964,1.7088,Cristiano Felicio
1626246,2015-2017,1575.0,1575.0,3.9284,2.577,-0.3934,-0.9134,-0.0414,-0.2884,6.5053,-1.3067,-0.3298,3.4936,1.3752,4.8688,Boban Marjanovic
1626251,2015-2017,51.0,50.0,-5.1741,-3.0841,0.6679,-0.3101,-0.0255,-0.0011,-8.2582,0.3579,-0.0266,-4.5317,-3.3952,-7.9269,Duje Dukan
1626253,2015-2017,693.0,699.0,-3.0242,-0.4649,-0.08,0.4262,0.2275,-0.764,-3.489,0.3462,-0.5365,-2.8767,-0.8027,-3.6793,Axel Toupane
1626254,2015-2017,666.0,658.0,-2.7306,0.3995,0.182,-0.047,0.0083,0.0435,-2.3311,0.1349,0.0518,-2.5404,0.396,-2.1444,Maurice Ndour
1626257,2015-2017,2488.0,2485.0,-2.9903,4.9413,-0.2032,-1.1196,0.0813,0.5394,1.9509,-1.3229,0.6207,-3.1123,4.361,1.2487,Salah Mejri
1626262,2015-2017,11.0,12.0,-4.48,-2.635,-0.2287,-0.5489,0.0333,-0.0415,-7.115,-0.7775,-0.0083,-4.6755,-3.2254,-7.9008,Coty Clarke
1626266,2015-2017,15.0,14.0,-5.9318,-2.4828,0.0772,-0.3037,-0.005,-0.041,-8.4147,-0.2265,-0.046,-5.8597,-2.8275,-8.6871,JJ O'Brien
1626273,2015-2017,2203.0,2208.0,-1.5597,-1.2331,0.37,-0.3948,-0.1555,-0.0969,-2.7928,-0.0248,-0.2524,-1.3452,-1.7248,-3.07,Marcelo Huertas
1626780,2015-2017,463.0,463.0,-1.3569,-2.8744,-0.5292,0.0579,-0.1688,-0.9727,-4.2313,-0.4713,-1.1415,-2.0549,-3.7892,-5.8441,Jonathan Gibson
1627098,2015-2017,2520.0,2515.0,-2.5824,-2.0997,-0.255,-0.2241,0.0169,1.4473,-4.6822,-0.4791,1.4642,-2.8205,-0.8766,-3.6971,Malcolm Delaney
1627293,2015-2017,147.0,145.0,-3.269,-0.5341,1.154,-0.0911,-0.0385,0.1419,-3.803,1.0629,0.1034,-2.1535,-0.4832,-2.6367,Alex Stepheson
1627362,2015-2017,722.0,715.0,-1.9041,0.4681,0.3121,0.1872,-0.0331,-1.5908,-1.436,0.4994,-1.6239,-1.625,-0.9356,-2.5605,Briante Weber
1627733,2015-2017,1172.0,1170.0,-4.3253,-0.6255,-0.0506,-0.0188,0.2894,0.1524,-4.9508,-0.0694,0.4418,-4.0865,-0.4919,-4.5784,Dragan Bender
1627734,2015-2017,3267.0,3272.0,-4.642,-0.7119,-0.0293,-0.164,-0.2478,1.793,-5.3539,-0.1933,1.5452,-4.9191,0.9171,-4.002,Domantas Sabonis
1627735,2015-2017,807.0,806.0,-4.005,-1.2943,0.198,-0.126,-0.3587,-0.3489,-5.2993,0.072,-0.7077,-4.1657,-1.7692,-5.9349,Wade Baldwin IV
1627736,2015-2017,362.0,356.0,0.0522,-2.1314,-0.169,0.0081,0.0683,0.7417,-2.0791,-0.161,0.81,-0.0485,-1.3816,-1.4301,Malik Beasley
1627737,2015-2017,3661.0,3657.0,-2.442,0.4009,-0.2664,-0.0133,0.035,-1.3107,-2.0411,-0.2797,-1.2757,-2.6734,-0.9231,-3.5965,Marquese Chriss
1627738,2015-2017,468.0,471.0,-5.0265,1.6664,0.1784,-0.6304,-0.0161,-0.02,-3.3601,-0.4519,-0.0362,-4.8642,1.016,-3.8482,Deyonta Davis
1627739,2015-2017,2616.0,2644.0,-3.8865,2.0669,-0.1368,0.564,0.5883,-0.6749,-1.8196,0.4271,-0.0866,-3.4351,1.956,-1.479,Kris Dunn
1627740,2015-2017,291.0,291.0,-2.1138,-2.6659,0.6014,-0.2377,-0.0239,0.2391,-4.7797,0.3637,0.2152,-1.5363,-2.6645,-4.2008,Henry Ellenson
1627741,2015-2017,3793.0,3776.0,-0.0573,-2.0157,-0.008,-0.212,-0.5323,0.2716,-2.073,-0.22,-0.2608,-0.5976,-1.9562,-2.5538,Buddy Hield
1627742,2015-2017,4670.0,4672.0,-2.9173,-2.1129,0.1912,0.3129,0.5249,-0.4738,-5.0302,0.5041,0.0511,-2.2013,-2.2738,-4.4751,Brandon Ingram
1627743,2015-2017,34.0,35.0,-0.787,-1.8833,-0.1846,0.6132,-0.0099,-0.0724,-2.6704,0.4286,-0.0823,-0.9815,-1.3426,-2.3241,Demetrius Jackson
1627744,2015-2017,18.0,19.0,-6.2873,-2.0239,0.2755,-0.1635,0.0128,0.1106,-8.3112,0.112,0.1234,-5.999,-2.0768,-8.0758,Brice Johnson
1627745,2015-2017,169.0,172.0,-5.4443,-1.0061,-0.8465,0.0141,-0.0439,-0.0166,-6.4504,-0.8323,-0.0605,-6.3347,-1.0085,-7.3433,Damian Jones
1627746,2015-2017,1224.0,1222.0,-0.7407,-0.0947,-0.3764,-0.0299,-0.1237,-0.0495,-0.8354,-0.4063,-0.1732,-1.2407,-0.1741,-1.4148,Skal Labissiere
1627747,2015-2017,2647.0,2659.0,0.2491,-0.0694,0.1324,-0.0129,0.0995,-0.6466,0.1797,0.1195,-0.5471,0.481,-0.7289,-0.2479,Caris LeVert
1627748,2015-2017,1070.0,1076.0,-0.934,0.9901,-0.7437,0.1303,0.0874,-0.2683,0.0561,-0.6134,-0.1809,-1.5903,0.852,-0.7383,Thon Maker
1627749,2015-2017,630.0,636.0,-2.9136,-2.2691,-0.216,0.0403,0.029,0.1961,-5.1827,-0.1758,0.225,-3.1006,-2.0328,-5.1334,Dejounte Murray
1627750,2015-2017,3642.0,3659.0,0.1717,-1.7041,-0.5639,0.0633,0.2368,0.1509,-1.5324,-0.5006,0.3877,-0.1554,-1.4898,-1.6452,Jamal Murray
1627751,2015-2017,1226.0,1222.0,-2.7742,0.7102,-0.3419,0.4888,-0.1315,0.1944,-2.064,0.1469,0.0629,-3.2477,1.3935,-1.8542,Jakob Poeltl
1627752,2015-2017,2008.0,2001.0,-2.5893,0.6749,-0.1234,-0.0792,-0.4266,1.8263,-1.9145,-0.2027,1.3997,-3.1394,2.422,-0.7174,Taurean Prince
1627754,2015-2017,50.0,52.0,-8.5219,-3.0169,-0.386,-0.95,-0.0881,0.0054,-11.5387,-1.3359,-0.0826,-8.9959,-3.9614,-12.9573,Diamond Stone
1627755,2015-2017,2369.0,2365.0,-0.2748,-1.2757,0.2139,-0.5734,-0.0901,-0.1648,-1.5506,-0.3595,-0.2549,-0.151,-2.0139,-2.1649,Tyler Ulis
1627756,2015-2017,1968.0,1956.0,-1.9738,-0.4039,0.0935,-0.123,-0.0107,0.3567,-2.3777,-0.0295,0.346,-1.8911,-0.1702,-2.0612,Denzel Valentine
1627757,2015-2017,214.0,214.0,-6.22,0.6078,-0.0648,-0.2076,-0.0556,-0.2294,-5.6121,-0.2723,-0.2849,-6.3403,0.1709,-6.1694,Stephen Zimmerman
1627758,2015-2017,1689.0,1699.0,-2.5076,-0.5998,0.0419,0.2437,0.0634,-0.3469,-3.1073,0.2856,-0.2835,-2.4023,-0.7029,-3.1052,Ron Baker
1627759,2015-2017,2714.0,2725.0,-2.0514,-1.1565,0.1354,-0.0556,-0.2647,-0.0355,-3.2079,0.0798,-0.3002,-2.1806,-1.2476,-3.4282,Jaylen Brown
1627761,2015-2017,741.0,743.0,-2.3913,-1.5446,0.6791,0.4162,0.0021,0.101,-3.9359,1.0954,0.103,-1.7101,-1.0274,-2.7375,DeAndre' Bembry
1627762,2015-2017,105.0,110.0,-1.1177,0.1701,-0.5354,-0.1186,0.0366,0.3434,-0.9476,-0.654,0.38,-1.6165,0.3948,-1.2216,Joel Bolomboy
1627763,2015-2017,3888.0,3899.0,1.4237,0.3202,-0.2666,-0.193,0.4876,-0.1028,1.744,-0.4596,0.3848,1.6447,0.0245,1.6691,Malcolm Brogdon
1627767,2015-2017,408.0,413.0,-1.8829,0.7848,-0.1216,-0.6682,-0.0827,-0.4997,-1.0982,-0.7898,-0.5824,-2.0872,-0.3832,-2.4704,Cheick Diallo
1627770,2015-2017,779.0,792.0,-2.7861,-1.1261,-0.2123,-0.054,-0.1712,0.0929,-3.9122,-0.2663,-0.0783,-3.1696,-1.0872,-4.2568,Kay Felder
1627771,2015-2017,64.0,65.0,-6.0438,-4.2248,0.699,0.4046,0.0347,0.0574,-10.2687,1.1036,0.0921,-5.3101,-3.7628,-9.0729,Michael Gbinije
1627773,2015-2017,321.0,323.0,-5.4956,0.4784,-0.1365,-0.2447,0.0213,-0.1562,-5.0172,-0.3813,-0.1349,-5.6108,0.0774,-5.5334,AJ Hammons
1627774,2015-2017,512.0,508.0,-3.1168,-2.4678,-0.2789,0.2653,-0.0606,0.309,-5.5846,-0.0136,0.2485,-3.4563,-1.8934,-5.3497,Jake Layman
1627775,2015-2017,2259.0,2256.0,-1.212,-0.694,0.2156,0.2195,-0.738,-0.5243,-1.9061,0.435,-1.2623,-1.7345,-0.9989,-2.7334,Patrick McCaw
1627777,2015-2017,194.0,187.0,-6.1593,-2.7113,0.6582,-0.0613,0.0186,-0.0538,-8.8706,0.5969,-0.0352,-5.4826,-2.8263,-8.3089,Georges Niang
1627778,2015-2017,110.0,110.0,-2.7981,0.2434,0.5768,-0.058,-0.0593,-0.4908,-2.5548,0.5188,-0.5501,-2.2806,-0.3054,-2.586,Chinanu Onuaku
1627780,2015-2017,194.0,197.0,-4.3745,-0.8539,0.6167,0.0108,-0.1424,-0.4683,-5.2285,0.6275,-0.6107,-3.9003,-1.3114,-5.2117,Gary Payton II
1627781,2015-2017,389.0,394.0,-1.8521,-1.8067,-0.0724,0.1164,-0.1367,0.2818,-3.6588,0.0439,0.1451,-2.0612,-1.4085,-3.4698,Malachi Richardson
1627782,2015-2017,459.0,461.0,-2.1889,-2.5824,0.6395,0.052,-0.1344,0.0061,-4.7713,0.6915,-0.1283,-1.6837,-2.5243,-4.2081,Wayne Selden
1627783,2015-2017,1689.0,1697.0,-4.1107,1.8709,-0.5716,-0.5256,0.0198,-0.0724,-2.2398,-1.0972,-0.0526,-4.6625,1.273,-3.3896,Pascal Siakam
1627784,2015-2017,222.0,222.0,-1.845,-0.4887,0.4071,0.5505,-0.0729,-0.9247,-2.3337,0.9576,-0.9976,-1.5108,-0.8629,-2.3737,Jarrod Uthoff
1627785,2015-2017,3426.0,3431.0,-3.6457,-1.9369,0.1305,-0.0439,0.4872,0.7223,-5.5826,0.0866,1.2095,-3.028,-1.2584,-4.2864,Isaiah Whitehead
1627786,2015-2017,1109.0,1108.0,-2.5254,-0.2092,0.5493,-0.2219,-0.1416,-0.5124,-2.7347,0.3274,-0.654,-2.1178,-0.9435,-3.0613,Troy Williams
1627787,2015-2017,99.0,102.0,-3.5054,-1.5556,0.0821,0.1331,-0.0916,-0.1446,-5.061,0.2152,-0.2362,-3.5149,-1.5671,-5.082,Kyle Wiltjer
1627789,2015-2017,2485.0,2471.0,-2.3154,-1.6115,-0.76,0.4683,-0.0615,1.0518,-3.927,-0.2917,0.9903,-3.1369,-0.0914,-3.2283,Timothe Luwawu-Cabarrot
1627791,2015-2017,22.0,23.0,-7.6814,-3.5091,0.6234,-0.2299,-0.0147,-0.1258,-11.1904,0.3935,-0.1405,-7.0726,-3.8648,-10.9374,Ben Bentil
1627812,2015-2017,2349.0,2353.0,0.7033,-0.6783,-0.6853,-0.1223,-0.1352,-0.5629,0.0251,-0.8076,-0.6981,-0.1171,-1.3635,-1.4807,Yogi Ferrell
1627815,2015-2017,555.0,565.0,-1.1149,-0.851,0.2911,-0.0643,-0.1752,0.3011,-1.9659,0.2268,0.126,-0.999,-0.6142,-1.6132,Sheldon McClellan
1627816,2015-2017,319.0,322.0,-0.4137,-1.1541,0.0123,-0.1696,-0.0085,-0.6037,-1.5678,-0.1573,-0.6121,-0.4098,-1.9274,-2.3372,Alex Poythress
1627817,2015-2017,164.0,164.0,-2.1005,-1.5212,-0.3311,0.5805,-0.0216,0.0543,-3.6217,0.2493,0.0327,-2.4533,-0.8864,-3.3397,Tim Quarterman
1627819,2015-2017,109.0,112.0,-5.569,-1.751,0.5611,0.5174,0.0133,-0.3022,-7.32,1.0786,-0.2889,-4.9946,-1.5357,-6.5303,Isaiah Taylor
1627823,2015-2017,1756.0,1740.0,0.1759,1.0592,0.5317,-0.0179,0.0709,-0.9386,1.2351,0.5138,-0.8677,0.7785,0.1027,0.8812,Juancho Hernangomez
1627826,2015-2017,1277.0,1281.0,-2.3283,1.2407,0.1169,-0.1685,-0.1279,-0.9026,-1.0876,-0.0516,-1.0305,-2.3393,0.1697,-2.1696,Ivica Zubac
1627827,2015-2017,3134.0,3137.0,-2.0512,0.0934,0.5538,0.2872,0.1739,-0.324,-1.9577,0.841,-0.15,-1.3234,0.0566,-1.2668,Dorian Finney-Smith
1627832,2015-2017,597.0,595.0,-3.1645,0.1781,-0.1615,-0.0173,-0.0265,0.8846,-2.9863,-0.1788,0.8581,-3.3524,1.0453,-2.307,Fred VanVleet
1627834,2015-2017,707.0,705.0,-3.4836,0.3545,-0.0746,0.1803,0.023,-0.6648,-3.1291,0.1056,-0.6418,-3.5352,-0.1301,-3.6653,Georgios Papagiannis
1627835,2015-2017,1678.0,1683.0,-3.6174,-1.0361,0.211,-0.0735,0.1922,0.9438,-4.6535,0.1375,1.136,-3.2142,-0.1658,-3.3801,Paul Zipser
1627848,2015-2017,482.0,480.0,2.5116,0.9137,-0.7074,0.2086,0.1727,-0.6602,3.4253,-0.4988,-0.4875,1.9768,0.4622,2.4391,Shawn Long
1627849,2015-2017,139.0,146.0,-5.7624,-0.8171,0.3964,-0.1276,0.0138,-0.2349,-6.5795,0.2689,-0.221,-5.3521,-1.1795,-6.5317,Daniel Ochefu
1627850,2015-2017,343.0,347.0,-2.2936,-0.558,0.2016,0.4698,0.0748,-0.0416,-2.8516,0.6713,0.0333,-2.0173,-0.1298,-2.147,Marshall Plumlee
1627851,2015-2017,2042.0,2046.0,0.4466,-1.7538,-0.0861,0.1831,-0.0919,0.1812,-1.3073,0.097,0.0893,0.2685,-1.3895,-1.121,Mindaugas Kuzminskas
1627852,2015-2017,1023.0,1025.0,-0.1128,0.2079,0.1103,0.1913,-0.0897,-1.8083,0.0951,0.3016,-1.898,-0.0922,-1.409,-1.5013,Nicolas Brussino
1627854,2015-2017,560.0,571.0,-2.2824,-3.4105,-0.0571,0.0819,-0.2471,-0.2035,-5.6929,0.0248,-0.4506,-2.5866,-3.5321,-6.1187,Bryn Forbes
1627855,2015-2017,916.0,937.0,-3.3035,0.0742,0.68,-0.1257,0.459,0.2903,-3.2293,0.5543,0.7492,-2.1645,0.2388,-1.9257,Okaro White
1627861,2015-2017,47.0,51.0,-6.0318,-3.3981,0.9368,0.1515,-0.0771,0.1341,-9.4299,1.0883,0.0571,-5.1721,-3.1125,-8.2846,Mike Tobey
1627863,2015-2017,1.0,2.0,-5.7871,-2.5958,0.3016,-0.2334,-0.0062,0.0383,-8.3829,0.0682,0.0321,-5.4917,-2.7909,-8.2826,Danuel House Jr.
1627868,2015-2017,87.0,82.0,-8.0504,-3.9426,0.1794,-0.4061,-0.0125,-0.0928,-11.993,-0.2267,-0.1053,-7.8835,-4.4415,-12.325,Patricio Garino
1627875,2015-2017,98.0,97.0,-3.9385,-1.4268,-0.3471,0.1042,-0.035,-0.1667,-5.3653,-0.2429,-0.2017,-4.3205,-1.4893,-5.8099,Marcus Georges-Hunt
1627879,2015-2017,333.0,341.0,-0.9177,-2.0871,0.2099,0.1209,-0.1327,-0.1921,-3.0048,0.3309,-0.3248,-0.8405,-2.1582,-2.9987,Nicolas Laprovittola
1627884,2015-2017,1145.0,1130.0,-1.6927,-0.424,-0.2354,-0.0266,0.3666,0.4972,-2.1166,-0.262,0.8639,-1.5614,0.0467,-1.5148,Derrick Jones Jr.
1628021,2015-2017,822.0,824.0,-1.6621,0.1871,0.6186,-0.1351,0.0345,0.7558,-1.475,0.4835,0.7904,-1.009,0.8079,-0.2011,David Nwaba
1713,2018-2020,6837.0,6811.0,-1.1958,0.0389,-0.4149,-0.0311,-0.5029,0.1808,-1.1569,-0.446,-0.322,-2.1135,0.1886,-1.9249,Vince Carter
1717,2018-2020,5418.0,5388.0,-0.7174,1.1073,-0.7716,-0.6379,-0.0027,-0.9616,0.3898,-1.4095,-0.9643,-1.4918,-0.4922,-1.984,Dirk Nowitzki
1891,2018-2020,1642.0,1643.0,-2.0492,0.2403,0.5089,0.4021,0.0247,-0.5256,-1.8089,0.911,-0.5009,-1.5156,0.1168,-1.3988,Jason Terry
1938,2018-2020,2648.0,2616.0,-0.6225,-1.5504,-0.5136,-0.079,0.2395,-0.0308,-2.1729,-0.5926,0.2087,-0.8967,-1.6602,-2.5569,Manu Ginobili
2037,2018-2020,5904.0,5912.0,0.4224,-3.0205,-1.2072,-0.6195,-0.665,-2.5582,-2.598,-1.8266,-3.2232,-1.4498,-6.1981,-7.6479,Jamal Crawford
2199,2018-2020,4725.0,4744.0,-2.333,1.7008,-0.586,-0.1156,-0.2589,1.2362,-0.6322,-0.7017,0.9772,-3.1779,2.8213,-0.3566,Tyson Chandler
2200,2018-2020,4316.0,4334.0,-0.3887,3.2026,-0.9356,0.5224,-0.6354,-0.1752,2.8139,-0.4133,-0.8106,-1.9597,3.5498,1.5901,Pau Gasol
2207,2018-2020,2430.0,2417.0,-2.9307,-1.947,0.531,-0.4117,-0.4927,0.4569,-4.8777,0.1193,-0.0358,-2.8923,-1.9019,-4.7942,Joe Johnson
2210,2018-2020,338.0,333.0,-3.6295,-0.7929,0.8397,0.1325,-0.1126,-0.2667,-4.4224,0.9722,-0.3793,-2.9024,-0.9271,-3.8295,Richard Jefferson
2216,2018-2020,2971.0,2961.0,-0.9784,-1.894,-0.2264,-0.2603,-0.2899,-1.4214,-2.8724,-0.4868,-1.7113,-1.4948,-3.5757,-5.0705,Zach Randolph
2225,2018-2020,4186.0,4188.0,-0.9932,-2.207,-0.2833,-0.4133,-0.167,0.8564,-3.2002,-0.6966,0.6895,-1.4435,-1.7639,-3.2073,Tony Parker
2403,2018-2020,2707.0,2697.0,-2.4191,1.3097,-0.2773,0.2632,0.4709,2.2255,-1.1094,-0.0141,2.6963,-2.2255,3.7984,1.5729,Nene
2544,2018-2020,15147.0,15141.0,4.6464,1.3307,0.7286,0.3991,0.4128,0.5824,5.9771,1.1277,0.9952,5.7878,2.3122,8.1,LeBron James
2546,2018-2020,9616.0,9595.0,-1.6718,-1.3663,0.7119,-0.3377,0.1844,-1.004,-3.0381,0.3742,-0.8197,-0.7755,-2.708,-3.4836,Carmelo Anthony
2548,2018-2020,7106.0,7116.0,-0.7173,-1.2129,-0.0811,0.3034,-0.5073,-0.0375,-1.9303,0.2223,-0.5448,-1.3057,-0.9471,-2.2528,Dwyane Wade
2555,2018-2020,152.0,152.0,-1.8321,-1.2729,-0.6003,-0.0722,-0.0062,0.097,-3.1049,-0.6725,0.0908,-2.4386,-1.2481,-3.6867,Nick Collison
2561,2018-2020,1953.0,1958.0,-0.3255,3.52,-0.3223,-0.0434,-0.2219,0.5818,3.1945,-0.3657,0.3599,-0.8697,4.0584,3.1887,David West
2570,2018-2020,28.0,31.0,-4.4096,-2.6486,0.2158,0.4886,0.0508,-0.0744,-7.0582,0.7044,-0.0236,-4.143,-2.2344,-6.3774,Kendrick Perkins
2585,2018-2020,3782.0,3814.0,-1.0924,1.6331,-0.2584,0.2096,0.0233,-0.2342,0.5407,-0.0488,-0.2108,-1.3274,1.6085,0.2811,Zaza Pachulia
2594,2018-2020,8192.0,8199.0,0.4372,-0.9816,-0.2542,0.4105,0.0872,1.5688,-0.5444,0.1563,1.656,0.2703,0.9976,1.2678,Kyle Korver
2617,2018-2020,390.0,396.0,-5.1021,-0.9217,0.5255,-0.4552,-0.3132,0.3196,-6.0238,0.0703,0.0064,-4.8898,-1.0574,-5.9471,Udonis Haslem
2730,2018-2020,8191.0,8159.0,-1.6083,3.3785,0.5268,-0.7753,0.241,-0.5256,1.7702,-0.2485,-0.2846,-0.8405,2.0776,1.2371,Dwight Howard
2731,2018-2020,755.0,753.0,-1.5892,1.9115,0.3639,-0.3673,-0.16,0.37,0.3223,-0.0034,0.21,-1.3853,1.9142,0.5289,Emeka Okafor
2733,2018-2020,4277.0,4292.0,-2.2112,-0.2928,0.3294,0.1019,0.3347,0.3572,-2.504,0.4313,0.6919,-1.5472,0.1663,-1.3809,Shaun Livingston
2734,2018-2020,4922.0,4916.0,-0.0679,-0.5155,-0.8467,0.7707,0.1826,-0.7049,-0.5833,-0.076,-0.5223,-0.7319,-0.4496,-1.1816,Devin Harris
2736,2018-2020,839.0,839.0,-0.5088,0.2488,0.8365,-0.2294,0.2912,0.6388,-0.26,0.6071,0.93,0.6189,0.6583,1.2771,Luol Deng
2738,2018-2020,7585.0,7596.0,-1.1301,1.8236,0.6595,0.3035,-0.206,0.3748,0.6935,0.9631,0.1687,-0.6766,2.5019,1.8253,Andre Iguodala
2744,2018-2020,967.0,964.0,-1.9821,2.2395,-0.4258,0.0658,0.0884,-0.382,0.2574,-0.36,-0.2936,-2.3195,1.9233,-0.3962,Al Jefferson
2746,2018-2020,24.0,29.0,-4.6433,-4.0455,0.4409,-0.0749,-0.0333,0.0924,-8.6887,0.366,0.0591,-4.2357,-4.028,-8.2637,Josh Smith
2747,2018-2020,5191.0,5208.0,-2.0087,-1.3034,0.4203,-0.0324,-0.0902,-1.2091,-3.3121,0.3879,-1.2992,-1.6785,-2.5449,-4.2234,JR Smith
2749,2018-2020,2067.0,2080.0,-1.8209,-1.4122,-0.0379,0.0368,-0.1707,-1.0651,-3.2331,-0.0011,-1.2359,-2.0295,-2.4405,-4.47,Jameer Nelson
2754,2018-2020,572.0,586.0,-3.7497,-2.1295,0.123,0.3429,0.0949,0.5251,-5.8792,0.4659,0.6201,-3.5317,-1.2615,-4.7932,Tony Allen
2772,2018-2020,12589.0,12621.0,-0.2594,0.6834,-1.0063,-0.2232,0.0174,-0.3368,0.424,-1.2294,-0.3195,-1.2483,0.1234,-1.1249,Trevor Ariza
2863,2018-2020,310.0,303.0,-3.4179,-2.5584,1.0045,0.2769,0.1198,-0.0732,-5.9764,1.2814,0.0466,-2.2936,-2.3548,-4.6484,Damien Wilkins
101106,2018-2020,726.0,725.0,-3.7771,2.4155,-0.19,-0.0181,-0.1956,0.3201,-1.3616,-0.2082,0.1244,-4.1628,2.7175,-1.4453,Andrew Bogut
101107,2018-2020,10794.0,10801.0,-0.5011,1.054,0.5636,-0.2329,-0.1745,-0.0998,0.5529,0.3308,-0.2743,-0.1119,0.7213,0.6094,Marvin Williams
101108,2018-2020,12064.0,11974.0,4.2014,2.1579,0.1841,0.0529,0.6475,0.1226,6.3594,0.237,0.77,5.033,2.3334,7.3664,Chris Paul
101109,2018-2020,3453.0,3473.0,-0.3139,-1.1438,-0.6562,0.0186,-0.257,0.7545,-1.4577,-0.6376,0.4975,-1.2271,-0.3708,-1.5978,Raymond Felton
101112,2018-2020,2114.0,2097.0,-1.4462,0.184,0.9352,-0.2643,0.01,-1.1292,-1.2622,0.6709,-1.1193,-0.501,-1.2095,-1.7106,Channing Frye
101123,2018-2020,4931.0,4898.0,0.7922,-1.6279,0.6197,0.2147,0.1114,0.0409,-0.8357,0.8344,0.1523,1.5233,-1.3723,0.151,Gerald Green
101127,2018-2020,3114.0,3101.0,-1.4462,-1.1853,-0.0616,-0.3096,0.4198,0.3054,-2.6315,-0.3712,0.7252,-1.0881,-1.1894,-2.2775,Jarrett Jack
101133,2018-2020,4979.0,4988.0,-2.3669,1.3222,0.0909,-0.1093,-0.0085,0.6564,-1.0448,-0.0184,0.6479,-2.2846,1.8693,-0.4153,Ian Mahinmi
101139,2018-2020,4912.0,4866.0,0.4865,-1.1761,-1.0264,-0.1726,-0.4299,-0.2031,-0.6896,-1.199,-0.633,-0.9697,-1.5518,-2.5216,CJ Miles
101141,2018-2020,8333.0,8327.0,-0.3664,0.3397,0.4335,-0.2667,0.5789,1.2807,-0.0267,0.1669,1.8596,0.646,1.3537,1.9997,Ersan Ilyasova
101150,2018-2020,13741.0,13693.0,3.5404,-2.3265,0.8072,-0.4137,0.078,-0.5776,1.2139,0.3935,-0.4996,4.4255,-3.3177,1.1078,Lou Williams
101161,2018-2020,3561.0,3577.0,-1.3445,1.4856,0.3963,0.0897,0.0053,0.9077,0.1411,0.486,0.9129,-0.9429,2.4829,1.54,Amir Johnson
101162,2018-2020,5705.0,5701.0,-2.3658,1.0446,-0.4161,0.2356,0.0119,1.2618,-1.3212,-0.1805,1.2737,-2.7701,2.542,-0.228,Marcin Gortat
101181,2018-2020,3122.0,3126.0,-1.3559,-0.784,0.2809,0.4955,-0.4315,-0.6485,-2.1398,0.7764,-1.08,-1.5064,-0.937,-2.4434,Jose Calderon
200746,2018-2020,13908.0,13891.0,1.8401,-0.094,0.4201,0.3824,-0.0508,1.0889,1.7461,0.8025,1.0381,2.2094,1.3774,3.5867,LaMarcus Aldridge
200752,2018-2020,9333.0,9314.0,-0.4428,0.4929,-0.3354,-0.011,-0.3204,1.1212,0.0502,-0.3464,0.8007,-1.0986,1.6031,0.5045,Rudy Gay
200755,2018-2020,12990.0,13024.0,2.6075,-2.1777,-0.9947,-0.0317,0.1018,0.0351,0.4298,-1.0264,0.1369,1.7147,-2.1743,-0.4596,JJ Redick
200757,2018-2020,3820.0,3830.0,-1.6865,2.7058,0.5689,-0.0962,0.1799,0.3517,1.0192,0.4727,0.5316,-0.9377,2.9613,2.0235,Thabo Sefolosha
200765,2018-2020,8597.0,8576.0,-0.2893,0.2623,-1.1616,-0.8412,-0.1797,-0.9313,-0.0269,-2.0028,-1.111,-1.6306,-1.5102,-3.1407,Rajon Rondo
200768,2018-2020,14126.0,14125.0,3.5742,0.881,0.0842,0.154,0.2623,0.8607,4.4552,0.2382,1.1229,3.9207,1.8957,5.8164,Kyle Lowry
200782,2018-2020,15490.0,15483.0,-2.1837,0.9408,0.2463,0.2082,-0.1895,0.042,-1.243,0.4545,-0.1475,-2.1269,1.191,-0.936,P.J. Tucker
200794,2018-2020,8620.0,8582.0,0.4684,1.5412,-0.0271,0.3474,0.2621,2.0622,2.0096,0.3203,2.3243,0.7033,3.9508,4.6541,Paul Millsap
200826,2018-2020,5696.0,5696.0,2.221,-1.9161,-0.5303,-0.297,0.0526,-0.273,0.3049,-0.8272,-0.2204,1.7434,-2.4861,-0.7428,J.J. Barea
201142,2018-2020,10641.0,10644.0,4.1174,0.9951,1.5239,0.0137,0.2634,-1.0165,5.1125,1.5376,-0.7531,5.9048,-0.0078,5.897,Kevin Durant
201143,2018-2020,12733.0,12738.0,0.8582,1.4619,-0.3504,0.324,0.2349,1.1057,2.3201,-0.0264,1.3405,0.7427,2.8916,3.6343,Al Horford
201144,2018-2020,8215.0,8194.0,3.4762,-0.5359,-0.7181,-0.3234,-0.1869,0.3756,2.9403,-1.0415,0.1887,2.5712,-0.4837,2.0875,Mike Conley
201145,2018-2020,10193.0,10238.0,0.2058,-0.9736,-0.4098,-0.0551,-0.29,0.0136,-0.7678,-0.4648,-0.2764,-0.494,-1.0151,-1.5091,Jeff Green
201147,2018-2020,3682.0,3658.0,-1.9481,1.1292,0.5233,0.4696,-0.0808,-0.9739,-0.8189,0.9929,-1.0547,-1.5056,0.6248,-0.8808,Corey Brewer
201148,2018-2020,757.0,756.0,-1.0484,3.0909,-0.1324,-0.5691,0.0292,0.6894,2.0424,-0.7014,0.7186,-1.1516,3.2112,2.0596,Brandan Wright
201149,2018-2020,1613.0,1620.0,-1.2396,3.1061,0.1624,0.1163,-0.1458,0.5748,1.8665,0.2787,0.429,-1.223,3.7971,2.5741,Joakim Noah
201152,2018-2020,13513.0,13548.0,-0.6859,0.2791,0.29,0.3544,-0.1769,0.5226,-0.4069,0.6444,0.3457,-0.5729,1.156,0.5832,Thaddeus Young
201156,2018-2020,2976.0,2989.0,-0.3492,-2.1106,-0.6923,-0.1329,0.1268,-0.3942,-2.4598,-0.8252,-0.2675,-0.9148,-2.6378,-3.5525,Nick Young
201158,2018-2020,9728.0,9721.0,0.6267,-1.8768,-0.4815,-0.2212,-0.1465,-0.4671,-1.2501,-0.7027,-0.6136,-0.0012,-2.5652,-2.5664,Marco Belinelli
201160,2018-2020,1011.0,1016.0,-2.8187,-1.5658,0.5258,0.4528,-0.5413,-0.5466,-4.3844,0.9786,-1.088,-2.8342,-1.6596,-4.4938,Jason Smith
201162,2018-2020,4637.0,4644.0,-2.3455,0.4476,1.0498,0.0528,0.3019,0.952,-1.8979,1.1026,1.2539,-0.9937,1.4524,0.4586,Jared Dudley
201163,2018-2020,8744.0,8759.0,-2.0201,-0.6759,0.923,-0.0683,0.2953,-0.6671,-2.696,0.8547,-0.3718,-0.8018,-1.4113,-2.213,Wilson Chandler
201166,2018-2020,386.0,389.0,-1.4804,-2.6222,-0.2052,0.2471,-0.0832,-0.531,-4.1026,0.0419,-0.6142,-1.7689,-2.9061,-4.675,Aaron Brooks
201167,2018-2020,1360.0,1363.0,-3.7153,-1.9165,0.0292,-0.1579,-0.0109,-0.2165,-5.6318,-0.1287,-0.2274,-3.697,-2.2909,-5.9879,Arron Afflalo
201177,2018-2020,12.0,13.0,-5.5538,-4.2196,0.4521,0.4098,0.0009,0.033,-9.7734,0.8619,0.0339,-5.1008,-3.7768,-8.8776,Josh McRoberts
201188,2018-2020,11990.0,11975.0,-0.5992,2.331,0.1404,0.4952,0.3315,0.6596,1.7317,0.6356,0.9911,-0.1273,3.4858,3.3585,Marc Gasol
201196,2018-2020,793.0,798.0,-1.0576,-0.4415,-0.0816,-0.2795,-0.1755,-0.6626,-1.4991,-0.3611,-0.8381,-1.3147,-1.3836,-2.6983,Ramon Sessions
201229,2018-2020,7611.0,7613.0,-0.4106,-0.3592,-0.5894,0.1327,-0.1317,0.0974,-0.7698,-0.4568,-0.0343,-1.1318,-0.129,-1.2608,Anthony Tolliver
201281,2018-2020,171.0,175.0,-2.3649,-0.4019,0.0393,0.4238,0.0453,0.2078,-2.7668,0.4631,0.253,-2.2803,0.2296,-2.0507,Andre Ingram
201563,2018-2020,3937.0,3937.0,-1.8159,-1.5276,-0.2908,0.0101,0.3513,-0.2095,-3.3435,-0.2807,0.1418,-1.7554,-1.727,-3.4824,Michael Beasley
201565,2018-2020,6545.0,6536.0,1.6802,-3.1237,-0.681,0.0477,-0.1331,-0.3002,-1.4435,-0.6333,-0.4333,0.8661,-3.3761,-2.5101,Derrick Rose
201566,2018-2020,16148.0,16115.0,1.7035,0.614,1.4638,-0.4219,-0.4736,0.4783,2.3174,1.0419,0.0048,2.6937,0.6704,3.3641,Russell Westbrook
201567,2018-2020,8211.0,8215.0,2.3974,1.4676,0.3376,-0.1859,0.1255,-0.5286,3.865,0.1517,-0.4031,2.8605,0.7531,3.6136,Kevin Love
201568,2018-2020,9370.0,9357.0,3.4643,0.3622,0.4535,-0.1325,0.1197,-1.0973,3.8265,0.3211,-0.9776,4.0376,-0.8676,3.17,Danilo Gallinari
201569,2018-2020,11018.0,11010.0,1.4725,-3.0094,1.3642,0.5669,0.5681,1.5238,-1.5369,1.9311,2.092,3.4048,-0.9186,2.4862,Eric Gordon
201571,2018-2020,11116.0,11063.0,2.2997,-1.0595,-1.9238,-0.2039,-0.1058,1.154,1.2403,-2.1278,1.0482,0.2701,-0.1094,0.1607,D.J. Augustin
201572,2018-2020,12499.0,12499.0,-0.2176,1.5484,0.2904,0.2462,0.1338,1.176,1.3308,0.5366,1.3099,0.2066,2.9706,3.1772,Brook Lopez
201573,2018-2020,3271.0,3271.0,-1.884,-2.1559,-0.1901,0.6928,-0.2001,-1.6353,-4.0399,0.5027,-1.8354,-2.2742,-3.0984,-5.3726,Jerryd Bayless
201577,2018-2020,8789.0,8806.0,-1.4938,-2.6331,-0.0927,1.4345,-0.1047,1.782,-4.1269,1.3418,1.6773,-1.6912,0.5834,-1.1078,Robin Lopez
201578,2018-2020,1369.0,1367.0,0.5207,-1.3683,0.7147,0.3032,0.0181,0.7271,-0.8476,1.0179,0.7451,1.2534,-0.338,0.9154,Marreese Speights
201580,2018-2020,7202.0,7170.0,-0.7707,3.3712,-0.5979,-0.9111,-0.0317,-1.4666,2.6005,-1.509,-1.4983,-1.4003,0.9935,-0.4068,JaVale McGee
201583,2018-2020,4172.0,4166.0,-0.0302,-1.0826,0.303,0.2156,-0.0539,-0.1122,-1.1128,0.5186,-0.1661,0.2189,-0.9792,-0.7603,Ryan Anderson
201584,2018-2020,6260.0,6288.0,-0.744,-0.491,-0.1103,-0.3044,-0.0729,-0.5809,-1.235,-0.4147,-0.6538,-0.9272,-1.3763,-2.3035,Courtney Lee
201585,2018-2020,3795.0,3806.0,-2.175,2.0486,-0.36,0.0806,-0.4183,-0.5814,-0.1264,-0.2794,-0.9996,-2.9533,1.5479,-1.4055,Kosta Koufos
201586,2018-2020,11490.0,11513.0,-0.9158,0.1801,-0.1037,-0.179,0.4442,0.1744,-0.7357,-0.2827,0.6186,-0.5753,0.1754,-0.3999,Serge Ibaka
201587,2018-2020,9900.0,9898.0,-0.279,0.246,0.0586,0.131,-0.1439,-0.0816,-0.0331,0.1896,-0.2255,-0.3644,0.2954,-0.069,Nicolas Batum
201588,2018-2020,9035.0,9055.0,0.6506,-0.1458,0.3927,0.1564,0.4625,0.5202,0.5048,0.5491,0.9827,1.5058,0.5308,2.0366,George Hill
201589,2018-2020,298.0,294.0,-3.2596,-1.9809,0.2773,0.3659,-0.0301,-0.0032,-5.2405,0.6432,-0.0333,-3.0124,-1.6181,-4.6305,Darrell Arthur
201596,2018-2020,2907.0,2884.0,-1.9151,-0.1783,-0.859,0.2648,0.1021,0.3834,-2.0934,-0.5942,0.4855,-2.672,0.47,-2.2021,Mario Chalmers
201599,2018-2020,11705.0,11715.0,-0.5353,3.5922,-0.816,-0.0123,-0.0078,0.2521,3.0569,-0.8283,0.2444,-1.359,3.832,2.473,DeAndre Jordan
201600,2018-2020,377.0,374.0,-6.4118,0.6108,-0.4722,-0.2479,0.1068,-0.1398,-5.8009,-0.72,-0.0331,-6.7772,0.2231,-6.554,Omer Asik
201601,2018-2020,3371.0,3362.0,-2.3891,0.4214,-0.2806,0.2927,0.4211,1.5989,-1.9678,0.0121,2.02,-2.2486,2.3129,0.0643,Luc Mbah a Moute
201609,2018-2020,10295.0,10235.0,1.2829,-1.8441,0.0046,0.1268,0.1292,0.5991,-0.5612,0.1314,0.7283,1.4167,-1.1182,0.2985,Goran Dragic
201628,2018-2020,241.0,243.0,-2.1598,-4.2762,-0.5036,0.264,-0.0679,-0.2103,-6.436,-0.2396,-0.2783,-2.7313,-4.2226,-6.9539,Bobby Brown
201933,2018-2020,10353.0,10333.0,2.5747,-1.153,0.1954,0.246,-0.0933,0.8329,1.4217,0.4414,0.7396,2.6768,-0.0742,2.6026,Blake Griffin
201935,2018-2020,16220.0,16177.0,9.3812,1.2036,-0.7107,-0.4267,-0.1205,-0.5391,10.5848,-1.1374,-0.6596,8.5499,0.2378,8.7878,James Harden
201936,2018-2020,6038.0,6018.0,0.7647,-0.7541,0.26,0.1588,0.1875,1.1842,0.0106,0.4189,1.3716,1.2122,0.5888,1.8011,Tyreke Evans
201937,2018-2020,12694.0,12673.0,0.8414,0.5072,0.0731,0.0784,0.0604,1.1114,1.3486,0.1515,1.1718,0.9749,1.6971,2.672,Ricky Rubio
201939,2018-2020,8839.0,8805.0,7.2756,0.2904,0.6849,0.0163,0.4255,-0.3955,7.566,0.7011,0.03,8.386,-0.0889,8.2971,Stephen Curry
201942,2018-2020,15810.0,15800.0,1.5431,-0.3902,0.4054,-0.077,0.3702,-0.9869,1.1529,0.3285,-0.6167,2.3188,-1.4541,0.8647,DeMar DeRozan
201943,2018-2020,423.0,428.0,-0.4363,-0.7567,-0.0542,0.1201,-0.1635,-0.4463,-1.1931,0.066,-0.6098,-0.654,-1.0829,-1.7369,Brandon Jennings
201949,2018-2020,7611.0,7597.0,-1.1419,0.6763,0.0132,0.1831,0.1013,-0.2821,-0.4656,0.1963,-0.1808,-1.0274,0.5774,-0.45,James Johnson
201950,2018-2020,15820.0,15832.0,1.5951,-0.3009,0.4958,0.2852,0.5258,2.4298,1.2942,0.781,2.9556,2.6167,2.4142,5.0309,Jrue Holiday
201952,2018-2020,10457.0,10423.0,1.0047,-0.1178,-0.208,-0.9411,0.0212,-1.3359,0.8869,-1.149,-1.3147,0.8179,-2.3948,-1.5768,Jeff Teague
201954,2018-2020,8400.0,8378.0,2.0617,1.3058,-0.4604,-0.4823,0.2894,-1.3772,3.3675,-0.9427,-1.0877,1.8907,-0.5537,1.337,Darren Collison
201956,2018-2020,2614.0,2636.0,-1.6167,1.7892,-0.1088,-0.253,0.1362,0.3009,0.1724,-0.3618,0.437,-1.5894,1.8371,0.2477,Omri Casspi
201959,2018-2020,11041.0,11024.0,-0.7052,0.0476,-0.0854,-0.023,0.2318,1.3458,-0.6576,-0.1085,1.5776,-0.5589,1.3703,0.8115,Taj Gibson
201960,2018-2020,8673.0,8679.0,0.1122,-0.1887,-0.29,-0.0067,0.0088,0.7855,-0.0765,-0.2967,0.7944,-0.169,0.5902,0.4212,DeMarre Carroll
201961,2018-2020,7786.0,7775.0,1.201,-1.1218,-1.0759,0.3646,-0.3445,0.1243,0.0792,-0.7113,-0.2202,-0.2194,-0.6329,-0.8523,Wayne Ellington
201967,2018-2020,5160.0,5198.0,-2.1167,0.3594,0.848,0.0774,-0.3452,-0.2969,-1.7573,0.9254,-0.6422,-1.6139,0.1399,-1.474,Dante Cunningham
201973,2018-2020,4761.0,4787.0,-0.2834,0.3583,0.3995,-0.5099,-0.1263,-0.4359,0.075,-0.1104,-0.5621,-0.0101,-0.5875,-0.5976,Jonas Jerebko
201975,2018-2020,2488.0,2502.0,0.4788,-1.2668,-0.5438,-0.1209,-0.0114,-0.7396,-0.788,-0.6647,-0.7511,-0.0765,-2.1274,-2.2038,Jodie Meeks
201976,2018-2020,7934.0,7916.0,-0.4968,1.5121,0.5041,-0.0065,0.4921,0.6257,1.0154,0.4975,1.1178,0.4994,2.1313,2.6307,Patrick Beverley
201980,2018-2020,11613.0,11605.0,-0.5738,0.79,0.7807,0.153,0.4654,0.2002,0.2162,0.9337,0.6657,0.6723,1.1432,1.8156,Danny Green
201988,2018-2020,11408.0,11383.0,1.3091,-1.694,0.8015,0.326,0.5671,-0.166,-0.3849,1.1276,0.4011,2.6777,-1.534,1.1437,Patty Mills
202066,2018-2020,10983.0,10980.0,-1.4628,-0.4918,-0.3603,0.0233,-0.3989,1.0809,-1.9546,-0.337,0.6819,-2.222,0.6123,-1.6097,Garrett Temple
202083,2018-2020,12112.0,12130.0,-0.5084,-1.4233,-0.6919,0.2968,0.0998,1.5865,-1.9317,-0.3951,1.6863,-1.1005,0.46,-0.6405,Wesley Matthews
202322,2018-2020,5284.0,5260.0,1.6751,-0.0634,-0.4451,0.2249,-0.3454,0.3642,1.6117,-0.2202,0.0188,0.8846,0.5258,1.4103,John Wall
202323,2018-2020,7978.0,7965.0,-3.0402,-0.7378,-0.0922,0.2366,-0.3836,0.229,-3.778,0.1444,-0.1547,-3.516,-0.2722,-3.7882,Evan Turner
202324,2018-2020,10538.0,10571.0,0.464,1.8218,-0.7037,-0.3374,0.1348,0.7705,2.2857,-1.0411,0.9052,-0.105,2.2549,2.1499,Derrick Favors
202325,2018-2020,4221.0,4263.0,-3.3681,1.2545,-0.0358,0.0764,-0.0112,-0.456,-2.1136,0.0406,-0.4673,-3.4151,0.8749,-2.5402,Wesley Johnson
202326,2018-2020,5173.0,5152.0,1.3014,3.2938,-0.8237,0.3272,-0.3451,-0.7796,4.5952,-0.4965,-1.1247,0.1326,2.8414,2.974,DeMarcus Cousins
202327,2018-2020,2298.0,2331.0,-1.2331,5.0552,0.6162,-0.3201,0.0009,-0.6588,3.822,0.2961,-0.6579,-0.616,4.0763,3.4603,Ekpe Udoh
202328,2018-2020,3136.0,3134.0,-0.4249,0.6597,0.2022,-0.0992,-0.5311,-1.1004,0.2348,0.1029,-1.6314,-0.7538,-0.5398,-1.2937,Greg Monroe
202329,2018-2020,9712.0,9719.0,-1.3392,1.6551,1.0428,-0.1097,-0.1799,0.8391,0.3159,0.9331,0.6592,-0.4763,2.3845,1.9082,Al-Farouq Aminu
202330,2018-2020,7551.0,7539.0,0.9411,0.0489,0.2222,0.2855,0.38,-0.4154,0.99,0.5077,-0.0354,1.5433,-0.081,1.4623,Gordon Hayward
202331,2018-2020,14980.0,14955.0,3.3467,1.122,0.0818,0.3636,-0.033,1.1254,4.4686,0.4454,1.0924,3.3955,2.6109,6.0064,Paul George
202332,2018-2020,106.0,108.0,-4.9193,0.6296,0.5338,-0.1966,0.0233,-0.0132,-4.2896,0.3372,0.0101,-4.3621,0.4198,-3.9423,Cole Aldrich
202334,2018-2020,6474.0,6513.0,-1.8126,2.9472,-0.2812,0.2625,-0.0692,1.4922,1.1345,-0.0186,1.423,-2.163,4.7019,2.5389,Ed Davis
202335,2018-2020,5982.0,6024.0,-1.0414,-0.2285,0.3132,0.0901,-0.4177,0.1986,-1.27,0.4033,-0.2191,-1.1459,0.0602,-1.0857,Patrick Patterson
202337,2018-2020,1451.0,1453.0,-1.0529,-1.2383,0.5648,0.0241,0.1746,-0.1254,-2.2911,0.5889,0.0492,-0.3135,-1.3395,-1.6531,Luke Babbitt
202339,2018-2020,13154.0,13113.0,2.1386,0.4926,0.311,0.2731,0.0665,-0.1532,2.6312,0.5841,-0.0867,2.5161,0.6125,3.1286,Eric Bledsoe
202340,2018-2020,9312.0,9312.0,-2.4629,-2.8042,0.2097,0.0443,0.0763,2.29,-5.2671,0.254,2.3663,-2.1769,-0.47,-2.6469,Avery Bradley
202344,2018-2020,2386.0,2399.0,-1.0138,-0.3626,-0.0616,0.1704,0.181,0.479,-1.3764,0.1088,0.6601,-0.8943,0.2868,-0.6075,Trevor Booker
202347,2018-2020,1014.0,1010.0,-2.0476,-0.2132,0.0802,-0.1131,-0.457,-0.0959,-2.2608,-0.0329,-0.5528,-2.4244,-0.4221,-2.8465,Quincy Pondexter
202348,2018-2020,117.0,121.0,1.1173,-1.4291,-0.5666,0.655,0.0814,-0.4544,-0.3119,0.0885,-0.373,0.6321,-1.2285,-0.5964,Jordan Crawford
202355,2018-2020,10287.0,10270.0,-0.4267,4.7817,0.3211,-0.4893,-0.0023,-0.5417,4.355,-0.1682,-0.544,-0.1079,3.7507,3.6428,Hassan Whiteside
202357,2018-2020,10714.0,10694.0,-0.0622,0.9444,1.2855,-0.0155,0.6038,0.6052,0.8823,1.27,1.2089,1.8271,1.534,3.3612,Nemanja Bjelica
202362,2018-2020,6125.0,6154.0,-1.804,-0.7334,0.1791,-0.2102,0.2394,-1.7227,-2.5374,-0.0311,-1.4833,-1.3856,-2.6663,-4.0518,Lance Stephenson
202379,2018-2020,12.0,12.0,-4.2882,-4.1079,0.3716,0.2539,-0.0077,-0.0993,-8.3961,0.6255,-0.1071,-3.9244,-3.9533,-7.8777,Jeremy Evans
202389,2018-2020,763.0,764.0,-2.439,-1.1346,0.0369,0.227,-0.4471,0.434,-3.5736,0.2639,-0.0131,-2.8491,-0.4736,-3.3228,Timofey Mozgov
202391,2018-2020,3171.0,3177.0,0.0965,-1.343,-0.1917,-0.1195,-0.5196,-0.1123,-1.2465,-0.3112,-0.6319,-0.6148,-1.5749,-2.1897,Jeremy Lin
202397,2018-2020,10467.0,10452.0,-0.8919,-0.7944,1.1985,0.006,0.6145,-0.3248,-1.6862,1.2046,0.2897,0.9211,-1.1131,-0.192,Ish Smith
202498,2018-2020,4544.0,4547.0,-3.6247,-1.3885,-0.1405,-0.0351,-0.1495,0.5163,-5.0132,-0.1756,0.3669,-3.9147,-0.9072,-4.8219,Lance Thomas
202681,2018-2020,9953.0,9910.0,5.1182,-0.3999,0.0255,0.0343,-0.3542,-0.9044,4.7184,0.0598,-1.2586,4.7895,-1.27,3.5195,Kyrie Irving
202682,2018-2020,22.0,21.0,-5.548,-4.4623,0.6053,-0.0824,-0.0678,0.21,-10.0103,0.5229,0.1422,-5.0106,-4.3346,-9.3452,Derrick Williams
202683,2018-2020,9021.0,9039.0,1.5909,0.2405,0.134,-0.028,0.0887,0.0451,1.8314,0.1061,0.1339,1.8137,0.2577,2.0714,Enes Kanter
202684,2018-2020,8063.0,8073.0,-0.6679,0.0883,-0.5112,0.1139,-0.1444,0.1923,-0.5796,-0.3972,0.0479,-1.3235,0.3946,-0.9289,Tristan Thompson
202685,2018-2020,9617.0,9624.0,0.74,1.6648,-0.0274,-0.263,0.2985,0.138,2.4047,-0.2903,0.4365,1.0111,1.5398,2.5509,Jonas Valančiūnas
202687,2018-2020,6557.0,6598.0,-2.0826,1.9343,-1.0436,-0.3324,-0.334,-0.555,-0.1483,-1.376,-0.889,-3.4603,1.0469,-2.4134,Bismack Biyombo
202688,2018-2020,2420.0,2429.0,-0.8631,-2.5504,-0.4856,0.3774,-0.0736,-0.5719,-3.4135,-0.1081,-0.6455,-1.4223,-2.7449,-4.1672,Brandon Knight
202689,2018-2020,15049.0,15015.0,4.6046,-1.0685,0.9614,-0.3322,0.4518,-0.5062,3.5361,0.6292,-0.0544,6.0178,-1.9069,4.1108,Kemba Walker
202690,2018-2020,138.0,140.0,-1.7904,-3.3639,0.7183,0.0246,-0.0708,-0.2143,-5.1543,0.7429,-0.2851,-1.1429,-3.5536,-4.6965,Jimmer Fredette
202691,2018-2020,10700.0,10727.0,1.3491,-1.8011,0.0968,0.3268,-0.2458,0.3063,-0.452,0.4236,0.0605,1.2001,-1.1681,0.0321,Klay Thompson
202692,2018-2020,8555.0,8573.0,0.2419,0.0256,-0.3991,-0.1206,-0.5122,-1.5087,0.2675,-0.5198,-2.0209,-0.6695,-1.6037,-2.2732,Alec Burks
202693,2018-2020,9051.0,9027.0,-1.4511,-0.634,-0.301,0.0228,-0.5026,-0.4016,-2.0851,-0.2782,-0.9042,-2.2547,-1.0127,-3.2675,Markieff Morris
202694,2018-2020,11177.0,11176.0,-0.027,-0.7936,-0.1871,-0.314,0.2076,0.0076,-0.8206,-0.5011,0.2152,-0.0064,-1.1001,-1.1065,Marcus Morris Sr.
202695,2018-2020,8426.0,8416.0,4.9508,1.9597,0.7512,0.4932,-0.2226,-0.3571,6.9105,1.2444,-0.5797,5.4793,2.0958,7.5751,Kawhi Leonard
202696,2018-2020,12728.0,12697.0,1.3854,1.8849,0.0147,0.6989,0.5191,0.7202,3.2703,0.7136,1.2393,1.9191,3.304,5.2232,Nikola Vučević
202697,2018-2020,4228.0,4198.0,-2.1666,-0.3221,0.2154,-0.049,0.0553,0.2142,-2.4887,0.1663,0.2696,-1.8959,-0.1569,-2.0528,Iman Shumpert
202699,2018-2020,16374.0,16350.0,0.5893,-0.343,0.153,-0.0679,0.1683,-0.4809,0.2463,0.0851,-0.3126,0.9106,-0.8919,0.0188,Tobias Harris
202700,2018-2020,27.0,27.0,-2.6783,-1.3897,-0.1453,0.3316,-0.026,-0.0486,-4.068,0.1863,-0.0746,-2.8496,-1.1067,-3.9563,Donatas Motiejunas
202702,2018-2020,2443.0,2445.0,0.6001,0.447,-0.8745,-0.4805,-0.1377,-0.1003,1.0471,-1.355,-0.238,-0.4121,-0.1338,-0.5459,Kenneth Faried
202703,2018-2020,5842.0,5856.0,1.6216,1.2882,0.5473,-0.1377,0.3387,0.2381,2.9097,0.4096,0.5768,2.5076,1.3886,3.8962,Nikola Mirotic
202704,2018-2020,8524.0,8510.0,1.591,-2.6786,0.0607,0.2934,0.297,1.8653,-1.0877,0.3541,2.1624,1.9487,-0.5199,1.4288,Reggie Jackson
202705,2018-2020,1153.0,1157.0,0.6201,-2.0829,0.0939,0.0103,0.1401,0.0019,-1.4628,0.1042,0.1421,0.8542,-2.0707,-1.2165,MarShon Brooks
202709,2018-2020,12210.0,12279.0,-1.5786,0.2181,0.3621,-0.1043,0.3918,1.1026,-1.3605,0.2577,1.4944,-0.8248,1.2164,0.3916,Cory Joseph
202710,2018-2020,12834.0,12791.0,4.0847,2.1255,-0.5193,0.2849,0.0943,0.5134,6.2102,-0.2344,0.6077,3.6597,2.9238,6.5835,Jimmy Butler III
202711,2018-2020,14436.0,14402.0,1.0006,-2.0395,-0.4172,-0.1011,0.0886,0.4376,-1.0389,-0.5183,0.5262,0.672,-1.7031,-1.031,Bojan Bogdanovic
202713,2018-2020,116.0,117.0,-4.0061,-1.0685,-0.1455,-0.369,-0.0177,0.1885,-5.0745,-0.5146,0.1708,-4.1693,-1.249,-5.4183,Kyle Singler
202714,2018-2020,5253.0,5246.0,-0.7045,-0.3959,-0.4862,-0.2284,-0.3599,-0.6684,-1.1004,-0.7147,-1.0283,-1.5507,-1.2927,-2.8434,Shelvin Mack
202718,2018-2020,2504.0,2495.0,-1.2282,-0.8617,-0.3273,-0.086,-0.0477,-0.9775,-2.0899,-0.4133,-1.0252,-1.6032,-1.9252,-3.5284,Chandler Parsons
202720,2018-2020,1104.0,1117.0,-2.8881,-0.6804,-0.3339,0.0206,-0.4273,0.6026,-3.5686,-0.3133,0.1754,-3.6493,-0.0573,-3.7065,Jon Leuer
202722,2018-2020,9000.0,9018.0,1.0943,0.3765,0.9366,0.1228,0.5232,0.1221,1.4708,1.0594,0.6453,2.5541,0.6214,3.1755,Davis Bertans
202732,2018-2020,1447.0,1456.0,-4.3469,1.3003,0.2022,-0.0067,-0.3387,-1.2824,-3.0466,0.1955,-1.6212,-4.4835,0.0112,-4.4723,DeAndre Liggins
202734,2018-2020,10717.0,10727.0,-1.0085,-1.9767,0.364,0.067,0.3082,-0.5055,-2.9851,0.431,-0.1973,-0.3363,-2.4151,-2.7514,E'Twaun Moore
202738,2018-2020,4204.0,4214.0,0.356,-4.4002,-0.3806,-0.2682,-0.1884,-1.2955,-4.0442,-0.6488,-1.4838,-0.2129,-5.9639,-6.1768,Isaiah Thomas
202779,2018-2020,835.0,840.0,-1.1027,-2.7407,0.1457,-0.1056,-0.0411,0.7346,-3.8434,0.0401,0.6935,-0.9981,-2.1117,-3.1098,Dwight Buycks
202918,2018-2020,17.0,15.0,-5.5526,-4.35,0.9054,-0.1025,0.0116,0.0115,-9.9026,0.8029,0.0231,-4.6356,-4.441,-9.0766,Xavier Silas
202933,2018-2020,371.0,364.0,-3.2214,1.6775,0.8009,0.1599,0.1074,0.3589,-1.5439,0.9609,0.4663,-2.313,2.1963,-0.1167,Julyan Stone
202951,2018-2020,90.0,88.0,-0.9227,-2.3538,-0.5066,0.0929,0.0506,-0.0142,-3.2765,-0.4137,0.0364,-1.3787,-2.2751,-3.6538,Jeremy Pargo
202954,2018-2020,3560.0,3560.0,-0.4412,0.3567,-0.3913,-0.1557,0.7688,0.1425,-0.0845,-0.547,0.9113,-0.0636,0.3435,0.2798,Brad Wanamaker
203076,2018-2020,14217.0,14232.0,3.844,4.4212,-0.7121,0.2537,-0.2062,-0.3366,8.2652,-0.4584,-0.5429,2.9257,4.3382,7.2639,Anthony Davis
203077,2018-2020,6768.0,6786.0,-2.5989,-0.1171,0.0388,-0.1262,0.1781,1.8671,-2.716,-0.0874,2.0452,-2.382,1.6238,-0.7582,Michael Kidd-Gilchrist
203078,2018-2020,16801.0,16762.0,3.4569,-1.3594,0.165,-0.118,0.1681,-1.0894,2.0975,0.047,-0.9212,3.79,-2.5668,1.2232,Bradley Beal
203079,2018-2020,4559.0,4543.0,-0.6039,-2.7336,-0.8062,-0.0814,-0.2791,0.9585,-3.3375,-0.8877,0.6794,-1.6892,-1.8565,-3.5458,Dion Waiters
203081,2018-2020,16619.0,16592.0,6.7589,-0.687,1.3437,-0.1968,0.1309,0.6224,6.0719,1.1469,0.7534,8.2335,-0.2613,7.9722,Damian Lillard
203082,2018-2020,9582.0,9559.0,1.003,-0.6851,-1.2562,-0.165,-0.3081,-0.1863,0.3179,-1.4212,-0.4944,-0.5612,-1.0364,-1.5976,Terrence Ross
203083,2018-2020,14465.0,14350.0,-0.1232,4.6453,1.0019,-0.4325,0.0443,-1.1079,4.522,0.5693,-1.0636,0.9229,3.1049,4.0278,Andre Drummond
203084,2018-2020,15696.0,15704.0,0.0523,-1.6207,-0.3474,0.0194,0.0129,0.8865,-1.5684,-0.328,0.8994,-0.2822,-0.7149,-0.9971,Harrison Barnes
203085,2018-2020,11746.0,11748.0,-1.0379,-1.4603,1.3043,0.1006,0.5888,-1.1123,-2.4982,1.4049,-0.5235,0.8551,-2.472,-1.6169,Austin Rivers
203086,2018-2020,4386.0,4405.0,-1.1302,0.832,0.5144,-0.3021,0.0878,-0.8128,-0.2982,0.2123,-0.725,-0.528,-0.2829,-0.8109,Meyers Leonard
203087,2018-2020,11233.0,11185.0,0.4766,0.5736,-0.0365,-0.0446,0.2205,-0.1767,1.0502,-0.0811,0.0438,0.6606,0.3523,1.0129,Jeremy Lamb
203089,2018-2020,5574.0,5550.0,-1.9879,2.7071,0.376,-0.491,0.0574,-0.6299,0.7192,-0.115,-0.5726,-1.5546,1.5862,0.0316,John Henson
203090,2018-2020,8494.0,8495.0,-2.1253,1.2908,0.4977,-0.015,-0.2636,-0.4187,-0.8346,0.4827,-0.6823,-1.8912,0.857,-1.0342,Maurice Harkless
203092,2018-2020,2458.0,2455.0,-0.9428,-0.2883,-0.1719,0.4495,0.0954,0.1936,-1.2311,0.2776,0.289,-1.0193,0.3548,-0.6645,Tyler Zeller
203093,2018-2020,14.0,14.0,-3.7309,-0.6278,0.0359,-0.0786,-0.0489,-0.069,-4.3588,-0.0427,-0.118,-3.744,-0.7755,-4.5195,Terrence Jones
203095,2018-2020,13251.0,13234.0,0.8457,-2.0922,-0.3255,-0.2313,0.4503,-0.1825,-1.2466,-0.5569,0.2677,0.9704,-2.5061,-1.5357,Evan Fournier
203098,2018-2020,678.0,681.0,-0.889,-2.0577,-0.317,-0.1256,-0.1799,-0.0532,-2.9467,-0.4426,-0.2331,-1.3859,-2.2365,-3.6224,John Jenkins
203101,2018-2020,2251.0,2263.0,-2.85,-0.1125,0.1543,0.1669,-0.2651,-0.3279,-2.9625,0.3212,-0.5931,-2.9608,-0.2735,-3.2344,Miles Plumlee
203104,2018-2020,150.0,146.0,-3.2592,-0.4861,0.7797,0.4425,-0.0501,-0.1364,-3.7453,1.2222,-0.1865,-2.5296,-0.18,-2.7096,Marquis Teague
203107,2018-2020,11684.0,11678.0,0.7355,0.1089,-0.3678,0.091,0.0036,0.9861,0.8444,-0.2768,0.9897,0.3713,1.1861,1.5573,Tomas Satoransky
203109,2018-2020,12791.0,12780.0,-0.2231,-0.0374,-0.0948,-0.1625,0.0579,-1.0619,-0.2605,-0.2574,-1.004,-0.2601,-1.2618,-1.5218,Jae Crowder
203110,2018-2020,11712.0,11743.0,-0.9039,3.1778,0.4091,0.2872,-0.4245,0.3664,2.2739,0.6963,-0.0581,-0.9193,3.8314,2.9121,Draymond Green
203112,2018-2020,3067.0,3085.0,-2.2984,-0.1606,-0.206,-0.0273,0.0152,0.5913,-2.459,-0.2333,0.6065,-2.4892,0.4035,-2.0858,Quincy Acy
203114,2018-2020,15152.0,15122.0,1.5881,-0.4558,0.0774,0.1298,0.1119,-0.1322,1.1323,0.2072,-0.0203,1.7774,-0.4582,1.3192,Khris Middleton
203115,2018-2020,11753.0,11721.0,0.4133,-0.2644,-0.2242,0.2682,-0.2211,-0.6396,0.1489,0.0439,-0.8607,-0.032,-0.6359,-0.6679,Will Barton
203118,2018-2020,8319.0,8386.0,-1.3912,-1.2631,0.8867,-0.0003,0.2148,0.4695,-2.6543,0.8864,0.6842,-0.2897,-0.7939,-1.0837,Mike Scott
203121,2018-2020,7845.0,7870.0,-0.8434,-1.626,1.1755,-0.0512,0.4596,0.0233,-2.4695,1.1242,0.483,0.7917,-1.654,-0.8623,Darius Miller
203124,2018-2020,4230.0,4226.0,-1.1025,3.6863,-0.5479,-0.2242,0.5559,-1.7263,2.5837,-0.7721,-1.1703,-1.0946,1.7358,0.6413,Kyle O'Quinn
203141,2018-2020,322.0,323.0,-0.3365,-0.837,0.1082,0.1125,-0.1403,-0.3069,-1.1735,0.2207,-0.4472,-0.3686,-1.0314,-1.4001,Mirza Teletovic
203145,2018-2020,10732.0,10748.0,-1.6743,0.792,-0.748,0.1573,-0.3532,0.9606,-0.8823,-0.5907,0.6074,-2.7755,1.9098,-0.8656,Kent Bazemore
203159,2018-2020,39.0,39.0,-0.5265,-0.2137,0.334,0.0043,0.015,-0.0756,-0.7402,0.3384,-0.0606,-0.1775,-0.2849,-0.4624,Scott Machado
203186,2018-2020,901.0,900.0,-1.3527,1.98,-1.614,-0.5035,0.1616,0.2899,0.6273,-2.1175,0.4515,-2.805,1.7664,-1.0386,Willie Reed
203200,2018-2020,13830.0,13832.0,-0.8696,0.414,-0.4211,-0.119,0.1224,0.2453,-0.4556,-0.5401,0.3677,-1.1683,0.5403,-0.628,Justin Holiday
203210,2018-2020,8640.0,8641.0,-1.3958,0.4825,-0.3792,-0.3387,-0.1785,-0.5568,-0.9133,-0.7179,-0.7353,-1.9535,-0.413,-2.3665,JaMychal Green
203263,2018-2020,212.0,215.0,-1.6998,-2.4589,0.5076,0.391,0.0515,-0.6233,-4.1588,0.8986,-0.5718,-1.1407,-2.6912,-3.832,James Nunnally
203382,2018-2020,6568.0,6593.0,-1.6052,-0.2673,0.1694,0.6939,0.0903,2.3784,-1.8725,0.8633,2.4687,-1.3455,2.805,1.4595,Aron Baynes
203457,2018-2020,5473.0,5475.0,-1.2551,5.2201,-0.5538,-0.7052,-0.6741,0.2028,3.965,-1.259,-0.4713,-2.483,4.7177,2.2347,Nerlens Noel
203458,2018-2020,8385.0,8397.0,-0.01,1.1057,-0.8771,-0.1407,-0.3628,0.1935,1.0957,-1.0178,-0.1694,-1.2499,1.1585,-0.0914,Alex Len
203459,2018-2020,8361.0,8303.0,-0.909,-1.1936,-0.4673,0.0389,-0.5342,0.1424,-2.1026,-0.4284,-0.3917,-1.9105,-1.0123,-2.9228,Allen Crabbe
203460,2018-2020,2234.0,2243.0,-2.6202,1.2458,1.0566,0.1445,-0.1749,2.759,-1.3744,1.2011,2.5841,-1.7384,4.1492,2.4108,Andre Roberson
203463,2018-2020,6026.0,5995.0,-0.4783,-1.4053,-0.6133,-0.2752,0.0126,-0.5969,-1.8836,-0.8885,-0.5843,-1.079,-2.2775,-3.3564,Ben McLemore
203464,2018-2020,1179.0,1190.0,-3.875,-0.0456,0.9792,-0.1331,-0.2451,0.7874,-3.9206,0.8461,0.5422,-3.141,0.6087,-2.5323,Brandon Paul
203468,2018-2020,16138.0,16110.0,0.972,-2.2876,0.684,0.218,0.2546,0.0869,-1.3156,0.902,0.3415,1.9106,-1.9827,-0.0721,CJ McCollum
203469,2018-2020,6521.0,6500.0,0.1252,0.8754,-0.2672,0.0706,-0.0946,-0.5533,1.0006,-0.1966,-0.6478,-0.2366,0.3928,0.1561,Cody Zeller
203471,2018-2020,13340.0,13330.0,0.4183,-2.6968,0.3063,0.0878,0.0507,1.9142,-2.2786,0.394,1.9649,0.7752,-0.6948,0.0804,Dennis Schröder
203473,2018-2020,8122.0,8078.0,-1.6244,2.2242,0.1094,-0.9738,0.0648,-0.1264,0.5998,-0.8644,-0.0616,-1.4502,1.124,-0.3262,Dewayne Dedmon
203474,2018-2020,17.0,16.0,-2.9029,-1.2057,0.3174,0.1057,-0.0335,0.0097,-4.1087,0.4231,-0.0238,-2.619,-1.0903,-3.7094,DJ Stephens
203476,2018-2020,7168.0,7215.0,-0.8695,2.529,-0.8078,-0.1372,-0.493,-0.1078,1.6595,-0.9451,-0.6009,-2.1704,2.2839,0.1135,Gorgui Dieng
203477,2018-2020,2110.0,2126.0,-0.3998,-1.2259,-0.5579,0.1078,0.0209,-0.2645,-1.6258,-0.4501,-0.2436,-0.9368,-1.3826,-2.3194,Isaiah Canaan
203481,2018-2020,84.0,87.0,-3.52,-1.1748,0.0697,-0.201,0.0096,0.1333,-4.6948,-0.1314,0.143,-3.4407,-1.2425,-4.6831,Jeff Withey
203482,2018-2020,9931.0,9900.0,0.4524,0.9253,0.5528,-0.0557,0.6622,-0.3381,1.3778,0.4971,0.3241,1.6675,0.5315,2.199,Kelly Olynyk
203484,2018-2020,13180.0,13185.0,0.1182,-0.5482,-0.1671,-0.0975,0.2474,-0.2699,-0.43,-0.2646,-0.0225,0.1985,-0.9156,-0.7171,Kentavious Caldwell-Pope
203485,2018-2020,723.0,721.0,-3.5185,-0.7194,0.0104,0.1206,-0.1068,1.0013,-4.238,0.1309,0.8944,-3.615,0.4024,-3.2126,Lorenzo Brown
203486,2018-2020,8615.0,8655.0,-1.1271,2.9118,0.2886,-0.3715,0.2643,-0.2334,1.7847,-0.0829,0.031,-0.5741,2.3069,1.7328,Mason Plumlee
203487,2018-2020,4173.0,4182.0,-0.8354,1.9553,0.1849,0.322,0.3756,-1.7319,1.12,0.5069,-1.3563,-0.2749,0.5454,0.2705,Michael Carter-Williams
203488,2018-2020,6209.0,6225.0,-0.1119,0.1327,0.4538,0.0911,-0.3406,0.3074,0.0208,0.5448,-0.0332,0.0012,0.5312,0.5324,Mike Muscala
203489,2018-2020,34.0,34.0,-5.926,-3.8393,0.8143,0.6389,0.0265,-0.0479,-9.7654,1.4532,-0.0214,-5.0852,-3.2483,-8.3335,Nate Wolters
203490,2018-2020,9144.0,9133.0,0.6513,1.6178,0.7567,-0.0902,0.6393,0.6651,2.2691,0.6665,1.3044,2.0473,2.1928,4.2401,Otto Porter Jr.
203493,2018-2020,8790.0,8779.0,-0.1268,-1.512,-0.576,0.0788,-0.1098,0.373,-1.6389,-0.4973,0.2632,-0.8126,-1.0603,-1.8729,Reggie Bullock Jr.
203496,2018-2020,12288.0,12236.0,-0.5392,2.476,0.3834,-0.04,0.1242,1.8403,1.9368,0.3434,1.9645,-0.0316,4.2763,4.2447,Robert Covington
203497,2018-2020,13749.0,13733.0,0.4304,5.1387,0.1107,0.322,0.0559,0.9425,5.5691,0.4327,0.9984,0.597,6.4032,7.0002,Rudy Gobert
203498,2018-2020,837.0,849.0,-0.978,-1.4281,-0.4206,-0.5639,-0.1353,-1.0818,-2.4061,-0.9846,-1.2171,-1.5339,-3.0738,-4.6078,Shabazz Muhammad
203499,2018-2020,1525.0,1527.0,-1.4499,-0.3435,-0.2635,-0.1859,-0.1885,1.117,-1.7935,-0.4495,0.9285,-1.9019,0.5875,-1.3144,Shane Larkin
203500,2018-2020,14228.0,14210.0,0.8389,0.7923,1.3641,0.1803,0.0963,1.9713,1.6312,1.5444,2.0676,2.2992,2.944,5.2432,Steven Adams
203501,2018-2020,12487.0,12464.0,1.2657,-2.0754,-0.2273,0.025,0.4134,0.8137,-0.8097,-0.2023,1.2271,1.4519,-1.2367,0.2151,Tim Hardaway Jr.
203503,2018-2020,10186.0,10216.0,-1.0971,-0.8736,0.2556,-0.4303,-0.1587,-1.3701,-1.9707,-0.1747,-1.5288,-1.0002,-2.6739,-3.6741,Tony Snell
203504,2018-2020,4961.0,4971.0,2.037,-1.6073,0.2219,-0.662,0.3695,-0.8311,0.4298,-0.4401,-0.4615,2.6285,-3.1003,-0.4718,Trey Burke
203505,2018-2020,94.0,94.0,-4.588,-2.3753,0.5494,0.7328,-0.0231,0.346,-6.9633,1.2822,0.3229,-4.0617,-1.2965,-5.3582,Vander Blue
203506,2018-2020,8561.0,8544.0,1.7022,0.8413,-0.0422,0.4486,0.0689,1.3036,2.5435,0.4064,1.3725,1.7289,2.5935,4.3223,Victor Oladipo
203507,2018-2020,14788.0,14770.0,3.8246,3.6633,0.01,0.8623,-0.1312,1.0629,7.4879,0.8723,0.9317,3.7034,5.5885,9.2919,Giannis Antetokounmpo
203512,2018-2020,842.0,856.0,-2.0308,5.5189,-0.1099,-0.3927,0.0673,0.5127,3.4881,-0.5026,0.58,-2.0734,5.6389,3.5655,Lucas Nogueira
203516,2018-2020,8319.0,8348.0,-0.9464,-0.5067,0.4543,-0.2117,-0.1739,-1.5145,-1.4531,0.2426,-1.6884,-0.666,-2.2329,-2.8989,James Ennis III
203518,2018-2020,3521.0,3515.0,-1.4277,-1.1729,-0.2027,-0.1478,0.0516,0.9432,-2.6006,-0.3505,0.9948,-1.5787,-0.3775,-1.9563,Alex Abrines
203521,2018-2020,4757.0,4803.0,-0.714,-1.9657,-1.1369,0.6434,-0.2687,1.138,-2.6797,-0.4936,0.8692,-2.1197,-0.1844,-2.3041,Matthew Dellavedova
203524,2018-2020,4609.0,4636.0,-2.0861,-0.2972,0.5549,0.0292,0.1235,-1.7756,-2.3833,0.5841,-1.6521,-1.4077,-2.0436,-3.4513,Solomon Hill
203526,2018-2020,3381.0,3392.0,-0.4638,-1.198,-0.338,-0.1353,0.4778,1.7594,-1.6618,-0.4732,2.2372,-0.324,0.4262,0.1021,Raul Neto
203530,2018-2020,1093.0,1098.0,-1.0323,-1.2904,-0.2034,0.1304,-0.1679,-0.1766,-2.3227,-0.073,-0.3445,-1.4036,-1.3366,-2.7402,Joffrey Lauvergne
203546,2018-2020,5143.0,5165.0,-1.9051,-2.7396,-0.0799,0.1396,0.1365,0.2615,-4.6447,0.0597,0.3981,-1.8485,-2.3384,-4.1869,Ian Clark
203552,2018-2020,6139.0,6096.0,0.7779,-1.7079,0.5006,0.2424,0.4171,0.9492,-0.9299,0.743,1.3663,1.6956,-0.5162,1.1794,Seth Curry
203564,2018-2020,12.0,11.0,-1.914,0.5149,-0.2615,-0.1319,-0.0296,0.0835,-1.3991,-0.3933,0.054,-2.2051,0.4666,-1.7385,Kalin Lucas
203580,2018-2020,137.0,140.0,-2.5915,-3.5594,0.1961,0.3724,-0.0006,-0.1454,-6.1509,0.5685,-0.146,-2.396,-3.3324,-5.7283,Larry Drew II
203584,2018-2020,6054.0,6106.0,-0.1249,-2.5691,-1.2885,-0.0454,-0.0368,-0.8536,-2.694,-1.3339,-0.8904,-1.4502,-3.4681,-4.9183,Troy Daniels
203585,2018-2020,5659.0,5695.0,-2.0541,-1.0242,0.8358,0.1874,0.166,-0.2344,-3.0782,1.0231,-0.0684,-1.0523,-1.0712,-2.1235,Rodney McGruder
203590,2018-2020,3.0,3.0,-5.0365,-3.6928,0.4348,0.3001,0.006,-0.0082,-8.7294,0.7349,-0.0022,-4.5956,-3.4009,-7.9966,Trey McKinney-Jones
203613,2018-2020,6392.0,6378.0,-1.5931,-2.189,-0.1217,-0.0326,-0.2059,-0.455,-3.782,-0.1542,-0.661,-1.9207,-2.6766,-4.5972,Jonathon Simmons
203648,2018-2020,287.0,291.0,-1.381,-1.7815,0.3111,0.5149,-0.0193,0.1505,-3.1625,0.826,0.1312,-1.0892,-1.1161,-2.2053,Thanasis Antetokounmpo
203658,2018-2020,476.0,464.0,-5.489,4.0388,-0.1514,-0.6923,-0.0012,-1.0016,-1.4502,-0.8437,-1.0028,-5.6416,2.3449,-3.2967,Norvel Pelle
203687,2018-2020,13.0,13.0,-4.4299,-3.902,-0.006,0.0429,-0.0079,0.0025,-8.3319,0.0369,-0.0054,-4.4438,-3.8567,-8.3005,Reggie Hearn
203705,2018-2020,523.0,511.0,-0.747,0.7696,-0.712,-0.1629,-0.0541,0.1396,0.0226,-0.8749,0.0855,-1.5131,0.7463,-0.7667,Josh Magette
203710,2018-2020,1709.0,1709.0,-2.3727,-0.8075,0.8773,0.1183,-0.002,-0.3503,-3.1803,0.9956,-0.3523,-1.4975,-1.0396,-2.537,C.J. Williams
203816,2018-2020,20.0,22.0,-5.1986,-3.525,0.1549,0.762,-0.0255,-0.1023,-8.7236,0.917,-0.1278,-5.0692,-2.8652,-7.9344,Scotty Hopson
203894,2018-2020,7967.0,7984.0,1.0568,-0.21,-0.7461,0.0474,-0.4397,0.0758,0.8469,-0.6988,-0.3639,-0.129,-0.0868,-0.2158,Shabazz Napier
203895,2018-2020,2413.0,2420.0,-0.3668,-0.4496,-0.2998,0.1204,0.0033,-1.1055,-0.8164,-0.1795,-1.1022,-0.6633,-1.4347,-2.0981,Jordan McRae
203897,2018-2020,10110.0,10099.0,1.8209,-1.8804,0.0131,-0.1901,-0.319,-1.4104,-0.0595,-0.177,-1.7294,1.5151,-3.4809,-1.9659,Zach LaVine
203898,2018-2020,1411.0,1406.0,-2.1675,-0.1497,-0.0382,-0.035,-0.1303,0.6927,-2.3172,-0.0732,0.5625,-2.336,0.508,-1.8279,Tyler Ennis
203900,2018-2020,60.0,62.0,-3.7316,-2.2178,0.2642,0.3849,-0.0023,-0.0607,-5.9495,0.6491,-0.063,-3.4698,-1.8936,-5.3634,Markel Brown
203901,2018-2020,9052.0,9045.0,-0.2496,0.3538,0.4296,-0.6549,0.167,-1.936,0.1042,-0.2253,-1.769,0.347,-2.237,-1.89,Elfrid Payton
203903,2018-2020,11930.0,11933.0,1.815,-3.1817,-0.5211,0.0786,-0.3056,-0.0435,-1.3667,-0.4425,-0.349,0.9884,-3.1466,-2.1582,Jordan Clarkson
203914,2018-2020,11586.0,11566.0,0.0526,-0.8767,-0.1551,-0.0702,-0.4573,1.5499,-0.8242,-0.2253,1.0926,-0.5598,0.6029,0.0431,Gary Harris
203915,2018-2020,12866.0,12851.0,2.8976,-1.1974,-0.4069,0.0892,0.1746,-0.0443,1.7002,-0.3178,0.1303,2.6653,-1.1526,1.5127,Spencer Dinwiddie
203917,2018-2020,3155.0,3169.0,-0.7466,-1.7066,-0.5011,-0.0774,-0.5304,-0.6964,-2.4532,-0.5785,-1.2268,-1.778,-2.4805,-4.2585,Nik Stauskas
203918,2018-2020,8340.0,8349.0,-0.2198,-1.5728,-0.2097,-0.1858,-0.3026,0.0822,-1.7925,-0.3955,-0.2205,-0.7321,-1.6764,-2.4086,Rodney Hood
203920,2018-2020,4357.0,4358.0,-0.5053,1.6527,0.3627,0.2436,0.0134,-0.3248,1.1474,0.6062,-0.3114,-0.1292,1.5715,1.4423,Khem Birch
203922,2018-2020,5610.0,5625.0,-0.7371,-1.1013,0.292,0.0283,-0.1886,-0.5161,-1.8384,0.3203,-0.7047,-0.6337,-1.5891,-2.2228,Glenn Robinson III
203923,2018-2020,118.0,123.0,-2.6958,-2.5599,-0.1087,-0.1122,-0.0334,-0.1734,-5.2556,-0.2208,-0.2068,-2.8379,-2.8454,-5.6832,James Young
203924,2018-2020,12772.0,12784.0,-0.5839,0.662,-0.1746,-0.2711,0.0307,-0.1703,0.078,-0.4457,-0.1396,-0.7279,0.2206,-0.5073,Jerami Grant
203925,2018-2020,13284.0,13321.0,0.3822,-1.7441,0.0992,0.0563,0.2511,0.4058,-1.3619,0.1555,0.6568,0.7325,-1.2821,-0.5496,Joe Harris
203926,2018-2020,9223.0,9192.0,-0.4005,-2.2712,0.3147,0.1163,0.3658,1.5274,-2.6717,0.4311,1.8932,0.2801,-0.6274,-0.3474,Doug McDermott
203930,2018-2020,1308.0,1317.0,-0.5029,-2.3572,-0.6944,-0.1009,-0.2186,-0.7815,-2.8601,-0.7953,-1.0002,-1.4159,-3.2396,-4.6556,Sean Kilpatrick
203932,2018-2020,13425.0,13395.0,0.0443,0.0906,-0.1696,0.3249,0.0513,0.9109,0.1349,0.1553,0.9622,-0.074,1.3263,1.2523,Aaron Gordon
203933,2018-2020,11785.0,11784.0,0.1271,-1.2106,-0.3668,-0.6489,0.1089,0.7661,-1.0835,-1.0157,0.8751,-0.1308,-1.0934,-1.2242,T.J. Warren
203935,2018-2020,11843.0,11862.0,0.3908,0.6837,-0.5406,0.5283,0.0001,0.5776,1.0745,-0.0123,0.5778,-0.1497,1.7896,1.6399,Marcus Smart
203937,2018-2020,9283.0,9283.0,-1.6963,2.8607,-0.116,0.1258,-0.2388,0.4133,1.1644,0.0098,0.1745,-2.0512,3.3998,1.3486,Kyle Anderson
203939,2018-2020,8885.0,8880.0,1.1709,1.8381,-0.3861,0.0387,0.378,0.0028,3.009,-0.3474,0.3807,1.1628,1.8796,3.0423,Dwight Powell
203940,2018-2020,84.0,86.0,-1.1302,-0.1393,-0.5042,-0.3752,-0.0325,-0.3202,-1.2696,-0.8793,-0.3527,-1.6669,-0.8347,-2.5016,Adreian Payne
203943,2018-2020,6126.0,6135.0,-1.7845,2.0239,-0.3458,-0.3974,-0.0082,0.3897,0.2394,-0.7432,0.3815,-2.1385,2.0162,-0.1222,Noah Vonleh
203944,2018-2020,13588.0,13554.0,0.3746,-0.6788,0.5063,-0.2862,0.34,0.6163,-0.3042,0.2201,0.9562,1.2209,-0.3488,0.8721,Julius Randle
203948,2018-2020,779.0,779.0,-2.3304,-1.5424,0.1137,-0.3285,-0.3449,0.5966,-3.8728,-0.2148,0.2518,-2.5616,-1.2742,-3.8358,Johnny O'Bryant III
203949,2018-2020,39.0,39.0,-4.3179,-3.9878,-0.2217,-0.0505,0.0073,0.0614,-8.3056,-0.2721,0.0686,-4.5323,-3.9768,-8.5091,James McAdoo
203952,2018-2020,15259.0,15255.0,-0.8973,-1.8315,0.1395,0.0631,0.3695,-0.2316,-2.7288,0.2026,0.1378,-0.3883,-2.0,-2.3883,Andrew Wiggins
203953,2018-2020,7125.0,7105.0,-0.5661,-0.9508,0.0245,-0.0976,0.2335,-0.8275,-1.5169,-0.0731,-0.594,-0.3081,-1.8758,-2.184,Jabari Parker
203954,2018-2020,11625.0,11599.0,2.3357,2.4436,0.4655,1.554,-0.0008,1.512,4.7793,2.0195,1.5112,2.8004,5.5097,8.3101,Joel Embiid
203957,2018-2020,2869.0,2857.0,-1.0943,-1.5415,-0.0667,0.0071,-0.2649,1.1709,-2.6358,-0.0596,0.9061,-1.4258,-0.3635,-1.7893,Dante Exum
203960,2018-2020,1924.0,1930.0,-2.2487,1.631,-0.2956,-0.3814,0.0159,0.8519,-0.6177,-0.6769,0.8678,-2.5283,2.1016,-0.4268,JaKarr Sampson
203961,2018-2020,1649.0,1673.0,-3.2407,4.7474,-0.1454,-0.379,-0.0902,0.7822,1.5067,-0.5245,0.692,-3.4764,5.1506,1.6743,Eric Moreland
203962,2018-2020,1925.0,1930.0,-4.172,-0.0672,-0.0507,0.5392,0.678,0.8024,-4.2392,0.4885,1.4804,-3.5447,1.2744,-2.2703,Josh Huestis
203966,2018-2020,538.0,538.0,-1.0532,-0.2102,0.0726,-0.0482,0.033,0.1319,-1.2634,0.0244,0.1649,-0.9476,-0.1266,-1.0741,Jamil Wilson
203967,2018-2020,12423.0,12460.0,0.7265,-1.0831,-0.0761,0.0651,0.0778,0.4672,-0.3566,-0.0111,0.545,0.7281,-0.5508,0.1773,Dario Saric
203991,2018-2020,11297.0,11320.0,0.5941,3.3683,-1.873,-0.2958,-0.4685,0.0396,3.9624,-2.1688,-0.4289,-1.7474,3.1122,1.3648,Clint Capela
203992,2018-2020,12019.0,11989.0,0.7264,-1.1726,-0.5489,0.0485,0.1531,-0.4347,-0.4461,-0.5003,-0.2816,0.3307,-1.5587,-1.228,Bogdan Bogdanović
203994,2018-2020,8846.0,8829.0,-0.8694,2.21,0.427,0.7325,-0.2149,1.4023,1.3406,1.1595,1.1873,-0.6573,4.3448,3.6875,Jusuf Nurkić
203998,2018-2020,2367.0,2384.0,-0.9349,0.4733,0.5752,-0.0187,-0.0058,0.131,-0.4616,0.5565,0.1252,-0.3655,0.5856,0.2201,Bruno Caboclo
203999,2018-2020,14564.0,14479.0,4.0448,2.3254,0.1178,0.1813,-0.0476,-0.3621,6.3702,0.299,-0.4097,4.115,2.1445,6.2595,Nikola Jokić
204001,2018-2020,6891.0,6891.0,0.8738,1.961,0.6214,0.3669,0.326,0.7629,2.8348,0.9883,1.0888,1.8211,3.0908,4.9119,Kristaps Porziņģis
204020,2018-2020,8786.0,8826.0,-0.2682,-0.7744,-0.1704,0.0628,-0.4784,-0.1701,-1.0425,-0.1076,-0.6485,-0.9169,-0.8817,-1.7986,Tyler Johnson
204022,2018-2020,165.0,171.0,0.8508,-0.0279,-0.0506,0.1939,-0.0719,0.0871,0.8229,0.1433,0.0153,0.7284,0.2531,0.9815,Jack Cooley
204025,2018-2020,4788.0,4800.0,-0.8786,0.3509,0.0401,-0.0955,-0.0029,-0.96,-0.5277,-0.0554,-0.9629,-0.8414,-0.7045,-1.5459,Tim Frazier
204028,2018-2020,1110.0,1103.0,-2.9404,1.8685,-0.7138,-0.5126,-0.2729,0.1532,-1.0719,-1.2264,-0.1197,-3.9271,1.5091,-2.418,Tarik Black
204037,2018-2020,467.0,468.0,-3.5771,-0.185,-0.2765,-0.4447,0.1235,0.166,-3.7622,-0.7213,0.2895,-3.7302,-0.4638,-4.194,Travis Wear
204038,2018-2020,8783.0,8777.0,0.7004,-1.3824,-0.746,0.0571,-0.1254,0.2278,-0.6821,-0.689,0.1024,-0.1711,-1.0976,-1.2687,Langston Galloway
204060,2018-2020,14879.0,14864.0,0.646,0.1472,-0.4827,0.1505,0.1964,1.2055,0.7933,-0.3321,1.4019,0.3598,1.5033,1.863,Joe Ingles
204065,2018-2020,21.0,20.0,-2.6298,-3.3031,-1.4886,-0.1795,-0.0137,-0.0933,-5.9328,-1.668,-0.107,-4.132,-3.5759,-7.7079,David Stockton
204066,2018-2020,360.0,365.0,-3.1146,-1.8535,-0.6904,0.1241,0.0804,-0.2715,-4.9682,-0.5663,-0.1911,-3.7247,-2.0009,-5.7256,John Holland
204067,2018-2020,18.0,17.0,-5.6715,-4.0138,0.5105,-0.17,0.0057,0.0222,-9.6853,0.3406,0.0279,-5.1552,-4.1617,-9.3169,Jarell Eddie
204098,2018-2020,41.0,41.0,-4.6091,-4.0435,0.2916,0.9652,-0.0309,-0.1676,-8.6527,1.2568,-0.1984,-4.3484,-3.2459,-7.5943,Xavier Munford
204179,2018-2020,150.0,151.0,-1.4395,-1.9418,0.8694,0.2658,0.1684,-0.1477,-3.3813,1.1352,0.0207,-0.4017,-1.8236,-2.2254,Omari Johnson
204456,2018-2020,9435.0,9510.0,-1.1241,0.697,-0.0841,-0.2535,0.165,-0.9127,-0.4272,-0.3376,-0.7478,-1.0433,-0.4692,-1.5125,T.J. McConnell
1626143,2018-2020,3652.0,3659.0,-1.4386,0.0192,-0.8352,0.1256,-0.1569,-1.4269,-1.4194,-0.7095,-1.5838,-2.4307,-1.2821,-3.7127,Jahlil Okafor
1626144,2018-2020,7678.0,7723.0,-1.0242,-2.2803,-0.0881,0.0706,-0.3037,-1.2529,-3.3045,-0.0174,-1.5566,-1.416,-3.4625,-4.8785,Emmanuel Mudiay
1626145,2018-2020,8855.0,8905.0,0.62,1.4012,-0.1941,-0.4764,0.4189,-0.2159,2.0212,-0.6704,0.2029,0.8448,0.7089,1.5537,Tyus Jones
1626147,2018-2020,2326.0,2360.0,-0.996,-0.5284,0.3581,-0.2171,-0.1549,-0.2385,-1.5244,0.141,-0.3934,-0.7928,-0.984,-1.7768,Justin Anderson
1626148,2018-2020,9.0,10.0,-3.5438,-2.971,0.0021,0.5488,0.01,0.0173,-6.5148,0.5509,0.0274,-3.5317,-2.4048,-5.9365,Anthony Brown
1626149,2018-2020,11107.0,11095.0,1.0798,0.9966,-0.0678,0.3274,0.1983,1.3088,2.0764,0.2596,1.5071,1.2103,2.6328,3.8431,Montrezl Harrell
1626150,2018-2020,2926.0,2921.0,-0.851,-0.8066,-0.2057,0.2223,-0.1069,-0.7599,-1.6576,0.0167,-0.8667,-1.1636,-1.3441,-2.5077,Andrew Harrison
1626151,2018-2020,471.0,473.0,-3.1572,-1.3856,-0.0074,0.3737,-0.0691,-0.6511,-4.5428,0.3663,-0.7202,-3.2337,-1.663,-4.8967,Aaron Harrison
1626153,2018-2020,9633.0,9643.0,0.707,1.8277,-0.0181,0.1765,0.053,-0.9375,2.5347,0.1584,-0.8845,0.7419,1.0668,1.8086,Delon Wright
1626154,2018-2020,142.0,144.0,0.0874,-2.1125,0.4963,0.0517,0.0784,0.4358,-2.0251,0.548,0.5143,0.6621,-1.625,-0.9629,RJ Hunter
1626155,2018-2020,3490.0,3506.0,-1.6858,-0.521,0.4047,-0.2529,0.4352,-0.3381,-2.2069,0.1518,0.0971,-0.8459,-1.112,-1.9579,Sam Dekker
1626156,2018-2020,10812.0,10791.0,2.8071,-2.4024,-0.761,-0.073,-0.2345,-0.3421,0.4048,-0.834,-0.5766,1.8117,-2.8175,-1.0058,D'Angelo Russell
1626157,2018-2020,13613.0,13555.0,3.5689,2.2836,0.6839,-0.3299,0.6161,-1.2083,5.8526,0.354,-0.5923,4.8689,0.7454,5.6144,Karl-Anthony Towns
1626158,2018-2020,6536.0,6552.0,-0.177,2.6477,-0.7542,-0.2782,0.1979,-0.1761,2.4708,-1.0324,0.0218,-0.7333,2.1934,1.4601,Richaun Holmes
1626159,2018-2020,8101.0,8130.0,-2.119,0.176,0.0819,-0.0112,0.3782,2.5487,-1.943,0.0707,2.927,-1.6588,2.7135,1.0547,Justise Winslow
1626161,2018-2020,11051.0,11008.0,-1.6114,2.8028,-0.6979,0.1847,-0.0118,0.5393,1.1914,-0.5132,0.5275,-2.3211,3.5268,1.2057,Willie Cauley-Stein
1626162,2018-2020,12760.0,12777.0,-0.3836,0.1471,-0.7573,-0.382,-0.0551,-0.1615,-0.2365,-1.1393,-0.2166,-1.196,-0.3965,-1.5924,Kelly Oubre Jr.
1626163,2018-2020,6929.0,6928.0,0.4566,-0.6684,-0.3136,0.1,0.0109,-0.1658,-0.2118,-0.2136,-0.155,0.1539,-0.7343,-0.5804,Frank Kaminsky
1626164,2018-2020,13972.0,13959.0,3.0832,-2.8893,0.4375,-0.1688,0.4532,-0.4955,0.194,0.2686,-0.0423,3.9739,-3.5535,0.4203,Devin Booker
1626166,2018-2020,3071.0,3065.0,-0.3913,-0.3874,-0.3701,-0.063,-0.1134,-0.8429,-0.7787,-0.4331,-0.9563,-0.8748,-1.2933,-2.1681,Cameron Payne
1626167,2018-2020,11664.0,11635.0,-1.2417,3.0344,0.1408,-0.2942,-0.1872,0.5487,1.7927,-0.1535,0.3615,-1.2881,3.2889,2.0008,Myles Turner
1626168,2018-2020,7737.0,7733.0,-0.5962,0.6926,-0.14,-0.303,0.1196,-0.3083,0.0964,-0.443,-0.1887,-0.6166,0.0814,-0.5352,Trey Lyles
1626169,2018-2020,6670.0,6672.0,-2.5257,-0.0785,-1.0555,-0.1065,-0.8073,2.1587,-2.6043,-1.1619,1.3514,-4.3885,1.9737,-2.4148,Stanley Johnson
1626170,2018-2020,5482.0,5512.0,0.3073,0.3314,-0.831,-0.2081,-0.5873,-1.127,0.6387,-1.039,-1.7142,-1.1109,-1.0036,-2.1146,Jerian Grant
1626171,2018-2020,8983.0,8963.0,0.1118,-0.7934,0.0455,-0.3053,0.4584,-1.0266,-0.6816,-0.2597,-0.5682,0.6157,-2.1252,-1.5096,Bobby Portis
1626172,2018-2020,5533.0,5560.0,-0.6045,1.7082,0.985,0.3006,0.053,0.1931,1.1037,1.2856,0.2462,0.4335,2.202,2.6354,Kevon Looney
1626173,2018-2020,421.0,426.0,-1.8589,-0.9942,0.013,0.061,0.0317,-0.3523,-2.8531,0.0739,-0.3206,-1.8142,-1.2856,-3.0998,Rashad Vaughn
1626174,2018-2020,3254.0,3265.0,2.2686,1.9728,-0.7939,-0.2,0.3339,-0.0922,4.2414,-0.9939,0.2417,1.8086,1.6806,3.4892,Christian Wood
1626175,2018-2020,552.0,558.0,-3.8355,0.3868,-0.5826,-0.516,0.0327,-0.5229,-3.4487,-1.0986,-0.4902,-4.3854,-0.6521,-5.0375,Jordan Mickey
1626177,2018-2020,316.0,319.0,-1.3001,1.4538,0.4641,0.291,-0.085,0.6023,0.1537,0.7551,0.5173,-0.921,2.3471,1.426,Dakari Johnson
1626178,2018-2020,8918.0,8946.0,-1.3378,0.86,-0.0111,0.1744,0.126,0.5791,-0.4778,0.1633,0.7052,-1.2229,1.6136,0.3907,Rondae Hollis-Jefferson
1626179,2018-2020,12135.0,12121.0,0.8544,-0.0696,-1.455,0.0592,-0.8095,-0.5349,0.7848,-1.3958,-1.3443,-1.41,-0.5453,-1.9553,Terry Rozier
1626181,2018-2020,7665.0,7668.0,-0.2844,-0.9251,-0.6807,-0.0001,-0.3203,-0.0283,-1.2095,-0.6809,-0.3486,-1.2855,-0.9535,-2.239,Norman Powell
1626184,2018-2020,1656.0,1681.0,-0.9741,-1.0884,0.4344,0.6653,-0.0367,-0.8511,-2.0625,1.0997,-0.8878,-0.5764,-1.2742,-1.8506,Chasson Randle
1626185,2018-2020,3982.0,3983.0,-3.1561,-0.7051,0.4919,0.1975,0.1138,0.299,-3.8613,0.6894,0.4128,-2.5504,-0.2087,-2.7591,Jarell Martin
1626187,2018-2020,324.0,329.0,-4.7321,-2.6716,-0.83,-0.233,-0.1606,-0.1143,-7.4037,-1.063,-0.2748,-5.7227,-3.0189,-8.7416,Michael Frazier II
1626188,2018-2020,4754.0,4757.0,-0.3269,-2.2407,-0.3969,0.045,-0.1631,-0.6936,-2.5676,-0.3518,-0.8567,-0.8869,-2.8892,-3.7761,Quinn Cook
1626191,2018-2020,199.0,192.0,-2.0424,0.0028,-0.1303,-0.1894,-0.0252,-0.2319,-2.0396,-0.3197,-0.2572,-2.1979,-0.4186,-2.6165,Chris McCullough
1626192,2018-2020,8440.0,8441.0,-0.8017,-0.2891,1.4047,-0.0515,0.1612,-0.4416,-1.0908,1.3532,-0.2803,0.7643,-0.7822,-0.0179,Pat Connaughton
1626195,2018-2020,3484.0,3498.0,0.8123,1.0844,-0.2907,-0.1077,-0.2009,-0.4914,1.8967,-0.3984,-0.6923,0.3208,0.4853,0.8061,Willy Hernangomez
1626196,2018-2020,13994.0,13958.0,-0.0225,-0.7428,-0.3188,0.1698,0.1639,1.2912,-0.7654,-0.149,1.4551,-0.1774,0.7182,0.5408,Josh Richardson
1626199,2018-2020,191.0,189.0,-3.8577,-1.4215,0.2971,0.1518,0.129,-0.2459,-5.2791,0.4489,-0.1168,-3.4315,-1.5155,-4.947,Darrun Hilliard
1626202,2018-2020,1123.0,1120.0,-2.1276,-2.1076,0.1732,0.1903,-0.1451,-0.4682,-4.2352,0.3635,-0.6133,-2.0995,-2.3855,-4.4851,Joe Young
1626203,2018-2020,5614.0,5588.0,-2.2511,-1.3473,0.0737,0.297,-0.0752,0.3249,-3.5984,0.3707,0.2497,-2.2527,-0.7254,-2.9781,Treveon Graham
1626204,2018-2020,9552.0,9544.0,0.492,3.0608,-0.8455,0.001,-0.3964,-0.382,3.5528,-0.8446,-0.7784,-0.7499,2.6798,1.9299,Larry Nance Jr.
1626205,2018-2020,16.0,16.0,-3.3631,-3.6622,-0.1271,-0.0421,0.0149,0.0237,-7.0253,-0.1692,0.0386,-3.4753,-3.6806,-7.1559,Vincent Hunter
1626209,2018-2020,7705.0,7706.0,-2.0772,0.3289,-0.1669,-0.1397,-0.3145,-1.6464,-1.7484,-0.3066,-1.9608,-2.5587,-1.4572,-4.0158,Mario Hezonja
1626210,2018-2020,200.0,196.0,-2.8864,2.9314,-0.7517,-0.019,0.0004,0.4011,0.045,-0.7707,0.4016,-3.6376,3.3135,-0.3241,Alan Williams
1626220,2018-2020,9926.0,9987.0,-2.6457,1.3951,1.5565,-0.1599,0.5334,1.0163,-1.2506,1.3966,1.5497,-0.5558,2.2516,1.6958,Royce O'Neale
1626224,2018-2020,10223.0,10210.0,-1.2418,-1.1327,0.0057,-0.0364,0.2218,-0.8581,-2.3745,-0.0308,-0.6363,-1.0144,-2.0272,-3.0416,Cedi Osman
1626242,2018-2020,17.0,17.0,-6.3981,-3.5131,0.3007,-0.1308,-0.0318,0.0147,-9.9112,0.17,-0.0171,-6.1292,-3.6291,-9.7583,Luis Montero
1626245,2018-2020,4299.0,4323.0,-1.4838,-1.0069,0.0703,0.299,-0.605,-2.7986,-2.4906,0.3693,-3.4036,-2.0185,-3.5065,-5.5249,Cristiano Felicio
1626246,2018-2020,3001.0,3011.0,1.9903,1.2906,0.2456,-0.2624,-0.1577,0.1561,3.2808,-0.0168,-0.0016,2.0782,1.1843,3.2625,Boban Marjanovic
1626257,2018-2020,2256.0,2258.0,-1.6299,4.3698,-0.2202,-0.9912,0.2854,-0.595,2.7399,-1.2114,-0.3096,-1.5648,2.7836,1.2188,Salah Mejri
1626259,2018-2020,744.0,745.0,-1.5792,-0.9318,-0.3953,0.125,0.3748,0.0176,-2.511,-0.2703,0.3924,-1.5997,-0.7892,-2.3889,Malcolm Miller
1626296,2018-2020,9.0,10.0,-1.659,-0.5761,0.5616,0.1462,0.0124,-0.1566,-2.2351,0.7078,-0.1443,-1.085,-0.5866,-1.6716,Jordan Sibert
1626643,2018-2020,15.0,15.0,-5.0345,-4.5313,0.448,-0.0113,-0.0252,0.1329,-9.5659,0.4367,0.1078,-4.6117,-4.4097,-9.0214,Jacob Pullen
1626780,2018-2020,87.0,84.0,0.9309,-2.3544,0.0942,0.6078,0.0412,-0.1514,-1.4235,0.702,-0.1101,1.0663,-1.898,-0.8316,Jonathan Gibson
1627098,2018-2020,2059.0,2081.0,-0.9088,-0.4777,-0.8723,-0.1519,-0.1583,-0.1691,-1.3865,-1.0241,-0.3274,-1.9394,-0.7987,-2.7381,Malcolm Delaney
1627215,2018-2020,423.0,421.0,-2.5264,-0.6657,-0.4756,-0.0956,0.0017,-0.7202,-3.1921,-0.5713,-0.7185,-3.0004,-1.4816,-4.4819,Walt Lemon Jr.
1627362,2018-2020,487.0,487.0,-3.3464,1.3277,0.781,-0.1121,-0.0262,-1.3684,-2.0187,0.669,-1.3946,-2.5915,-0.1528,-2.7443,Briante Weber
1627395,2018-2020,515.0,511.0,-3.6606,0.1164,1.1119,0.0469,0.0708,0.0678,-3.5442,1.1588,0.1386,-2.4779,0.2311,-2.2468,Julian Washburn
1627732,2018-2020,15683.0,15654.0,0.2978,2.3384,-0.1146,0.0828,0.1696,-0.6248,2.6362,-0.0319,-0.4552,0.3527,1.7965,2.1492,Ben Simmons
1627733,2018-2020,6640.0,6680.0,-3.0105,-0.5696,-0.2687,0.0693,-0.1975,-0.0373,-3.5801,-0.1994,-0.2348,-3.4767,-0.5376,-4.0143,Dragan Bender
1627734,2018-2020,11720.0,11719.0,0.0732,0.8652,0.266,0.1472,0.3403,0.7921,0.9384,0.4132,1.1324,0.6795,1.8046,2.484,Domantas Sabonis
1627735,2018-2020,360.0,358.0,-3.5207,-1.5643,-0.1082,0.145,-0.133,-0.1784,-5.0851,0.0367,-0.3114,-3.762,-1.5978,-5.3598,Wade Baldwin IV
1627736,2018-2020,7647.0,7634.0,0.2315,-1.6115,0.1115,-0.0679,0.1668,0.0057,-1.38,0.0436,0.1725,0.5098,-1.6737,-1.1639,Malik Beasley
1627737,2018-2020,6709.0,6699.0,-1.9706,1.5343,-0.8876,-0.5303,-0.1099,-1.4882,-0.4362,-1.4178,-1.5981,-2.968,-0.4841,-3.4521,Marquese Chriss
1627738,2018-2020,2171.0,2170.0,-1.9448,1.2565,-0.3907,0.1485,0.1198,-0.6209,-0.6882,-0.2422,-0.5011,-2.2157,0.7841,-1.4315,Deyonta Davis
1627739,2018-2020,8581.0,8581.0,-2.0784,1.4048,0.0311,-0.0937,0.1143,-0.3043,-0.6737,-0.0626,-0.1899,-1.933,1.0068,-0.9262,Kris Dunn
1627740,2018-2020,1232.0,1250.0,-2.1386,-0.2412,-0.2488,-0.431,-0.2462,1.0328,-2.3798,-0.6797,0.7867,-2.6336,0.3607,-2.2729,Henry Ellenson
1627741,2018-2020,14232.0,14190.0,1.7824,-1.9312,-0.2986,0.1028,0.0993,-0.0527,-0.1489,-0.1957,0.0466,1.5831,-1.8811,-0.298,Buddy Hield
1627742,2018-2020,12438.0,12419.0,-0.5544,-1.1831,-0.2725,0.2511,-0.0939,-0.0145,-1.7375,-0.0214,-0.1084,-0.9208,-0.9465,-1.8673,Brandon Ingram
1627743,2018-2020,249.0,245.0,-1.4063,-1.8906,0.8091,0.1759,-0.0808,-0.1735,-3.2968,0.985,-0.2544,-0.678,-1.8882,-2.5662,Demetrius Jackson
1627744,2018-2020,212.0,215.0,-3.4667,1.6757,-0.4017,-0.8515,-0.0118,-0.2207,-1.7909,-1.2532,-0.2325,-3.8801,0.6035,-3.2767,Brice Johnson
1627745,2018-2020,2900.0,2897.0,-1.314,1.7927,0.4011,0.2746,-0.219,-1.797,0.4787,0.6757,-2.016,-1.132,0.2704,-0.8616,Damian Jones
1627746,2018-2020,4073.0,4079.0,-2.075,-0.1051,0.3741,0.2706,0.0976,-0.5268,-2.18,0.6446,-0.4293,-1.6033,-0.3613,-1.9647,Skal Labissiere
1627747,2018-2020,8904.0,8933.0,0.214,-1.1331,0.0897,0.1186,-0.0924,0.3891,-0.9191,0.2083,0.2967,0.2113,-0.6254,-0.4141,Caris LeVert
1627748,2018-2020,6008.0,6060.0,-1.9973,1.3903,-0.0019,-0.5428,-0.0997,-1.4549,-0.607,-0.5447,-1.5546,-2.099,-0.6073,-2.7063,Thon Maker
1627749,2018-2020,6913.0,6943.0,-1.6253,2.0631,-0.2226,0.0406,0.0795,0.4197,0.4378,-0.182,0.4992,-1.7684,2.5234,0.755,Dejounte Murray
1627750,2018-2020,13922.0,13864.0,1.8314,-1.7338,0.3113,0.1619,0.4968,-0.3942,0.0976,0.4732,0.1025,2.6395,-1.9661,0.6733,Jamal Murray
1627751,2018-2020,8181.0,8173.0,-0.5319,2.5625,1.8829,-0.2165,0.5827,-0.269,2.0306,1.6665,0.3137,1.9337,2.0771,4.0108,Jakob Poeltl
1627752,2018-2020,12313.0,12287.0,-1.0608,-1.1886,0.0082,-0.2149,0.1815,-0.6894,-2.2494,-0.2066,-0.5079,-0.8711,-2.0928,-2.964,Taurean Prince
1627753,2018-2020,264.0,262.0,-5.471,-0.2022,0.3527,0.091,-0.1812,0.0859,-5.6732,0.4437,-0.0952,-5.2995,-0.0253,-5.3248,Zhou
1627755,2018-2020,3421.0,3432.0,-1.7253,-1.6944,0.2205,-0.7797,0.0099,0.4834,-3.4197,-0.5592,0.4934,-1.4949,-1.9907,-3.4855,Tyler Ulis
1627756,2018-2020,5276.0,5254.0,-0.7634,-0.1005,-1.2043,0.1934,-0.4046,-0.3013,-0.8639,-1.0109,-0.7059,-2.3723,-0.2085,-2.5807,Denzel Valentine
1627758,2018-2020,1104.0,1085.0,-2.73,0.9808,0.0745,0.3295,0.0331,0.3685,-1.7492,0.4039,0.4016,-2.6224,1.6788,-0.9436,Ron Baker
1627759,2018-2020,12277.0,12257.0,-0.5225,-0.6916,-0.1034,-0.0549,0.1916,1.7266,-1.2141,-0.1583,1.9182,-0.4344,0.9801,0.5457,Jaylen Brown
1627761,2018-2020,7144.0,7139.0,-3.3715,0.7256,-0.1961,0.0819,-0.2007,-0.2967,-2.646,-0.1142,-0.4974,-3.7683,0.5107,-3.2576,DeAndre' Bembry
1627762,2018-2020,79.0,79.0,-1.8894,-1.5315,0.3668,-0.3993,-0.108,0.1872,-3.4209,-0.0325,0.0791,-1.6306,-1.7437,-3.3743,Joel Bolomboy
1627763,2018-2020,10138.0,10162.0,1.5023,-1.1652,-0.0243,0.1882,-0.1701,0.4336,0.3371,0.1639,0.2635,1.3079,-0.5433,0.7645,Malcolm Brogdon
1627767,2018-2020,4170.0,4181.0,-2.0638,1.9683,-1.1639,-0.4384,0.2687,-1.2131,-0.0955,-1.6023,-0.9444,-2.9591,0.3169,-2.6422,Cheick Diallo
1627770,2018-2020,294.0,297.0,-4.1547,-3.6659,-0.269,-0.0537,-0.1225,0.2292,-7.8206,-0.3227,0.1067,-4.5462,-3.4903,-8.0365,Kay Felder
1627772,2018-2020,493.0,488.0,-2.9836,-0.7907,-0.2831,-0.0238,-0.0088,0.1277,-3.7743,-0.3068,0.1189,-3.2755,-0.6868,-3.9623,Daniel Hamilton
1627774,2018-2020,4193.0,4188.0,-1.2776,-1.1767,0.3773,-0.1778,-0.016,1.0327,-2.4543,0.1994,1.0167,-0.9163,-0.3219,-1.2382,Jake Layman
1627775,2018-2020,4707.0,4726.0,-2.8867,-0.2829,0.4304,0.0429,-0.1303,-1.0493,-3.1697,0.4733,-1.1796,-2.5866,-1.2894,-3.876,Patrick McCaw
1627777,2018-2020,3059.0,3077.0,-0.1133,-1.2139,0.7796,0.0412,-0.2133,-1.2137,-1.3272,0.8208,-1.427,0.4531,-2.3864,-1.9334,Georges Niang
1627778,2018-2020,39.0,41.0,-5.8747,-3.6964,0.4892,0.3002,-0.0313,0.0851,-9.5711,0.7893,0.0538,-5.4168,-3.3111,-8.7279,Chinanu Onuaku
1627779,2018-2020,55.0,56.0,-2.1043,-2.0871,0.0062,0.1333,0.0816,0.0502,-4.1914,0.1395,0.1318,-2.0165,-1.9036,-3.9201,Marcus Paige
1627780,2018-2020,1397.0,1404.0,-1.8506,0.9548,0.3175,0.0716,-0.1454,-1.409,-0.8959,0.3891,-1.5543,-1.6785,-0.3826,-2.0611,Gary Payton II
1627781,2018-2020,882.0,887.0,-3.7396,-2.2682,-1.0665,-0.144,-0.1935,-0.1676,-6.0079,-1.2105,-0.3611,-4.9996,-2.5798,-7.5794,Malachi Richardson
1627782,2018-2020,4389.0,4388.0,-2.0951,-2.6898,0.1204,0.1296,0.1074,-1.145,-4.7849,0.2499,-1.0376,-1.8673,-3.7053,-5.5726,Wayne Selden
1627783,2018-2020,13062.0,13065.0,0.3099,0.473,0.177,0.1815,0.6187,1.5239,0.783,0.3585,2.1426,1.1057,2.1784,3.2841,Pascal Siakam
1627784,2018-2020,108.0,107.0,-2.5698,-2.3991,-0.5552,-0.2692,0.0541,0.1152,-4.9689,-0.8244,0.1693,-3.0709,-2.5531,-5.624,Jarrod Uthoff
1627785,2018-2020,376.0,376.0,-2.9098,-2.3438,-0.1793,0.029,-0.082,0.7191,-5.2537,-0.1503,0.637,-3.1712,-1.5958,-4.7669,Isaiah Whitehead
1627786,2018-2020,1329.0,1344.0,-1.6473,0.0393,0.3148,-0.1343,-0.0415,-0.5344,-1.6081,0.1805,-0.5759,-1.3741,-0.6295,-2.0035,Troy Williams
1627788,2018-2020,4886.0,4888.0,-0.0574,-0.9654,0.0642,0.0174,0.2488,-0.6192,-1.0228,0.0816,-0.3704,0.2555,-1.5673,-1.3117,Furkan Korkmaz
1627789,2018-2020,4914.0,4935.0,-1.5816,-1.921,-0.2803,-0.0093,-0.3472,0.8579,-3.5026,-0.2896,0.5107,-2.2091,-1.0725,-3.2816,Timothe Luwawu-Cabarrot
1627790,2018-2020,3078.0,3087.0,-0.9782,-0.0544,-0.63,0.0374,0.3612,0.5379,-1.0325,-0.5926,0.8991,-1.2469,0.5209,-0.726,Ante Zizic
1627812,2018-2020,7901.0,7901.0,-0.347,-0.9307,-0.1486,-0.054,0.1357,1.8896,-1.2777,-0.2026,2.0254,-0.3599,0.905,0.545,Yogi Ferrell
1627814,2018-2020,4633.0,4615.0,-0.3857,-0.174,-0.5785,-0.1087,-0.0594,0.5109,-0.5597,-0.6872,0.4515,-1.0237,0.2282,-0.7955,Damion Lee
1627816,2018-2020,871.0,863.0,-1.8556,-0.3879,0.8368,0.3793,-0.0762,-0.5307,-2.2435,1.2161,-0.6068,-1.0949,-0.5393,-1.6342,Alex Poythress
1627817,2018-2020,32.0,30.0,-4.8542,-3.4778,0.3656,-0.1661,-0.0645,0.1222,-8.3321,0.1994,0.0578,-4.5532,-3.5217,-8.0749,Tim Quarterman
1627819,2018-2020,2428.0,2413.0,-1.5979,-1.7163,0.0587,-0.2657,0.1157,0.9502,-3.3141,-0.2071,1.066,-1.4235,-1.0318,-2.4552,Isaiah Taylor
1627820,2018-2020,3526.0,3543.0,-4.1731,-1.1803,0.3149,0.0011,0.1951,0.7533,-5.3534,0.316,0.9484,-3.6631,-0.4259,-4.089,Tyrone Wallace
1627821,2018-2020,244.0,248.0,-3.7216,-2.3905,0.5656,0.4378,-0.079,-0.0729,-6.1121,1.0035,-0.1519,-3.235,-2.0255,-5.2605,James Webb III
1627823,2018-2020,5105.0,5111.0,-1.0879,-0.1022,0.9083,-0.0384,-0.15,-0.0528,-1.19,0.8698,-0.2028,-0.3296,-0.1934,-0.523,Juancho Hernangomez
1627824,2018-2020,1006.0,999.0,-0.6207,-0.6772,0.3668,0.3534,-0.0404,-0.1661,-1.2979,0.7202,-0.2065,-0.2943,-0.4899,-0.7842,Guerschon Yabusele
1627826,2018-2020,5763.0,5775.0,0.1583,1.5294,-0.8116,1.1497,-0.1702,2.3167,1.6876,0.3381,2.1466,-0.8236,4.9959,4.1723,Ivica Zubac
1627827,2018-2020,9325.0,9328.0,-0.5819,-0.5715,0.8856,0.175,-0.1616,0.9823,-1.1534,1.0606,0.8207,0.1422,0.5858,0.7279,Dorian Finney-Smith
1627832,2018-2020,10650.0,10649.0,1.7068,0.6106,-0.6263,0.0348,0.3468,0.7358,2.3173,-0.5914,1.0827,1.4273,1.3812,2.8086,Fred VanVleet
1627834,2018-2020,250.0,252.0,-3.6803,0.1901,0.1129,0.2976,0.0486,-0.6061,-3.4902,0.4106,-0.5574,-3.5188,-0.1183,-3.6371,Georgios Papagiannis
1627835,2018-2020,1635.0,1630.0,-4.5762,-0.9785,0.2953,-0.2544,-0.085,-0.0779,-5.5548,0.0408,-0.1629,-4.366,-1.3108,-5.6768,Paul Zipser
1627846,2018-2020,4349.0,4346.0,-2.7756,-0.9601,-0.0195,-0.3103,-0.9125,-0.8349,-3.7357,-0.3298,-1.7474,-3.7076,-2.1053,-5.8129,Abdel Nader
1627850,2018-2020,111.0,112.0,-2.4077,1.3417,-0.8146,-0.3053,-0.0691,0.3075,-1.066,-1.1199,0.2384,-3.2914,1.3439,-1.9475,Marshall Plumlee
1627851,2018-2020,5.0,4.0,-5.948,-4.0716,0.4024,0.3403,-0.0272,0.08,-10.0196,0.7427,0.0528,-5.5728,-3.6513,-9.2241,Mindaugas Kuzminskas
1627852,2018-2020,20.0,20.0,-5.9556,-3.4498,0.0633,-0.2248,0.0149,0.2277,-9.4055,-0.1615,0.2425,-5.8775,-3.4469,-9.3244,Nicolas Brussino
1627853,2018-2020,6579.0,6600.0,-0.7842,0.09,-0.7986,0.278,-0.0249,0.5628,-0.6942,-0.5206,0.5379,-1.6078,0.9309,-0.6769,Ryan Arcidiacono
1627854,2018-2020,10876.0,10913.0,-0.3375,-2.14,-0.3059,-0.2593,-0.0913,-0.3646,-2.4775,-0.5652,-0.4559,-0.7348,-2.7639,-3.4986,Bryn Forbes
1627855,2018-2020,175.0,173.0,-2.5733,-1.2682,-0.0996,0.2972,-0.0266,0.2077,-3.8416,0.1976,0.1811,-2.6996,-0.7633,-3.4629,Okaro White
1627856,2018-2020,63.0,65.0,-4.0538,1.4945,0.3245,-0.1014,0.0841,0.0399,-2.5593,0.2231,0.1241,-3.6452,1.433,-2.2122,Matt Costello
1627858,2018-2020,948.0,953.0,-2.7744,1.1812,0.2494,0.0078,0.1557,-0.7277,-1.5932,0.2572,-0.572,-2.3693,0.4613,-1.908,Kyle Collinsworth
1627863,2018-2020,6921.0,6928.0,-0.2705,-0.1938,0.6135,0.025,0.1036,0.3812,-0.4643,0.6385,0.4848,0.4465,0.2125,0.659,Danuel House Jr.
1627866,2018-2020,51.0,51.0,-0.6252,-1.3802,-0.4872,-0.4053,0.0204,-0.0417,-2.0054,-0.8924,-0.0213,-1.092,-1.8271,-2.9191,Jameel Warney
1627875,2018-2020,472.0,468.0,-3.2725,-1.7792,0.1507,0.022,0.1352,-0.1277,-5.0517,0.1727,0.0075,-2.9867,-1.8848,-4.8715,Marcus Georges-Hunt
1627883,2018-2020,797.0,809.0,-1.5826,-0.8064,-0.38,-0.4805,0.1289,-0.9489,-2.3891,-0.8605,-0.8199,-1.8337,-2.2358,-4.0695,Jalen Jones
1627884,2018-2020,5622.0,5647.0,-0.3734,1.2787,0.316,-0.3398,-0.0937,-0.3205,0.9052,-0.0238,-0.4143,-0.1511,0.6183,0.4672,Derrick Jones Jr.
1627885,2018-2020,4761.0,4767.0,-1.6506,2.664,-0.1844,0.1507,-0.002,-1.028,1.0134,-0.0338,-1.03,-1.837,1.7866,-0.0504,Shaquille Harrison
1627936,2018-2020,4772.0,4786.0,-1.5029,0.6337,0.1622,0.6372,0.2788,1.985,-0.8693,0.7994,2.2637,-1.062,3.2558,2.1938,Alex Caruso
1627982,2018-2020,234.0,235.0,-4.2324,-1.6958,0.1554,0.0508,-0.2502,-0.2144,-5.9282,0.2062,-0.4646,-4.3271,-1.8595,-6.1866,Josh Gray
1627988,2018-2020,765.0,760.0,-2.4264,0.2391,-0.1228,0.6098,0.1643,-0.5392,-2.1874,0.487,-0.3748,-2.3849,0.3097,-2.0752,Myke Henry
1628021,2018-2020,5896.0,5894.0,-1.9863,1.039,0.4237,-0.0484,0.3833,-0.0521,-0.9473,0.3753,0.3311,-1.1793,0.9385,-0.2409,David Nwaba
1628035,2018-2020,3479.0,3475.0,-2.0533,-0.9161,0.733,-0.0058,0.0802,-0.6817,-2.9694,0.7272,-0.6016,-1.2401,-1.6037,-2.8438,Alfonzo McKinnie
1628070,2018-2020,125.0,124.0,0.6503,-0.1513,-0.4835,-0.0039,0.0024,-0.0883,0.499,-0.4874,-0.0859,0.1693,-0.2435,-0.0743,Jordan Loyd
1628249,2018-2020,101.0,99.0,1.86,-0.7582,0.1718,0.289,-0.0196,0.0079,1.1018,0.4608,-0.0117,2.0122,-0.4613,1.551,Mitchell Creek
1628365,2018-2020,5575.0,5586.0,-1.3124,-0.695,0.1799,-0.0136,-0.0915,0.042,-2.0075,0.1663,-0.0495,-1.224,-0.6667,-1.8907,Markelle Fultz
1628366,2018-2020,11196.0,11173.0,-0.3351,0.8149,-0.9648,0.4128,-0.2027,1.0508,0.4797,-0.5519,0.8481,-1.5027,2.2785,0.7758,Lonzo Ball
1628367,2018-2020,9134.0,9133.0,-2.8064,-1.2098,-0.0088,-0.0944,-0.3351,-0.0994,-4.0162,-0.1032,-0.4345,-3.1502,-1.4036,-4.5538,Josh Jackson
1628368,2018-2020,13025.0,12974.0,0.2507,-0.3109,-0.2092,-0.289,0.2779,-1.1207,-0.0603,-0.4982,-0.8428,0.3194,-1.7206,-1.4013,De'Aaron Fox
1628369,2018-2020,14565.0,14521.0,0.1884,0.7041,0.4523,0.046,0.5808,1.9875,0.8924,0.4983,2.5683,1.2214,2.7375,3.959,Jayson Tatum
1628370,2018-2020,6779.0,6743.0,-0.047,-2.8704,-0.8401,0.0019,-0.6099,-1.2113,-2.9174,-0.8382,-1.8212,-1.4969,-4.0798,-5.5767,Malik Monk
1628371,2018-2020,7130.0,7183.0,-1.5376,2.4947,0.1714,-0.2492,-0.0091,0.4942,0.9571,-0.0778,0.4852,-1.3753,2.7397,1.3644,Jonathan Isaac
1628372,2018-2020,8361.0,8348.0,-1.4825,-2.2856,-0.7459,-0.106,-0.4425,0.508,-3.7682,-0.8518,0.0655,-2.6709,-1.8836,-4.5545,Dennis Smith Jr.
1628373,2018-2020,7730.0,7724.0,-3.041,-1.2327,0.0759,0.666,0.1532,1.5714,-4.2737,0.7419,1.7245,-2.812,1.0047,-1.8073,Frank Ntilikina
1628374,2018-2020,10638.0,10641.0,0.5119,-0.0425,-0.3775,-0.269,-0.0194,-0.5016,0.4694,-0.6465,-0.521,0.115,-0.8131,-0.6982,Lauri Markkanen
1628378,2018-2020,15549.0,15507.0,1.6854,-2.2285,0.4045,-0.0131,-0.0792,0.9721,-0.5431,0.3914,0.893,2.0108,-1.2694,0.7413,Donovan Mitchell
1628379,2018-2020,7628.0,7605.0,-0.0769,-1.2427,0.0126,-0.0656,0.1716,-0.0608,-1.3196,-0.053,0.1108,0.1073,-1.3691,-1.2618,Luke Kennard
1628380,2018-2020,5421.0,5397.0,-2.6466,-0.2661,0.893,0.0756,0.8719,0.0997,-2.9127,0.9686,0.9716,-0.8817,-0.0908,-0.9725,Zach Collins
1628381,2018-2020,10472.0,10429.0,1.3546,0.4767,-1.5217,-0.1082,-0.1798,0.3192,1.8313,-1.6299,0.1394,-0.3469,0.6877,0.3408,John Collins
1628382,2018-2020,8587.0,8613.0,-1.3083,-1.4121,0.2446,-0.1255,0.0371,0.0956,-2.7204,0.1191,0.1327,-1.0266,-1.442,-2.4686,Justin Jackson
1628383,2018-2020,110.0,109.0,-2.6724,-1.2946,0.1681,0.175,-0.0293,-0.1993,-3.9671,0.343,-0.2286,-2.5337,-1.319,-3.8526,Justin Patton
1628384,2018-2020,10153.0,10160.0,-1.4347,0.13,0.3601,-0.0256,-0.0572,1.2513,-1.3047,0.3346,1.194,-1.1318,1.3558,0.2239,OG Anunoby
1628385,2018-2020,3150.0,3160.0,-3.0091,0.1757,-0.6093,-0.171,0.2324,-0.9437,-2.8334,-0.7803,-0.7114,-3.3861,-0.9391,-4.3251,Harry Giles III
1628386,2018-2020,11208.0,11207.0,-0.1016,2.6261,-0.6066,-0.3873,0.4043,0.2165,2.5245,-0.9939,0.6209,-0.3038,2.4553,2.1514,Jarrett Allen
1628387,2018-2020,77.0,77.0,-1.8304,0.0133,0.3245,0.0895,-0.0099,-0.3027,-1.8171,0.414,-0.3126,-1.5157,-0.2,-1.7157,Ike Anigbogu
1628388,2018-2020,2542.0,2526.0,-1.4352,-0.6216,-0.2703,0.0773,0.0187,-0.3611,-2.0568,-0.193,-0.3424,-1.6869,-0.9054,-2.5923,T.J. Leaf
1628389,2018-2020,11456.0,11496.0,-0.3191,2.7005,0.0415,0.6856,-0.0539,0.6712,2.3814,0.7271,0.6173,-0.3316,4.0574,3.7258,Bam Adebayo
1628390,2018-2020,8172.0,8136.0,-2.6943,-2.0248,0.4471,-0.499,-0.2202,-0.6421,-4.7191,-0.0519,-0.8623,-2.4674,-3.1659,-5.6332,Terrance Ferguson
1628391,2018-2020,2837.0,2840.0,-2.4196,-0.0242,0.9543,-0.2772,-0.2153,0.9808,-2.4438,0.6772,0.7655,-1.6805,0.6794,-1.0011,D.J. Wilson
1628392,2018-2020,1031.0,1032.0,-1.7831,1.5989,0.2543,-0.1696,0.1774,0.5523,-0.1841,0.0846,0.7296,-1.3514,1.9816,0.6301,Isaiah Hartenstein
1628393,2018-2020,1769.0,1771.0,-4.403,-0.741,-0.1131,-0.0121,0.2116,0.2929,-5.144,-0.1252,0.5045,-4.3045,-0.4601,-4.7646,Jawun Evans
1628394,2018-2020,928.0,938.0,-2.8408,-0.3349,-0.2862,0.3419,0.1887,-0.3719,-3.1757,0.0557,-0.1832,-2.9384,-0.3648,-3.3032,Anžejs Pasečņiks
1628395,2018-2020,3888.0,3914.0,-1.8937,2.4537,0.3278,0.0291,0.4773,-0.9994,0.5601,0.3569,-0.522,-1.0886,1.4835,0.395,Jordan Bell
1628396,2018-2020,1533.0,1527.0,0.3389,1.4806,-0.3399,-0.0417,0.1308,-0.4174,1.8195,-0.3815,-0.2866,0.1297,1.0216,1.1513,Tony Bradley
1628397,2018-2020,2474.0,2497.0,-0.9937,0.1888,-0.1955,0.0967,-0.0627,-1.1312,-0.8049,-0.0989,-1.194,-1.252,-0.8458,-2.0978,Ivan Rabb
1628398,2018-2020,13225.0,13250.0,-0.4799,-2.0168,-0.0541,0.0162,0.313,1.0524,-2.4967,-0.0379,1.3654,-0.221,-0.9483,-1.1693,Kyle Kuzma
1628399,2018-2020,204.0,207.0,-2.0776,-1.269,0.8769,0.2762,-0.0519,-0.1442,-3.3466,1.1531,-0.1961,-1.2526,-1.137,-2.3896,Tyler Lydon
1628400,2018-2020,5611.0,5626.0,-2.6589,-1.2469,-0.0857,0.4981,-0.1988,0.7729,-3.9058,0.4124,0.5741,-2.9434,0.0241,-2.9192,Semi Ojeleye
1628401,2018-2020,7309.0,7336.0,0.3001,1.1516,-0.0154,0.1712,0.044,0.8609,1.4516,0.1558,0.9049,0.3287,2.1837,2.5123,Derrick White
1628402,2018-2020,4329.0,4340.0,-1.7392,-3.1344,-0.0052,0.0537,0.2134,-0.4627,-4.8735,0.0484,-0.2493,-1.531,-3.5434,-5.0743,Frank Jackson
1628403,2018-2020,1366.0,1353.0,-5.647,-0.9638,-0.0106,-0.0936,0.0066,0.4711,-6.6108,-0.1042,0.4777,-5.6509,-0.5863,-6.2372,Caleb Swanigan
1628404,2018-2020,10499.0,10506.0,-1.2506,0.8339,0.3137,-0.0185,0.2312,-0.2832,-0.4167,0.2952,-0.052,-0.7057,0.5323,-0.1735,Josh Hart
1628405,2018-2020,768.0,777.0,-0.5189,-0.2578,-0.1468,-0.5866,-0.0659,-0.1732,-0.7767,-0.7333,-0.2391,-0.7315,-1.0176,-1.7492,Johnathan Motley
1628407,2018-2020,4405.0,4425.0,-3.6602,-1.2128,0.3727,-0.3113,0.2101,1.161,-4.873,0.0614,1.3711,-3.0774,-0.3632,-3.4405,Dwayne Bacon
1628408,2018-2020,972.0,976.0,-1.3701,-0.7527,0.0477,0.055,0.1917,-0.5648,-2.1228,0.1028,-0.373,-1.1307,-1.2625,-2.3931,PJ Dozier
1628409,2018-2020,473.0,468.0,-0.3837,-1.6155,0.3881,0.3035,0.1051,-0.1509,-1.9992,0.6916,-0.0459,0.1095,-1.4629,-1.3535,Alec Peters
1628410,2018-2020,1397.0,1396.0,-2.2634,-0.7796,0.6993,0.1939,-0.0094,-0.3807,-3.043,0.8933,-0.3901,-1.5735,-0.9664,-2.5398,Edmond Sumner
1628411,2018-2020,6555.0,6578.0,-2.6417,-0.1801,0.2656,0.0613,-0.1092,0.8461,-2.8218,0.3269,0.737,-2.4852,0.7273,-1.7579,Wes Iwundu
1628412,2018-2020,3118.0,3137.0,-0.4385,-1.0452,-0.016,-0.0528,-0.2878,-0.3957,-1.4838,-0.0688,-0.6835,-0.7424,-1.4937,-2.236,Frank Mason III
1628413,2018-2020,1488.0,1489.0,-1.9869,1.5951,0.242,-0.3089,-0.1133,-0.3957,-0.3918,-0.0669,-0.509,-1.8582,0.8905,-0.9676,Jonah Bolden
1628414,2018-2020,3178.0,3211.0,-3.9073,0.3809,0.7642,0.1313,-0.079,0.6131,-3.5264,0.8955,0.5341,-3.2221,1.1253,-2.0968,Sindarius Thornwell
1628415,2018-2020,9744.0,9714.0,-1.7982,-2.437,0.3641,0.4368,0.4749,1.3603,-4.2352,0.8009,1.8352,-0.9592,-0.6399,-1.5991,Dillon Brooks
1628416,2018-2020,3500.0,3504.0,-0.8165,-1.903,-0.3913,-0.0908,-0.1158,-0.6574,-2.7195,-0.4821,-0.7732,-1.3235,-2.6513,-3.9748,Tyler Dorsey
1628417,2018-2020,879.0,881.0,-2.3202,-0.442,0.7789,-0.1152,0.0211,0.1681,-2.7621,0.6637,0.1892,-1.5202,-0.389,-1.9092,Jaron Blossomgame
1628418,2018-2020,5747.0,5767.0,1.2542,1.7933,-1.3178,-0.12,-0.3318,-1.7441,3.0475,-1.4378,-2.0758,-0.3954,-0.0708,-0.4661,Thomas Bryant
1628420,2018-2020,7394.0,7388.0,1.2471,-0.0459,-0.706,-0.2684,-0.1762,0.7042,1.2012,-0.9745,0.528,0.3649,0.3899,0.7548,Monte Morris
1628421,2018-2020,225.0,228.0,-0.85,1.5925,-0.173,0.0698,0.0158,-0.3172,0.7425,-0.1031,-0.3015,-1.0072,1.3451,0.3379,Devin Robinson
1628422,2018-2020,6843.0,6842.0,-1.0972,-1.122,-0.4932,-0.0566,-0.207,0.1668,-2.2192,-0.5498,-0.0402,-1.7974,-1.0118,-2.8091,Damyean Dotson
1628424,2018-2020,1291.0,1284.0,-3.2933,-2.8904,0.2105,-0.0937,0.1118,-1.6009,-6.1837,0.1168,-1.489,-2.9709,-4.585,-7.5559,Kobi Simmons
1628425,2018-2020,5477.0,5461.0,-2.1188,-0.146,0.6111,-0.237,-0.4288,0.6237,-2.2648,0.3741,0.1949,-1.9365,0.2407,-1.6958,Sterling Brown
1628427,2018-2020,94.0,95.0,-1.4646,-2.0445,0.3791,0.4474,0.0178,-0.0912,-3.5091,0.8265,-0.0734,-1.0677,-1.6883,-2.756,Vlatko Cancar
1628429,2018-2020,80.0,79.0,-5.0656,-3.5674,0.4574,0.1212,-0.0166,0.0345,-8.6331,0.5785,0.0179,-4.6249,-3.4117,-8.0366,Charles Cooke
1628430,2018-2020,105.0,105.0,-2.6921,-1.419,0.3896,0.4676,0.0332,0.1887,-4.1111,0.8572,0.2219,-2.2693,-0.7627,-3.032,Nigel Williams-Goss
1628432,2018-2020,613.0,613.0,-4.212,-0.7313,0.2571,-0.2693,-0.2207,-0.366,-4.9433,-0.0122,-0.5867,-4.1756,-1.3666,-5.5422,Davon Reed
1628436,2018-2020,3452.0,3458.0,0.3367,0.9512,0.1085,-0.0388,-0.4031,0.2177,1.2879,0.0696,-0.1854,0.0421,1.1301,1.1722,Luke Kornet
1628439,2018-2020,556.0,554.0,-4.1895,-1.2064,0.0658,0.4535,-0.0242,-0.2675,-5.396,0.5193,-0.2917,-4.1479,-1.0204,-5.1683,Isaiah Hicks
1628443,2018-2020,1319.0,1320.0,-0.3769,-0.1926,-0.0528,0.0122,0.1623,-0.9974,-0.5695,-0.0406,-0.8352,-0.2675,-1.1778,-1.4452,Kadeem Allen
1628444,2018-2020,236.0,238.0,-1.9462,-0.7302,0.9602,0.2546,0.0837,-0.0671,-2.6763,1.2148,0.0166,-0.9023,-0.5427,-1.445,Jabari Bird
1628449,2018-2020,2074.0,2077.0,1.9884,3.3864,-0.5921,-0.5102,0.2825,-0.6464,5.3748,-1.1023,-0.3639,1.6789,2.2297,3.9086,Chris Boucher
1628450,2018-2020,41.0,40.0,-2.8189,0.119,0.0325,-0.3044,0.0247,-0.0058,-2.6999,-0.2719,0.0189,-2.7617,-0.1911,-2.9528,Eric Mika
1628451,2018-2020,72.0,71.0,-3.5394,0.7749,-0.22,-0.4338,-0.0587,0.3986,-2.7645,-0.6539,0.3399,-3.8182,0.7397,-3.0785,Jacob Wiley
1628455,2018-2020,1484.0,1493.0,-0.528,-1.0328,-0.4383,0.0154,-0.0351,0.7288,-1.5608,-0.4229,0.6937,-1.0014,-0.2886,-1.29,Mike James
1628462,2018-2020,2669.0,2662.0,-0.1427,-2.3132,-0.3056,0.2764,0.3249,0.4005,-2.4558,-0.0292,0.7254,-0.1233,-1.6363,-1.7596,Milos Teodosic
1628463,2018-2020,1164.0,1145.0,0.0408,-0.99,0.4227,-0.1274,-0.0468,-0.3409,-0.9492,0.2953,-0.3877,0.4167,-1.4583,-1.0416,Tyler Cavanaugh
1628464,2018-2020,6940.0,6937.0,-0.1768,2.1076,0.155,0.1979,-0.0511,0.7178,1.9307,0.3529,0.6667,-0.073,3.0233,2.9503,Daniel Theis
1628467,2018-2020,9403.0,9428.0,-0.3857,0.8852,0.3692,0.5085,-0.1532,0.8861,0.4995,0.8776,0.7329,-0.1697,2.2797,2.11,Maxi Kleber
1628469,2018-2020,2357.0,2363.0,-2.6497,-2.4904,0.144,-0.3636,0.1545,-0.7229,-5.1401,-0.2195,-0.5685,-2.3512,-3.5769,-5.9281,Antonio Blakeney
1628470,2018-2020,6476.0,6450.0,-1.5531,-0.0382,1.0708,0.048,0.3779,-1.2948,-1.5912,1.1187,-0.9169,-0.1044,-1.285,-1.3894,Torrey Craig
1628475,2018-2020,24.0,23.0,-4.8858,-5.2875,1.1514,-0.0921,0.0232,0.1902,-10.1733,1.0593,0.2134,-3.7112,-5.1895,-8.9007,Matt Williams Jr.
1628476,2018-2020,812.0,823.0,-1.307,0.5147,-0.1644,0.5492,-0.0879,-0.6565,-0.7924,0.3848,-0.7444,-1.5593,0.4073,-1.152,Derrick Walton Jr.
1628492,2018-2020,131.0,134.0,-2.4692,-1.7121,-0.8391,0.0926,-0.004,0.1772,-4.1812,-0.7465,0.1731,-3.3123,-1.4423,-4.7546,Gian Clavell
1628493,2018-2020,43.0,42.0,-4.2305,-1.7664,-0.5783,-0.4225,0.0126,0.1346,-5.9969,-1.0007,0.1472,-4.7961,-2.0543,-6.8504,Mangok Mathiang
1628495,2018-2020,256.0,262.0,-3.7566,-1.054,0.1736,0.1863,-0.0767,-0.0104,-4.8107,0.3599,-0.087,-3.6597,-0.8781,-4.5378,Milton Doyle
1628499,2018-2020,352.0,348.0,-5.9328,0.2271,-0.2206,0.31,-0.0759,0.0376,-5.7057,0.0894,-0.0383,-6.2293,0.5747,-5.6547,Antonius Cleveland
1628500,2018-2020,20.0,20.0,-5.2548,-2.8877,0.132,0.6734,-0.0047,-0.2482,-8.1425,0.8054,-0.253,-5.1276,-2.4625,-7.5901,Ben Moore
1628502,2018-2020,229.0,233.0,-3.738,-0.4489,0.3241,-0.111,-0.0205,0.4002,-4.187,0.2131,0.3796,-3.4345,-0.1598,-3.5942,Nigel Hayes-Davis
1628503,2018-2020,555.0,554.0,-3.3538,-1.4314,0.5711,-0.1278,-0.013,-0.1072,-4.7852,0.4434,-0.1202,-2.7957,-1.6663,-4.462,Jamel Artis
1628504,2018-2020,245.0,248.0,-5.0975,-2.3132,0.3127,-0.0494,-0.1018,-0.1836,-7.4107,0.2633,-0.2854,-4.8866,-2.5462,-7.4328,Xavier Rathan-Mayes
1628505,2018-2020,31.0,30.0,0.3078,0.3719,0.106,0.1696,0.0394,-0.0317,0.6798,0.2756,0.0077,0.4532,0.5098,0.9631,Troy Caupain
1628506,2018-2020,129.0,130.0,-4.7198,-1.4849,0.7391,0.9009,0.046,-0.4388,-6.2047,1.64,-0.3927,-3.9347,-1.0227,-4.9574,London Perrantes
1628510,2018-2020,439.0,440.0,-3.2757,-1.9944,0.004,-0.062,-0.2866,-0.4323,-5.2702,-0.0579,-0.719,-3.5584,-2.4887,-6.0471,Andrew White III
1628513,2018-2020,275.0,281.0,-2.4193,-2.1405,0.3497,0.2881,0.0652,-0.0453,-4.5598,0.6378,0.0199,-2.0044,-1.8977,-3.9021,Naz Mitrou-Long
1628515,2018-2020,1143.0,1152.0,-3.8712,-0.7793,-0.2829,-0.0145,0.0927,0.9494,-4.6505,-0.2975,1.0421,-4.0614,0.1556,-3.9058,Isaiah Briscoe
1628518,2018-2020,300.0,302.0,-1.8087,1.9945,0.1241,-0.0451,0.1701,0.1054,0.1859,0.0789,0.2755,-1.5145,2.0548,0.5403,Amile Jefferson
1628537,2018-2020,285.0,283.0,-3.7904,-1.2915,-0.155,0.0219,-0.1263,0.2784,-5.082,-0.1331,0.1521,-4.0717,-0.9912,-5.0629,Jaylen Morris
1628539,2018-2020,415.0,410.0,-1.0876,-2.0429,-0.0135,0.1937,0.1927,0.4188,-3.1306,0.1802,0.6116,-0.9084,-1.4304,-2.3388,Mychal Mulder
1628571,2018-2020,16.0,18.0,-6.1316,-3.9023,0.2556,-0.1711,0.0202,-0.0567,-10.0339,0.0845,-0.0365,-5.8557,-4.1302,-9.9859,Erik McCree
1628605,2018-2020,86.0,84.0,-0.8875,-2.4805,0.0004,-0.0102,-0.0028,-0.2116,-3.368,-0.0099,-0.2144,-0.8899,-2.7024,-3.5922,Dusty Hannahs
1628656,2018-2020,134.0,137.0,-0.8999,-2.7041,0.2529,-0.2579,-0.0541,0.0795,-3.604,-0.005,0.0254,-0.7011,-2.8825,-3.5836,Billy Garrett
1628681,2018-2020,577.0,582.0,-3.4804,-2.9339,0.3604,-0.0864,-0.1275,-0.3319,-6.4143,0.274,-0.4594,-3.2475,-3.3521,-6.5996,Rodney Purvis
1628769,2018-2020,19.0,19.0,-2.3107,-1.0229,-0.0406,0.0367,0.0424,0.0761,-3.3337,-0.0039,0.1185,-2.3089,-0.9102,-3.2191,Tahjere McCall
1628778,2018-2020,193.0,194.0,-1.7056,0.7007,0.4124,-0.1331,0.1527,-0.0371,-1.0049,0.2793,0.1156,-1.1404,0.5305,-0.61,Paul Watson
1628935,2018-2020,66.0,64.0,-3.0988,-2.8849,0.6028,0.4721,-0.0331,0.0059,-5.9837,1.075,-0.0272,-2.5291,-2.4069,-4.936,Aaron Jackson
1628959,2018-2020,252.0,251.0,-1.8661,-2.3384,0.5767,0.4947,0.0253,-0.2547,-4.2045,1.0714,-0.2294,-1.2641,-2.0984,-3.3625,Rawle Alkins
1628960,2018-2020,2422.0,2444.0,-0.4669,-2.8291,-0.3945,0.0166,-0.2368,-1.4061,-3.296,-0.378,-1.6429,-1.0982,-4.2186,-5.3168,Grayson Allen
1628961,2018-2020,67.0,69.0,-2.0879,-1.1608,0.4234,0.0332,0.0247,0.1108,-3.2487,0.4566,0.1355,-1.6398,-1.0168,-2.6566,Kostas Antetokounmpo
1628963,2018-2020,4030.0,4048.0,-0.1693,-0.3641,-0.3646,-0.2968,0.0095,-0.4042,-0.5334,-0.6614,-0.3947,-0.5244,-1.0652,-1.5896,Marvin Bagley III
1628964,2018-2020,3332.0,3341.0,-1.3992,3.376,-0.4246,-0.5984,-0.7386,-0.3996,1.9768,-1.023,-1.1382,-2.5624,2.378,-0.1844,Mo Bamba
1628966,2018-2020,2615.0,2628.0,-1.6094,0.5706,0.2708,-0.2338,-0.4577,-1.2166,-1.0388,0.037,-1.6744,-1.7964,-0.8798,-2.6762,Keita Bates-Diop
1628968,2018-2020,62.0,62.0,-5.1994,-1.3395,0.0212,-0.3281,0.0547,0.1042,-6.5389,-0.3069,0.1588,-5.1236,-1.5634,-6.687,Brian Bowen II
1628969,2018-2020,9364.0,9372.0,-0.875,1.2931,0.1846,0.0803,0.2638,-0.1877,0.4181,0.265,0.0761,-0.4267,1.1858,0.7591,Mikal Bridges
1628970,2018-2020,7486.0,7472.0,-1.0297,-0.2706,0.2184,-0.3035,0.1367,-1.1408,-1.3004,-0.0851,-1.0041,-0.6746,-1.7149,-2.3895,Miles Bridges
1628971,2018-2020,6192.0,6204.0,-2.7451,0.1943,0.4119,0.1058,-0.0052,0.3825,-2.5509,0.5177,0.3773,-2.3384,0.6826,-1.6559,Bruce Brown
1628972,2018-2020,5361.0,5359.0,-1.0672,0.5325,-0.0417,0.0009,0.0891,-1.9598,-0.5347,-0.0407,-1.8707,-1.0198,-1.4264,-2.4462,Troy Brown Jr.
1628973,2018-2020,5370.0,5358.0,0.001,-1.6463,-0.0793,0.1122,0.0165,0.719,-1.6454,0.0329,0.7355,-0.0618,-0.8151,-0.8769,Jalen Brunson
1628975,2018-2020,3133.0,3162.0,-1.0443,0.4488,-0.0935,0.2867,-0.0851,0.4427,-0.5954,0.1933,0.3576,-1.2229,1.1783,-0.0446,Jevon Carter
1628976,2018-2020,4817.0,4787.0,-1.6224,1.1585,-1.1398,0.1487,-0.6416,1.7249,-0.4638,-0.9911,1.0834,-3.4038,3.0322,-0.3716,Wendell Carter Jr.
1628977,2018-2020,2984.0,2996.0,-3.6366,-0.9685,0.579,-0.0063,0.067,0.5196,-4.6051,0.5727,0.5866,-2.9906,-0.4552,-3.4458,Hamidou Diallo
1628978,2018-2020,4224.0,4236.0,-0.4043,0.4679,0.2085,0.0786,0.4311,1.9203,0.0637,0.287,2.3514,0.2353,2.4668,2.7021,Donte DiVincenzo
1628979,2018-2020,12.0,13.0,-0.6111,0.1708,0.1486,0.1951,0.0004,-0.0331,-0.4403,0.3436,-0.0327,-0.4621,0.3327,-0.1294,Trevon Duval
1628980,2018-2020,1308.0,1311.0,-4.439,-1.8239,0.3732,0.873,-0.235,-0.1149,-6.2629,1.2463,-0.3499,-4.3008,-1.0657,-5.3665,Jacob Evans
1628981,2018-2020,1505.0,1495.0,-2.3413,-0.2596,0.1274,0.2162,-0.1411,0.4338,-2.6008,0.3436,0.2927,-2.3549,0.3905,-1.9645,Bruno Fernando
1628982,2018-2020,361.0,364.0,-3.5169,-1.5161,-0.0405,-0.2841,-0.0171,-0.4098,-5.033,-0.3245,-0.4269,-3.5745,-2.21,-5.7844,Melvin Frazier Jr.
1628983,2018-2020,9544.0,9556.0,-0.2179,0.134,0.1261,0.2169,-0.0097,-0.923,-0.0839,0.3431,-0.9327,-0.1014,-0.572,-0.6734,Shai Gilgeous-Alexander
1628984,2018-2020,5800.0,5805.0,2.8681,-1.5274,-1.6153,-0.4056,-0.0456,-0.5049,1.3406,-2.0209,-0.5505,1.2072,-2.438,-1.2308,Devonte' Graham
1628985,2018-2020,180.0,184.0,-2.9091,-1.6448,0.5763,0.8392,0.0269,0.1142,-4.5539,1.4155,0.1411,-2.3059,-0.6913,-2.9972,Devon Hall
1628987,2018-2020,120.0,119.0,-3.0315,-2.1928,1.7547,-0.0126,-0.1508,0.0706,-5.2243,1.7421,-0.0802,-1.4276,-2.1348,-3.5625,Kevin Hervey
1628988,2018-2020,4675.0,4677.0,-0.6416,-1.0118,-0.1225,-0.2349,0.6519,1.0949,-1.6534,-0.3574,1.7468,-0.1121,-0.1518,-0.2639,Aaron Holiday
1628989,2018-2020,8158.0,8150.0,-0.6346,-1.1286,0.1579,0.0859,0.2884,0.2732,-1.7632,0.2439,0.5616,-0.1883,-0.7695,-0.9578,Kevin Huerter
1628990,2018-2020,2965.0,2974.0,-3.3424,0.5269,0.017,-0.4621,-0.2966,0.4551,-2.8155,-0.4451,0.1585,-3.622,0.5199,-3.1021,Chandler Hutchison
1628991,2018-2020,6447.0,6401.0,-0.1614,0.5408,-1.8069,-0.2705,-0.1695,0.9627,0.3794,-2.0774,0.7932,-2.1379,1.2331,-0.9048,Jaren Jackson Jr.
1628993,2018-2020,391.0,395.0,-3.0108,1.5376,-0.0602,-0.5477,0.2149,0.0776,-1.4732,-0.6079,0.2925,-2.856,1.0675,-1.7885,Alize Johnson
1628994,2018-2020,11.0,11.0,-2.8197,-0.4539,0.5871,0.1063,0.0029,-0.1253,-3.2736,0.6935,-0.1224,-2.2296,-0.4729,-2.7025,George King
1628995,2018-2020,6919.0,6946.0,-2.6729,-1.9194,-0.7777,-0.4117,-0.2975,-1.48,-4.5923,-1.1894,-1.7775,-3.7481,-3.8111,-7.5592,Kevin Knox II
1628997,2018-2020,614.0,614.0,-1.1229,0.3657,0.2279,0.4381,-0.0876,0.3874,-0.7572,0.666,0.2997,-0.9826,1.1912,0.2086,Caleb Martin
1628998,2018-2020,1821.0,1817.0,-1.7735,0.5484,0.8605,-0.0659,0.0228,0.1432,-1.2251,0.7947,0.1659,-0.8902,0.6257,-0.2645,Cody Martin
1628999,2018-2020,27.0,26.0,-3.1107,-0.9078,0.5395,0.0695,-0.0129,0.0255,-4.0185,0.6091,0.0126,-2.584,-0.8128,-3.3968,Yante Maten
1629001,2018-2020,4593.0,4607.0,-1.6112,1.6144,0.2675,0.1545,0.5017,-0.8798,0.0032,0.422,-0.3781,-0.842,0.8891,0.0471,De'Anthony Melton
1629002,2018-2020,536.0,533.0,-2.7948,-0.4872,0.0993,0.0412,-0.1548,-0.255,-3.282,0.1405,-0.4098,-2.8504,-0.701,-3.5514,Chimezie Metu
1629003,2018-2020,2202.0,2199.0,0.2217,-0.8117,0.1727,0.2872,0.5399,-2.0918,-0.5901,0.4599,-1.5519,0.9343,-2.6163,-1.682,Shake Milton
1629004,2018-2020,3536.0,3517.0,-0.134,-1.8315,-0.6216,0.4097,0.2533,0.8953,-1.9655,-0.2119,1.1487,-0.5023,-0.5265,-1.0287,Svi Mykhailiuk
1629005,2018-2020,7.0,7.0,-3.3849,-1.9138,0.8491,-0.4097,-0.0226,-0.0023,-5.2987,0.4393,-0.0249,-2.5584,-2.3258,-4.8843,Malik Newman
1629006,2018-2020,7078.0,7095.0,-1.6238,0.2807,0.3193,-0.0887,0.0641,-0.2608,-1.3431,0.2306,-0.1967,-1.2404,-0.0688,-1.3091,Josh Okogie
1629008,2018-2020,1866.0,1871.0,1.2662,0.8724,-0.0813,-0.4041,0.1842,-1.504,2.1387,-0.4854,-1.3198,1.3691,-1.0357,0.3335,Michael Porter Jr.
1629010,2018-2020,2837.0,2860.0,-3.13,-1.0992,-0.0486,0.0701,0.1794,-0.2173,-4.2292,0.0215,-0.038,-2.9992,-1.2465,-4.2457,Jerome Robinson
1629011,2018-2020,5705.0,5705.0,0.6522,5.5113,-0.6584,-1.0011,0.1079,-0.6994,6.1634,-1.6595,-0.5915,0.1017,3.8108,3.9125,Mitchell Robinson
1629012,2018-2020,9683.0,9656.0,-0.4535,-3.9428,0.4545,-0.4571,-0.0994,-1.3667,-4.3963,-0.0026,-1.4661,-0.0984,-5.7666,-5.865,Collin Sexton
1629013,2018-2020,6874.0,6889.0,-0.0239,-1.7581,0.5337,0.2428,0.0734,-0.8403,-1.7821,0.7765,-0.7669,0.5832,-2.3556,-1.7724,Landry Shamet
1629014,2018-2020,3368.0,3351.0,-1.9298,-2.9127,0.0286,0.1432,-0.3195,-1.0851,-4.8426,0.1718,-1.4047,-2.2208,-3.8546,-6.0754,Anfernee Simons
1629015,2018-2020,306.0,303.0,-2.7326,-1.4343,0.2332,0.0692,0.1415,-0.5002,-4.1669,0.3024,-0.3587,-2.3579,-1.8653,-4.2232,Zhaire Smith
1629016,2018-2020,3601.0,3606.0,-0.009,0.2376,0.5118,-0.1735,-0.7785,-1.1947,0.2286,0.3383,-1.9731,-0.2757,-1.1306,-1.4063,Omari Spellman
1629017,2018-2020,521.0,527.0,-3.2743,-1.5514,0.087,0.6146,-0.2314,-0.2895,-4.8257,0.7016,-0.5208,-3.4186,-1.2263,-4.6449,Khyri Thomas
1629018,2018-2020,3041.0,3025.0,0.0464,-0.9915,0.7634,-0.1092,0.2464,-1.1406,-0.9451,0.6542,-0.8942,1.0562,-2.2414,-1.1852,Gary Trent Jr.
1629019,2018-2020,3643.0,3636.0,-1.0714,-2.1797,-0.1021,0.1219,-0.3794,-0.5054,-3.251,0.0198,-0.8848,-1.5528,-2.5632,-4.116,Allonzo Trier
1629020,2018-2020,257.0,258.0,-3.6276,-0.3803,0.2085,-0.1052,-0.1307,0.1926,-4.0079,0.1033,0.0619,-3.5498,-0.2929,-3.8427,Jarred Vanderbilt
1629021,2018-2020,2790.0,2791.0,-1.4206,-0.5277,-0.8409,0.0078,-0.4092,-0.1104,-1.9483,-0.833,-0.5196,-2.6707,-0.6303,-3.3009,Moritz Wagner
1629022,2018-2020,2312.0,2320.0,-2.614,-0.5443,0.2957,-0.045,0.0456,-0.8812,-3.1584,0.2507,-0.8356,-2.2727,-1.4705,-3.7432,Lonnie Walker IV
1629023,2018-2020,3480.0,3479.0,-1.5162,0.2046,-0.0783,-0.048,-0.2808,0.5414,-1.3117,-0.1263,0.2607,-1.8753,0.698,-1.1773,P.J. Washington
1629026,2018-2020,4095.0,4104.0,-2.234,0.8863,0.9582,0.1176,0.103,-0.5093,-1.3478,1.0758,-0.4063,-1.1728,0.4946,-0.6783,Kenrich Williams
1629027,2018-2020,9971.0,9976.0,4.7777,-2.4135,0.7346,-1.2308,0.221,-1.9462,2.3642,-0.4962,-1.7253,5.7332,-5.5905,0.1427,Trae Young
1629028,2018-2020,7094.0,7101.0,-0.3472,0.5765,-1.2346,-0.1076,0.0567,0.4387,0.2292,-1.3422,0.4954,-1.5251,0.9076,-0.6176,Deandre Ayton
1629029,2018-2020,9071.0,9036.0,4.6831,0.3615,-0.394,-1.0172,-0.1769,-1.4102,5.0446,-1.4112,-1.587,4.1122,-2.0658,2.0463,Luka Dončić
1629033,2018-2020,1216.0,1211.0,-2.3484,-2.551,0.1688,-0.1445,-0.4179,1.61,-4.8995,0.0243,1.1922,-2.5975,-1.0855,-3.683,Theo Pinson
1629034,2018-2020,316.0,321.0,-3.2988,1.5224,-0.025,-0.4003,-0.0452,0.1114,-1.7764,-0.4253,0.0661,-3.3691,1.2335,-2.1356,Ray Spalding
1629035,2018-2020,745.0,753.0,-2.643,-1.3785,-0.229,0.0677,-0.3598,0.39,-4.0215,-0.1614,0.0302,-3.2318,-0.9208,-4.1526,Carsen Edwards
1629044,2018-2020,21.0,22.0,-0.6399,0.0828,0.6953,0.0683,0.0271,-0.1332,-0.5571,0.7636,-0.1061,0.0825,0.018,0.1005,Shamorie Ponds
1629045,2018-2020,224.0,224.0,-1.4206,-0.5698,-0.1339,-0.1077,0.009,-0.5243,-1.9904,-0.2417,-0.5153,-1.5455,-1.2018,-2.7473,Bonzie Colson
1629048,2018-2020,1009.0,1031.0,-3.2442,1.0798,0.4627,-0.465,-0.013,0.0471,-2.1644,-0.0024,0.0341,-2.7946,0.6619,-2.1327,Goga Bitadze
1629052,2018-2020,276.0,279.0,-2.6947,-1.4426,0.6015,-0.0429,0.0826,0.39,-4.1373,0.5586,0.4726,-2.0106,-1.0955,-3.1061,Oshae Brissett
1629053,2018-2020,33.0,32.0,-2.4847,-1.6879,0.6253,0.1833,-0.0062,-0.0669,-4.1726,0.8086,-0.0731,-1.8656,-1.5715,-3.4372,Vincent Edwards
1629055,2018-2020,5.0,7.0,-2.7069,-1.899,1.0654,0.0629,-0.0026,-0.0301,-4.606,1.1283,-0.0327,-1.6441,-1.8663,-3.5104,Donte Grantham
1629056,2018-2020,2530.0,2523.0,0.3561,-0.5301,0.6335,0.0216,0.419,0.2935,-0.174,0.6551,0.7125,1.4085,-0.215,1.1935,Terence Davis
1629057,2018-2020,1387.0,1398.0,-0.8571,6.081,-0.6701,-0.2786,0.2485,-1.2873,5.2239,-0.9487,-1.0387,-1.2786,4.5151,3.2365,Robert Williams III
1629058,2018-2020,1134.0,1126.0,-1.5527,-2.3348,-0.038,-0.0546,-0.1056,0.6664,-3.8875,-0.0927,0.5608,-1.6963,-1.723,-3.4193,Dzanan Musa
1629059,2018-2020,3446.0,3461.0,-1.7754,-1.0188,-0.2016,0.2063,-0.1796,-0.7173,-2.7942,0.0047,-0.8969,-2.1566,-1.5297,-3.6864,Elie Okobo
1629060,2018-2020,3062.0,3067.0,-1.105,-1.0699,-0.1366,-0.2527,-0.2042,-0.9914,-2.175,-0.3893,-1.1956,-1.4459,-2.314,-3.7599,Rui Hachimura
1629061,2018-2020,383.0,382.0,-4.3719,-1.9771,0.4235,0.2383,-0.02,0.1834,-6.349,0.6618,0.1634,-3.9684,-1.5555,-5.5238,Deng Adel
1629065,2018-2020,2111.0,2106.0,-2.3296,-1.2147,0.0244,0.0119,-0.3944,0.681,-3.5442,0.0363,0.2866,-2.6996,-0.5217,-3.2213,Ky Bowman
1629066,2018-2020,4263.0,4251.0,-2.3942,-0.8774,0.5354,-0.2383,0.005,1.3686,-3.2716,0.2971,1.3737,-1.8538,0.253,-1.6008,Rodions Kurucs
1629067,2018-2020,2894.0,2908.0,-2.2414,0.379,0.9185,0.0041,-0.1463,2.1143,-1.8624,0.9227,1.968,-1.4692,2.4974,1.0282,Isaac Bonga
1629076,2018-2020,114.0,117.0,-0.7823,-0.6547,-0.0951,-0.2662,0.0417,-0.3926,-1.4369,-0.3612,-0.3508,-0.8356,-1.3134,-2.149,Tyler Cook
1629093,2018-2020,2.0,1.0,-1.9975,-1.1767,0.4324,0.2365,-0.0106,0.0226,-3.1742,0.6689,0.012,-1.5756,-0.9177,-2.4933,Tyler Davis
1629094,2018-2020,136.0,137.0,3.0512,-2.5112,-0.5377,0.2999,-0.0466,0.1382,0.5399,-0.2379,0.0916,2.4669,-2.0732,0.3937,Marcus Derrickson
1629102,2018-2020,438.0,433.0,-2.7845,-1.9335,0.4724,0.1879,0.0976,-0.4963,-4.718,0.6603,-0.3987,-2.2145,-2.2419,-4.4564,Brandon Sampson
1629103,2018-2020,1081.0,1082.0,-2.0651,-1.3333,0.66,-0.1329,-0.2714,0.9086,-3.3983,0.5271,0.6372,-1.6764,-0.5576,-2.234,Kelan Martin
1629109,2018-2020,2503.0,2506.0,-0.8444,0.559,1.1252,0.5352,-0.1728,-1.3381,-0.2854,1.6605,-1.5109,0.108,-0.2438,-0.1358,Gary Clark
1629116,2018-2020,31.0,32.0,-3.2052,-0.777,1.0491,0.0992,-0.0375,0.2026,-3.9821,1.1483,0.1651,-2.1936,-0.4752,-2.6688,Angel Delgado
1629117,2018-2020,500.0,501.0,-2.6458,-0.0723,0.3091,0.7347,0.0499,-0.7212,-2.7181,1.0438,-0.6713,-2.2868,-0.0588,-2.3456,Wenyen Gabriel
1629118,2018-2020,85.0,85.0,0.274,-1.0245,0.264,0.0411,-0.0175,0.1249,-0.7506,0.3051,0.1075,0.5205,-0.8585,-0.338,Thomas Welsh
1629121,2018-2020,941.0,937.0,-2.0216,-0.8119,0.136,0.4175,0.1903,-0.5694,-2.8335,0.5535,-0.3791,-1.6953,-0.9638,-2.6591,Jaylen Adams
1629122,2018-2020,39.0,38.0,-2.6054,-1.5028,0.4894,0.0254,-0.0285,0.1161,-4.1082,0.5148,0.0875,-2.1445,-1.3614,-3.5059,J.P. Macura
1629123,2018-2020,235.0,233.0,-4.7121,-3.1913,0.1023,0.4902,-0.0863,0.0211,-7.9034,0.5925,-0.0651,-4.6961,-2.68,-7.376,Jared Terrell
1629126,2018-2020,1269.0,1289.0,-4.8038,-1.724,-0.2607,-0.0014,-0.407,1.2741,-6.5278,-0.2621,0.8672,-5.4714,-0.4513,-5.9228,Deonte Burton
1629130,2018-2020,4743.0,4707.0,1.3649,-0.9461,0.0146,0.5089,0.4343,0.8262,0.4188,0.5236,1.2605,1.8139,0.389,2.2029,Duncan Robinson
1629133,2018-2020,211.0,215.0,-3.6378,-2.1111,-0.1162,0.3089,-0.0704,0.2113,-5.7489,0.1927,0.1408,-3.8244,-1.591,-5.4153,Daryl Macon
1629134,2018-2020,3971.0,3980.0,0.1818,-2.6804,-0.1381,-0.0566,-0.0833,-0.0386,-2.4985,-0.1947,-0.1219,-0.0395,-2.7756,-2.8151,Kendrick Nunn
1629139,2018-2020,577.0,580.0,-4.0466,-0.8325,0.5422,-0.3363,0.129,0.1577,-4.8791,0.2059,0.2867,-3.3755,-1.011,-4.3865,Yuta Watanabe
1629140,2018-2020,1132.0,1156.0,-0.8426,-0.0581,0.322,0.1239,0.0678,0.1207,-0.9007,0.4459,0.1885,-0.4529,0.1865,-0.2664,Johnathan Williams
1629147,2018-2020,83.0,86.0,-4.7335,-2.7357,0.2098,0.6127,-0.1349,0.1169,-7.4691,0.8225,-0.018,-4.6585,-2.0061,-6.6646,Joe Chealey
1629150,2018-2020,49.0,50.0,0.2014,-0.5324,0.2441,0.1684,0.0077,0.036,-0.3311,0.4125,0.0437,0.4532,-0.328,0.1252,Emanuel Terry
1629151,2018-2020,1323.0,1315.0,-0.4113,-0.3014,0.071,0.1653,0.3285,-0.0324,-0.7127,0.2363,0.2961,-0.0118,-0.1685,-0.1803,Ryan Broekhoff
1629152,2018-2020,47.0,48.0,-1.6505,-0.8086,0.5884,0.1291,0.0279,0.0609,-2.4591,0.7176,0.0888,-1.0342,-0.6185,-1.6527,DeVaughn Akoon-Purcell
1629155,2018-2020,7.0,8.0,-2.8676,-1.4365,0.0905,0.1004,0.0036,0.0143,-4.3042,0.1908,0.0178,-2.7736,-1.3219,-4.0955,Zach Lofton
1629162,2018-2020,1290.0,1294.0,1.3891,0.9209,-0.2796,-0.3829,-0.1446,-0.7766,2.31,-0.6626,-0.9212,0.9649,-0.2387,0.7262,Jordan McLaughlin
1629164,2018-2020,1039.0,1036.0,-0.6603,-1.8494,-0.224,0.1321,-0.4403,-0.1224,-2.5097,-0.0919,-0.5627,-1.3246,-1.8397,-3.1643,Brandon Goodwin
1629168,2018-2020,288.0,293.0,-3.1278,-1.7815,-0.1135,-0.292,0.0149,-0.1257,-4.9093,-0.4056,-0.1107,-3.2264,-2.1992,-5.4256,BJ Johnson
1629185,2018-2020,931.0,935.0,-0.6495,-0.2581,-0.8093,0.1424,0.1497,1.3344,-0.9076,-0.6669,1.4841,-1.3091,1.2187,-0.0904,Chris Chiozza
1629203,2018-2020,296.0,296.0,-2.1323,1.6037,0.244,-0.1721,0.0569,0.4382,-0.5287,0.0719,0.4951,-1.8314,1.8698,0.0384,Jemerrio Jones
1629216,2018-2020,167.0,175.0,-3.3535,-2.9335,0.3182,0.7645,-0.1508,0.0691,-6.287,1.0826,-0.0816,-3.1861,-2.0999,-5.286,Gabe Vincent
1629234,2018-2020,827.0,819.0,-1.7486,1.7808,-0.8799,-0.253,-0.1565,-0.8345,0.0323,-1.1329,-0.9909,-2.7849,0.6934,-2.0915,Drew Eubanks
1629244,2018-2020,537.0,526.0,-1.1787,-0.6543,0.1788,-0.1422,0.0671,-0.3655,-1.833,0.0366,-0.2984,-0.9328,-1.162,-2.0948,Cam Reynolds
1629308,2018-2020,555.0,548.0,-3.0773,0.7819,0.411,-0.1523,-0.1063,-0.5387,-2.2954,0.2587,-0.645,-2.7726,0.0909,-2.6817,Juan Toscano-Anderson
1629312,2018-2020,85.0,85.0,-2.3887,-1.4195,0.4649,-0.0767,-0.0138,-0.43,-3.8082,0.3882,-0.4437,-1.9375,-1.9262,-3.8637,Haywood Highsmith
1629346,2018-2020,292.0,291.0,0.0718,-0.5686,0.3912,0.2626,0.0328,-0.1995,-0.4967,0.6538,-0.1667,0.4959,-0.5055,-0.0096,Alen Smailagic
1629353,2018-2020,127.0,126.0,-2.6092,-2.5553,0.015,-0.0159,0.0072,-0.0172,-5.1645,-0.0008,-0.0099,-2.5869,-2.5884,-5.1753,Isaac Humphries
1629541,2018-2020,363.0,361.0,-3.3939,-3.2611,0.4479,0.1381,-0.1349,-0.3387,-6.655,0.5859,-0.4736,-3.081,-3.4617,-6.5426,Dairis Bertans
1629597,2018-2020,108.0,109.0,-3.4493,-1.4225,0.7909,0.3777,-0.0345,-0.261,-4.8717,1.1686,-0.2955,-2.6929,-1.3057,-3.9986,Zylan Cheatham
1629598,2018-2020,636.0,631.0,1.0737,-2.3197,0.0734,0.3299,-0.3494,-0.3168,-1.246,0.4033,-0.6662,0.7977,-2.3066,-1.5089,Chris Clemons
1629599,2018-2020,337.0,343.0,-2.5945,-1.545,0.3647,0.4312,0.0387,0.0794,-4.1395,0.7958,0.1182,-2.1911,-1.0344,-3.2255,Amir Coffey
1629605,2018-2020,68.0,69.0,-2.2167,2.8268,-0.9866,-0.7723,-0.0054,0.1638,0.6101,-1.7589,0.1584,-3.2087,2.2183,-0.9904,Tacko Fall
1629607,2018-2020,17.0,17.0,-3.803,-2.488,1.2361,-0.1407,-0.0123,-0.1366,-6.291,1.0954,-0.1489,-2.5792,-2.7653,-5.3444,Jared Harper
1629608,2018-2020,64.0,63.0,-2.3908,-0.3236,-0.018,-0.0958,0.086,0.0158,-2.7144,-0.1138,0.1018,-2.3228,-0.4036,-2.7264,Dewan Hernandez
1629610,2018-2020,317.0,316.0,-2.0061,-0.8366,0.9133,-0.1627,0.0535,-0.2266,-2.8427,0.7506,-0.1731,-1.0394,-1.2259,-2.2652,DaQuan Jeffries
1629611,2018-2020,784.0,783.0,-2.1764,0.5645,0.5729,-0.0217,-0.0488,0.195,-1.6119,0.5512,0.1462,-1.6523,0.7377,-0.9145,Terance Mann
1629620,2018-2020,97.0,98.0,-2.3019,-0.8686,0.0219,0.2778,0.0341,0.2432,-3.1704,0.2997,0.2774,-2.2458,-0.3476,-2.5933,Justin Robinson
1629621,2018-2020,63.0,64.0,-4.107,-1.3803,0.4153,-0.2358,0.0109,-0.1254,-5.4873,0.1795,-0.1145,-3.6807,-1.7416,-5.4223,Marial Shayok
1629622,2018-2020,15.0,14.0,-1.7713,-1.8419,1.0175,-0.177,0.0688,0.011,-3.6132,0.8405,0.0798,-0.6849,-2.008,-2.6929,Max Strus
1629625,2018-2020,93.0,93.0,-1.9339,-1.9376,0.0663,0.1776,-0.0067,-0.1304,-3.8715,0.2439,-0.1371,-1.8743,-1.8904,-3.7647,Justin Wright-Foreman
1629626,2018-2020,177.0,179.0,-1.5159,0.5767,-0.1596,-0.1092,0.0805,-0.5269,-0.9392,-0.2688,-0.4464,-1.595,-0.0595,-1.6545,Bol Bol
1629627,2018-2020,1451.0,1449.0,2.4653,-1.807,-0.1825,0.1253,0.1577,0.6156,0.6583,-0.0571,0.7733,2.4406,-1.0661,1.3745,Zion Williamson
1629628,2018-2020,3519.0,3521.0,-2.6346,-1.4595,-0.0675,-0.2512,0.0745,-0.8107,-4.0942,-0.3187,-0.7362,-2.6277,-2.5214,-5.1491,RJ Barrett
1629629,2018-2020,3337.0,3346.0,-2.3562,-1.1124,-0.3785,-0.2484,0.0592,-0.0693,-3.4687,-0.6269,-0.0102,-2.6756,-1.4302,-4.1057,Cam Reddish
1629630,2018-2020,4415.0,4412.0,1.4352,-1.8273,0.4057,-0.4678,0.1005,1.6603,-0.3921,-0.0621,1.7608,1.9415,-0.6348,1.3066,Ja Morant
1629631,2018-2020,4276.0,4268.0,-2.3341,-1.9065,0.0136,0.0078,0.0683,1.0943,-4.2406,0.0214,1.1626,-2.2522,-0.8044,-3.0566,De'Andre Hunter
1629632,2018-2020,3524.0,3533.0,-0.3875,-2.3375,-0.6601,0.14,-0.1194,-0.5162,-2.725,-0.5201,-0.6356,-1.1669,-2.7137,-3.8807,Coby White
1629633,2018-2020,3233.0,3233.0,-2.2482,-1.2867,0.1582,0.2292,-0.1231,-0.1163,-3.5348,0.3875,-0.2393,-2.213,-1.1737,-3.3867,Jarrett Culver
1629634,2018-2020,2834.0,2848.0,0.8294,1.1244,-0.6362,0.0242,0.2155,-0.0824,1.9538,-0.6121,0.1331,0.4086,1.0662,1.4748,Brandon Clarke
1629635,2018-2020,1516.0,1514.0,-3.9912,-1.7014,-0.1843,-0.2649,0.0332,-0.86,-5.6926,-0.4492,-0.8269,-4.1423,-2.8264,-6.9687,Sekou Doumbouya
1629636,2018-2020,3753.0,3728.0,-1.529,-4.4101,-0.459,-0.6503,-0.2077,1.2172,-5.939,-1.1093,1.0094,-2.1957,-3.8432,-6.0389,Darius Garland
1629637,2018-2020,2367.0,2384.0,-0.321,1.7787,-0.3773,0.0659,-0.0003,-0.9249,1.4577,-0.3114,-0.9252,-0.6986,0.9197,0.2211,Jaxson Hayes
1629638,2018-2020,1263.0,1269.0,-1.7554,-2.1283,-0.4713,0.121,0.2881,-1.0873,-3.8837,-0.3503,-0.7992,-1.9386,-3.0946,-5.0332,Nickeil Alexander-Walker
1629639,2018-2020,3109.0,3102.0,-0.3217,-1.6837,-0.3764,-0.1494,-0.1952,-0.7914,-2.0054,-0.5258,-0.9865,-0.8933,-2.6244,-3.5177,Tyler Herro
1629640,2018-2020,673.0,670.0,0.2016,1.2897,-0.1952,-0.2441,0.3128,0.0427,1.4913,-0.4393,0.3555,0.3191,1.0884,1.4076,Keldon Johnson
1629641,2018-2020,773.0,776.0,-3.703,-1.5374,0.4507,0.4387,0.3752,0.4777,-5.2404,0.8894,0.8529,-2.8771,-0.621,-3.4981,Romeo Langford
1629642,2018-2020,1217.0,1219.0,-2.6089,-0.2972,0.7098,-0.1427,0.2096,-0.3207,-2.9061,0.5671,-0.1111,-1.6895,-0.7607,-2.4502,Nassir Little
1629644,2018-2020,46.0,50.0,-2.857,-0.1581,0.8946,-0.2183,-0.0294,-0.0777,-3.0152,0.6763,-0.1071,-1.9918,-0.4542,-2.446,KZ Okpala
1629645,2018-2020,2379.0,2386.0,-2.1989,-1.259,0.0067,0.1275,-0.4021,-0.7439,-3.4579,0.1342,-1.146,-2.5943,-1.8754,-4.4697,Kevin Porter Jr.
1629647,2018-2020,2334.0,2349.0,-3.2027,0.9171,0.0947,-0.4818,-0.3945,1.0825,-2.2856,-0.3871,0.688,-3.5026,1.5178,-1.9848,Darius Bazley
1629648,2018-2020,106.0,105.0,-3.6046,-2.4991,0.2394,0.1855,0.0163,0.05,-6.1037,0.4249,0.0664,-3.3488,-2.2636,-5.6124,Jordan Bone
1629649,2018-2020,105.0,106.0,-3.0145,-3.184,0.2545,0.2735,-0.0031,-0.3627,-6.1985,0.5279,-0.3659,-2.7632,-3.2732,-6.0365,Ignas Brazdeikis
1629650,2018-2020,73.0,70.0,-4.5892,0.8074,-0.4655,-0.4416,-0.0093,-0.4667,-3.7818,-0.9071,-0.476,-5.064,-0.1009,-5.1649,Moses Brown
1629651,2018-2020,399.0,403.0,-0.5492,0.0711,0.4639,0.3024,-0.2408,-0.433,-0.4781,0.7662,-0.6738,-0.3262,-0.0595,-0.3856,Nic Claxton
1629652,2018-2020,1666.0,1674.0,-2.4141,-1.446,0.1243,-0.0674,0.2903,0.4005,-3.8601,0.057,0.6908,-1.9995,-1.1129,-3.1124,Luguentz Dort
1629655,2018-2020,1263.0,1260.0,-1.7776,1.8257,-0.2785,0.1662,-0.0628,0.1578,0.0482,-0.1123,0.095,-2.1189,2.1497,0.0309,Daniel Gafford
1629657,2018-2020,24.0,23.0,-2.8081,-2.0911,1.6967,0.0159,-0.0151,-0.1358,-4.8992,1.7126,-0.1509,-1.1264,-2.211,-3.3374,Kyle Guy
1629658,2018-2020,219.0,216.0,-1.2824,-0.3569,0.0833,0.2445,0.0389,-0.1645,-1.6394,0.3278,-0.1255,-1.1602,-0.2769,-1.4371,Jaylen Hoard
1629659,2018-2020,173.0,178.0,-1.9295,-1.286,0.9129,0.3354,-0.0795,-0.1871,-3.2155,1.2483,-0.2666,-1.0961,-1.1378,-2.2338,Talen Horton-Tucker
1629660,2018-2020,681.0,694.0,-2.3539,-0.7025,-0.7284,0.1767,-0.1905,-0.3952,-3.0564,-0.5517,-0.5857,-3.2728,-0.921,-4.1938,Ty Jerome
1629661,2018-2020,2658.0,2667.0,0.8563,-0.3736,0.6684,0.1732,-0.0988,0.1331,0.4827,0.8417,0.0342,1.4259,-0.0673,1.3586,Cameron Johnson
1629662,2018-2020,131.0,133.0,-0.4448,-0.4969,0.2548,-0.2322,0.0509,0.0546,-0.9417,0.0226,0.1055,-0.1391,-0.6745,-0.8136,Mfiondu Kabengele
1629663,2018-2020,123.0,119.0,-3.4696,-0.9879,-0.0597,0.0908,0.0345,0.0668,-4.4575,0.0312,0.1013,-3.4948,-0.8302,-4.325,Louis King
1629665,2018-2020,66.0,68.0,-3.136,-2.8092,0.4531,0.4831,-0.0413,0.0053,-5.9452,0.9362,-0.036,-2.7242,-2.3208,-5.045,Jalen Lecque
1629667,2018-2020,577.0,575.0,-2.3127,0.3624,0.8148,-0.3463,0.0584,-0.117,-1.9503,0.4685,-0.0586,-1.4395,-0.1009,-1.5404,Jalen McDaniels
1629668,2018-2020,87.0,86.0,-4.1243,-1.3512,-0.3505,0.0737,0.0087,-0.4574,-5.4755,-0.2768,-0.4487,-4.4661,-1.7349,-6.201,Zach Norvell Jr.
1629669,2018-2020,333.0,332.0,-0.1711,-1.8103,0.4019,0.1708,-0.1427,0.6182,-1.9814,0.5727,0.4755,0.0881,-1.0214,-0.9333,Jaylen Nowell
1629671,2018-2020,222.0,220.0,-2.027,-0.7649,-0.0037,-0.0126,0.1343,-0.4866,-2.7918,-0.0163,-0.3523,-1.8964,-1.2641,-3.1605,Miye Oni
1629672,2018-2020,3458.0,3466.0,-0.1224,-2.1006,0.0265,0.3519,-0.2119,-1.7396,-2.223,0.3784,-1.9515,-0.3078,-3.4882,-3.7961,Eric Paschall
1629673,2018-2020,2693.0,2674.0,-1.6052,-2.5561,-0.9058,0.3089,-0.2008,0.4334,-4.1613,-0.5968,0.2327,-2.7117,-1.8137,-4.5255,Jordan Poole
1629675,2018-2020,1064.0,1060.0,-0.5668,0.8457,-0.5087,-0.1788,0.0724,0.405,0.2788,-0.6875,0.4774,-1.0031,1.0718,0.0687,Naz Reid
1629676,2018-2020,25.0,27.0,-4.8283,-1.0226,1.115,-0.2484,-0.0146,0.0604,-5.8509,0.8666,0.0458,-3.7279,-1.2107,-4.9385,Isaiah Roby
1629677,2018-2020,100.0,101.0,-2.7135,0.1998,-0.0346,0.0558,0.0064,0.0307,-2.5137,0.0211,0.0371,-2.7417,0.2863,-2.4554,Luka Samanic
1629678,2018-2020,775.0,778.0,-2.9503,-0.9393,-0.1889,-0.0239,-0.06,-0.6817,-3.8896,-0.2128,-0.7417,-3.1993,-1.6448,-4.8441,Admiral Schofield
1629680,2018-2020,2670.0,2684.0,-1.8984,1.6713,0.4493,0.3746,0.1659,-0.1737,-0.2271,0.8239,-0.0078,-1.2831,1.8722,0.589,Matisse Thybulle
1629682,2018-2020,245.0,242.0,-3.5672,-2.1431,-0.4298,0.0882,0.0642,0.2023,-5.7102,-0.3416,0.2665,-3.9327,-1.8526,-5.7853,Tremont Waters
1629683,2018-2020,176.0,178.0,-3.9326,-0.9131,0.5717,1.0754,-0.0329,-0.3077,-4.8457,1.6472,-0.3406,-3.3938,-0.1454,-3.5391,Quinndary Weatherspoon
1629684,2018-2020,2210.0,2197.0,-3.1484,-0.1807,0.8269,1.2897,0.3253,0.4104,-3.3291,2.1166,0.7358,-1.9962,1.5194,-0.4767,Grant Williams
1629690,2018-2020,228.0,228.0,-1.866,-2.0167,-0.3867,0.5567,0.282,0.1799,-3.8827,0.17,0.4619,-1.9708,-1.2801,-3.2509,Adam Mokoka
1629713,2018-2020,503.0,503.0,-2.4565,-0.0581,0.1411,-0.0326,-0.1628,0.2219,-2.5146,0.1086,0.0591,-2.4781,0.1312,-2.3469,Justin James
1629714,2018-2020,199.0,202.0,-3.4471,0.6981,0.2956,0.0808,-0.1175,-0.1039,-2.749,0.3764,-0.2214,-3.2689,0.675,-2.5939,Jarrell Brantley
1629716,2018-2020,7.0,6.0,-3.8052,0.0441,1.0351,-0.5215,-0.0014,0.0408,-3.7611,0.5136,0.0394,-2.7715,-0.4366,-3.2081,Marques Bolden
1629718,2018-2020,87.0,87.0,-2.0415,-2.1546,0.1727,0.3978,0.035,0.3178,-4.1961,0.5704,0.3528,-1.8338,-1.439,-3.2728,Charlie Brown Jr.
1629719,2018-2020,22.0,22.0,-2.0455,-0.6003,0.5169,0.0279,0.0164,-0.0241,-2.6458,0.5447,-0.0077,-1.5123,-0.5965,-2.1088,Devontae Cacok
1629723,2018-2020,377.0,370.0,0.8602,1.2917,0.8155,0.2814,0.0878,-0.016,2.1519,1.0968,0.0719,1.7635,1.5571,3.3206,John Konchar
1629724,2018-2020,127.0,133.0,-4.2537,-1.4831,0.6861,-0.2594,-0.0494,0.0004,-5.7367,0.4267,-0.0491,-3.617,-1.7421,-5.3592,Vic Law
1629725,2018-2020,213.0,211.0,1.6936,0.1746,0.0184,0.0126,0.0526,-0.4009,1.8683,0.0309,-0.3483,1.7645,-0.2137,1.5509,Jeremiah Martin
1629726,2018-2020,477.0,481.0,0.9582,-0.1927,-1.0063,0.2027,0.136,0.3156,0.7654,-0.8035,0.4516,0.0879,0.3257,0.4136,Garrison Mathews
1629729,2018-2020,57.0,54.0,-2.6842,-1.7008,0.3968,0.2766,-0.0172,0.0486,-4.385,0.6734,0.0314,-2.3046,-1.3756,-3.6802,Josh Reaves
1629730,2018-2020,340.0,338.0,-1.7196,-1.743,-0.195,-0.3601,0.1135,-0.1049,-3.4626,-0.5551,0.0086,-1.8011,-2.208,-4.0091,Rayjon Tucker
1629731,2018-2020,153.0,154.0,-3.3575,1.3809,-0.1768,-0.1622,0.0277,-0.324,-1.9766,-0.339,-0.2963,-3.5066,0.8947,-2.6119,Dean Wade
1629734,2018-2020,31.0,30.0,-3.3887,-1.6877,0.9538,-0.1146,-0.0408,0.036,-5.0764,0.8393,-0.0048,-2.4757,-1.7662,-4.2419,Kyle Alexander
1629735,2018-2020,716.0,723.0,-0.2065,1.2568,-0.0602,-0.1163,-0.105,-0.7599,1.0503,-0.1765,-0.8649,-0.3717,0.3807,0.0089,Chris Silva
1629738,2018-2020,284.0,287.0,-3.2564,1.6531,0.5735,-0.2943,-0.0177,-0.1573,-1.6034,0.2792,-0.175,-2.7007,1.2015,-1.4992,Vincent Poirier
1629739,2018-2020,28.0,30.0,-4.4701,-2.313,2.3547,-0.3546,-0.0683,-0.0559,-6.7832,2.0001,-0.1243,-2.1838,-2.7236,-4.9074,William Howard
1629740,2018-2020,2220.0,2216.0,-0.4537,0.126,0.3064,0.0589,-0.1638,-0.2867,-0.3277,0.3653,-0.4504,-0.3111,-0.1018,-0.4129,Nicolo Melli
1629741,2018-2020,1036.0,1053.0,-1.7273,-1.8999,0.0705,-0.0932,-0.0398,-0.3179,-3.6272,-0.0226,-0.3578,-1.6967,-2.3109,-4.0076,Marko Guduric
1629742,2018-2020,34.0,35.0,-5.3778,-1.3085,1.1309,-0.3445,-0.0019,0.1405,-6.6863,0.7863,0.1386,-4.2488,-1.5125,-5.7613,Stanton Kidd
1629743,2018-2020,276.0,279.0,-2.0605,1.7556,-0.0802,0.4432,0.0425,-0.3999,-0.3049,0.363,-0.3574,-2.0982,1.7988,-0.2993,Donta Hall
1629744,2018-2020,936.0,933.0,0.1288,-0.9039,0.2645,0.1027,-0.0173,0.3681,-0.775,0.3672,0.3507,0.376,-0.4331,-0.0571,Matt Thomas
1629745,2018-2020,32.0,30.0,-2.9022,-1.9211,0.6867,-0.2,-0.0265,-0.1105,-4.8234,0.4867,-0.137,-2.242,-2.2317,-4.4737,Tariq Owens
1629750,2018-2020,980.0,990.0,-1.8609,0.7029,0.7881,-0.0654,0.0278,-0.1665,-1.158,0.7227,-0.1387,-1.045,0.471,-0.574,Javonte Green
1629752,2018-2020,291.0,285.0,-2.4221,-0.7063,1.0476,0.341,0.166,0.4245,-3.1284,1.3887,0.5906,-1.2084,0.0593,-1.1491,Juwan Morgan
1629760,2018-2020,38.0,41.0,-4.0171,-0.2083,0.9,-0.0134,-0.0111,0.2051,-4.2254,0.8865,0.194,-3.1283,-0.0166,-3.1449,Matt Mooney
2207,2021-2023,4.0,5.0,-5.8614,-1.2983,0.5392,0.2269,0.0032,-0.0841,-7.1597,0.7661,-0.0809,-5.3191,-1.1554,-6.4745,Joe Johnson
2544,2021-2023,11471.0,11457.0,3.4895,0.6085,0.7292,0.6069,0.2633,0.241,4.098,1.3361,0.5044,4.482,1.4564,5.9384,LeBron James
2546,2021-2023,7204.0,7207.0,-0.1535,-0.2923,0.0724,-0.1261,-0.0164,-1.3989,-0.4457,-0.0537,-1.4153,-0.0974,-1.8173,-1.9147,Carmelo Anthony
2617,2021-2023,333.0,332.0,-3.7965,-0.8345,0.5823,0.0062,-0.1137,-0.1799,-4.631,0.5886,-0.2936,-3.3279,-1.0082,-4.3361,Udonis Haslem
2730,2021-2023,4421.0,4456.0,-0.2813,1.9142,-0.1873,-0.6201,-0.171,-0.6832,1.6328,-0.8075,-0.8542,-0.6397,0.6108,-0.0288,Dwight Howard
2738,2021-2023,4150.0,4170.0,-2.1011,1.52,-0.035,0.2666,-0.1288,1.3943,-0.5811,0.2316,1.2655,-2.2649,3.1808,0.9159,Andre Iguodala
2760,2021-2023,78.0,81.0,-3.6046,-0.931,0.2408,-0.1278,-0.0689,-0.237,-4.5356,0.113,-0.3059,-3.4327,-1.2958,-4.7285,Anderson Varejao
2772,2021-2023,2627.0,2639.0,-1.9716,0.3319,0.0653,0.1318,0.1998,-0.1883,-1.6397,0.1971,0.0116,-1.7065,0.2754,-1.4311,Trevor Ariza
101108,2021-2023,12572.0,12572.0,3.3168,2.608,-0.8975,-0.3557,-0.2625,0.1566,5.9248,-1.2533,-0.1059,2.1568,2.4088,4.5656,Chris Paul
101139,2021-2023,4.0,5.0,-6.6662,-1.4635,0.6645,0.872,0.0032,-0.0841,-8.1297,1.5365,-0.0809,-5.9985,-0.6756,-6.674,CJ Miles
101141,2021-2023,295.0,291.0,-1.2254,-0.0008,-0.8695,-0.0934,0.0443,0.2719,-1.2262,-0.9629,0.3161,-2.0506,0.1776,-1.873,Ersan Ilyasova
101150,2021-2023,4564.0,4567.0,-0.7789,-1.7203,0.1021,-0.2584,0.1847,-0.1192,-2.4992,-0.1563,0.0655,-0.4921,-2.0978,-2.5899,Lou Williams
200746,2021-2023,3559.0,3554.0,-0.2946,0.8781,-0.1039,0.3671,0.0635,-0.2398,0.5835,0.2632,-0.1763,-0.335,1.0053,0.6704,LaMarcus Aldridge
200752,2021-2023,6645.0,6683.0,-1.383,-0.1712,0.5736,-0.0576,0.1039,2.732,-1.5542,0.5161,2.8358,-0.7055,2.5032,1.7977,Rudy Gay
200755,2021-2023,1510.0,1502.0,-1.1253,-2.2715,-0.5372,0.1358,-0.1567,-0.0133,-3.3968,-0.4014,-0.17,-1.8193,-2.149,-3.9682,JJ Redick
200765,2021-2023,2989.0,3006.0,-1.0043,0.1803,-0.8466,-0.6989,-0.5053,0.4656,-0.824,-1.5455,-0.0396,-2.3562,-0.0529,-2.4091,Rajon Rondo
200768,2021-2023,11061.0,11032.0,1.2308,0.1407,-0.4635,0.3638,0.0619,0.5319,1.3715,-0.0997,0.5937,0.8292,1.0364,1.8656,Kyle Lowry
200782,2021-2023,10540.0,10538.0,-2.7054,-0.5284,1.0204,0.177,0.4224,0.4827,-3.2338,1.1974,0.9051,-1.2627,0.1313,-1.1314,P.J. Tucker
200794,2021-2023,3072.0,3064.0,-0.2171,1.2043,-0.1709,0.2876,-0.0061,-0.2272,0.9872,0.1167,-0.2333,-0.3941,1.2647,0.8705,Paul Millsap
201142,2021-2023,10141.0,10143.0,4.3733,1.6492,1.4439,0.2663,0.1248,0.5557,6.0226,1.7103,0.6805,5.9421,2.4713,8.4134,Kevin Durant
201143,2021-2023,9535.0,9538.0,0.2227,2.2769,-0.0387,0.3667,-0.1679,0.426,2.4996,0.328,0.2581,0.0161,3.0696,3.0857,Al Horford
201144,2021-2023,11371.0,11380.0,2.405,0.4003,-0.5969,0.1137,0.3064,0.7068,2.8054,-0.4832,1.0132,2.1145,1.2208,3.3354,Mike Conley
201145,2021-2023,9794.0,9830.0,-1.2134,-0.7296,-0.1226,-0.1546,0.2325,0.1212,-1.9431,-0.2772,0.3537,-1.1035,-0.763,-1.8665,Jeff Green
201152,2021-2023,6695.0,6727.0,0.9236,0.917,0.2205,0.2672,0.2123,-0.1514,1.8406,0.4877,0.061,1.3565,1.0328,2.3893,Thaddeus Young
201162,2021-2023,162.0,167.0,-3.919,0.3662,0.7715,-0.1164,0.0036,0.1863,-3.5528,0.6551,0.1899,-3.1439,0.4361,-2.7078,Jared Dudley
201188,2021-2023,2024.0,2024.0,-2.098,2.9463,0.1826,0.3184,0.1103,0.7146,0.8483,0.5009,0.8248,-1.8052,3.9793,2.1741,Marc Gasol
201229,2021-2023,209.0,211.0,-4.1354,-1.0335,-0.1447,0.1267,0.0494,0.4814,-5.1689,-0.018,0.5308,-4.2307,-0.4254,-4.656,Anthony Tolliver
201565,2021-2023,4559.0,4542.0,0.2576,-0.5417,-0.0637,0.1868,-0.1935,1.3945,-0.2841,0.1231,1.201,0.0004,1.0396,1.04,Derrick Rose
201566,2021-2023,15349.0,15324.0,-0.6603,-0.7419,0.7105,-0.4935,-0.2019,0.5159,-1.4022,0.2171,0.314,-0.1516,-0.7195,-0.8711,Russell Westbrook
201567,2021-2023,7144.0,7165.0,1.5522,0.0314,-0.9152,-0.0686,-0.2374,0.2799,1.5835,-0.9838,0.0425,0.3997,0.2426,0.6423,Kevin Love
201568,2021-2023,5863.0,5873.0,0.9857,-0.1302,0.5626,-0.3159,0.2273,-0.2913,0.8555,0.2468,-0.0641,1.7756,-0.7374,1.0382,Danilo Gallinari
201569,2021-2023,9253.0,9241.0,-0.6879,-2.0691,-0.0242,0.3097,0.0827,0.9803,-2.757,0.2855,1.063,-0.6293,-0.7791,-1.4085,Eric Gordon
201571,2021-2023,4175.0,4154.0,-0.1329,-1.7889,-1.0272,-0.0533,0.0986,-1.4304,-1.9218,-1.0805,-1.3317,-1.0615,-3.2726,-4.3341,D.J. Augustin
201572,2021-2023,9589.0,9587.0,-0.0312,1.8424,0.3893,0.3683,-0.1686,0.9622,1.8112,0.7575,0.7936,0.1894,3.1729,3.3623,Brook Lopez
201577,2021-2023,4735.0,4732.0,-0.6174,-1.6097,-0.8526,1.089,-0.1691,1.3252,-2.2271,0.2364,1.1561,-1.6391,0.8045,-0.8346,Robin Lopez
201580,2021-2023,4532.0,4530.0,-0.863,2.3663,-1.1789,-0.3081,-0.3148,0.332,1.5033,-1.487,0.0173,-2.3566,2.3902,0.0336,JaVale McGee
201586,2021-2023,4104.0,4099.0,-0.807,0.9212,-0.199,0.1625,-0.011,-0.6763,0.1142,-0.0365,-0.6873,-1.017,0.4074,-0.6095,Serge Ibaka
201587,2021-2023,10258.0,10234.0,-0.8743,1.3661,0.3306,-0.1532,0.1844,0.12,0.4918,0.1774,0.3044,-0.3594,1.333,0.9736,Nicolas Batum
201588,2021-2023,5674.0,5673.0,-0.8961,-0.4663,0.0819,0.3097,0.1461,2.3452,-1.3624,0.3916,2.4914,-0.6681,2.1886,1.5205,George Hill
201599,2021-2023,5049.0,5052.0,-1.5773,2.1398,-1.5706,-0.1378,-0.1335,-1.1848,0.5625,-1.7084,-1.3183,-3.2814,0.8173,-2.4641,DeAndre Jordan
201609,2021-2023,5572.0,5579.0,-1.1958,-1.8758,-0.3324,0.1528,0.3347,-0.3888,-3.0716,-0.1795,-0.0541,-1.1935,-2.1118,-3.3053,Goran Dragic
201933,2021-2023,5526.0,5535.0,-0.2484,0.2126,0.0626,0.0609,-0.0885,0.2936,-0.0358,0.1235,0.205,-0.2743,0.5671,0.2928,Blake Griffin
201935,2021-2023,12429.0,12425.0,4.944,1.5498,-0.3222,-0.7396,-0.0249,-1.85,6.4938,-1.0618,-1.8749,4.5969,-1.0398,3.5571,James Harden
201937,2021-2023,6882.0,6873.0,0.1199,0.7028,-1.1178,-0.101,-0.3226,1.1626,0.8227,-1.2188,0.8401,-1.3205,1.7645,0.444,Ricky Rubio
201939,2021-2023,13443.0,13361.0,6.1982,-0.3026,-0.3761,0.1669,0.1556,0.8496,5.8956,-0.2091,1.0053,5.9777,0.714,6.6917,Stephen Curry
201942,2021-2023,15313.0,15317.0,2.749,0.1236,0.2434,-0.1037,0.1434,-0.6878,2.8726,0.1397,-0.5444,3.1358,-0.6679,2.4679,DeMar DeRozan
201949,2021-2023,4930.0,4950.0,-3.2418,0.9816,0.306,0.053,-0.1112,-0.1326,-2.2602,0.359,-0.2438,-3.047,0.902,-2.145,James Johnson
201950,2021-2023,13232.0,13223.0,2.3937,0.3969,0.8935,0.2571,0.6929,0.9913,2.7906,1.1506,1.6842,3.9801,1.6453,5.6255,Jrue Holiday
201952,2021-2023,1973.0,1961.0,-1.1735,-0.6278,-0.5885,-0.3408,0.2662,-0.3022,-1.8013,-0.9294,-0.036,-1.4958,-1.2709,-2.7667,Jeff Teague
201954,2021-2023,87.0,89.0,-5.1966,-2.3502,0.6002,0.2874,-0.0453,-0.1732,-7.5468,0.8875,-0.2185,-4.6418,-2.236,-6.8778,Darren Collison
201959,2021-2023,4709.0,4715.0,-1.0372,1.7528,0.5723,-0.0495,-0.0335,0.9688,0.7156,0.5228,0.9353,-0.4983,2.672,2.1737,Taj Gibson
201961,2021-2023,3719.0,3719.0,-0.3961,-1.4801,-0.1438,0.1853,0.0858,-1.262,-1.8762,0.0415,-1.1762,-0.454,-2.5568,-3.0109,Wayne Ellington
201976,2021-2023,8406.0,8399.0,-0.9474,1.4803,-0.1165,0.6681,0.1544,0.1934,0.533,0.5517,0.3478,-0.9095,2.3419,1.4324,Patrick Beverley
201980,2021-2023,7027.0,7018.0,-1.2436,0.7161,0.3998,-0.0146,0.3532,-0.3265,-0.5275,0.3851,0.0267,-0.4906,0.375,-0.1157,Danny Green
201988,2021-2023,9526.0,9521.0,-0.598,-1.9954,-0.5706,0.2049,-0.2573,0.4639,-2.5934,-0.3657,0.2066,-1.4259,-1.3266,-2.7525,Patty Mills
202066,2021-2023,5785.0,5785.0,-2.8045,-0.3907,0.1171,0.0137,-0.2572,-0.5021,-3.1952,0.1308,-0.7593,-2.9446,-0.8792,-3.8238,Garrett Temple
202083,2021-2023,6143.0,6148.0,-2.6207,-1.1421,1.3609,0.0455,0.371,1.3366,-3.7628,1.4064,1.7076,-0.8888,0.24,-0.6488,Wesley Matthews
202322,2021-2023,4272.0,4269.0,-0.8846,-1.6205,0.3448,-0.0252,-0.8304,0.8297,-2.5052,0.3197,-0.0007,-1.3702,-0.816,-2.1863,John Wall
202324,2021-2023,3440.0,3435.0,0.0186,2.6406,0.1495,-0.543,-0.5481,0.5286,2.6592,-0.3935,-0.0195,-0.38,2.6262,2.2462,Derrick Favors
202326,2021-2023,2949.0,2940.0,0.3896,1.3284,-0.3844,0.5769,0.1239,-0.2902,1.718,0.1926,-0.1663,0.1292,1.6151,1.7443,DeMarcus Cousins
202328,2021-2023,399.0,406.0,0.5314,1.0882,0.7653,0.5215,0.0298,-0.2238,1.6196,1.2868,-0.194,1.3265,1.3859,2.7124,Greg Monroe
202329,2021-2023,863.0,854.0,-3.3425,0.3508,0.7254,-0.5681,-0.0413,0.4367,-2.9917,0.1573,0.3954,-2.6584,0.2193,-2.439,Al-Farouq Aminu
202330,2021-2023,9702.0,9700.0,0.1455,-0.5414,-0.1313,0.3041,-0.2155,1.9554,-0.3959,0.1728,1.7399,-0.2013,1.7181,1.5168,Gordon Hayward
202331,2021-2023,9766.0,9748.0,2.4204,-0.124,0.597,0.5068,0.2717,2.9778,2.2964,1.1038,3.2495,3.2891,3.3606,6.6497,Paul George
202334,2021-2023,1018.0,1016.0,-1.89,2.7064,0.3771,-0.1452,-0.3298,0.6671,0.8164,0.232,0.3372,-1.8427,3.2283,1.3856,Ed Davis
202335,2021-2023,1185.0,1186.0,-1.2678,-0.7636,0.9046,0.249,0.0665,-0.5426,-2.0314,1.1537,-0.4762,-0.2967,-1.0572,-1.3539,Patrick Patterson
202339,2021-2023,7179.0,7164.0,-1.5795,-0.7832,-0.4979,-0.0647,-0.0745,-0.0274,-2.3626,-0.5626,-0.1019,-2.1518,-0.8753,-3.0271,Eric Bledsoe
202340,2021-2023,4170.0,4167.0,-3.01,-1.3081,0.3172,-0.0838,-0.4572,-0.1966,-4.3181,0.2334,-0.6538,-3.15,-1.5885,-4.7385,Avery Bradley
202355,2021-2023,3485.0,3501.0,-0.5598,4.0373,-0.9247,-0.827,0.4932,-0.3732,3.4775,-1.7517,0.12,-0.9913,2.8371,1.8458,Hassan Whiteside
202357,2021-2023,3545.0,3533.0,-0.5897,0.5713,0.1098,-0.3303,0.0093,-0.7013,-0.0184,-0.2205,-0.692,-0.4706,-0.4604,-0.931,Nemanja Bjelica
202362,2021-2023,1676.0,1670.0,-1.0858,-0.4952,-0.068,-0.0289,0.2246,-1.3769,-1.581,-0.0969,-1.1523,-0.9292,-1.901,-2.8302,Lance Stephenson
202397,2021-2023,5119.0,5128.0,-2.8703,0.1336,0.7509,-0.0291,0.3294,-0.588,-2.7367,0.7218,-0.2587,-1.79,-0.4836,-2.2736,Ish Smith
202681,2021-2023,10700.0,10696.0,4.3688,0.498,1.1015,-0.0179,0.5399,-1.4866,4.8667,1.0836,-0.9467,6.0102,-1.0066,5.0036,Kyrie Irving
202683,2021-2023,4362.0,4384.0,2.369,1.2211,-1.1925,-0.0653,0.5878,0.4813,3.5901,-1.2577,1.0692,1.7643,1.6372,3.4015,Enes Kanter
202684,2021-2023,4447.0,4431.0,-1.3129,-0.5643,0.0982,0.1292,0.281,0.0658,-1.8772,0.2274,0.3467,-0.9338,-0.3693,-1.3031,Tristan Thompson
202685,2021-2023,12111.0,12080.0,2.1797,0.9574,-0.7988,-0.2692,-0.2916,0.0487,3.1371,-1.068,-0.2429,1.0892,0.7369,1.8262,Jonas Valančiūnas
202687,2021-2023,5513.0,5542.0,-3.0479,1.8566,-0.0083,-0.009,-0.2193,-0.3094,-1.1913,-0.0173,-0.5287,-3.2755,1.5382,-1.7373,Bismack Biyombo
202688,2021-2023,137.0,137.0,-1.1921,-1.0905,0.0262,0.0699,-0.02,0.1836,-2.2826,0.0961,0.1636,-1.186,-0.837,-2.023,Brandon Knight
202689,2021-2023,4992.0,4989.0,1.4484,-0.811,-1.1054,-0.0987,-0.2875,-0.4255,0.6375,-1.2041,-0.713,0.0556,-1.3352,-1.2796,Kemba Walker
202691,2021-2023,6806.0,6802.0,1.0227,-1.9426,-0.8228,0.0907,-0.0745,0.3794,-0.9199,-0.7321,0.3048,0.1253,-1.4724,-1.3471,Klay Thompson
202692,2021-2023,9487.0,9469.0,0.5064,0.2518,-0.19,0.0547,0.3798,0.4014,0.7582,-0.1353,0.7812,0.6962,0.7078,1.404,Alec Burks
202693,2021-2023,3824.0,3827.0,-2.3193,-1.0777,0.7885,-0.0257,0.1337,0.7935,-3.397,0.7628,0.9271,-1.3972,-0.3099,-1.7071,Markieff Morris
202694,2021-2023,9841.0,9846.0,-1.0192,-1.0203,0.283,-0.2142,0.4229,-1.0846,-2.0395,0.0688,-0.6617,-0.3132,-2.3191,-2.6323,Marcus Morris Sr.
202695,2021-2023,7111.0,7109.0,4.898,1.5975,1.2473,0.6373,0.7196,0.2318,6.4955,1.8846,0.9514,6.8649,2.4666,9.3315,Kawhi Leonard
202696,2021-2023,15287.0,15302.0,1.0666,1.4389,-0.9329,0.1248,-0.3437,-0.5656,2.5055,-0.8081,-0.9093,-0.21,0.9981,0.7881,Nikola Vučević
202697,2021-2023,22.0,22.0,-9.5144,-8.3461,3.1232,-0.0427,-0.0199,0.1011,-17.8604,3.0806,0.0811,-6.411,-8.2877,-14.6987,Iman Shumpert
202699,2021-2023,14021.0,14027.0,0.2486,0.4855,-0.2929,0.1848,-0.2372,-0.0059,0.7341,-0.1082,-0.2431,-0.2816,0.6644,0.3828,Tobias Harris
202704,2021-2023,11184.0,11201.0,-0.962,-2.0098,-0.4721,0.0982,0.1911,2.0527,-2.9718,-0.3739,2.2438,-1.243,0.141,-1.1019,Reggie Jackson
202709,2021-2023,8711.0,8735.0,-0.7359,-0.1371,-0.2354,0.0351,0.1608,-0.7531,-0.873,-0.2003,-0.5923,-0.8105,-0.8551,-1.6656,Cory Joseph
202710,2021-2023,11613.0,11571.0,6.5194,2.138,-1.7212,0.3505,-0.2143,-0.2266,8.6575,-1.3707,-0.4409,4.5839,2.262,6.8459,Jimmy Butler III
202711,2021-2023,12769.0,12758.0,1.1064,-2.3764,0.5438,-0.0515,0.3788,0.4161,-1.2699,0.4923,0.7949,2.029,-2.0118,0.0172,Bojan Bogdanovic
202722,2021-2023,5840.0,5834.0,-0.2972,-0.9326,0.2988,0.1475,0.381,0.0162,-1.2298,0.4463,0.3972,0.3825,-0.7688,-0.3863,Davis Bertans
202734,2021-2023,805.0,810.0,-2.4216,-1.1276,0.1845,-0.0022,0.0298,-0.0712,-3.5492,0.1823,-0.0413,-2.2073,-1.201,-3.4083,E'Twaun Moore
202738,2021-2023,795.0,792.0,-1.6722,-2.2563,-0.4725,0.1206,0.0297,0.0666,-3.9285,-0.3519,0.0963,-2.115,-2.0691,-4.184,Isaiah Thomas
202954,2021-2023,2785.0,2807.0,-2.2168,-0.3864,-0.2122,-0.2352,-0.4967,0.671,-2.6032,-0.4474,0.1744,-2.9257,0.0494,-2.8763,Brad Wanamaker
203076,2021-2023,9322.0,9295.0,2.2472,2.9166,-0.1146,0.6467,-0.3405,1.1329,5.1638,0.5321,0.7924,1.7921,4.6963,6.4883,Anthony Davis
203078,2021-2023,10997.0,10943.0,2.4013,-1.4316,1.023,0.0961,0.2804,0.3259,0.9697,1.1191,0.6062,3.7047,-1.0096,2.6951,Bradley Beal
203081,2021-2023,11472.0,11475.0,6.943,-0.6514,0.8575,-0.8594,0.2033,-1.1558,6.2916,-0.0019,-0.9525,8.0038,-2.6665,5.3372,Damian Lillard
203082,2021-2023,8537.0,8530.0,-1.5259,-1.5779,-0.7232,-0.2087,-0.1005,-0.834,-3.1038,-0.9319,-0.9345,-2.3495,-2.6206,-4.9701,Terrence Ross
203083,2021-2023,7127.0,7155.0,-0.0662,2.4272,0.6516,-0.4108,0.0831,0.6647,2.361,0.2409,0.7478,0.6685,2.6811,3.3496,Andre Drummond
203084,2021-2023,15279.0,15312.0,0.9374,-0.923,0.2561,0.006,0.3037,-0.1517,0.0144,0.2621,0.152,1.4972,-1.0687,0.4285,Harrison Barnes
203085,2021-2023,6818.0,6840.0,-2.5706,-1.1528,0.6203,0.1227,0.4542,-0.7013,-3.7233,0.7431,-0.2471,-1.496,-1.7313,-3.2273,Austin Rivers
203086,2021-2023,297.0,298.0,-0.61,-0.8695,-0.5609,-0.5289,0.0194,-0.3198,-1.4796,-1.0898,-0.3003,-1.1515,-1.7182,-2.8697,Meyers Leonard
203087,2021-2023,3516.0,3526.0,0.1919,0.8978,-0.2589,0.0989,0.2991,-1.351,1.0897,-0.16,-1.0519,0.2321,-0.3543,-0.1222,Jeremy Lamb
203090,2021-2023,3388.0,3387.0,-3.7425,0.4568,0.5643,-0.0223,0.107,-0.1285,-3.2857,0.5421,-0.0216,-3.0712,0.306,-2.7652,Maurice Harkless
203095,2021-2023,8326.0,8286.0,-0.379,-1.266,-0.9103,-0.0915,0.0082,-1.0521,-1.6449,-1.0018,-1.0439,-1.281,-2.4096,-3.6907,Evan Fournier
203107,2021-2023,4492.0,4475.0,-0.585,0.1387,-0.1573,0.0801,-0.2466,-0.4988,-0.4463,-0.0773,-0.7454,-0.9889,-0.28,-1.269,Tomas Satoransky
203109,2021-2023,7983.0,7968.0,-0.9246,0.9758,-0.0908,-0.0604,0.3354,1.7772,0.0511,-0.1512,2.1125,-0.6801,2.6925,2.0124,Jae Crowder
203110,2021-2023,11909.0,11856.0,-1.5808,2.7417,0.8123,0.5117,0.6393,1.2187,1.161,1.324,1.858,-0.1292,4.4721,4.3429,Draymond Green
203114,2021-2023,11011.0,10996.0,1.7968,-0.5581,0.2834,0.0856,-0.271,-0.2615,1.2387,0.369,-0.5326,1.8092,-0.734,1.0751,Khris Middleton
203115,2021-2023,10152.0,10139.0,-1.227,-0.9265,-0.962,0.1336,-0.7135,-0.7156,-2.1535,-0.8284,-1.4291,-2.9025,-1.5086,-4.411,Will Barton
203118,2021-2023,1766.0,1764.0,-3.5971,-0.3518,1.0247,-0.0172,0.014,0.7245,-3.9489,1.0075,0.7385,-2.5585,0.3555,-2.203,Mike Scott
203121,2021-2023,417.0,416.0,0.307,1.6694,-0.8296,0.4284,0.0516,0.4113,1.9763,-0.4012,0.4629,-0.471,2.5091,2.0381,Darius Miller
203145,2021-2023,3982.0,3996.0,-3.0667,0.6005,-0.1092,-0.0337,-0.0611,0.8367,-2.4661,-0.1429,0.7756,-3.2369,1.4036,-1.8334,Kent Bazemore
203200,2021-2023,10335.0,10335.0,-1.896,-0.6217,0.2542,-0.3271,-0.2986,-0.6775,-2.5177,-0.0729,-0.9761,-1.9404,-1.6263,-3.5667,Justin Holiday
203210,2021-2023,6123.0,6158.0,0.3225,0.3139,-0.3781,0.0161,-0.174,-0.1961,0.6364,-0.362,-0.37,-0.2296,0.1339,-0.0956,JaMychal Green
203263,2021-2023,101.0,100.0,-3.599,-2.2084,-0.0138,0.2111,-0.0225,0.0396,-5.8074,0.1973,0.0172,-3.6352,-1.9578,-5.5929,James Nunnally
203382,2021-2023,2029.0,2035.0,-2.2803,-0.782,0.2358,-0.0709,-0.4217,0.1223,-3.0623,0.1649,-0.2994,-2.4662,-0.7306,-3.1968,Aron Baynes
203457,2021-2023,4607.0,4611.0,-2.6358,4.6313,0.1805,-0.5034,0.0667,-1.0358,1.9955,-0.3229,-0.9691,-2.3885,3.0921,0.7035,Nerlens Noel
203458,2021-2023,3784.0,3786.0,-2.0837,1.4429,-0.786,-0.2453,-0.2243,1.0835,-0.6408,-1.0313,0.8592,-3.0941,2.2811,-0.8129,Alex Len
203460,2021-2023,126.0,125.0,-4.7369,-2.407,0.3771,0.4463,-0.0438,-0.1003,-7.1439,0.8234,-0.144,-4.4035,-2.061,-6.4645,Andre Roberson
203463,2021-2023,4564.0,4580.0,-0.9451,-2.2803,-1.4644,0.0444,-0.3195,-0.797,-3.2254,-1.42,-1.1164,-2.7289,-3.0328,-5.7618,Ben McLemore
203468,2021-2023,13023.0,12992.0,1.4015,-1.0609,0.3684,0.1538,0.2814,-0.9754,0.3406,0.5222,-0.694,2.0513,-1.8825,0.1688,CJ McCollum
203469,2021-2023,3218.0,3213.0,1.2759,0.2011,-0.3493,0.2187,-0.2822,-0.402,1.477,-0.1305,-0.6841,0.6445,0.0179,0.6623,Cody Zeller
203471,2021-2023,11814.0,11809.0,-0.5425,-1.2448,-0.3106,-0.1326,0.2615,1.0062,-1.7873,-0.4432,1.2676,-0.5916,-0.3713,-0.9629,Dennis Schröder
203473,2021-2023,3419.0,3450.0,-0.3948,1.9162,-1.7879,-0.5016,0.3268,0.9023,1.5214,-2.2895,1.2291,-1.8559,2.3169,0.461,Dewayne Dedmon
203476,2021-2023,2651.0,2677.0,0.9278,1.4685,0.3259,-0.058,-0.9262,-2.0024,2.3963,0.2679,-2.9287,0.3275,-0.5919,-0.2644,Gorgui Dieng
203482,2021-2023,9732.0,9737.0,0.722,0.9144,0.1686,-0.2174,0.1718,-1.2113,1.6363,-0.0487,-1.0395,1.0624,-0.5143,0.5481,Kelly Olynyk
203484,2021-2023,13545.0,13546.0,-0.9963,-0.3124,-0.2951,-0.1839,0.2905,-0.0933,-1.3088,-0.4791,0.1971,-1.001,-0.5897,-1.5907,Kentavious Caldwell-Pope
203486,2021-2023,10984.0,10978.0,0.2199,1.8668,-0.2243,-0.3273,0.0696,-0.5236,2.0867,-0.5516,-0.454,0.0652,1.0159,1.0811,Mason Plumlee
203487,2021-2023,1747.0,1740.0,-3.6046,-1.2072,0.1716,0.1375,0.0372,1.4533,-4.8117,0.3091,1.4906,-3.3957,0.3836,-3.012,Michael Carter-Williams
203488,2021-2023,4618.0,4609.0,0.5661,0.6401,0.254,0.3922,0.0265,1.4114,1.2062,0.6462,1.4379,0.8466,2.4437,3.2903,Mike Muscala
203490,2021-2023,4447.0,4403.0,0.634,1.3362,0.164,-0.0622,-0.495,0.5668,1.9702,0.1018,0.0718,0.303,1.8408,2.1438,Otto Porter Jr.
203493,2021-2023,12331.0,12329.0,-1.7439,-0.801,1.0159,0.1411,0.2123,1.6214,-2.5448,1.1571,1.8337,-0.5157,0.9616,0.4459,Reggie Bullock Jr.
203496,2021-2023,10173.0,10151.0,-1.7252,2.837,0.8145,-0.2441,0.357,-0.4294,1.1118,0.5704,-0.0724,-0.5538,2.1636,1.6098,Robert Covington
203497,2021-2023,13185.0,13206.0,0.6083,4.1638,0.3124,0.6162,-0.1006,2.1323,4.7721,0.9286,2.0317,0.8201,6.9123,7.7325,Rudy Gobert
203500,2021-2023,9696.0,9657.0,0.5793,0.5925,2.6441,0.4704,0.5999,-0.2178,1.1718,3.1145,0.382,3.8232,0.8451,4.6683,Steven Adams
203501,2021-2023,10790.0,10775.0,0.1542,-1.5379,-0.2412,0.141,0.0546,0.8702,-1.3837,-0.1002,0.9248,-0.0324,-0.5266,-0.5591,Tim Hardaway Jr.
203503,2021-2023,3658.0,3667.0,-2.6825,-0.7395,0.7568,0.3346,-0.2033,-0.4471,-3.422,1.0914,-0.6504,-2.1291,-0.852,-2.981,Tony Snell
203504,2021-2023,2740.0,2742.0,-1.1716,-1.7021,0.2062,-0.2764,-0.0158,0.0354,-2.8737,-0.0702,0.0195,-0.9812,-1.9432,-2.9244,Trey Burke
203506,2021-2023,4811.0,4824.0,-1.0484,-0.8738,-0.5551,0.0945,-0.5113,0.3327,-1.9222,-0.4605,-0.1785,-2.1148,-0.4465,-2.5613,Victor Oladipo
203507,2021-2023,13208.0,13113.0,3.9176,2.2475,0.2705,0.4617,0.0283,0.4942,6.1651,0.7321,0.5224,4.2163,3.2033,7.4196,Giannis Antetokounmpo
203516,2021-2023,2115.0,2118.0,-0.4583,-0.2746,0.1398,-0.0849,0.2752,0.2156,-0.733,0.0549,0.4908,-0.0433,-0.1439,-0.1872,James Ennis III
203521,2021-2023,913.0,917.0,-2.4837,-0.6986,0.5854,0.4266,-0.1128,-0.088,-3.1823,1.0121,-0.2007,-2.0111,-0.36,-2.371,Matthew Dellavedova
203524,2021-2023,3367.0,3385.0,-3.2721,-0.7255,0.9933,0.1449,0.3607,1.1362,-3.9976,1.1382,1.4969,-1.9181,0.5556,-1.3625,Solomon Hill
203526,2021-2023,6812.0,6828.0,-0.7216,-0.0347,-0.1723,-0.2698,0.3702,-0.2313,-0.7563,-0.4421,0.1389,-0.5238,-0.5358,-1.0595,Raul Neto
203552,2021-2023,10091.0,10077.0,-0.2554,-1.1031,-0.3862,-0.0583,0.0527,-0.4818,-1.3585,-0.4445,-0.4291,-0.589,-1.6432,-2.2321,Seth Curry
203585,2021-2023,3024.0,3041.0,-0.4827,-1.0105,0.0258,-0.0029,0.234,0.2338,-1.4932,0.0229,0.4678,-0.223,-0.7796,-1.0025,Rodney McGruder
203648,2021-2023,2622.0,2615.0,-2.8796,-1.1161,0.0498,0.1819,0.1695,0.0559,-3.9957,0.2317,0.2254,-2.6603,-0.8783,-3.5386,Thanasis Antetokounmpo
203658,2021-2023,210.0,211.0,-3.3688,2.1384,-0.1555,-0.2277,0.0234,0.0205,-1.2304,-0.3831,0.0439,-3.5009,1.9313,-1.5696,Norvel Pelle
203816,2021-2023,35.0,36.0,-6.679,-1.7764,0.2626,0.2513,-0.0151,0.1008,-8.4554,0.5138,0.0858,-6.4315,-1.4242,-7.8558,Scotty Hopson
203897,2021-2023,14661.0,14667.0,2.6238,-1.3182,0.3013,0.1715,0.1461,-0.0253,1.3056,0.4729,0.1208,3.0712,-1.1719,1.8993,Zach LaVine
203901,2021-2023,4091.0,4111.0,-3.3001,-1.8439,0.3169,-0.0058,-0.1151,0.5018,-5.1439,0.3111,0.3867,-3.0983,-1.3479,-4.4462,Elfrid Payton
203903,2021-2023,12212.0,12189.0,1.0887,-2.6045,0.9144,0.2606,0.5765,0.5202,-1.5158,1.175,1.0967,2.5796,-1.8237,0.7559,Jordan Clarkson
203914,2021-2023,8198.0,8186.0,-1.2653,-1.319,-0.0494,0.0496,-0.0258,-0.3366,-2.5843,0.0002,-0.3625,-1.3406,-1.606,-2.9466,Gary Harris
203915,2021-2023,9474.0,9477.0,1.3394,-0.3732,-1.35,0.1442,-0.2001,0.3975,0.9662,-1.2058,0.1974,-0.2107,0.1686,-0.0421,Spencer Dinwiddie
203917,2021-2023,84.0,80.0,-2.4687,-3.0866,-0.3415,0.456,0.0474,0.3245,-5.5554,0.1145,0.3719,-2.7628,-2.3061,-5.069,Nik Stauskas
203918,2021-2023,3372.0,3371.0,-3.6888,-1.7113,0.5405,0.0877,-0.0814,0.3819,-5.4001,0.6282,0.3005,-3.2297,-1.2418,-4.4714,Rodney Hood
203920,2021-2023,5406.0,5417.0,-0.1753,0.3626,0.6685,0.5013,-0.0684,-0.0863,0.1872,1.1698,-0.1548,0.4248,0.7775,1.2023,Khem Birch
203922,2021-2023,772.0,781.0,-2.174,-1.5545,0.1535,0.0756,-0.2105,-0.9993,-3.7285,0.2291,-1.2098,-2.2309,-2.4783,-4.7092,Glenn Robinson III
203924,2021-2023,11330.0,11342.0,0.5269,-0.508,-0.7966,0.2825,-0.3622,0.7909,0.0189,-0.5141,0.4287,-0.6319,0.5654,-0.0665,Jerami Grant
203925,2021-2023,8445.0,8425.0,-0.3559,-0.9966,-0.1176,0.2114,-0.268,-0.0325,-1.3525,0.0938,-0.3006,-0.7416,-0.8177,-1.5593,Joe Harris
203926,2021-2023,8801.0,8774.0,-0.3402,-2.28,-0.2066,-0.0987,-0.0243,-1.3449,-2.6203,-0.3052,-1.3692,-0.5711,-3.7236,-4.2947,Doug McDermott
203932,2021-2023,11882.0,11833.0,0.2076,-0.5269,0.2426,0.6557,0.5404,0.862,-0.3193,0.8983,1.4024,0.9906,0.9908,1.9814,Aaron Gordon
203933,2021-2023,1690.0,1683.0,-1.6514,-0.2979,0.4858,-0.2251,0.0453,0.7145,-1.9493,0.2607,0.7598,-1.1202,0.1915,-0.9288,T.J. Warren
203935,2021-2023,12021.0,11994.0,0.0389,0.1725,0.0529,0.3487,0.5291,-0.0362,0.2115,0.4016,0.4929,0.621,0.4849,1.1059,Marcus Smart
203937,2021-2023,11149.0,11173.0,-0.4676,2.4486,-0.3657,0.1714,0.0398,-1.2046,1.981,-0.1943,-1.1647,-0.7935,1.4155,0.622,Kyle Anderson
203939,2021-2023,8283.0,8331.0,1.2568,0.8274,-0.1396,0.2326,0.1585,0.5342,2.0842,0.0931,0.6927,1.2758,1.5942,2.87,Dwight Powell
203943,2021-2023,372.0,373.0,-4.2741,0.0685,0.3913,0.1216,0.0946,-0.5773,-4.2056,0.5129,-0.4828,-3.7882,-0.3873,-4.1755,Noah Vonleh
203944,2021-2023,16014.0,15960.0,1.0253,-0.7669,0.5005,0.1788,0.2377,0.9511,0.2584,0.6792,1.1889,1.7635,0.363,2.1265,Julius Randle
203952,2021-2023,12289.0,12277.0,-0.5715,-0.6713,-0.553,0.1298,-0.3912,1.6762,-1.2428,-0.4232,1.285,-1.5157,1.1347,-0.381,Andrew Wiggins
203953,2021-2023,562.0,565.0,-0.9479,0.0554,-0.4184,-0.3485,-0.1899,0.3847,-0.8925,-0.7669,0.1948,-1.5562,0.0916,-1.4646,Jabari Parker
203954,2021-2023,12446.0,12418.0,6.3935,3.054,0.0403,1.2259,0.2642,0.6068,9.4475,1.2662,0.871,6.6981,4.8867,11.5848,Joel Embiid
203957,2021-2023,240.0,245.0,-4.1098,-0.1355,0.2741,0.0799,-0.0666,0.6155,-4.2453,0.354,0.5489,-3.9023,0.5599,-3.3424,Dante Exum
203960,2021-2023,673.0,669.0,-3.1917,-0.4908,-0.6057,0.0267,0.1945,-0.0549,-3.6824,-0.579,0.1396,-3.6029,-0.519,-4.1218,JaKarr Sampson
203967,2021-2023,3440.0,3450.0,0.1301,-0.8458,-0.4189,-0.1259,0.3983,0.6997,-0.7157,-0.5448,1.098,0.1095,-0.272,-0.1625,Dario Saric
203991,2021-2023,11668.0,11705.0,1.2881,3.127,0.2832,-0.3298,0.2694,0.6997,4.4151,-0.0466,0.9691,1.8407,3.4969,5.3376,Clint Capela
203992,2021-2023,9544.0,9565.0,1.168,-0.3404,0.3362,-0.0428,0.4424,-0.5015,0.8276,0.2934,-0.0591,1.9466,-0.8848,1.0618,Bogdan Bogdanović
203994,2021-2023,7872.0,7830.0,0.1098,1.6252,-0.6033,0.8405,-0.3303,2.195,1.735,0.2373,1.8647,-0.8237,4.6607,3.8369,Jusuf Nurkić
203998,2021-2023,79.0,80.0,-4.6687,-1.2139,-0.0455,-0.564,-0.0193,0.1882,-5.8826,-0.6095,0.1689,-4.7335,-1.5897,-6.3232,Bruno Caboclo
203999,2021-2023,14897.0,14870.0,7.6712,3.6915,1.2844,0.1326,0.3795,-0.6688,11.3626,1.4169,-0.2893,9.335,3.1552,12.4902,Nikola Jokić
204001,2021-2023,9979.0,9906.0,3.1095,2.1364,0.1176,-0.0226,-0.2298,-0.8132,5.2459,0.095,-1.043,2.9974,1.3006,4.298,Kristaps Porziņģis
204020,2021-2023,1600.0,1584.0,-2.275,-1.1563,0.6024,-0.1092,0.5381,0.0912,-3.4313,0.4932,0.6292,-1.1345,-1.1743,-2.3088,Tyler Johnson
204025,2021-2023,555.0,548.0,-5.2644,-1.8172,0.0378,0.6951,-0.1785,0.5073,-7.0816,0.7328,0.3289,-5.4051,-0.6148,-6.0199,Tim Frazier
204038,2021-2023,1130.0,1129.0,-1.5638,-1.9404,-0.3876,-0.257,0.0135,0.7403,-3.5042,-0.6446,0.7538,-1.9379,-1.4571,-3.395,Langston Galloway
204060,2021-2023,8344.0,8322.0,0.2187,-0.334,-0.0235,0.4413,0.2486,0.7887,-0.1153,0.4178,1.0373,0.4438,0.8959,1.3397,Joe Ingles
204222,2021-2023,25.0,26.0,-10.618,-7.9926,2.8537,-0.1319,0.0218,0.2134,-18.6106,2.7218,0.2352,-7.7426,-7.9111,-15.6537,Greg Whittington
204456,2021-2023,8411.0,8419.0,0.4702,1.8165,0.0026,-0.6631,0.0698,-0.1473,2.2867,-0.6605,-0.0775,0.5426,1.0061,1.5487,T.J. McConnell
1626143,2021-2023,706.0,710.0,-1.6602,-1.1338,-0.2414,-0.2623,-0.2064,0.3646,-2.794,-0.5037,0.1581,-2.1081,-1.0315,-3.1396,Jahlil Okafor
1626144,2021-2023,24.0,25.0,-4.9627,-0.6809,0.2031,0.3068,-0.0269,-0.045,-5.6435,0.5099,-0.0719,-4.7865,-0.419,-5.2056,Emmanuel Mudiay
1626145,2021-2023,9784.0,9798.0,1.417,0.8148,-0.9754,-0.3437,-0.2574,-1.1438,2.2318,-1.3191,-1.4012,0.1842,-0.6727,-0.4885,Tyus Jones
1626147,2021-2023,639.0,642.0,-1.9803,0.1415,0.3406,-0.0067,0.2258,-0.6436,-1.8388,0.3339,-0.4178,-1.414,-0.5088,-1.9227,Justin Anderson
1626149,2021-2023,7962.0,7980.0,2.1097,0.871,-0.7487,0.4524,0.0453,0.6674,2.9807,-0.2963,0.7127,1.4063,1.9908,3.3971,Montrezl Harrell
1626153,2021-2023,8942.0,8982.0,1.0713,2.2787,0.0462,0.0548,-0.0162,-0.5188,3.35,0.1009,-0.535,1.1012,1.8147,2.9159,Delon Wright
1626155,2021-2023,2.0,2.0,-6.5852,-1.4782,0.5163,0.7069,0.001,-0.0479,-8.0634,1.2232,-0.0469,-6.0679,-0.8192,-6.8872,Sam Dekker
1626156,2021-2023,11669.0,11641.0,1.7726,-0.9398,-0.4314,-0.1729,0.1196,0.1354,0.8328,-0.6043,0.255,1.4608,-0.9773,0.4836,D'Angelo Russell
1626157,2021-2023,10720.0,10701.0,3.6955,0.8304,0.4036,0.156,0.213,-0.0623,4.5259,0.5596,0.1506,4.3121,0.9241,5.2361,Karl-Anthony Towns
1626158,2021-2023,6593.0,6605.0,0.0949,2.114,-1.2444,-0.1821,-0.3067,0.4256,2.2089,-1.4265,0.1189,-1.4561,2.3574,0.9013,Richaun Holmes
1626159,2021-2023,4293.0,4294.0,-3.4235,-0.0763,-0.1585,0.1589,0.2771,1.6169,-3.4998,0.0004,1.894,-3.3049,1.6995,-1.6054,Justise Winslow
1626161,2021-2023,2202.0,2200.0,-2.3364,1.9291,0.1145,-0.1722,0.2737,1.6997,-0.4073,-0.0577,1.9733,-1.9482,3.4565,1.5083,Willie Cauley-Stein
1626162,2021-2023,11019.0,11031.0,-0.1314,-0.9179,-1.1946,-0.58,-0.3173,0.1604,-1.0493,-1.7745,-0.1569,-1.6432,-1.3375,-2.9807,Kelly Oubre Jr.
1626163,2021-2023,2299.0,2328.0,0.2336,1.5797,-0.1108,0.1382,-0.0997,-0.1625,1.8133,0.0274,-0.2622,0.0232,1.5554,1.5786,Frank Kaminsky
1626164,2021-2023,13247.0,13217.0,2.8529,-1.1384,1.3827,-0.0788,0.8721,-0.4722,1.7145,1.3039,0.3999,5.1077,-1.6895,3.4182,Devin Booker
1626166,2021-2023,6867.0,6857.0,0.1255,-0.1785,0.2752,0.0822,0.4215,1.6621,-0.053,0.3574,2.0836,0.8222,1.5658,2.388,Cameron Payne
1626167,2021-2023,9264.0,9242.0,-0.6308,4.2809,0.9629,-0.239,0.3464,0.9383,3.6501,0.7239,1.2846,0.6784,4.9802,5.6586,Myles Turner
1626168,2021-2023,6505.0,6521.0,0.2025,-0.0474,-0.1288,-0.4596,-0.1486,-0.8346,0.1551,-0.5885,-0.9832,-0.0749,-1.3417,-1.4166,Trey Lyles
1626169,2021-2023,5340.0,5359.0,-1.9395,0.3747,0.6155,-0.0859,0.5015,-1.9054,-1.5648,0.5296,-1.4039,-0.8225,-1.6166,-2.4391,Stanley Johnson
1626171,2021-2023,10920.0,10909.0,1.0255,0.4004,0.2237,-0.7105,-0.0038,0.4828,1.4259,-0.4868,0.479,1.2454,0.1726,1.4181,Bobby Portis
1626172,2021-2023,9982.0,10033.0,0.5276,1.7698,1.2019,0.177,0.5225,-0.4678,2.2975,1.3789,0.0547,2.252,1.479,3.731,Kevon Looney
1626174,2021-2023,10610.0,10617.0,0.4892,1.2626,-0.8851,-0.6433,0.0242,-1.277,1.7518,-1.5284,-1.2527,-0.3717,-0.6577,-1.0294,Christian Wood
1626178,2021-2023,219.0,220.0,-0.6129,1.411,0.5307,0.3265,0.0582,0.0794,0.7981,0.8572,0.1376,-0.024,1.817,1.793,Rondae Hollis-Jefferson
1626179,2021-2023,14605.0,14617.0,1.5807,-0.8003,-0.5583,-0.2574,0.0884,-0.7842,0.7803,-0.8157,-0.6958,1.1108,-1.842,-0.7312,Terry Rozier
1626181,2021-2023,10843.0,10805.0,1.0636,-1.0794,-1.4899,-0.3546,-0.8291,-1.5569,-0.0158,-1.8445,-2.386,-1.2554,-2.9909,-4.2464,Norman Powell
1626184,2021-2023,1718.0,1744.0,-3.1908,-1.7599,-0.5425,0.0957,-0.3528,-0.4183,-4.9508,-0.4469,-0.771,-4.0861,-2.0825,-6.1686,Chasson Randle
1626188,2021-2023,322.0,331.0,-1.3618,-0.8495,0.1551,0.1672,-0.019,0.1337,-2.2112,0.3223,0.1147,-1.2257,-0.5486,-1.7743,Quinn Cook
1626192,2021-2023,9940.0,9946.0,-0.7356,-0.0362,0.9141,-0.1602,0.0217,-0.4872,-0.7718,0.7539,-0.4655,0.2001,-0.6836,-0.4834,Pat Connaughton
1626195,2021-2023,4500.0,4523.0,2.2113,0.6422,0.0066,-0.0332,0.3885,-0.9091,2.8535,-0.0266,-0.5206,2.6064,-0.3,2.3063,Willy Hernangomez
1626196,2021-2023,10035.0,10072.0,-0.5938,-0.5716,-0.0709,0.0172,-0.0009,-0.0374,-1.1654,-0.0537,-0.0383,-0.6657,-0.5917,-1.2574,Josh Richardson
1626204,2021-2023,7100.0,7149.0,-0.2607,1.7671,-0.0897,0.011,-0.3304,1.1434,1.5065,-0.0786,0.813,-0.6807,2.9216,2.2408,Larry Nance Jr.
1626208,2021-2023,1143.0,1137.0,-3.8188,-2.4605,0.4417,-0.0144,0.1147,0.0235,-6.2793,0.4273,0.1382,-3.2624,-2.4514,-5.7138,Keifer Sykes
1626220,2021-2023,14259.0,14309.0,-1.8765,0.5065,0.8002,0.1703,0.0952,0.6619,-1.37,0.9705,0.757,-0.9811,1.3387,0.3576,Royce O'Neale
1626224,2021-2023,9090.0,9136.0,-0.7132,-1.336,-0.2368,-0.0075,-0.009,-0.7049,-2.0492,-0.2443,-0.7139,-0.9589,-2.0484,-3.0074,Cedi Osman
1626245,2021-2023,174.0,170.0,-0.1706,0.4127,0.7246,0.0169,-0.0925,0.4256,0.2421,0.7415,0.3331,0.4614,0.8552,1.3166,Cristiano Felicio
1626246,2021-2023,1155.0,1161.0,1.7483,-0.3109,0.0344,-0.8791,-0.1335,1.9245,1.4374,-0.8446,1.791,1.6492,0.7345,2.3837,Boban Marjanovic
1626253,2021-2023,130.0,134.0,-3.5892,1.247,0.1032,0.4463,-0.0193,0.22,-2.3422,0.5495,0.2007,-3.5053,1.9133,-1.592,Axel Toupane
1627732,2021-2023,6171.0,6163.0,-1.045,1.9614,0.0357,-0.1202,0.3748,0.3735,0.9165,-0.0845,0.7483,-0.6345,2.2148,1.5803,Ben Simmons
1627734,2021-2023,14685.0,14640.0,2.8106,1.4507,-0.5317,-0.0972,-0.0849,0.4073,4.2613,-0.6288,0.3225,2.1941,1.7608,3.9549,Domantas Sabonis
1627736,2021-2023,11109.0,11144.0,-0.1697,-1.9879,-0.2206,-0.1809,-0.136,-0.3752,-2.1577,-0.4015,-0.5113,-0.5264,-2.5441,-3.0705,Malik Beasley
1627737,2021-2023,774.0,755.0,-1.9251,0.659,-0.0265,-0.4869,-0.1386,0.0253,-1.2661,-0.5134,-0.1133,-2.0902,0.1974,-1.8928,Marquese Chriss
1627739,2021-2023,2023.0,2021.0,-0.5272,1.6642,-0.0319,0.0526,0.0854,-1.604,1.1371,0.0207,-1.5186,-0.4737,0.1128,-0.3609,Kris Dunn
1627740,2021-2023,81.0,83.0,-2.1665,-1.0734,0.3795,0.1831,-0.0541,0.2702,-3.2398,0.5627,0.2162,-1.841,-0.62,-2.461,Henry Ellenson
1627741,2021-2023,15395.0,15386.0,0.5406,-1.071,0.1084,-0.1164,0.499,-0.696,-0.5304,-0.008,-0.197,1.148,-1.8834,-0.7354,Buddy Hield
1627742,2021-2023,11218.0,11189.0,1.5244,-0.8396,1.1654,0.5009,-0.0233,0.3237,0.6848,1.6663,0.3004,2.6665,-0.0149,2.6515,Brandon Ingram
1627745,2021-2023,4255.0,4250.0,-0.7634,1.7989,-0.4403,-0.1257,-0.5,-1.1457,1.0355,-0.566,-1.6458,-1.7037,0.5275,-1.1762,Damian Jones
1627747,2021-2023,11221.0,11229.0,-0.2696,-0.6279,0.0873,0.1104,0.2282,-0.1482,-0.8975,0.1977,0.08,0.0459,-0.6657,-0.6198,Caris LeVert
1627748,2021-2023,147.0,151.0,0.7231,1.3823,0.2524,0.1115,-0.1114,-0.0351,2.1054,0.3639,-0.1465,0.864,1.4587,2.3227,Thon Maker
1627749,2021-2023,14916.0,14901.0,1.1558,0.9641,0.0114,0.1638,-0.164,-0.0445,2.1199,0.1752,-0.2085,1.0032,1.0834,2.0866,Dejounte Murray
1627750,2021-2023,7735.0,7732.0,2.378,-0.7126,0.0409,-0.0015,-0.1567,-0.0452,1.6654,0.0394,-0.2019,2.2622,-0.7593,1.5029,Jamal Murray
1627751,2021-2023,11715.0,11680.0,0.4048,2.3575,1.0223,0.0981,0.6243,0.1337,2.7623,1.1204,0.7579,2.0514,2.5893,4.6406,Jakob Poeltl
1627752,2021-2023,6959.0,6966.0,-1.6084,-0.4724,0.0362,-0.1369,0.586,-0.2797,-2.0808,-0.1007,0.3063,-0.9862,-0.8889,-1.8751,Taurean Prince
1627756,2021-2023,2570.0,2569.0,-1.8637,-1.0114,0.3274,-0.1214,-0.0409,0.6954,-2.875,0.206,0.6545,-1.5772,-0.4373,-2.0145,Denzel Valentine
1627759,2021-2023,13574.0,13559.0,1.2911,-1.2191,0.2175,0.0273,-0.2498,1.0589,0.072,0.2448,0.8091,1.2587,-0.1329,1.1259,Jaylen Brown
1627760,2021-2023,28.0,27.0,-7.9061,-1.8638,0.9573,0.0293,0.0413,0.0517,-9.7699,0.9866,0.093,-6.9075,-1.7828,-8.6903,Cat Barber
1627761,2021-2023,4104.0,4118.0,-2.4106,1.0359,0.5265,-0.0338,0.1845,-0.0918,-1.3747,0.4928,0.0927,-1.6996,0.9103,-0.7892,DeAndre' Bembry
1627763,2021-2023,10023.0,10041.0,2.1539,-0.4103,-0.7035,0.2507,-0.6558,-0.2678,1.7436,-0.4528,-0.9236,0.7946,-0.4275,0.3671,Malcolm Brogdon
1627767,2021-2023,67.0,73.0,-2.1205,-1.8681,-0.1545,-0.1926,-0.0705,-0.3512,-3.9886,-0.3472,-0.4216,-2.3455,-2.4119,-4.7574,Cheick Diallo
1627774,2021-2023,1829.0,1833.0,-2.689,-0.0706,0.5555,-0.4789,-0.4733,-0.2782,-2.7596,0.0766,-0.7515,-2.6067,-0.8278,-3.4345,Jake Layman
1627775,2021-2023,65.0,64.0,-2.7528,-0.4348,0.3734,0.4527,-0.0136,-0.3277,-3.1876,0.8261,-0.3413,-2.393,-0.3098,-2.7028,Patrick McCaw
1627777,2021-2023,8988.0,8991.0,-0.9539,-1.343,0.0779,0.2456,0.0897,0.8545,-2.2968,0.3235,0.9442,-0.7862,-0.2428,-1.0291,Georges Niang
1627780,2021-2023,3389.0,3406.0,0.9863,2.5336,0.2969,-0.0481,0.3234,-0.1015,3.5198,0.2488,0.2219,1.6066,2.384,3.9905,Gary Payton II
1627782,2021-2023,40.0,40.0,-3.8457,-2.6153,0.3182,0.3107,-0.049,-0.0283,-6.4609,0.6289,-0.0773,-3.5765,-2.3329,-5.9094,Wayne Selden
1627783,2021-2023,14590.0,14550.0,1.4591,0.0196,0.5161,-0.0818,0.4107,0.5329,1.4787,0.4343,0.9436,2.3859,0.4707,2.8566,Pascal Siakam
1627788,2021-2023,5791.0,5815.0,-1.3094,-1.3425,-0.0231,-0.0821,0.1349,0.9787,-2.6519,-0.1053,1.1136,-1.1977,-0.4459,-1.6436,Furkan Korkmaz
1627789,2021-2023,3652.0,3635.0,-2.0797,-1.5411,-0.2543,-0.024,0.326,-0.9791,-3.6207,-0.2782,-0.6531,-2.008,-2.5441,-4.5521,Timothe Luwawu-Cabarrot
1627812,2021-2023,279.0,279.0,-0.5419,0.464,-0.2931,0.5169,-0.0246,-0.0979,-0.078,0.2238,-0.1225,-0.8596,0.883,0.0233,Yogi Ferrell
1627814,2021-2023,7965.0,7938.0,-0.9561,-0.6011,0.3317,-0.2276,-0.0941,0.838,-1.5573,0.1041,0.7439,-0.7185,0.0092,-0.7093,Damion Lee
1627820,2021-2023,152.0,154.0,-6.2723,-1.5652,0.489,-0.2034,0.0868,-0.2176,-7.8375,0.2856,-0.1309,-5.6966,-1.9863,-7.6828,Tyrone Wallace
1627822,2021-2023,85.0,83.0,-1.6641,-2.9463,0.5152,0.2691,0.0065,0.0712,-4.6104,0.7844,0.0777,-1.1424,-2.6059,-3.7483,Petr Cornelie
1627823,2021-2023,4013.0,4032.0,-1.8938,-0.7074,0.597,-0.3248,0.4178,-2.1812,-2.6012,0.2722,-1.7634,-0.879,-3.2134,-4.0924,Juancho Hernangomez
1627826,2021-2023,11321.0,11315.0,0.3875,1.5668,-1.2092,-0.2824,-0.0456,-0.211,1.9543,-1.4916,-0.2566,-0.8673,1.0734,0.2062,Ivica Zubac
1627827,2021-2023,12976.0,12982.0,-0.6813,-0.5042,1.3046,0.3682,0.2358,0.3294,-1.1855,1.6728,0.5652,0.8591,0.1934,1.0525,Dorian Finney-Smith
1627832,2021-2023,13978.0,13929.0,2.4015,0.6255,-0.6838,0.0172,-0.0395,1.0758,3.027,-0.6666,1.0364,1.6782,1.7186,3.3968,Fred VanVleet
1627846,2021-2023,1067.0,1060.0,-3.2002,0.0561,-0.2917,-0.2707,-0.1911,0.824,-3.1442,-0.5624,0.6329,-3.683,0.6093,-3.0737,Abdel Nader
1627853,2021-2023,1431.0,1423.0,-2.8363,-0.6246,-0.2755,-0.0669,-0.2598,0.9209,-3.4609,-0.3424,0.6611,-3.3716,0.2295,-3.1422,Ryan Arcidiacono
1627854,2021-2023,6091.0,6102.0,-0.6715,-2.4588,0.446,-0.0149,-0.0363,0.0354,-3.1302,0.4311,-0.0009,-0.2618,-2.4382,-2.7,Bryn Forbes
1627863,2021-2023,5113.0,5105.0,-2.485,-0.7158,0.0324,-0.0332,-0.0167,-0.7274,-3.2008,-0.0008,-0.7441,-2.4693,-1.4765,-3.9458,Danuel House Jr.
1627884,2021-2023,6380.0,6383.0,-1.3402,0.8376,0.2114,-0.0982,0.1588,0.5922,-0.5026,0.1132,0.751,-0.97,1.3316,0.3616,Derrick Jones Jr.
1627885,2021-2023,1000.0,996.0,-3.1997,1.0454,-0.1591,-0.0128,-0.041,-0.0501,-2.1543,-0.1719,-0.0911,-3.3998,0.9825,-2.4172,Shaquille Harrison
1627936,2021-2023,8041.0,8034.0,-1.3154,1.5702,-0.208,0.5968,0.1416,2.6316,0.2548,0.3889,2.7732,-1.3818,4.7986,3.4168,Alex Caruso
1628021,2021-2023,2714.0,2716.0,-0.7606,1.2391,0.1814,-0.2508,-0.0725,-0.2881,0.4785,-0.0695,-0.3606,-0.6517,0.7002,0.0484,David Nwaba
1628035,2021-2023,952.0,950.0,-1.672,-2.0443,-0.395,-0.253,0.1474,-0.1352,-3.7163,-0.6479,0.0121,-1.9196,-2.4325,-4.3521,Alfonzo McKinnie
1628221,2021-2023,164.0,166.0,-1.2181,-0.1571,-0.2993,0.0451,0.091,-0.147,-1.3751,-0.2542,-0.0559,-1.4263,-0.2589,-1.6852,Gabe York
1628238,2021-2023,18.0,18.0,-5.4371,-2.3002,0.5976,0.0207,0.0038,0.0547,-7.7373,0.6184,0.0585,-4.8357,-2.2247,-7.0604,Paris Bass
1628365,2021-2023,4904.0,4894.0,-0.0743,0.2116,0.1289,-0.1241,0.0637,0.1351,0.1373,0.0047,0.1988,0.1183,0.2226,0.3409,Markelle Fultz
1628366,2021-2023,6099.0,6114.0,0.595,0.8699,-0.8217,0.2005,-0.233,-0.3042,1.4649,-0.6212,-0.5372,-0.4596,0.7661,0.3065,Lonzo Ball
1628367,2021-2023,4909.0,4928.0,-2.7908,-1.0439,-0.6507,0.0055,-0.0608,0.6047,-3.8347,-0.6452,0.5439,-3.5023,-0.4337,-3.936,Josh Jackson
1628368,2021-2023,13766.0,13738.0,1.6321,-0.6307,0.6476,-0.259,0.3797,-1.8152,1.0015,0.3886,-1.4355,2.6595,-2.7049,-0.0454,De'Aaron Fox
1628369,2021-2023,15766.0,15763.0,3.6501,0.1197,0.8438,0.4837,0.6545,0.4502,3.7698,1.3274,1.1046,5.1483,1.0536,6.2019,Jayson Tatum
1628370,2021-2023,9907.0,9902.0,0.7018,-1.2283,-0.6279,-0.0217,-0.0288,0.0213,-0.5265,-0.6496,-0.0075,0.0451,-1.2287,-1.1836,Malik Monk
1628371,2021-2023,251.0,256.0,0.0178,1.3337,0.1747,-0.3169,-0.0364,0.0853,1.3516,-0.1422,0.049,0.1561,1.1022,1.2583,Jonathan Isaac
1628372,2021-2023,5053.0,5084.0,-1.6201,1.1697,-0.4732,0.3943,-0.5727,1.4289,-0.4504,-0.0789,0.8561,-2.666,2.9929,0.3269,Dennis Smith Jr.
1628373,2021-2023,3286.0,3289.0,-3.2265,-0.7078,-0.1192,0.2646,0.0778,1.5107,-3.9343,0.1454,1.5885,-3.2679,1.0675,-2.2004,Frank Ntilikina
1628374,2021-2023,11193.0,11180.0,2.1812,-0.2904,-0.1813,-0.1179,0.0879,0.5171,1.8907,-0.2991,0.605,2.0878,0.1088,2.1966,Lauri Markkanen
1628378,2021-2023,13070.0,13051.0,4.2528,-1.1834,0.6616,-0.0548,0.0767,-0.0459,3.0693,0.6068,0.0308,4.9911,-1.2841,3.707,Donovan Mitchell
1628379,2021-2023,9074.0,9059.0,-0.0454,-0.8532,0.0144,-0.0223,0.7975,-0.2359,-0.8986,-0.0079,0.5616,0.7665,-1.1114,-0.3449,Luke Kennard
1628380,2021-2023,4123.0,4128.0,0.0924,0.7388,-0.7925,0.196,0.4167,0.7721,0.8312,-0.5966,1.1887,-0.2835,1.7068,1.4233,Zach Collins
1628381,2021-2023,11614.0,11569.0,0.0975,1.1344,-0.9599,-0.2154,-0.098,0.1783,1.2319,-1.1753,0.0803,-0.9604,1.0973,0.1369,John Collins
1628382,2021-2023,1520.0,1511.0,-1.9476,-1.6997,0.046,-0.0928,-0.3559,0.048,-3.6473,-0.0468,-0.308,-2.2575,-1.7446,-4.002,Justin Jackson
1628383,2021-2023,516.0,523.0,-2.4744,1.8096,0.5584,-0.0801,-0.2221,-0.4788,-0.6648,0.4783,-0.7009,-2.138,1.2507,-0.8873,Justin Patton
1628384,2021-2023,11215.0,11180.0,0.0822,0.0764,-0.1113,0.2373,0.0166,1.3627,0.1586,0.126,1.3793,-0.0125,1.6763,1.6639,OG Anunoby
1628385,2021-2023,731.0,738.0,-2.7121,1.4974,-0.4061,0.2489,-0.1233,0.1418,-1.2146,-0.1572,0.0186,-3.2414,1.8882,-1.3532,Harry Giles III
1628386,2021-2023,11797.0,11776.0,1.3922,2.0386,-0.9244,0.1211,0.1345,1.1055,3.4308,-0.8034,1.2399,0.6022,3.2652,3.8674,Jarrett Allen
1628388,2021-2023,86.0,81.0,-5.1785,-1.1109,-0.1892,-0.2855,-0.0323,0.0261,-6.2893,-0.4747,-0.0062,-5.4,-1.3702,-6.7703,T.J. Leaf
1628389,2021-2023,13097.0,13023.0,1.5984,1.612,-0.3323,0.5922,-0.3357,1.4421,3.2104,0.2599,1.1064,0.9305,3.6463,4.5768,Bam Adebayo
1628390,2021-2023,108.0,103.0,-7.6241,-3.3927,0.0689,0.4417,-0.0288,0.0718,-11.0168,0.5106,0.043,-7.584,-2.8793,-10.4633,Terrance Ferguson
1628391,2021-2023,1030.0,1015.0,-1.8914,0.9536,0.4548,-0.5801,-0.2923,0.2021,-0.9379,-0.1253,-0.0902,-1.7289,0.5755,-1.1534,D.J. Wilson
1628392,2021-2023,6928.0,6941.0,0.1679,2.7313,0.7842,-0.0294,0.5515,0.1047,2.8991,0.7548,0.6563,1.5036,2.8066,4.3102,Isaiah Hartenstein
1628394,2021-2023,13.0,13.0,-10.4054,-9.0128,2.852,-0.0559,-0.015,-0.0745,-19.4182,2.7961,-0.0895,-7.5684,-9.1432,-16.7117,Anžejs Pasečņiks
1628395,2021-2023,171.0,172.0,-3.7524,1.2281,-0.1103,0.2265,-0.0386,-0.255,-2.5243,0.1162,-0.2936,-3.9013,1.1996,-2.7017,Jordan Bell
1628396,2021-2023,2629.0,2637.0,-0.0333,1.8585,-0.4898,-0.1321,0.4923,-0.2489,1.8252,-0.622,0.2434,-0.0309,1.4775,1.4466,Tony Bradley
1628398,2021-2023,13070.0,13079.0,-1.2458,-1.1974,-0.7905,0.1407,-0.4755,0.772,-2.4432,-0.6498,0.2965,-2.5118,-0.2847,-2.7965,Kyle Kuzma
1628400,2021-2023,2742.0,2748.0,-2.3602,-1.7114,-0.2144,0.4574,-0.3461,0.3275,-4.0715,0.243,-0.0186,-2.9207,-0.9264,-3.8472,Semi Ojeleye
1628401,2021-2023,11387.0,11395.0,0.7374,0.8068,0.2012,0.5758,0.2408,2.2973,1.5442,0.7771,2.5381,1.1794,3.6799,4.8593,Derrick White
1628402,2021-2023,3931.0,3934.0,-0.7365,-2.3643,-0.3516,0.2013,-0.1517,0.7668,-3.1008,-0.1503,0.6151,-1.2398,-1.3962,-2.636,Frank Jackson
1628404,2021-2023,11456.0,11477.0,-0.1394,0.8443,0.5404,-0.3567,0.6684,-0.1268,0.7049,0.1837,0.5416,1.0694,0.3608,1.4303,Josh Hart
1628407,2021-2023,3784.0,3806.0,-2.6193,-1.9034,-0.0313,-0.2052,-0.3541,0.2605,-4.5227,-0.2365,-0.0936,-3.0047,-1.8481,-4.8528,Dwayne Bacon
1628408,2021-2023,3065.0,3056.0,-2.8063,-0.3374,0.3852,0.15,-0.032,2.0982,-3.1438,0.5353,2.0662,-2.4531,1.9108,-0.5423,PJ Dozier
1628410,2021-2023,3391.0,3402.0,-0.7041,-0.591,-0.2606,-0.2588,0.3602,-0.2529,-1.2951,-0.5194,0.1074,-0.6044,-1.1027,-1.7071,Edmond Sumner
1628411,2021-2023,1289.0,1305.0,-4.7267,-1.2362,-0.1203,-0.1785,-0.0699,-0.0533,-5.9629,-0.2987,-0.1232,-4.9169,-1.468,-6.3848,Wes Iwundu
1628412,2021-2023,159.0,160.0,-2.3613,-0.7474,-0.0458,0.3324,-0.0943,0.0595,-3.1088,0.2866,-0.0348,-2.5015,-0.3555,-2.857,Frank Mason III
1628414,2021-2023,445.0,444.0,-3.9957,-0.6667,0.1442,0.4827,0.0026,0.4158,-4.6623,0.6269,0.4184,-3.8489,0.2319,-3.617,Sindarius Thornwell
1628415,2021-2023,10658.0,10588.0,-1.5191,-1.9951,0.931,0.639,0.0608,2.8245,-3.5142,1.57,2.8852,-0.5274,1.4684,0.941,Dillon Brooks
1628416,2021-2023,16.0,16.0,-1.6065,-3.7181,-0.8408,-0.5197,-0.012,0.0993,-5.3246,-1.3605,0.0872,-2.4594,-4.1385,-6.5978,Tyler Dorsey
1628418,2021-2023,3725.0,3733.0,0.7683,1.282,-1.6364,-0.2768,-0.1278,-1.1229,2.0503,-1.9133,-1.2507,-0.9959,-0.1178,-1.1136,Thomas Bryant
1628419,2021-2023,271.0,274.0,-0.3156,1.2266,0.2715,0.0547,0.0621,-0.3139,0.9109,0.3262,-0.2518,0.0179,0.9674,0.9854,Cameron Oliver
1628420,2021-2023,10405.0,10384.0,0.3634,0.0466,0.2948,-0.1275,0.4304,-0.3515,0.41,0.1673,0.0789,1.0886,-0.4324,0.6562,Monte Morris
1628422,2021-2023,1873.0,1899.0,-3.0457,-1.9912,0.1937,-0.265,-0.6762,-0.0155,-5.0369,-0.0713,-0.6916,-3.5281,-2.2717,-5.7998,Damyean Dotson
1628424,2021-2023,60.0,60.0,-1.8275,0.1189,0.2174,0.8683,-0.0735,-0.1008,-1.7086,1.0858,-0.1743,-1.6835,0.8864,-0.7971,Kobi Simmons
1628425,2021-2023,3899.0,3910.0,-1.8213,-0.1546,1.2869,-0.0815,-0.2975,1.2018,-1.9759,1.2054,0.9043,-0.8319,0.9656,0.1337,Sterling Brown
1628427,2021-2023,2795.0,2785.0,-1.5551,-0.2694,0.5019,0.0885,-0.436,-0.4363,-1.8245,0.5904,-0.8723,-1.4892,-0.6173,-2.1065,Vlatko Čančar
1628432,2021-2023,2080.0,2087.0,-2.2799,0.426,0.3116,-0.102,-0.0624,-0.1589,-1.8539,0.2096,-0.2213,-2.0307,0.1652,-1.8656,Davon Reed
1628435,2021-2023,43.0,43.0,-2.0125,-0.9881,0.6737,-0.1044,-0.0319,-0.49,-3.0006,0.5693,-0.5218,-1.3706,-1.5825,-2.9531,Chance Comanche
1628436,2021-2023,2594.0,2604.0,-0.3674,2.3011,0.2007,0.4379,-0.0027,0.3603,1.9337,0.6386,0.3576,-0.1694,3.0994,2.93,Luke Kornet
1628449,2021-2023,9455.0,9423.0,1.7262,2.2124,0.1263,-0.5316,-0.1245,-0.2379,3.9386,-0.4053,-0.3624,1.7279,1.4429,3.1709,Chris Boucher
1628455,2021-2023,484.0,482.0,-1.1179,-0.879,-0.4552,-0.0831,0.1187,-0.0594,-1.9969,-0.5383,0.0592,-1.4544,-1.0215,-2.4759,Mike James
1628464,2021-2023,5472.0,5516.0,-1.231,0.8633,0.3214,-0.1253,-0.2708,1.3179,-0.3677,0.1961,1.047,-1.1805,2.0559,0.8755,Daniel Theis
1628467,2021-2023,7478.0,7474.0,-2.1284,0.8328,-0.0325,0.3115,-0.2923,1.2268,-1.2955,0.279,0.9345,-2.4532,2.3712,-0.082,Maxi Kleber
1628470,2021-2023,8847.0,8882.0,-1.1456,0.3926,0.7709,-0.0412,-0.2774,-2.5619,-0.753,0.7297,-2.8394,-0.6521,-2.2105,-2.8626,Torrey Craig
1628476,2021-2023,230.0,229.0,-4.1877,-0.3877,0.066,0.4604,-0.0305,0.4082,-4.5753,0.5264,0.3778,-4.1521,0.481,-3.6711,Derrick Walton Jr.
1628537,2021-2023,35.0,32.0,-8.2519,-2.1855,0.356,0.3858,0.0181,0.0037,-10.4374,0.7418,0.0218,-7.8778,-1.7961,-9.6739,Jaylen Morris
1628539,2021-2023,2149.0,2154.0,-1.8744,-1.8298,-0.0895,-0.1694,0.2045,-0.5433,-3.7042,-0.2589,-0.3389,-1.7595,-2.5425,-4.302,Mychal Mulder
1628578,2021-2023,66.0,66.0,-3.9902,0.9247,0.2711,0.2698,0.0489,0.2454,-3.0655,0.5409,0.2943,-3.6702,1.4399,-2.2303,Amida Brimah
1628591,2021-2023,35.0,34.0,-5.3581,-0.64,0.1113,-0.0501,0.0085,0.1141,-5.9981,0.0612,0.1226,-5.2383,-0.576,-5.8143,Craig Sword
1628778,2021-2023,940.0,941.0,-2.5101,-0.3507,0.831,0.0831,-0.0415,-0.8667,-2.8608,0.9141,-0.9082,-1.7206,-1.1343,-2.8549,Paul Watson
1628960,2021-2023,10453.0,10487.0,0.2121,-0.6219,-0.773,0.0948,-0.4583,0.4956,-0.4099,-0.6782,0.0373,-1.0192,-0.0315,-1.0507,Grayson Allen
1628961,2021-2023,129.0,124.0,-6.6108,-1.4368,-0.3517,-0.5351,0.047,0.4049,-8.0476,-0.8867,0.4519,-6.9155,-1.5669,-8.4824,Kostas Antetokounmpo
1628962,2021-2023,1288.0,1294.0,-1.9946,1.8884,-1.4297,-0.3008,-0.2559,-0.2781,-0.1062,-1.7305,-0.534,-3.6802,1.3095,-2.3707,Udoka Azubuike
1628963,2021-2023,6614.0,6616.0,-0.3042,-0.8247,-0.6443,-0.1878,0.2031,0.3259,-1.1289,-0.8321,0.529,-0.7453,-0.6866,-1.4319,Marvin Bagley III
1628964,2021-2023,6781.0,6785.0,-0.2702,2.7756,-0.158,-0.5794,-0.2158,-0.873,2.5055,-0.7373,-1.0889,-0.6439,1.3232,0.6793,Mo Bamba
1628966,2021-2023,5538.0,5556.0,-0.6786,-0.1449,-0.2117,0.0009,-0.2472,0.355,-0.8234,-0.2108,0.1079,-1.1375,0.2111,-0.9264,Keita Bates-Diop
1628968,2021-2023,31.0,32.0,-9.6207,-6.7923,2.0293,-0.0205,-0.0194,0.0497,-16.413,2.0088,0.0303,-7.6108,-6.7631,-14.3739,Brian Bowen II
1628969,2021-2023,16603.0,16597.0,0.8326,0.4107,0.714,-0.0496,0.4907,0.6664,1.2433,0.6643,1.1571,2.0373,1.0274,3.0647,Mikal Bridges
1628970,2021-2023,9871.0,9849.0,0.5683,0.5023,0.3088,0.1782,0.6158,0.5614,1.0706,0.487,1.1772,1.4929,1.2419,2.7348,Miles Bridges
1628971,2021-2023,11233.0,11241.0,-0.4977,1.1538,-0.1044,0.0731,0.2032,-1.1829,0.6561,-0.0312,-0.9798,-0.3989,0.044,-0.3549,Bruce Brown
1628972,2021-2023,7116.0,7138.0,-2.0045,-0.4256,0.911,0.0366,0.0825,-0.5428,-2.4301,0.9476,-0.4603,-1.011,-0.9318,-1.9428,Troy Brown Jr.
1628973,2021-2023,13134.0,13117.0,1.8102,-0.548,0.1511,0.0465,0.6024,-0.5828,1.2623,0.1976,0.0196,2.5637,-1.0842,1.4795,Jalen Brunson
1628975,2021-2023,7113.0,7117.0,-1.2412,-0.1088,0.0564,0.0278,-0.1307,0.6121,-1.35,0.0842,0.4814,-1.3155,0.5311,-0.7844,Jevon Carter
1628976,2021-2023,10086.0,10092.0,0.41,0.6657,-1.335,0.3838,-0.1869,1.8003,1.0757,-0.9512,1.6134,-1.1118,2.8498,1.7379,Wendell Carter Jr.
1628977,2021-2023,7232.0,7234.0,-1.7378,0.0596,-0.266,-0.1079,-0.293,1.0344,-1.6783,-0.374,0.7415,-2.2968,0.986,-1.3108,Hamidou Diallo
1628978,2021-2023,10003.0,10017.0,0.0292,-0.1673,-0.3598,-0.1479,0.0292,0.0014,-0.1381,-0.5077,0.0306,-0.3014,-0.3138,-0.6152,Donte DiVincenzo
1628981,2021-2023,1630.0,1624.0,-2.0861,1.5359,-0.6167,-0.2738,-0.1627,0.0721,-0.5502,-0.8904,-0.0906,-2.8655,1.3342,-1.5313,Bruno Fernando
1628982,2021-2023,243.0,245.0,-6.0452,-4.1007,0.7857,-0.1163,-0.1028,-0.6765,-10.1459,0.6694,-0.7793,-5.3623,-4.8935,-10.2558,Melvin Frazier Jr.
1628983,2021-2023,11694.0,11673.0,3.8094,0.7952,0.4271,-0.1156,0.2811,-1.115,4.6045,0.3115,-0.8339,4.5176,-0.4355,4.0821,Shai Gilgeous-Alexander
1628984,2021-2023,10511.0,10494.0,1.146,-1.0965,-2.1063,0.2324,-0.1351,0.4517,0.0495,-1.8739,0.3166,-1.0953,-0.4125,-1.5078,Devonte' Graham
1628988,2021-2023,6332.0,6349.0,-1.8214,-0.8098,-0.0311,-0.3363,0.1633,0.426,-2.6312,-0.3673,0.5893,-1.6892,-0.7201,-2.4093,Aaron Holiday
1628989,2021-2023,13342.0,13326.0,-0.2901,-0.4693,0.7921,0.0393,0.5692,0.6484,-0.7593,0.8314,1.2177,1.0712,0.2184,1.2897,Kevin Huerter
1628990,2021-2023,803.0,813.0,-5.0855,-0.5227,0.2496,-0.7908,0.1613,-0.3438,-5.6082,-0.5412,-0.1825,-4.6746,-1.6573,-6.3319,Chandler Hutchison
1628991,2021-2023,8708.0,8664.0,0.1375,3.494,1.5079,-0.1032,0.0723,0.5467,3.6315,1.4047,0.6191,1.7177,3.9375,5.6552,Jaren Jackson Jr.
1628993,2021-2023,785.0,791.0,0.6675,-0.0332,-0.2157,-0.5222,0.0206,-0.383,0.6344,-0.7379,-0.3625,0.4724,-0.9384,-0.466,Alize Johnson
1628994,2021-2023,41.0,42.0,-6.0596,-2.9902,0.2231,-0.0154,0.0064,-0.205,-9.0498,0.2078,-0.1986,-5.8301,-3.2105,-9.0406,George King
1628995,2021-2023,3435.0,3433.0,-1.8542,-1.4189,0.1065,-0.159,-0.7442,-0.7943,-3.2731,-0.0525,-1.5386,-2.492,-2.3722,-4.8642,Kevin Knox II
1628997,2021-2023,8587.0,8606.0,-1.1608,0.0544,0.4516,-0.023,-0.0034,0.4215,-1.1064,0.4286,0.4181,-0.7126,0.4529,-0.2597,Caleb Martin
1628998,2021-2023,5856.0,5860.0,-1.1801,0.5881,0.9197,0.16,0.6401,-0.7835,-0.592,1.0797,-0.1434,0.3797,-0.0354,0.3443,Cody Martin
1629001,2021-2023,10037.0,10059.0,-0.0018,1.1832,-0.2798,0.1288,-0.0779,0.0224,1.1814,-0.151,-0.0555,-0.3595,1.3344,0.9749,De'Anthony Melton
1629002,2021-2023,5158.0,5171.0,-1.4242,1.3113,-0.0905,-0.6475,0.0362,-0.305,-0.113,-0.7379,-0.2688,-1.4785,0.3588,-1.1197,Chimezie Metu
1629003,2021-2023,8656.0,8654.0,-0.8494,-1.1958,0.0642,0.1011,0.397,-0.011,-2.0452,0.1653,0.3861,-0.3881,-1.1057,-1.4938,Shake Milton
1629004,2021-2023,5212.0,5206.0,-1.3886,-1.6299,-0.7901,-0.1073,0.0838,-0.0334,-3.0185,-0.8974,0.0504,-2.0949,-1.7707,-3.8655,Svi Mykhailiuk
1629005,2021-2023,12.0,11.0,-4.3075,-1.0433,0.0578,-0.1246,-0.011,0.0071,-5.3508,-0.0668,-0.0039,-4.2607,-1.1608,-5.4216,Malik Newman
1629006,2021-2023,6400.0,6405.0,-1.1383,-0.2013,0.3608,0.852,-0.1018,1.3679,-1.3395,1.2128,1.2661,-0.8792,2.0186,1.1394,Josh Okogie
1629007,2021-2023,111.0,113.0,-3.8053,-1.8199,-0.8463,-0.3645,-0.0514,0.1846,-5.6252,-1.2109,0.1333,-4.703,-1.9997,-6.7028,Jontay Porter
1629008,2021-2023,8100.0,8079.0,1.447,0.0145,0.7756,0.1286,0.2072,0.3927,1.4615,0.9042,0.5998,2.4297,0.5358,2.9655,Michael Porter Jr.
1629010,2021-2023,653.0,648.0,-5.202,-1.3638,0.0208,-0.0212,-0.0851,-0.359,-6.5658,-0.0004,-0.4441,-5.2663,-1.744,-7.0102,Jerome Robinson
1629011,2021-2023,8491.0,8475.0,0.9825,3.1799,0.2274,-0.2462,0.0427,0.4073,4.1623,-0.0189,0.4499,1.2525,3.3409,4.5934,Mitchell Robinson
1629012,2021-2023,7333.0,7333.0,0.9622,-2.4153,-0.9104,-0.7978,-0.9397,-0.8338,-1.4531,-1.7083,-1.7734,-0.8879,-4.0469,-4.9348,Collin Sexton
1629013,2021-2023,7555.0,7578.0,-0.7389,-1.6599,-0.0354,0.3394,0.1771,1.3907,-2.3988,0.304,1.5678,-0.5972,0.0702,-0.527,Landry Shamet
1629014,2021-2023,10036.0,10027.0,0.9195,-2.1453,-0.1567,0.3364,0.4417,-0.1172,-1.2258,0.1797,0.3245,1.2045,-1.9261,-0.7215,Anfernee Simons
1629017,2021-2023,334.0,333.0,1.6696,1.383,0.1642,0.376,0.2239,-0.2948,3.0526,0.5402,-0.0709,2.0577,1.4643,3.522,Khyri Thomas
1629018,2021-2023,12973.0,12979.0,0.2185,-1.0649,-0.8137,-0.7277,-0.1287,-0.8346,-0.8464,-1.5414,-0.9633,-0.7238,-2.6272,-3.351,Gary Trent Jr.
1629020,2021-2023,10155.0,10191.0,-0.056,2.0812,0.1255,-0.0707,0.2861,-0.7625,2.0252,0.0548,-0.4764,0.3557,1.248,1.6037,Jarred Vanderbilt
1629021,2021-2023,5870.0,5881.0,1.0871,0.243,-0.6314,-0.0977,-0.1394,0.0367,1.3302,-0.729,-0.1026,0.3164,0.1821,0.4985,Moritz Wagner
1629022,2021-2023,9197.0,9256.0,-1.5253,-1.8125,-0.3462,-0.3673,-0.1962,-1.2419,-3.3379,-0.7135,-1.4381,-2.0677,-3.4218,-5.4895,Lonnie Walker IV
1629023,2021-2023,12676.0,12648.0,-1.2431,0.5149,0.1632,0.1377,0.2131,0.0284,-0.7282,0.3009,0.2415,-0.8667,0.6809,-0.1858,P.J. Washington
1629026,2021-2023,7724.0,7675.0,-0.3757,-0.0042,0.5689,0.1853,0.2181,2.3973,-0.3799,0.7542,2.6154,0.4112,2.5785,2.9897,Kenrich Williams
1629027,2021-2023,15348.0,15273.0,5.5749,-1.3268,0.4975,-1.2417,0.1401,-1.0125,4.2481,-0.7441,-0.8724,6.2125,-3.581,2.6316,Trae Young
1629028,2021-2023,11876.0,11827.0,0.9223,1.331,-1.267,-0.1982,-0.1754,-0.7708,2.2533,-1.4651,-0.9463,-0.5201,0.362,-0.1581,Deandre Ayton
1629029,2021-2023,14010.0,13964.0,4.519,0.5747,0.3749,-0.8223,0.0451,-1.2622,5.0938,-0.4474,-1.2171,4.939,-1.5097,3.4293,Luka Dončić
1629033,2021-2023,1076.0,1080.0,-1.627,-0.3856,-0.126,0.1913,-0.141,-0.3363,-2.0126,0.0652,-0.4773,-1.894,-0.5307,-2.4247,Theo Pinson
1629034,2021-2023,44.0,44.0,-5.8442,-1.8491,-0.0516,0.054,-0.0216,-0.0015,-7.6933,0.0024,-0.0231,-5.9175,-1.7966,-7.714,Ray Spalding
1629035,2021-2023,733.0,736.0,-2.1427,-2.0744,0.5152,-0.128,-0.0257,-0.0962,-4.2172,0.3873,-0.1219,-1.6532,-2.2985,-3.9518,Carsen Edwards
1629048,2021-2023,3625.0,3632.0,0.2069,2.2462,0.5212,0.0393,0.1753,-0.5746,2.453,0.5605,-0.3993,0.9033,1.7109,2.6142,Goga Bitadze
1629052,2021-2023,6616.0,6637.0,-0.6606,-0.3044,1.0709,-0.2833,0.542,-1.2156,-0.965,0.7877,-0.6736,0.9523,-1.8033,-0.851,Oshae Brissett
1629056,2021-2023,5155.0,5164.0,-0.4651,-0.4068,0.4096,-0.1367,0.0643,0.6385,-0.8719,0.2729,0.7028,0.0088,0.0949,0.1037,Terence Davis
1629057,2021-2023,7265.0,7259.0,2.1023,4.8635,-0.4796,-0.1094,-0.3715,-0.0813,6.9657,-0.5891,-0.4529,1.2511,4.6727,5.9238,Robert Williams III
1629060,2021-2023,8868.0,8907.0,-1.9728,-1.1897,0.0796,-0.1868,0.1164,1.2065,-3.1625,-0.1071,1.3229,-1.7768,-0.1699,-1.9467,Rui Hachimura
1629066,2021-2023,279.0,282.0,-4.2019,-0.3262,-0.2882,0.0673,0.0536,0.2645,-4.5282,-0.2209,0.3181,-4.4366,0.0056,-4.431,Rodions Kurucs
1629067,2021-2023,1064.0,1069.0,-4.6753,-0.7802,-0.0602,0.647,-0.2347,1.0254,-5.4556,0.5868,0.7907,-4.9702,0.8921,-4.0781,Isaac Bonga
1629076,2021-2023,1300.0,1294.0,-2.1783,-0.6939,-0.4691,-0.5411,0.1818,-0.5108,-2.8722,-1.0101,-0.329,-2.4656,-1.7457,-4.2113,Tyler Cook
1629083,2021-2023,11.0,12.0,-7.1255,-1.8381,0.7647,0.9118,-0.0265,-0.0874,-8.9636,1.6766,-0.1139,-6.3873,-1.0137,-7.401,Arnoldas Kulboka
1629091,2021-2023,70.0,69.0,-3.2072,-1.8801,-0.1554,0.2301,0.0674,0.0879,-5.0873,0.0747,0.1553,-3.2951,-1.5621,-4.8572,Elijah Bryant
1629103,2021-2023,1579.0,1581.0,-1.9676,-0.7058,0.6256,0.0004,-0.001,0.6152,-2.6734,0.626,0.6142,-1.343,-0.0902,-1.4332,Kelan Martin
1629109,2021-2023,2116.0,2142.0,-2.2659,-0.8306,1.5092,0.1335,-0.1586,-0.3905,-3.0966,1.6427,-0.5491,-0.9153,-1.0876,-2.003,Gary Clark
1629111,2021-2023,3272.0,3278.0,1.2368,-0.7496,-0.2036,0.5065,-0.0187,1.249,0.4872,0.3028,1.2302,1.0144,1.0058,2.0203,Jock Landale
1629117,2021-2023,3386.0,3410.0,-1.2226,0.0254,-0.112,0.3797,0.6792,0.0551,-1.1972,0.2677,0.7343,-0.6554,0.4603,-0.1952,Wenyen Gabriel
1629121,2021-2023,43.0,40.0,-6.7253,-2.3529,0.4673,0.3185,-0.051,0.0568,-9.0783,0.7859,0.0058,-6.309,-1.9776,-8.2865,Jaylen Adams
1629126,2021-2023,15.0,15.0,-5.8061,-4.8707,0.3048,-0.4949,0.0462,-0.0604,-10.6768,-0.1901,-0.0143,-5.4551,-5.426,-10.8812,Deonte Burton
1629130,2021-2023,9941.0,9891.0,-0.5258,-1.468,-0.6476,0.5079,0.1158,0.6641,-1.9938,-0.1396,0.7799,-1.0576,-0.296,-1.3535,Duncan Robinson
1629134,2021-2023,5318.0,5351.0,-0.523,-1.4216,-0.0936,-0.0618,0.1146,-0.2312,-1.9446,-0.1554,-0.1165,-0.502,-1.7146,-2.2166,Kendrick Nunn
1629139,2021-2023,4353.0,4363.0,-1.4637,0.5635,0.4135,-0.0411,-0.1933,-1.0724,-0.9001,0.3724,-1.2658,-1.2435,-0.55,-1.7935,Yuta Watanabe
1629150,2021-2023,40.0,38.0,-2.3183,-3.754,1.1148,0.3237,-0.0954,0.016,-6.0722,1.4385,-0.0795,-1.2989,-3.4143,-4.7132,Emanuel Terry
1629162,2021-2023,5402.0,5418.0,-0.3607,0.9804,-1.2322,0.0379,0.0682,0.5326,0.6197,-1.1944,0.6007,-1.5248,1.5508,0.0261,Jordan McLaughlin
1629164,2021-2023,2222.0,2232.0,-1.9389,-1.254,-0.2057,0.1445,-0.0726,-0.7183,-3.193,-0.0612,-0.7909,-2.2172,-1.8278,-4.045,Brandon Goodwin
1629168,2021-2023,131.0,127.0,-2.1044,-1.5257,0.0384,0.2168,0.0239,-0.1609,-3.6301,0.2552,-0.137,-2.0421,-1.4698,-3.5119,BJ Johnson
1629185,2021-2023,1220.0,1209.0,-2.4642,-1.0935,-0.3818,0.3515,-0.0763,0.2099,-3.5577,-0.0302,0.1336,-2.9222,-0.532,-3.4543,Chris Chiozza
1629203,2021-2023,31.0,31.0,-4.9263,-1.3128,0.9769,0.3491,-0.0388,-0.1436,-6.2391,1.3261,-0.1824,-3.9881,-1.1073,-5.0955,Jemerrio Jones
1629216,2021-2023,8001.0,7959.0,-1.4218,-1.5001,0.3369,0.3145,0.1161,0.5949,-2.9219,0.6515,0.7109,-0.9688,-0.5908,-1.5595,Gabe Vincent
1629234,2021-2023,7357.0,7414.0,-0.4622,2.255,-0.4739,-0.2156,-0.3545,-1.4504,1.7928,-0.6894,-1.8048,-1.2905,0.589,-0.7015,Drew Eubanks
1629244,2021-2023,87.0,87.0,-4.1811,-3.0778,1.042,0.2922,-0.1246,-0.0075,-7.2588,1.3342,-0.1321,-3.2636,-2.7932,-6.0568,Cam Reynolds
1629308,2021-2023,5829.0,5865.0,-2.4155,1.0608,0.6292,-0.1724,0.0794,0.5132,-1.3546,0.4568,0.5926,-1.7068,1.4016,-0.3052,Juan Toscano-Anderson
1629309,2021-2023,32.0,35.0,-7.6802,-1.5248,0.0991,0.338,-0.0281,0.0078,-9.205,0.437,-0.0203,-7.6093,-1.179,-8.7883,Trayvon Palmer
1629312,2021-2023,2284.0,2308.0,-3.094,-0.8616,0.3992,0.0686,-0.3323,0.3158,-3.9556,0.4678,-0.0165,-3.0271,-0.4772,-3.5043,Haywood Highsmith
1629346,2021-2023,180.0,185.0,-3.6169,0.0387,0.105,-0.0856,-0.0415,-0.2292,-3.5783,0.0193,-0.2707,-3.5534,-0.2762,-3.8296,Alen Smailagic
1629597,2021-2023,12.0,11.0,-7.9297,-2.4879,1.114,0.8394,-0.0662,-0.0588,-10.4175,1.9534,-0.125,-6.8819,-1.7073,-8.5892,Zylan Cheatham
1629599,2021-2023,5292.0,5320.0,-1.1636,-1.0553,-0.2504,-0.0197,-0.0948,-0.0736,-2.2189,-0.2701,-0.1684,-1.5088,-1.1486,-2.6574,Amir Coffey
1629600,2021-2023,26.0,25.0,-5.5211,-1.0078,1.0919,0.0584,0.0471,-0.0312,-6.5289,1.1503,0.0159,-4.3822,-0.9805,-5.3627,Jarron Cumberland
1629602,2021-2023,6.0,7.0,-6.6069,-1.0209,0.4507,0.4868,0.036,0.0134,-7.6278,0.9375,0.0494,-6.1202,-0.5207,-6.6409,Javin DeLaurier
1629603,2021-2023,1014.0,1012.0,-3.2166,1.2376,0.1358,0.0568,-0.0087,1.2218,-1.979,0.1926,1.213,-3.0896,2.5162,-0.5734,Mamadi Diakite
1629604,2021-2023,2830.0,2830.0,-2.5661,-0.841,1.0015,-0.0519,-0.1405,-1.2898,-3.4071,0.9496,-1.4302,-1.7051,-2.1827,-3.8878,CJ Elleby
1629605,2021-2023,402.0,397.0,-3.3588,4.8523,0.2624,-0.0883,0.2664,-0.0917,1.4936,0.174,0.1747,-2.83,4.6723,1.8424,Tacko Fall
1629606,2021-2023,212.0,208.0,0.3588,0.3652,0.0953,0.1569,-0.0036,-0.5712,0.724,0.2521,-0.5748,0.4505,-0.0491,0.4014,Robert Franks
1629607,2021-2023,120.0,121.0,1.687,-0.8604,0.081,0.2488,0.0581,-0.2936,0.8266,0.3299,-0.2356,1.8261,-0.9052,0.9209,Jared Harper
1629610,2021-2023,1073.0,1072.0,-3.1373,-0.5828,1.0418,0.1381,-0.016,-0.2684,-3.7201,1.1799,-0.2843,-2.1115,-0.713,-2.8245,DaQuan Jeffries
1629611,2021-2023,11075.0,11072.0,-0.5236,-0.3054,0.3348,0.2199,0.4821,1.0382,-0.829,0.5547,1.5203,0.2934,0.9527,1.246,Terance Mann
1629614,2021-2023,4372.0,4360.0,-1.8309,-0.926,-0.5571,-0.1099,0.2695,-0.7662,-2.7569,-0.6669,-0.4967,-2.1185,-1.8021,-3.9206,Andrew Nembhard
1629617,2021-2023,811.0,818.0,-1.6213,-0.1244,-0.3394,0.1457,0.0153,-0.4554,-1.7457,-0.1937,-0.4402,-1.9455,-0.4341,-2.3796,Reggie Perry
1629619,2021-2023,107.0,110.0,-5.0881,-3.1041,0.5509,0.3351,0.0251,-0.2971,-8.1923,0.886,-0.272,-4.5121,-3.0662,-7.5783,Myles Powell
1629620,2021-2023,828.0,841.0,-4.3291,-2.4526,0.5146,0.7681,-0.3495,-0.4153,-6.7817,1.2827,-0.7648,-4.164,-2.0998,-6.2638,Justin Robinson
1629622,2021-2023,8725.0,8710.0,-0.1075,-1.5523,-0.1204,0.0762,-0.0658,-0.7301,-1.6598,-0.0441,-0.7959,-0.2936,-2.2062,-2.4999,Max Strus
1629623,2021-2023,611.0,608.0,-2.5422,-1.7483,-0.5568,0.0549,-0.0001,-0.9073,-4.2905,-0.5019,-0.9075,-3.0992,-2.6007,-5.6999,Lindell Wigginton
1629626,2021-2023,3642.0,3643.0,-3.0516,1.389,-0.1353,-0.0308,0.0341,-0.2729,-1.6625,-0.1661,-0.2388,-3.1528,1.0854,-2.0674,Bol Bol
1629627,2021-2023,6247.0,6232.0,3.4542,-0.4224,-0.3828,0.2775,0.1753,0.5408,3.0318,-0.1053,0.7161,3.2467,0.3959,3.6426,Zion Williamson
1629628,2021-2023,14898.0,14865.0,-1.6755,-2.4803,0.6252,0.2622,0.3048,0.8776,-4.1558,0.8874,1.1824,-0.7454,-1.3406,-2.086,RJ Barrett
1629629,2021-2023,5686.0,5722.0,-1.4423,-1.1011,-1.4285,-0.6734,-0.8341,-0.9557,-2.5435,-2.1019,-1.7898,-3.7049,-2.7302,-6.4351,Cam Reddish
1629630,2021-2023,12391.0,12375.0,2.3821,-1.2583,1.2215,0.087,-0.0641,-0.2523,1.1238,1.3085,-0.3164,3.5394,-1.4236,2.1159,Ja Morant
1629631,2021-2023,9152.0,9107.0,-1.8086,-1.4522,-0.4424,-0.3006,-0.2502,1.1553,-3.2609,-0.7431,0.9051,-2.5013,-0.5975,-3.0988,De'Andre Hunter
1629632,2021-2023,11463.0,11463.0,-0.5746,-1.31,0.2731,0.257,0.6396,-0.1123,-1.8846,0.5301,0.5274,0.3382,-1.1653,-0.8271,Coby White
1629633,2021-2023,2055.0,2054.0,-3.6858,-1.2674,0.7097,0.0097,-0.4497,0.1305,-4.9532,0.7194,-0.3192,-3.4258,-1.1272,-4.553,Jarrett Culver
1629634,2021-2023,7921.0,7973.0,1.0126,2.2371,-0.5968,0.1842,-0.22,-0.5925,3.2498,-0.4125,-0.8125,0.1959,1.8289,2.0248,Brandon Clarke
1629635,2021-2023,1789.0,1797.0,-3.4962,-1.7806,0.2021,-0.24,0.2689,0.2361,-5.2768,-0.0379,0.505,-3.0252,-1.7845,-4.8097,Sekou Doumbouya
1629636,2021-2023,13347.0,13298.0,2.0324,-1.2705,0.1283,-0.3499,0.4405,1.7835,0.7619,-0.2216,2.224,2.6012,0.1631,2.7643,Darius Garland
1629637,2021-2023,6133.0,6172.0,0.4832,1.1996,-1.233,-0.3787,-0.4794,0.5168,1.6828,-1.6117,0.0375,-1.2292,1.3378,0.1086,Jaxson Hayes
1629638,2021-2023,6918.0,6889.0,-1.8193,-0.9799,-0.5505,0.1622,-0.0265,-0.3976,-2.7993,-0.3883,-0.4241,-2.3963,-1.2153,-3.6117,Nickeil Alexander-Walker
1629639,2021-2023,12307.0,12274.0,0.1982,-1.6412,0.1724,0.2017,0.2859,0.4757,-1.4429,0.3741,0.7616,0.6565,-0.9638,-0.3073,Tyler Herro
1629640,2021-2023,13322.0,13307.0,-0.3089,-1.3913,0.4101,-0.2251,0.1773,-0.3126,-1.7001,0.1851,-0.1353,0.2785,-1.929,-1.6504,Keldon Johnson
1629641,2021-2023,3918.0,3931.0,-2.805,-1.2892,0.2822,0.0116,-0.4104,1.338,-4.0942,0.2938,0.9276,-2.9332,0.0604,-2.8728,Romeo Langford
1629642,2021-2023,5463.0,5482.0,-1.4937,-0.2273,0.8119,-0.1955,0.3921,-1.3473,-1.721,0.6164,-0.9552,-0.2897,-1.77,-2.0597,Nassir Little
1629643,2021-2023,7050.0,7083.0,-1.3907,0.9361,-0.7796,0.12,-0.6566,-0.2613,-0.4546,-0.6596,-0.9179,-2.8269,0.7949,-2.032,Chuma Okeke
1629644,2021-2023,1919.0,1916.0,-3.8123,-0.2506,0.6302,-0.0769,-0.0231,0.9538,-4.0629,0.5533,0.9307,-3.2053,0.6263,-2.5789,KZ Okpala
1629645,2021-2023,9907.0,9898.0,0.0075,-1.4934,-0.5972,0.0636,0.1279,0.2046,-1.4858,-0.5336,0.3325,-0.4618,-1.2251,-1.687,Kevin Porter Jr.
1629646,2021-2023,1412.0,1420.0,0.5379,3.2398,0.0511,-0.1544,-0.2177,-0.3472,3.7777,-0.1033,-0.5649,0.3714,2.7382,3.1096,Charles Bassey
1629647,2021-2023,8871.0,8888.0,-3.1107,-0.3384,-1.5086,-0.2985,-0.5982,-0.458,-3.4491,-1.8072,-1.0562,-5.2175,-1.095,-6.3125,Darius Bazley
1629648,2021-2023,405.0,406.0,-2.2069,-0.905,0.7061,-0.0009,-0.2467,-0.362,-3.1119,0.7052,-0.6087,-1.7475,-1.268,-3.0155,Jordan Bone
1629649,2021-2023,1633.0,1629.0,-2.1414,-1.8806,0.3425,0.1921,-0.0596,-1.4027,-4.022,0.5346,-1.4623,-1.8585,-3.0912,-4.9497,Ignas Brazdeikis
1629650,2021-2023,3290.0,3267.0,-0.2453,1.2661,-0.1887,-1.1685,-0.3265,-0.603,1.0208,-1.3571,-0.9296,-0.7606,-0.5054,-1.2659,Moses Brown
1629651,2021-2023,7757.0,7775.0,-0.7534,4.3366,0.0908,-0.6739,0.3927,0.0991,3.5832,-0.5831,0.4918,-0.2699,3.7619,3.4919,Nic Claxton
1629652,2021-2023,11468.0,11461.0,-1.0545,-1.9075,-0.5865,0.0138,0.1204,2.2309,-2.962,-0.5727,2.3514,-1.5206,0.3373,-1.1833,Luguentz Dort
1629653,2021-2023,380.0,381.0,-1.4091,-0.5592,0.6698,0.1076,0.0038,0.0203,-1.9683,0.7773,0.0241,-0.7355,-0.4313,-1.1669,Devon Dotson
1629655,2021-2023,7843.0,7865.0,0.8813,3.1958,-0.5448,-0.5693,0.2676,-1.6027,4.0771,-1.1142,-1.3351,0.6041,1.0238,1.6279,Daniel Gafford
1629656,2021-2023,5815.0,5834.0,-0.5485,-0.7604,0.1417,0.2483,0.182,-0.1228,-1.3089,0.39,0.0592,-0.2247,-0.635,-0.8597,Quentin Grimes
1629657,2021-2023,895.0,888.0,-2.2709,-1.94,-0.3892,0.0793,-0.1494,-0.5186,-4.2109,-0.3099,-0.668,-2.8095,-2.3793,-5.1888,Kyle Guy
1629658,2021-2023,1166.0,1174.0,-0.6645,-0.2708,0.1696,0.073,-0.1848,-0.8723,-0.9353,0.2426,-1.0572,-0.6798,-1.0701,-1.7499,Jaylen Hoard
1629659,2021-2023,8593.0,8610.0,-1.7128,-0.5006,0.0695,0.0943,-0.1313,0.5886,-2.2134,0.1638,0.4573,-1.7746,0.1823,-1.5923,Talen Horton-Tucker
1629660,2021-2023,4986.0,4973.0,-0.2099,-0.6639,-0.4167,-0.0013,-0.609,-0.3939,-0.8739,-0.418,-1.0029,-1.2356,-1.0591,-2.2947,Ty Jerome
1629661,2021-2023,8918.0,8918.0,0.965,-0.0825,-0.2837,0.1072,-0.0552,1.3853,0.8824,-0.1766,1.33,0.626,1.4099,2.0359,Cameron Johnson
1629662,2021-2023,660.0,662.0,-2.8863,0.2583,0.6554,-0.1908,-0.2979,-0.182,-2.628,0.4646,-0.4799,-2.5288,-0.1145,-2.6433,Mfiondu Kabengele
1629663,2021-2023,471.0,463.0,-0.6217,-0.0001,0.234,0.1156,-0.0972,-0.1859,-0.6218,0.3496,-0.2831,-0.4849,-0.0704,-0.5553,Louis King
1629665,2021-2023,26.0,28.0,-8.5305,-7.4442,2.327,-0.1919,-0.0307,0.0784,-15.9747,2.1351,0.0476,-6.2343,-7.5578,-13.792,Jalen Lecque
1629667,2021-2023,7654.0,7673.0,-1.5435,0.3096,0.1991,-0.2691,0.2464,-0.8371,-1.2339,-0.07,-0.5907,-1.098,-0.7966,-1.8946,Jalen McDaniels
1629669,2021-2023,6347.0,6403.0,-0.0968,-1.0866,0.1483,0.1087,0.1335,-0.9276,-1.1834,0.257,-0.7941,0.1851,-1.9055,-1.7205,Jaylen Nowell
1629670,2021-2023,5584.0,5596.0,-1.6845,-1.3572,0.1683,-0.2681,0.1023,-1.4997,-3.0417,-0.0998,-1.3974,-1.4139,-3.125,-4.5389,Jordan Nwora
1629671,2021-2023,1163.0,1163.0,-3.1541,-0.9296,1.1947,0.0227,0.0674,0.8666,-4.0837,1.2174,0.9341,-1.892,-0.0403,-1.9323,Miye Oni
1629672,2021-2023,2940.0,2935.0,-0.8867,-1.7141,-0.3538,0.0639,0.0387,-0.4937,-2.6009,-0.2899,-0.455,-1.2019,-2.1439,-3.3458,Eric Paschall
1629673,2021-2023,11969.0,11914.0,1.7159,-1.9376,-1.006,0.0309,-0.46,1.4608,-0.2216,-0.9751,1.0009,0.2499,-0.4458,-0.1959,Jordan Poole
1629674,2021-2023,310.0,313.0,-2.1506,0.4181,0.5488,0.2378,-0.1353,-0.1961,-1.7325,0.7866,-0.3315,-1.7371,0.4597,-1.2774,Neemias Queta
1629675,2021-2023,8089.0,8114.0,-0.0282,1.4896,-2.396,-0.5352,-0.5335,-0.4443,1.4614,-2.9311,-0.9778,-2.9577,0.5101,-2.4475,Naz Reid
1629676,2021-2023,5977.0,5991.0,-1.6141,0.2594,-0.7372,0.0019,-0.6373,-1.0989,-1.3547,-0.7353,-1.7362,-2.9886,-0.8375,-3.8262,Isaiah Roby
1629677,2021-2023,977.0,980.0,-3.1694,-0.5441,-0.0856,-0.2913,-0.0636,0.559,-3.7135,-0.3769,0.4954,-3.3186,-0.2764,-3.595,Luka Samanic
1629678,2021-2023,1880.0,1885.0,-1.8811,-1.3536,0.5142,0.0838,-0.237,-0.774,-3.2347,0.598,-1.011,-1.6039,-2.0438,-3.6477,Admiral Schofield
1629680,2021-2023,8527.0,8555.0,-2.3007,3.0022,0.3406,0.3376,0.2,0.8749,0.7014,0.6782,1.0748,-1.7602,4.2146,2.4545,Matisse Thybulle
1629681,2021-2023,1317.0,1306.0,-3.0102,0.2054,0.6467,0.3096,-0.0243,0.2078,-2.8048,0.9563,0.1836,-2.3877,0.7228,-1.6649,Killian Tillie
1629682,2021-2023,607.0,609.0,-0.5045,-0.6756,-0.4661,0.0369,-0.0279,-0.1096,-1.1801,-0.4292,-0.1375,-0.9984,-0.7483,-1.7468,Tremont Waters
1629683,2021-2023,407.0,409.0,-2.5848,-0.2617,-0.0231,0.2334,-0.0669,-0.9815,-2.8465,0.2104,-1.0484,-2.6748,-1.0097,-3.6845,Quinndary Weatherspoon
1629684,2021-2023,10291.0,10337.0,-1.9539,-0.2498,0.2141,0.0967,0.187,-0.0239,-2.2037,0.3107,0.1631,-1.5529,-0.1771,-1.7299,Grant Williams
1629685,2021-2023,1978.0,2002.0,-1.9085,-0.0528,-0.2738,-0.1197,-0.1323,0.2161,-1.9612,-0.3935,0.0838,-2.3145,0.0437,-2.2709,Dylan Windler
1629686,2021-2023,334.0,339.0,-5.0214,-0.5746,0.124,-0.8178,-0.1445,-0.0805,-5.596,-0.6938,-0.225,-5.0419,-1.4728,-6.5147,Deividas Sirvydis
1629690,2021-2023,122.0,121.0,-5.8261,-2.7061,0.0979,0.0578,-0.1437,0.2439,-8.5322,0.1557,0.1002,-5.8719,-2.4044,-8.2763,Adam Mokoka
1629712,2021-2023,386.0,384.0,-4.2716,-2.0911,0.2505,0.0811,-0.2198,-0.0209,-6.3627,0.3316,-0.2407,-4.241,-2.0309,-6.2718,Didi Louzada
1629713,2021-2023,661.0,663.0,-2.4229,-1.9536,0.1614,-0.0371,-0.1941,-0.0514,-4.3765,0.1243,-0.2455,-2.4556,-2.0421,-4.4977,Justin James
1629714,2021-2023,376.0,372.0,0.624,0.3803,0.9273,0.267,0.0235,0.0191,1.0043,1.1944,0.0426,1.5749,0.6664,2.2413,Jarrell Brantley
1629716,2021-2023,57.0,57.0,-4.0065,-1.1356,-0.628,-0.0798,-0.075,0.2747,-5.1421,-0.7078,0.1997,-4.7096,-0.9407,-5.6502,Marques Bolden
1629717,2021-2023,2834.0,2840.0,-1.3692,-1.4183,0.5399,-0.0515,-0.3188,-0.6818,-2.7876,0.4884,-1.0006,-1.1481,-2.1516,-3.2997,Armoni Brooks
1629718,2021-2023,698.0,706.0,-4.0572,-1.1758,0.7496,-0.0941,-0.1166,0.2171,-5.233,0.6556,0.1005,-3.4242,-1.0528,-4.477,Charlie Brown Jr.
1629719,2021-2023,469.0,461.0,-1.3474,2.7463,-0.7441,-1.0,0.2157,0.2666,1.3989,-1.7441,0.4823,-1.8758,2.013,0.1371,Devontae Cacok
1629723,2021-2023,6999.0,7003.0,-0.6325,1.5739,0.6894,-0.1899,0.0466,0.1602,0.9414,0.4996,0.2069,0.1035,1.5443,1.6478,John Konchar
1629725,2021-2023,153.0,155.0,-6.4002,-2.3417,0.3701,-0.1529,-0.0362,-0.3974,-8.7419,0.2172,-0.4335,-6.0663,-2.892,-8.9583,Jeremiah Martin
1629726,2021-2023,7249.0,7248.0,-0.5054,-0.5777,-0.4844,-0.2971,0.2256,-0.2858,-1.0831,-0.7815,-0.0601,-0.7641,-1.1606,-1.9247,Garrison Mathews
1629730,2021-2023,312.0,306.0,0.0373,0.3716,-0.1233,0.1362,-0.0404,-0.2399,0.4089,0.0129,-0.2803,-0.1264,0.2679,0.1415,Rayjon Tucker
1629731,2021-2023,6208.0,6209.0,-1.7948,0.4174,0.3457,0.1885,-0.482,1.0704,-1.3774,0.5342,0.5885,-1.9311,1.6763,-0.2548,Dean Wade
1629735,2021-2023,390.0,388.0,-1.7307,0.6784,-0.3652,-0.131,-0.0679,-0.0772,-1.0523,-0.4962,-0.1451,-2.1638,0.4702,-1.6936,Chris Silva
1629738,2021-2023,86.0,85.0,-6.0278,-1.7785,0.3476,0.0753,-0.0287,0.0705,-7.8064,0.4228,0.0419,-5.7089,-1.6327,-7.3416,Vincent Poirier
1629740,2021-2023,1111.0,1113.0,-2.2371,-0.5517,0.3189,-0.2169,-0.0939,0.8274,-2.7887,0.102,0.7335,-2.012,0.0589,-1.9531,Nicolo Melli
1629743,2021-2023,373.0,387.0,1.7794,2.4955,0.0965,-0.0736,-0.0972,0.3825,4.2749,0.0229,0.2854,1.7787,2.8045,4.5831,Donta Hall
1629744,2021-2023,1626.0,1626.0,-1.8783,-1.8742,0.0653,0.0297,-0.1319,-0.048,-3.7525,0.095,-0.1799,-1.9449,-1.8925,-3.8375,Matt Thomas
1629750,2021-2023,5096.0,5101.0,-0.5532,1.2953,0.641,0.0214,0.4612,0.0734,0.7421,0.6624,0.5346,0.549,1.3901,1.9392,Javonte Green
1629751,2021-2023,294.0,291.0,-2.5759,-0.7817,0.0287,0.3168,-0.244,-0.1369,-3.3576,0.3455,-0.3809,-2.7912,-0.6018,-3.393,Dakota Mathias
1629752,2021-2023,370.0,376.0,-2.6068,-0.6462,1.1369,-0.0995,-0.1684,-0.9718,-3.253,1.0374,-1.1402,-1.6383,-1.7175,-3.3558,Juwan Morgan
1629755,2021-2023,333.0,339.0,-2.1035,-0.3114,-0.072,0.0497,0.0705,0.0777,-2.4149,-0.0223,0.1482,-2.105,-0.184,-2.289,Hassani Gravett
1629760,2021-2023,4.0,5.0,-7.2695,-2.0234,0.7349,0.7052,-0.0097,-0.0262,-9.293,1.4402,-0.0359,-6.5443,-1.3444,-7.8888,Matt Mooney
1629783,2021-2023,22.0,23.0,-6.1872,-1.9105,1.0061,0.1147,-0.005,-0.0561,-8.0977,1.1208,-0.0612,-5.1861,-1.8519,-7.0381,Shaq Buchanan
1629788,2021-2023,4.0,5.0,-6.619,-1.4845,0.6323,0.8285,-0.0097,-0.0262,-8.1036,1.4608,-0.0359,-5.9964,-0.6823,-6.6787,Tyler Hall
1629833,2021-2023,886.0,899.0,-4.4923,-3.0613,-0.3663,0.306,-0.2498,-1.5052,-7.5536,-0.0603,-1.755,-5.1084,-4.2605,-9.3689,Keljin Blevins
1629873,2021-2023,16.0,15.0,-7.7825,-2.1009,0.5493,0.5525,-0.0506,-0.0089,-9.8834,1.1018,-0.0595,-7.2839,-1.5573,-8.8411,Jaysean Paige
1629875,2021-2023,328.0,324.0,-1.4426,0.4266,0.0587,0.1589,0.0935,-0.2905,-1.0161,0.2176,-0.197,-1.2905,0.295,-0.9955,Xavier Moon
1629958,2021-2023,2.0,2.0,-5.8085,-1.2849,0.285,0.2001,0.0098,0.0079,-7.0934,0.4851,0.0177,-5.5137,-1.0769,-6.5905,Ahmad Caver
1629962,2021-2023,446.0,456.0,-2.2693,-1.1926,-0.4441,0.3348,-0.022,-0.1854,-3.4619,-0.1093,-0.2073,-2.7353,-1.0432,-3.7785,Devin Cannady
1630162,2021-2023,15973.0,15956.0,0.2164,-0.9712,0.5037,-0.0503,0.1687,-0.6714,-0.7547,0.4533,-0.5027,0.8888,-1.6929,-0.8041,Anthony Edwards
1630163,2021-2023,10896.0,10827.0,2.4666,0.1189,-0.2717,-0.1529,-0.1962,-1.7126,2.5855,-0.4246,-1.9087,1.9988,-1.7466,0.2521,LaMelo Ball
1630164,2021-2023,3599.0,3591.0,-2.6689,-0.2791,-0.8786,-0.309,-0.4424,-1.3488,-2.948,-1.1876,-1.7912,-3.9899,-1.9369,-5.9268,James Wiseman
1630165,2021-2023,9191.0,9161.0,-2.8541,-0.1448,-0.5603,-0.1073,-0.3754,-0.6554,-2.9989,-0.6676,-1.0308,-3.7898,-0.9076,-4.6973,Killian Hayes
1630166,2021-2023,10936.0,10917.0,-2.6149,0.5428,1.0383,-0.2256,0.3602,0.3613,-2.0721,0.8127,0.7215,-1.2165,0.6786,-0.5379,Deni Avdija
1630167,2021-2023,5916.0,5948.0,-0.0689,-0.097,0.371,-0.2448,0.1484,0.1356,-0.1659,0.1262,0.284,0.4505,-0.2061,0.2444,Obi Toppin
1630168,2021-2023,7107.0,7092.0,0.7839,2.9593,-0.6685,-0.3728,-0.0157,-0.4354,3.7432,-1.0413,-0.4511,0.0996,2.1511,2.2508,Onyeka Okongwu
1630169,2021-2023,13133.0,13162.0,3.0866,1.3851,-0.6413,-0.9616,-0.2609,-2.302,4.4717,-1.6029,-2.5629,2.1844,-1.8786,0.3058,Tyrese Haliburton
1630170,2021-2023,8775.0,8769.0,-0.7651,0.2682,-0.385,-0.1187,-0.1207,-0.8558,-0.4969,-0.5036,-0.9765,-1.2707,-0.7062,-1.977,Devin Vassell
1630171,2021-2023,11646.0,11607.0,-2.1576,-0.864,0.2885,-0.0287,0.2683,0.103,-3.0216,0.2598,0.3713,-1.6008,-0.7898,-2.3905,Isaac Okoro
1630172,2021-2023,9656.0,9667.0,-2.4545,-0.1059,-0.5325,-0.4132,-0.1989,-0.0542,-2.5604,-0.9457,-0.2531,-3.1859,-0.5733,-3.7592,Patrick Williams
1630173,2021-2023,7221.0,7233.0,-1.9215,-0.424,-0.2869,-0.2944,-0.0407,0.7246,-2.3455,-0.5814,0.6839,-2.2491,0.0062,-2.243,Precious Achiuwa
1630174,2021-2023,6346.0,6342.0,-1.8681,-0.6721,0.4766,-0.4024,0.403,-0.256,-2.5402,0.0742,0.147,-0.9885,-1.3305,-2.319,Aaron Nesmith
1630175,2021-2023,9997.0,10008.0,-0.3363,-0.7089,-0.0717,0.3295,0.0423,-1.4843,-1.0451,0.2578,-1.442,-0.3657,-1.8637,-2.2293,Cole Anthony
1630176,2021-2023,392.0,387.0,-2.452,0.2512,-0.3722,-0.4274,-0.1753,-0.4928,-2.2008,-0.7996,-0.6681,-2.9994,-0.669,-3.6684,Vernon Carey Jr.
1630177,2021-2023,7417.0,7427.0,-2.3414,-1.2813,-1.309,-0.213,-0.487,-1.6376,-3.6227,-1.5221,-2.1246,-4.1375,-3.1319,-7.2694,Theo Maledon
1630178,2021-2023,11227.0,11252.0,0.8498,-0.6185,-0.163,-0.2406,-0.0287,-1.2107,0.2314,-0.4036,-1.2395,0.6581,-2.0698,-1.4117,Tyrese Maxey
1630179,2021-2023,127.0,130.0,-4.1778,-0.536,0.7014,-0.1404,-0.0886,0.2448,-4.7138,0.561,0.1562,-3.565,-0.4317,-3.9966,Tyrell Terry
1630180,2021-2023,13906.0,13903.0,0.6711,-1.1379,-0.6171,-0.0389,-0.0856,-0.4977,-0.4667,-0.656,-0.5833,-0.0316,-1.6745,-1.7061,Saddiq Bey
1630181,2021-2023,6298.0,6323.0,-2.9558,-1.3371,-0.3679,0.0262,-0.4826,-2.5756,-4.293,-0.3417,-3.0582,-3.8064,-3.8865,-7.6929,R.J. Hampton
1630182,2021-2023,6152.0,6151.0,-1.6237,-0.8289,0.6303,0.0927,0.0128,1.6651,-2.4526,0.7231,1.6779,-0.9805,0.9289,-0.0516,Josh Green
1630183,2021-2023,12003.0,11975.0,-2.3688,0.182,0.5232,-0.1066,0.1607,0.2995,-2.1868,0.4166,0.4603,-1.6849,0.375,-1.3099,Jaden McDaniels
1630184,2021-2023,3108.0,3095.0,-1.7588,-0.9101,-0.1616,-0.1263,-0.1976,0.5287,-2.669,-0.2879,0.3311,-2.1179,-0.5078,-2.6257,Kira Lewis Jr.
1630185,2021-2023,763.0,770.0,-1.7219,-1.0116,-0.538,0.202,-0.0985,-0.3155,-2.7334,-0.336,-0.414,-2.3584,-1.1251,-3.4834,Nico Mannion
1630186,2021-2023,493.0,493.0,-3.2874,-2.3522,0.5393,-0.1037,0.1102,-0.9993,-5.6396,0.4356,-0.8891,-2.6379,-3.4552,-6.0931,Jahmi'us Ramsey
1630187,2021-2023,378.0,374.0,-1.8991,0.3979,0.5398,0.2683,-0.0548,-0.2882,-1.5012,0.8081,-0.3431,-1.4141,0.3779,-1.0362,Daniel Oturu
1630188,2021-2023,4936.0,4930.0,0.26,0.5227,-0.5661,-0.2184,0.0406,0.3783,0.7826,-0.7845,0.419,-0.2656,0.6826,0.4171,Jalen Smith
1630189,2021-2023,157.0,157.0,-3.459,-1.48,0.5606,0.0969,-0.1253,-0.2178,-4.939,0.6574,-0.3432,-3.0238,-1.6009,-4.6247,Tyler Bey
1630190,2021-2023,1039.0,1047.0,-4.2368,-1.6028,0.5483,-0.1861,-0.1596,-1.5139,-5.8396,0.3622,-1.6735,-3.8481,-3.3028,-7.1509,Elijah Hughes
1630191,2021-2023,9558.0,9554.0,-0.9291,0.7981,-0.385,-0.1916,-0.1658,1.1063,-0.1311,-0.5767,0.9405,-1.48,1.7128,0.2328,Isaiah Stewart
1630192,2021-2023,3698.0,3700.0,-0.8164,-0.6183,-0.3593,-0.2395,-0.4517,1.0915,-1.4348,-0.5988,0.6399,-1.6274,0.2337,-1.3937,Zeke Nnaji
1630193,2021-2023,10736.0,10718.0,1.598,-0.63,-0.4696,0.2182,0.0692,2.1784,0.9679,-0.2514,2.2476,1.1976,1.7665,2.9641,Immanuel Quickley
1630194,2021-2023,2499.0,2511.0,1.0882,3.7437,0.6138,0.1518,0.0224,-0.8968,4.8318,0.7655,-0.8744,1.7244,2.9986,4.723,Paul Reed
1630195,2021-2023,666.0,666.0,-4.6249,-2.586,1.0645,0.5667,-0.0531,0.8351,-7.2109,1.6311,0.782,-3.6135,-1.1842,-4.7977,Leandro Bolmaro
1630197,2021-2023,6347.0,6340.0,-3.3742,-0.3282,-1.0567,0.0383,-0.251,-0.7893,-3.7024,-1.0185,-1.0403,-4.6819,-1.0793,-5.7612,Aleksej Pokusevski
1630198,2021-2023,4986.0,4999.0,0.177,-1.0091,-0.2053,0.1807,0.5482,-1.1045,-0.8322,-0.0247,-0.5564,0.5198,-1.933,-1.4132,Isaiah Joe
1630199,2021-2023,512.0,516.0,-3.3779,-1.7861,0.0014,-0.2542,-0.0489,0.6635,-5.1641,-0.2528,0.6146,-3.4254,-1.3768,-4.8022,Cassius Stanley
1630200,2021-2023,7113.0,7113.0,0.7187,0.4845,-0.7848,-0.6696,0.0751,-1.3017,1.2032,-1.4544,-1.2266,0.0091,-1.4868,-1.4777,Tre Jones
1630201,2021-2023,4429.0,4415.0,-1.6353,-0.658,-0.18,0.1019,-0.2458,-0.9329,-2.2933,-0.0781,-1.1787,-2.061,-1.489,-3.55,Malachi Flynn
1630202,2021-2023,5880.0,5880.0,0.2728,-1.285,-0.1858,0.1981,-0.2833,-0.3575,-1.0122,0.0123,-0.6408,-0.1963,-1.4443,-1.6407,Payton Pritchard
1630203,2021-2023,55.0,55.0,-1.6174,-1.2154,-0.1363,0.3158,-0.0426,-0.1096,-2.8327,0.1794,-0.1522,-1.7963,-1.0092,-2.8055,Grant Riller
1630204,2021-2023,10.0,11.0,-10.0759,-7.8647,1.7779,-0.0318,-0.0286,0.0336,-17.9406,1.7461,0.005,-8.3266,-7.863,-16.1896,Ashton Hagans
1630205,2021-2023,5248.0,5279.0,-2.8084,-0.4036,0.1131,-0.481,0.2384,-0.6575,-3.2119,-0.3678,-0.4191,-2.4568,-1.5421,-3.9989,Lamar Stevens
1630206,2021-2023,509.0,508.0,-4.0376,-1.6078,0.1311,-0.6729,0.0626,-0.123,-5.6455,-0.5418,-0.0604,-3.844,-2.4037,-6.2477,Jay Scrubb
1630207,2021-2023,207.0,208.0,-3.6371,-1.0637,-0.16,0.0274,-0.1322,-0.2518,-4.7008,-0.1326,-0.3839,-3.9293,-1.2881,-5.2174,Nate Hinton
1630208,2021-2023,3445.0,3450.0,-0.0749,1.6288,-0.7321,0.0378,-0.0041,-1.1203,1.5539,-0.6944,-1.1244,-0.8111,0.5463,-0.2648,Nick Richards
1630209,2021-2023,1582.0,1589.0,-0.4392,1.1917,-0.5459,-0.0713,0.4959,0.107,0.7524,-0.6172,0.6028,-0.4893,1.2273,0.738,Omer Yurtseven
1630210,2021-2023,819.0,817.0,-1.1772,-3.0115,-0.407,0.3587,-0.0995,-0.3144,-4.1888,-0.0483,-0.4139,-1.6837,-2.9673,-4.651,Markus Howard
1630211,2021-2023,180.0,179.0,-5.5124,-0.0224,0.2858,0.0036,-0.0472,-0.2411,-5.5348,0.2894,-0.2883,-5.2738,-0.2599,-5.5337,Karim Mane
1630214,2021-2023,6178.0,6178.0,-0.1015,1.4556,-0.3931,0.2308,-0.3652,0.1078,1.3541,-0.1623,-0.2574,-0.8598,1.7942,0.9344,Xavier Tillman
1630215,2021-2023,907.0,889.0,-1.627,-0.5863,-0.6928,0.1695,0.3444,-0.5205,-2.2133,-0.5233,-0.176,-1.9754,-0.9373,-2.9127,Jared Butler
1630216,2021-2023,282.0,277.0,-1.7102,-0.6832,-0.4229,0.6477,-0.0986,-0.5714,-2.3934,0.2248,-0.67,-2.2317,-0.607,-2.8386,Cassius Winston
1630217,2021-2023,11704.0,11699.0,1.3127,-0.2147,-0.1074,0.1428,0.0753,-0.034,1.0981,0.0354,0.0412,1.2806,-0.1059,1.1747,Desmond Bane
1630218,2021-2023,184.0,188.0,-4.0992,-0.7038,0.6071,0.086,0.0421,-0.036,-4.8029,0.6932,0.0061,-3.4499,-0.6537,-4.1036,Robert Woodard II
1630219,2021-2023,1384.0,1390.0,1.0154,-0.0475,-0.243,-0.0276,-0.0322,-1.3698,0.9679,-0.2706,-1.402,0.7403,-1.4449,-0.7047,Skylar Mays
1630221,2021-2023,731.0,727.0,-7.153,-2.942,-0.1379,-0.1385,-0.0599,-0.3835,-10.095,-0.2765,-0.4433,-7.3508,-3.464,-10.8148,Josh Hall
1630222,2021-2023,830.0,836.0,-1.2383,-1.5601,-0.7556,-0.0803,-0.2728,0.0501,-2.7984,-0.8359,-0.2227,-2.2667,-1.5903,-3.857,Mason Jones
1630223,2021-2023,364.0,361.0,-0.3351,-1.1467,-0.5492,0.062,0.0746,0.1644,-1.4818,-0.4872,0.239,-0.8097,-0.9203,-1.73,Jalen Harris
1630224,2021-2023,9878.0,9862.0,-0.4746,-2.8051,-0.2405,-0.343,-0.2159,-0.2469,-3.2797,-0.5835,-0.4628,-0.931,-3.395,-4.326,Jalen Green
1630225,2021-2023,286.0,282.0,-5.6374,-2.0336,0.4816,0.1307,-0.1962,0.1567,-7.671,0.6123,-0.0395,-5.3519,-1.7462,-7.0982,Isaiah Todd
1630227,2021-2023,2435.0,2439.0,-4.1096,-2.2034,-0.4143,0.2872,-0.1032,0.1422,-6.313,-0.1271,0.0391,-4.627,-1.774,-6.401,Daishen Nix
1630228,2021-2023,5365.0,5351.0,-0.997,-0.7118,-0.6215,-0.1313,0.1106,0.3071,-1.7088,-0.7528,0.4177,-1.5079,-0.5361,-2.0439,Jonathan Kuminga
1630230,2021-2023,6708.0,6748.0,-1.505,-0.5319,-0.0289,-0.0059,-0.017,0.1921,-2.0369,-0.0348,0.175,-1.551,-0.3457,-1.8966,Naji Marshall
1630231,2021-2023,10489.0,10468.0,-0.6803,-0.225,0.2369,-0.2701,0.1339,-1.9584,-0.9053,-0.0332,-1.8245,-0.3095,-2.4535,-2.763,KJ Martin
1630233,2021-2023,1769.0,1764.0,0.2208,-0.3113,-0.8516,-0.2484,-0.1088,0.677,-0.0905,-1.1001,0.5681,-0.7397,0.1172,-0.6225,Nathan Knight
1630234,2021-2023,95.0,97.0,-4.6258,-1.651,-0.2223,0.1664,0.0165,-0.0426,-6.2769,-0.0559,-0.0261,-4.8317,-1.5272,-6.3588,Ty-Shon Alexander
1630235,2021-2023,2681.0,2695.0,-2.3453,-0.3489,-0.2187,0.1495,0.5237,-0.6183,-2.6942,-0.0692,-0.0946,-2.0403,-0.8177,-2.858,Trent Forrest
1630237,2021-2023,3400.0,3421.0,-1.1072,-0.8877,0.3917,0.2418,-0.2103,-0.2074,-1.9949,0.6335,-0.4177,-0.9258,-0.8533,-1.7791,Anthony Lamb
1630238,2021-2023,157.0,153.0,-3.114,-0.2877,0.8234,-0.2633,-0.0134,-0.0093,-3.4017,0.5602,-0.0226,-2.3039,-0.5602,-2.8641,Malik Fitts
1630240,2021-2023,3606.0,3613.0,-0.6674,0.8122,-0.198,0.158,-0.3485,-0.8569,0.1447,-0.04,-1.2055,-1.214,0.1132,-1.1007,Saben Lee
1630241,2021-2023,734.0,729.0,-0.7201,-0.9911,0.1588,-0.1913,-0.1542,-0.1562,-1.7111,-0.0325,-0.3104,-0.7154,-1.3385,-2.054,Sam Merrill
1630243,2021-2023,308.0,308.0,-0.8442,-1.4962,1.202,-0.048,-0.0503,0.0641,-2.3404,1.154,0.0138,0.3075,-1.48,-1.1725,Trevelin Queen
1630245,2021-2023,8665.0,8648.0,-2.3199,-0.4767,-0.1127,0.0071,-0.2545,0.2484,-2.7966,-0.1056,-0.0061,-2.6871,-0.2212,-2.9083,Ayo Dosunmu
1630249,2021-2023,1762.0,1762.0,-2.6185,-0.5589,0.8919,0.0262,0.0367,-1.3189,-3.1774,0.9181,-1.2822,-1.69,-1.8516,-3.5415,Vít Krejčí
1630250,2021-2023,115.0,117.0,-2.7363,-2.9979,-0.1342,-0.024,0.0557,0.2656,-5.7343,-0.1582,0.3214,-2.8148,-2.7563,-5.5711,Marko Simonovic
1630253,2021-2023,335.0,328.0,-2.779,-0.9406,-0.1311,0.1559,-0.3226,-0.1841,-3.7196,0.0248,-0.5067,-3.2326,-0.9688,-4.2014,Sean McDermott
1630256,2021-2023,9954.0,9927.0,-0.7311,-0.1932,-0.1721,0.0784,-0.1672,0.8658,-0.9244,-0.0937,0.6985,-1.0704,0.7509,-0.3195,Jae'Sean Tate
1630257,2021-2023,18.0,16.0,-7.2207,-0.9185,0.6761,0.0699,-0.0105,0.0273,-8.1392,0.746,0.0169,-6.5551,-0.8213,-7.3763,Jon Teske
1630264,2021-2023,2690.0,2704.0,-0.6713,-0.2427,0.0542,-0.0525,0.4072,0.1254,-0.914,0.0017,0.5327,-0.2098,-0.1698,-0.3797,Anthony Gill
1630266,2021-2023,7.0,8.0,-10.5536,-8.3312,2.7752,0.0639,-0.018,-0.1037,-18.8848,2.8392,-0.1217,-7.7964,-8.371,-16.1674,Will Magnay
1630267,2021-2023,5398.0,5401.0,-0.3933,1.1041,-1.7669,0.2279,-0.4412,-0.2071,0.7107,-1.539,-0.6483,-2.6014,1.1248,-1.4766,Facundo Campazzo
1630268,2021-2023,52.0,51.0,-3.7543,-2.3017,0.2241,0.271,-0.0973,-0.2431,-6.0561,0.4951,-0.3403,-3.6276,-2.2738,-5.9014,Nate Darling
1630270,2021-2023,180.0,183.0,-3.0253,-1.0778,0.1052,0.1301,-0.0911,0.1055,-4.1031,0.2353,0.0144,-3.0112,-0.8422,-3.8534,Xavier Sneed
1630271,2021-2023,949.0,955.0,-3.4897,-0.6315,0.0075,0.1631,0.0385,0.0591,-4.1212,0.1706,0.0976,-3.4437,-0.4093,-3.853,Brodric Thomas
1630273,2021-2023,1045.0,1046.0,-2.3425,1.4479,0.0962,0.0361,-0.1846,-0.2512,-0.8946,0.1323,-0.4357,-2.4309,1.2329,-1.198,Freddie Gillespie
1630278,2021-2023,2.0,3.0,-6.5852,-1.4804,0.5163,0.7095,-0.0065,0.016,-8.0656,1.2258,0.0095,-6.0755,-0.7548,-6.8303,Ade Murkey
1630284,2021-2023,945.0,944.0,-2.0829,-1.3434,-0.3042,-0.1542,0.2322,0.7144,-3.4264,-0.4584,0.9465,-2.155,-0.7833,-2.9383,Kevon Harris
1630285,2021-2023,347.0,352.0,-4.0111,-0.0949,-0.6211,0.2037,-0.0514,-0.8411,-4.106,-0.4174,-0.8925,-4.6836,-0.7322,-5.4159,Zavier Simpson
1630286,2021-2023,25.0,24.0,-5.6592,-0.8944,0.7772,0.3118,0.0132,0.0793,-6.5535,1.0891,0.0925,-4.8687,-0.5033,-5.372,Trevon Scott
1630288,2021-2023,737.0,740.0,-2.5248,-0.5833,0.3726,-0.0281,-0.0551,-0.5496,-3.108,0.3445,-0.6047,-2.2073,-1.1611,-3.3683,Jeff Dowtin Jr.
1630296,2021-2023,437.0,438.0,-2.6673,1.1817,0.1742,-0.2995,0.1701,0.3278,-1.4856,-0.1253,0.4979,-2.323,1.21,-1.113,Braxton Key
1630306,2021-2023,19.0,21.0,-7.1384,-1.8165,0.4641,-0.1713,-0.0493,0.0248,-8.9549,0.2928,-0.0246,-6.7236,-1.963,-8.6866,Rob Edwards
1630314,2021-2023,1325.0,1320.0,-2.4037,-2.1859,-0.0061,-0.187,-0.1192,-1.3518,-4.5896,-0.193,-1.4709,-2.5289,-3.7246,-6.2535,Brandon Williams
1630322,2021-2023,2100.0,2085.0,-0.1896,-0.0727,0.4264,0.0252,0.1138,0.1193,-0.2624,0.4516,0.2331,0.3505,0.0718,0.4224,Lindy Waters III
1630346,2021-2023,682.0,685.0,-1.9777,-2.2609,-0.0976,-0.0647,0.0786,0.1021,-4.2385,-0.1623,0.1807,-1.9966,-2.2235,-4.2202,Matt Ryan
1630466,2021-2023,560.0,566.0,0.2781,-0.7325,0.0479,0.1486,-0.0558,-0.9974,-0.4545,0.1965,-1.0532,0.2701,-1.5813,-1.3112,Gabriel Deck
1630525,2021-2023,5.0,4.0,-7.0275,-1.8852,0.9585,0.6813,-0.0106,-0.0088,-8.9127,1.6398,-0.0194,-6.0796,-1.2128,-7.2924,David Johnson
1630526,2021-2023,3932.0,3934.0,-0.5615,-0.5891,0.8629,-0.1975,-0.4655,-0.0333,-1.1506,0.6655,-0.4988,-0.1641,-0.8198,-0.9839,Jeremiah Robinson-Earl
1630527,2021-2023,2102.0,2112.0,-2.138,-1.2937,0.1494,-0.0791,-0.3571,0.2014,-3.4317,0.0702,-0.1557,-2.3457,-1.1714,-3.5171,Brandon Boston Jr.
1630528,2021-2023,4417.0,4394.0,-1.906,-1.4914,0.3011,-0.0821,-0.4846,-2.8825,-3.3974,0.219,-3.3671,-2.0895,-4.456,-6.5455,Josh Christopher
1630529,2021-2023,8729.0,8671.0,-1.052,1.0444,0.4262,0.2467,0.3452,0.7242,-0.0076,0.6729,1.0694,-0.2807,2.0153,1.7347,Herbert Jones
1630530,2021-2023,6821.0,6778.0,1.2078,-0.0053,-0.8736,0.007,-0.397,-0.5371,1.2026,-0.8666,-0.9341,-0.0627,-0.5355,-0.5982,Trey Murphy III
1630531,2021-2023,202.0,201.0,-0.6541,1.1973,0.4533,0.5189,0.021,-0.021,0.5432,0.9722,-0.0,-0.1798,1.6952,1.5155,Jaden Springer
1630532,2021-2023,10384.0,10382.0,0.2749,-1.0346,0.0711,0.1934,0.5421,2.6466,-0.7597,0.2645,3.1887,0.8882,1.8054,2.6935,Franz Wagner
1630533,2021-2023,4014.0,4008.0,-2.4801,-1.7376,0.3817,-0.0376,0.0511,0.6697,-4.2178,0.3441,0.7208,-2.0473,-1.1055,-3.1528,Ziaire Williams
1630534,2021-2023,2568.0,2568.0,-1.5039,-2.1958,0.3499,-0.143,0.4324,0.1993,-3.6997,0.2069,0.6316,-0.7215,-2.1396,-2.8611,Ochai Agbaji
1630535,2021-2023,1522.0,1532.0,-3.555,0.5417,-0.13,-0.2974,-0.2616,-0.6279,-3.0132,-0.4274,-0.8895,-3.9465,-0.3835,-4.3301,Greg Brown III
1630536,2021-2023,80.0,85.0,-6.0363,-3.5983,0.2391,0.1772,-0.1545,-0.0264,-9.6346,0.4163,-0.1809,-5.9517,-3.4475,-9.3992,Sharife Cooper
1630537,2021-2023,5007.0,5016.0,-1.6359,-1.5899,-0.4525,-0.0754,-0.149,0.6305,-3.2258,-0.5279,0.4816,-2.2373,-1.0348,-3.2721,Chris Duarte
1630538,2021-2023,4883.0,4873.0,0.9749,-0.5941,0.0022,0.046,0.3775,-1.7739,0.3808,0.0482,-1.3964,1.3546,-2.322,-0.9674,Bones Hyland
1630539,2021-2023,1267.0,1287.0,-3.5181,1.0154,0.1967,-0.2372,0.1378,0.0554,-2.5026,-0.0404,0.1932,-3.1836,0.8337,-2.3498,Kai Jones
1630540,2021-2023,2274.0,2273.0,-2.6169,-0.7201,0.1984,0.5833,0.5989,1.1279,-3.337,0.7817,1.7268,-1.8195,0.9911,-0.8285,Miles McBride
1630541,2021-2023,2974.0,2982.0,-1.3995,-1.4081,0.0746,0.1222,-0.0693,0.1369,-2.8076,0.1969,0.0676,-1.3942,-1.149,-2.5431,Moses Moody
1630543,2021-2023,3330.0,3353.0,-0.9658,3.3707,0.4597,-0.4901,-0.1588,-1.282,2.4049,-0.0303,-1.4407,-0.6648,1.5986,0.9338,Isaiah Jackson
1630544,2021-2023,5290.0,5272.0,-2.1613,-1.7568,-0.2252,-0.0818,-0.1547,0.6742,-3.918,-0.307,0.5196,-2.5412,-1.1643,-3.7055,Tre Mann
1630547,2021-2023,1722.0,1739.0,-2.9407,-2.515,0.002,0.1294,-0.0395,-0.2221,-5.4557,0.1314,-0.2616,-2.9782,-2.6077,-5.5859,James Bouknight
1630548,2021-2023,499.0,500.0,-3.6873,-2.2539,0.7622,-0.286,-0.2001,-0.3997,-5.9411,0.4762,-0.5998,-3.1252,-2.9395,-6.0647,Johnny Juzang
1630549,2021-2023,1945.0,1941.0,1.2871,0.168,-0.0959,0.2113,0.0262,-1.2415,1.4551,0.1154,-1.2152,1.2174,-0.8621,0.3553,Day'Ron Sharpe
1630550,2021-2023,2563.0,2593.0,-3.7108,-0.7322,0.475,0.0284,0.0469,0.3869,-4.443,0.5034,0.4338,-3.1889,-0.3169,-3.5058,JT Thor
1630551,2021-2023,638.0,635.0,0.3424,-1.047,1.5174,0.3008,0.2011,-0.3128,-0.7046,1.8182,-0.1118,2.0608,-1.059,1.0018,Justin Champagnie
1630552,2021-2023,2440.0,2451.0,-1.9404,1.6725,0.5518,-0.3441,-0.1783,0.4782,-0.2678,0.2077,0.2999,-1.5669,1.8066,0.2397,Jalen Johnson
1630553,2021-2023,2290.0,2307.0,-3.0086,-1.9123,0.0148,0.048,-0.1412,-2.2431,-4.9209,0.0628,-2.3842,-3.135,-4.1073,-7.2423,Keon Johnson
1630554,2021-2023,259.0,260.0,-1.8706,-0.2817,-0.227,0.0516,-0.029,-0.3412,-2.1523,-0.1753,-0.3702,-2.1266,-0.5712,-2.6978,Jason Preston
1630555,2021-2023,39.0,37.0,-3.2975,-1.1637,0.522,0.364,-0.0147,0.1057,-4.4613,0.886,0.0911,-2.7903,-0.694,-3.4842,Joel Ayayi
1630556,2021-2023,2824.0,2830.0,-2.9059,-0.6863,0.3808,0.0966,0.6066,-0.8764,-3.5922,0.4774,-0.2698,-1.9185,-1.4661,-3.3846,Kessler Edwards
1630557,2021-2023,7888.0,7897.0,-0.7744,-1.4963,0.5503,-0.5576,0.4318,-1.1631,-2.2707,-0.0073,-0.7313,0.2077,-3.217,-3.0093,Corey Kispert
1630558,2021-2023,7296.0,7314.0,-2.1376,-1.3695,-0.1624,-0.1458,0.0228,1.0792,-3.5071,-0.3081,1.102,-2.2772,-0.4361,-2.7133,Davion Mitchell
1630559,2021-2023,6836.0,6845.0,0.3096,-0.4733,-0.0284,0.0936,0.3221,1.1069,-0.1637,0.0652,1.429,0.6034,0.7272,1.3306,Austin Reaves
1630560,2021-2023,4376.0,4386.0,-1.0788,-1.8356,-0.0618,-0.3516,-0.4764,-1.4132,-2.9144,-0.4134,-1.8896,-1.617,-3.6004,-5.2174,Cam Thomas
1630561,2021-2023,1178.0,1176.0,-2.4748,-1.4109,0.6064,0.1292,-0.0788,-0.2668,-3.8857,0.7356,-0.3455,-1.9472,-1.5485,-3.4957,David Duke Jr.
1630563,2021-2023,2191.0,2213.0,-3.5403,-1.6749,-0.2447,0.3809,0.3048,-0.1304,-5.2152,0.1362,0.1745,-3.4801,-1.4244,-4.9045,Joshua Primo
1630564,2021-2023,74.0,74.0,0.4116,0.0442,0.1783,0.4906,-0.0162,-0.2502,0.4558,0.6688,-0.2663,0.5737,0.2846,0.8583,RaiQuan Gray
1630565,2021-2023,34.0,36.0,-8.6874,-1.3547,0.4773,0.3579,-0.0283,-0.1207,-10.0421,0.8352,-0.149,-8.2383,-1.1175,-9.3558,Aaron Henry
1630567,2021-2023,10605.0,10621.0,0.1052,-0.1883,0.2258,0.5901,-0.1001,0.6534,-0.083,0.8159,0.5533,0.2309,1.0553,1.2862,Scottie Barnes
1630568,2021-2023,1341.0,1344.0,2.7506,-2.1619,-0.0328,0.5559,0.1039,-0.5458,0.5887,0.5231,-0.4419,2.8217,-2.1518,0.6699,Luka Garza
1630570,2021-2023,4252.0,4266.0,-1.0615,0.6091,-0.2814,0.0855,-0.207,-2.3231,-0.4524,-0.196,-2.5301,-1.55,-1.6285,-3.1785,Trendon Watford
1630572,2021-2023,2204.0,2202.0,0.4126,-0.9228,0.2852,0.3922,-0.3069,-1.4898,-0.5102,0.6774,-1.7967,0.3909,-2.0203,-1.6294,Sandro Mamukelashvili
1630573,2021-2023,2997.0,2998.0,0.1306,-0.1568,0.9846,0.4119,-0.0136,0.3569,-0.0261,1.3965,0.3432,1.1016,0.612,1.7136,Sam Hauser
1630575,2021-2023,15.0,15.0,-5.9362,-0.9963,0.7605,0.8722,-0.0028,-0.0472,-6.9325,1.6327,-0.0499,-5.1785,-0.1713,-5.3498,Scottie Lewis
1630577,2021-2023,686.0,687.0,-0.5059,-0.8151,0.4829,-0.2164,-0.008,-0.4374,-1.3209,0.2665,-0.4454,-0.0309,-1.4689,-1.4998,Julian Champagnie
1630578,2021-2023,7548.0,7521.0,0.5166,0.8533,0.2834,0.145,0.1843,-0.9193,1.3699,0.4284,-0.735,0.9843,0.079,1.0633,Alperen Sengun
1630579,2021-2023,2710.0,2753.0,-1.1926,1.2225,-0.0751,0.4193,0.0415,0.4498,0.0299,0.3442,0.4913,-1.2261,2.0915,0.8654,Jericho Sims
1630580,2021-2023,527.0,528.0,-3.5576,-2.006,0.0839,-0.0089,-0.0425,0.4038,-5.5636,0.075,0.3613,-3.5162,-1.6111,-5.1274,Joe Wieskamp
1630581,2021-2023,8475.0,8441.0,-0.498,-0.8286,-0.7948,0.4805,-0.4098,0.5456,-1.3265,-0.3143,0.1357,-1.7026,0.1976,-1.5051,Josh Giddey
1630582,2021-2023,152.0,153.0,-4.5736,-0.7974,-0.0839,0.4522,-0.1227,-0.1048,-5.371,0.3683,-0.2275,-4.7802,-0.4501,-5.2303,Yves Pons
1630583,2021-2023,4293.0,4286.0,-0.7841,0.2864,0.2601,-0.0673,-0.0951,0.8591,-0.4977,0.1928,0.764,-0.6192,1.0783,0.4591,Santi Aldama
1630585,2021-2023,249.0,249.0,-4.6862,-0.6217,0.697,0.3445,0.1804,-0.1577,-5.3079,1.0414,0.0227,-3.8089,-0.4349,-4.2438,Marcus Garrett
1630586,2021-2023,2529.0,2534.0,-0.8086,1.6926,0.5337,0.3746,-0.1311,-0.9478,0.884,0.9083,-1.0789,-0.406,1.1194,0.7134,Usman Garuba
1630587,2021-2023,3214.0,3198.0,-2.1708,-0.314,0.325,0.1764,0.4823,-0.5896,-2.4848,0.5014,-0.1073,-1.3635,-0.7272,-2.0907,Isaiah Livers
1630589,2021-2023,30.0,31.0,-4.7101,-0.3163,0.7042,0.4895,0.0096,-0.0931,-5.0263,1.1937,-0.0835,-3.9962,0.0802,-3.9161,Moses Wright
1630590,2021-2023,64.0,62.0,-1.9408,-1.2728,-0.296,0.1461,-0.0663,0.1015,-3.2136,-0.1499,0.0353,-2.3031,-1.0252,-3.3282,Scotty Pippen Jr.
1630591,2021-2023,5313.0,5314.0,-2.2106,-1.1255,-0.6625,0.0251,-0.2217,1.3277,-3.3361,-0.6374,1.1061,-3.0947,0.2273,-2.8674,Jalen Suggs
1630593,2021-2023,730.0,732.0,-1.501,-0.1546,-0.0375,0.2437,-0.206,-1.0114,-1.6555,0.2063,-1.2174,-1.7444,-0.9223,-2.6667,McKinley Wright IV
1630595,2021-2023,5094.0,5067.0,-1.6168,-1.2801,0.5145,-0.036,0.2709,0.4496,-2.8969,0.4785,0.7205,-0.8314,-0.8665,-1.6979,Cade Cunningham
1630596,2021-2023,10022.0,10010.0,-1.2573,1.4939,-0.0344,0.6739,0.33,1.9638,0.2366,0.6394,2.2938,-0.9617,4.1316,3.1698,Evan Mobley
1630598,2021-2023,5212.0,5222.0,-1.4691,-1.1652,0.7958,-0.0663,0.3114,0.5125,-2.6343,0.7294,0.8239,-0.3619,-0.719,-1.0809,Aaron Wiggins
1630600,2021-2023,167.0,167.0,-1.7959,1.1652,0.3208,-0.2031,-0.0008,0.4216,-0.6307,0.1177,0.4208,-1.4759,1.3837,-0.0922,Isaiah Mobley
1630602,2021-2023,217.0,216.0,-4.031,-1.3968,0.0286,-0.1043,-0.0567,0.066,-5.4278,-0.0757,0.0093,-4.0591,-1.4352,-5.4942,Chaundee Brown Jr.
1630605,2021-2023,25.0,26.0,-6.6511,-1.4482,0.9289,0.4919,0.0068,-0.1219,-8.0993,1.4208,-0.1151,-5.7154,-1.0782,-6.7936,JaQuori McLaughlin
1630606,2021-2023,410.0,410.0,-4.6934,-1.8752,0.4826,0.0268,-0.0667,-0.0319,-6.5686,0.5094,-0.0986,-4.2776,-1.8802,-6.1578,Javonte Smart
1630610,2021-2023,2.0,1.0,-6.5852,-1.4759,0.5163,0.6284,0.0102,-0.016,-8.0611,1.1447,-0.0058,-6.0588,-0.8634,-6.9222,DeJon Jarreau
1630612,2021-2023,124.0,120.0,-2.456,-2.1233,0.5883,0.3242,-0.1519,0.2738,-4.5794,0.9125,0.1219,-2.0196,-1.5253,-3.545,Ruben Nembhard Jr.
1630613,2021-2023,2861.0,2864.0,-2.5034,-3.0487,-0.2383,-0.0188,0.1214,-0.4352,-5.5521,-0.2571,-0.3139,-2.6203,-3.5027,-6.123,Duane Washington Jr.
1630620,2021-2023,51.0,51.0,-0.3689,-0.4029,-0.1631,0.2527,-0.019,-0.0332,-0.7718,0.0896,-0.0523,-0.5511,-0.1834,-0.7345,Darius Days
1630624,2021-2023,16.0,18.0,-6.7397,-1.9346,0.7152,0.7327,-0.0177,0.059,-8.6743,1.4479,0.0412,-6.0423,-1.1429,-7.1852,Feron Hunt
1630625,2021-2023,1997.0,1993.0,-2.4645,-0.3028,0.1859,0.1565,-0.2156,0.261,-2.7673,0.3424,0.0453,-2.4943,0.1147,-2.3796,Dalano Banton
1630631,2021-2023,4459.0,4462.0,-0.0482,0.4689,-0.3588,-0.1944,0.359,1.177,0.4207,-0.5532,1.536,-0.048,1.4515,1.4034,Jose Alvarado
1630637,2021-2023,168.0,172.0,-2.9091,-1.4657,0.1544,0.461,0.0207,0.2012,-4.3748,0.6154,0.2218,-2.734,-0.8035,-3.5376,Carlik Jones
1630639,2021-2023,233.0,237.0,-1.3115,-1.5353,0.0167,-0.6668,-0.1376,-0.3557,-2.8467,-0.6501,-0.4933,-1.4324,-2.5577,-3.9901,A.J. Lawson
1630640,2021-2023,20.0,19.0,-7.7087,-1.7434,1.1535,0.5217,-0.0217,0.1025,-9.4522,1.6752,0.0808,-6.5769,-1.1193,-7.6962,MJ Walker
1630643,2021-2023,253.0,258.0,1.1765,1.7227,0.0359,0.291,0.0175,0.0279,2.8992,0.3269,0.0453,1.2299,2.0416,3.2714,Jay Huff
1630644,2021-2023,143.0,147.0,-0.6927,-0.5014,0.2705,0.168,0.0391,0.3196,-1.1942,0.4386,0.3587,-0.3831,-0.0138,-0.3969,Mac McClung
1630647,2021-2023,1346.0,1343.0,-1.3262,-1.7699,-0.0869,-0.0582,0.2935,0.5426,-3.0961,-0.1451,0.8361,-1.1196,-1.2855,-2.4051,Eugene Omoruyi
1630648,2021-2023,73.0,74.0,-4.4324,-2.908,0.3971,0.3042,-0.004,0.143,-7.3404,0.7013,0.139,-4.0393,-2.4608,-6.5001,Jordan Schakel
1630649,2021-2023,4.0,4.0,-3.5509,-3.4899,0.3595,-0.4365,0.0154,0.0108,-7.0408,-0.0769,0.0263,-3.1759,-3.9155,-7.0915,Stanley Umude
1630678,2021-2023,2050.0,2059.0,1.4363,-1.4388,-0.0157,0.4543,-0.0903,-1.6275,-0.0025,0.4387,-1.7178,1.3304,-2.612,-1.2816,Terry Taylor
1630686,2021-2023,435.0,440.0,-4.2324,-2.5075,0.1987,-0.3534,-0.1162,-0.9529,-6.7399,-0.1547,-1.069,-4.1499,-3.8137,-7.9637,Georgios Kalaitzakis
1630688,2021-2023,2652.0,2654.0,-1.5166,0.0121,0.5555,0.2603,0.3116,1.3103,-1.5045,0.8158,1.6219,-0.6495,1.5826,0.9331,Ish Wainright
1630691,2021-2023,369.0,368.0,-3.6703,-0.5807,0.7769,0.3389,0.0704,-0.0379,-4.251,1.1158,0.0325,-2.823,-0.2798,-3.1028,Jamorko Pickett
1630692,2021-2023,2309.0,2308.0,-0.1349,1.3241,-0.2263,0.2693,-0.2787,-0.4228,1.1892,0.043,-0.7015,-0.6398,1.1706,0.5308,Jordan Goodwin
1630693,2021-2023,4.0,4.0,-6.619,-1.4825,0.6323,0.7084,-0.0121,0.0442,-8.1015,1.3407,0.0321,-5.9988,-0.7299,-6.7287,Jaime Echenique
1630695,2021-2023,186.0,191.0,-0.4814,0.1919,0.7712,-0.2266,-0.2235,0.1213,-0.2895,0.5446,-0.1023,0.0662,0.0866,0.1528,Micah Potter
1630696,2021-2023,321.0,323.0,-2.0584,1.8348,-0.2741,-0.0976,-0.1227,0.0743,-0.2236,-0.3717,-0.0484,-2.4552,1.8115,-0.6438,Dru Smith
1630698,2021-2023,337.0,329.0,-2.9055,-1.5998,1.2714,0.4697,0.0525,-0.6812,-4.5054,1.7411,-0.6287,-1.5817,-1.8114,-3.393,Kevin Pangos
1630699,2021-2023,1475.0,1460.0,-2.3914,-2.4243,0.2045,-0.0615,-0.2421,-0.2078,-4.8157,0.143,-0.4499,-2.429,-2.6936,-5.1227,MarJon Beauchamp
1630700,2021-2023,2191.0,2199.0,-2.8739,0.2391,0.3565,0.0248,-0.235,1.1583,-2.6348,0.3814,0.9233,-2.7524,1.4222,-1.3301,Dyson Daniels
1630701,2021-2023,2.0,2.0,-4.473,-4.3696,-0.2049,-0.5665,-0.0119,-0.0477,-8.8426,-0.7715,-0.0596,-4.6898,-4.9839,-9.6738,Michael Foster Jr.
1630702,2021-2023,1473.0,1464.0,-0.0925,-1.5958,-0.4245,0.131,0.1116,-1.0078,-1.6883,-0.2935,-0.8961,-0.4053,-2.4726,-2.8779,Jaden Hardy
1630758,2021-2023,140.0,140.0,-5.2816,-2.0962,1.322,-0.2632,0.0056,-0.2902,-7.3778,1.0588,-0.2846,-3.954,-2.6496,-6.6036,Aleem Ford
1630787,2021-2023,92.0,94.0,-1.2491,-1.533,0.5695,0.1574,0.0735,-0.1484,-2.7821,0.7269,-0.075,-0.6061,-1.5241,-2.1302,Cameron McGriff
1630792,2021-2023,468.0,468.0,-0.7711,-0.1972,0.0862,-0.2147,0.0133,-0.1521,-0.9683,-0.1285,-0.1388,-0.6716,-0.564,-1.2356,Malcolm Hill
1630846,2021-2023,1094.0,1101.0,-0.9286,0.2147,0.2886,0.1391,0.0096,0.4886,-0.7139,0.4277,0.4982,-0.6305,0.8424,0.2119,Olivier Sarr
1630994,2021-2023,97.0,97.0,-2.8806,-2.0134,0.5066,0.4599,0.0863,-0.0894,-4.8941,0.9664,-0.0031,-2.2878,-1.6429,-3.9308,Gabriel Lundberg
1631093,2021-2023,4727.0,4731.0,-1.1402,-2.5691,-0.1738,-0.0839,-0.2407,-0.8287,-3.7093,-0.2577,-1.0694,-1.5547,-3.4817,-5.0364,Jaden Ivey
1631094,2021-2023,5016.0,5019.0,-1.0375,-1.3766,0.5566,0.1586,0.46,-0.1927,-2.4142,0.7152,0.2673,-0.021,-1.4108,-1.4317,Paolo Banchero
1631095,2021-2023,5045.0,5042.0,-2.1854,-0.3535,0.3808,-0.1856,0.0522,-0.2297,-2.5389,0.1952,-0.1775,-1.7524,-0.7689,-2.5212,Jabari Smith Jr.
1631097,2021-2023,4719.0,4703.0,-0.1231,-2.6672,-0.4724,-0.432,-0.0271,0.3538,-2.7903,-0.9044,0.3267,-0.6227,-2.7454,-3.368,Bennedict Mathurin
1631098,2021-2023,897.0,887.0,-4.4846,-1.5066,0.5928,-0.036,-0.3435,0.5295,-5.9913,0.5568,0.186,-4.2354,-1.0131,-5.2485,Johnny Davis
1631099,2021-2023,4940.0,4932.0,-0.3723,-0.515,1.3556,0.101,0.3729,-0.5682,-0.8873,1.4565,-0.1953,1.3561,-0.9822,0.3739,Keegan Murray
1631100,2021-2023,2939.0,2950.0,-0.6685,-1.3363,0.1863,-0.1472,0.233,0.3667,-2.0049,0.0391,0.5998,-0.2492,-1.1168,-1.366,AJ Griffin
1631101,2021-2023,3671.0,3689.0,-1.6456,-1.7927,-0.1107,-0.1176,0.1042,-1.1831,-3.4383,-0.2283,-1.0789,-1.6521,-3.0934,-4.7455,Shaedon Sharpe
1631102,2021-2023,887.0,890.0,-3.5594,-1.473,0.6506,-0.1748,-0.197,0.2873,-5.0323,0.4758,0.0903,-3.1058,-1.3605,-4.4663,TyTy Washington Jr.
1631103,2021-2023,3290.0,3307.0,-2.3738,-2.1906,0.2187,0.0903,0.0702,-1.2503,-4.5644,0.309,-1.18,-2.0848,-3.3506,-5.4354,Malaki Branham
1631104,2021-2023,1441.0,1439.0,-6.0924,-2.4628,-0.0116,0.0328,-0.1273,-0.6084,-8.5552,0.0213,-0.7357,-6.2313,-3.0384,-9.2697,Blake Wesley
1631105,2021-2023,3418.0,3445.0,0.2957,0.9983,0.0944,-0.2558,-0.0736,-0.2143,1.294,-0.1615,-0.2879,0.3165,0.5282,0.8446,Jalen Duren
1631106,2021-2023,3676.0,3681.0,-0.0263,0.2512,0.2188,-0.1037,-0.0678,0.5742,0.2249,0.1152,0.5064,0.1248,0.7216,0.8465,Tari Eason
1631107,2021-2023,406.0,411.0,-0.9206,-1.1467,-0.3169,-0.3719,-0.0825,0.3455,-2.0674,-0.6888,0.263,-1.32,-1.1732,-2.4932,Nikola Jović
1631108,2021-2023,1079.0,1076.0,-3.4811,-0.553,0.8482,0.103,-0.2127,-0.3454,-4.0341,0.9513,-0.5581,-2.8456,-0.7953,-3.6409,Max Christie
1631109,2021-2023,1735.0,1731.0,0.2837,2.9157,-1.0861,-1.1138,-0.1931,0.3908,3.1994,-2.1998,0.1977,-0.9955,2.1928,1.1973,Mark Williams
1631110,2021-2023,3057.0,3046.0,-2.0011,-1.3837,0.1097,0.1437,0.1928,0.0333,-3.3848,0.2533,0.2262,-1.6985,-1.2067,-2.9053,Jeremy Sochan
1631111,2021-2023,331.0,340.0,-2.9311,0.2373,0.4128,0.3315,-0.1151,-0.2922,-2.6938,0.7443,-0.4073,-2.6334,0.2766,-2.3568,Wendell Moore Jr.
1631112,2021-2023,96.0,98.0,-2.6128,-0.6848,0.6892,0.5729,-0.0235,0.1701,-3.2976,1.2621,0.1465,-1.9471,0.0582,-1.8889,Kendall Brown
1631113,2021-2023,587.0,584.0,-2.6118,0.0105,-0.188,-0.0107,-0.115,-0.0929,-2.6014,-0.1987,-0.2079,-2.9149,-0.0931,-3.008,Kennedy Chandler
1631114,2021-2023,4817.0,4817.0,0.1071,0.4344,-0.0535,0.0665,0.0535,0.0813,0.5414,0.0129,0.1348,0.107,0.5822,0.6892,Jalen Williams
1631115,2021-2023,833.0,846.0,-0.7101,0.774,0.7189,0.1199,-0.0504,0.5363,0.0639,0.8388,0.4859,-0.0416,1.4302,1.3886,Orlando Robinson
1631116,2021-2023,470.0,471.0,-1.4849,-1.0643,-0.1083,0.0903,-0.1697,-0.3495,-2.5492,-0.0179,-0.5192,-1.7629,-1.3234,-3.0863,Patrick Baldwin Jr.
1631117,2021-2023,3536.0,3538.0,0.378,4.8855,-0.4938,0.0864,0.3392,-0.2196,5.2635,-0.4074,0.1196,0.2235,4.7523,4.9757,Walker Kessler
1631119,2021-2023,1895.0,1902.0,-1.6865,0.7816,0.5783,-0.321,0.0618,-0.4287,-0.9049,0.2574,-0.3669,-1.0465,0.032,-1.0145,Jaylin Williams
1631120,2021-2023,134.0,135.0,-2.015,0.3358,-0.1077,0.2895,-0.0166,-0.1604,-1.6792,0.1818,-0.177,-2.1393,0.465,-1.6744,JD Davison
1631121,2021-2023,1652.0,1669.0,-3.3626,-2.1732,-0.086,-0.019,0.049,0.1073,-5.5358,-0.1049,0.1563,-3.3996,-2.0849,-5.4845,Bryce McGowens
1631123,2021-2023,133.0,136.0,-3.7134,-0.2554,0.5151,0.3428,0.0008,-0.3484,-3.9689,0.8579,-0.3476,-3.1975,-0.2611,-3.4586,Jamaree Bouyea
1631128,2021-2023,2407.0,2414.0,-2.3776,-0.2477,0.4821,-0.1014,-0.2763,0.5015,-2.6253,0.3806,0.2253,-2.1718,0.1524,-2.0194,Christian Braun
1631132,2021-2023,1655.0,1639.0,-2.7077,1.9744,0.8356,0.3586,0.0812,1.2799,-0.7333,1.1942,1.3612,-1.7909,3.613,1.8221,Christian Koloko
1631133,2021-2023,1302.0,1302.0,-2.489,-1.4961,0.2537,0.2137,-0.0254,0.2096,-3.9851,0.4674,0.1841,-2.2607,-1.0729,-3.3335,Jabari Walker
1631157,2021-2023,131.0,132.0,-3.7814,-2.4035,0.5044,-0.0318,-0.2044,0.0224,-6.1849,0.4727,-0.1819,-3.4813,-2.4129,-5.8942,Ryan Rollins
1631160,2021-2023,173.0,171.0,-2.2198,-1.7246,-0.0277,0.1379,-0.1876,-0.1226,-3.9443,0.1102,-0.3102,-2.4351,-1.7093,-4.1443,Jordan Hall
1631165,2021-2023,143.0,143.0,-0.4053,0.0084,0.0696,1.1351,-0.068,-0.3422,-0.3968,1.2047,-0.4102,-0.4037,0.8013,0.3977,Keon Ellis
1631169,2021-2023,214.0,215.0,-0.9182,2.1882,-0.074,-0.2006,0.0936,-0.0743,1.27,-0.2746,0.0193,-0.8986,1.9134,1.0148,Josh Minott
1631172,2021-2023,1192.0,1190.0,-2.5817,-0.9635,0.6707,-0.1663,0.0791,0.7363,-3.5451,0.5044,0.8154,-1.8318,-0.3935,-2.2253,Ousmane Dieng
1631197,2021-2023,399.0,398.0,-2.9766,-1.0076,0.8065,-0.1637,0.1952,0.1794,-3.9842,0.6428,0.3746,-1.9749,-0.992,-2.9669,Jared Rhoden
1631199,2021-2023,96.0,96.0,-0.0966,-0.6598,0.5113,0.3619,0.0399,0.1586,-0.7565,0.8732,0.1985,0.4547,-0.1394,0.3153,Ron Harper Jr.
1631205,2021-2023,182.0,185.0,-4.2421,-2.6277,1.5076,0.1358,0.0142,0.3162,-6.8698,1.6434,0.3304,-2.7203,-2.1757,-4.896,Buddy Boeheim
1631207,2021-2023,441.0,444.0,-0.7882,0.2215,0.429,0.152,-0.0855,0.1985,-0.5667,0.581,0.113,-0.4446,0.5719,0.1273,Dalen Terry
1631211,2021-2023,17.0,20.0,-5.0644,-4.4627,0.3191,-0.5819,-0.0497,-0.068,-9.5271,-0.2628,-0.1177,-4.795,-5.1126,-9.9076,Trevor Keels
1631212,2021-2023,372.0,373.0,-2.5687,1.3079,-0.1099,-0.1155,-0.0585,-0.1454,-1.2608,-0.2254,-0.2039,-2.7371,1.0469,-1.6902,Peyton Watson
1631213,2021-2023,127.0,130.0,-2.2862,-1.8177,0.6703,-0.2642,0.0233,-0.1077,-4.1039,0.4061,-0.0844,-1.5926,-2.1896,-3.7822,Tyrese Martin
1631214,2021-2023,11.0,11.0,-5.4788,-4.4959,-0.2297,-0.6655,-0.0197,-0.0227,-9.9748,-0.8953,-0.0424,-5.7283,-5.1842,-10.9125,Alondes Williams
1631216,2021-2023,1672.0,1676.0,-2.8054,-2.0822,0.5135,0.2661,0.1516,-0.2147,-4.8876,0.7795,-0.0631,-2.1403,-2.0308,-4.1712,Caleb Houstan
1631217,2021-2023,410.0,409.0,-0.6061,-0.6782,0.3541,0.1579,-0.0748,-0.5251,-1.2843,0.5121,-0.5999,-0.3267,-1.0454,-1.3721,Moussa Diabaté
1631219,2021-2023,468.0,470.0,-4.4243,-0.0837,1.0849,0.4244,-0.0889,-0.4689,-4.508,1.5092,-0.5578,-3.4284,-0.1282,-3.5566,John Butler Jr.
1631220,2021-2023,23.0,23.0,-4.6487,-4.6874,-0.543,-0.5371,0.0229,0.1284,-9.3362,-1.0801,0.1514,-5.1688,-5.0961,-10.2649,Dereon Seabron
1631222,2021-2023,857.0,862.0,-2.8001,-1.4498,0.6973,0.0138,-0.0845,-0.252,-4.2498,0.7112,-0.3365,-2.1873,-1.6879,-3.8752,Jake LaRavia
1631223,2021-2023,2635.0,2660.0,-2.8656,-1.8012,0.3428,-0.2554,0.0557,-0.1738,-4.6668,0.0874,-0.1181,-2.467,-2.2304,-4.6974,David Roddy
1631230,2021-2023,874.0,880.0,-1.4923,0.7633,0.9017,0.5127,-0.0638,-0.5713,-0.729,1.4144,-0.6351,-0.6544,0.7047,0.0503,Dominick Barlow
1631245,2021-2023,297.0,296.0,-0.9846,-0.682,0.2773,-0.2648,-0.0489,-0.0015,-1.6666,0.0125,-0.0504,-0.7562,-0.9483,-1.7045,Quenton Jackson
1631246,2021-2023,217.0,217.0,-4.0408,-1.7138,1.2953,-0.3222,-0.1865,0.1025,-5.7546,0.9731,-0.084,-2.932,-1.9335,-4.8655,Vince Williams Jr.
1631254,2021-2023,356.0,358.0,2.0277,-0.2984,-0.1456,-0.2289,-0.1007,-0.6449,1.7293,-0.3745,-0.7456,1.7814,-1.1722,0.6092,Kenneth Lofton Jr.
1631260,2021-2023,728.0,713.0,-0.3311,-1.4667,0.1229,0.1996,-0.0684,-0.3029,-1.7978,0.3225,-0.3713,-0.2766,-1.57,-1.8465,AJ Green
1631288,2021-2023,503.0,507.0,0.3154,0.2114,0.0208,-0.1533,-0.0038,0.6785,0.5269,-0.1325,0.6747,0.3325,0.7366,1.0691,Jamal Cain
1631298,2021-2023,127.0,133.0,-1.1231,0.3243,0.5861,0.1418,-0.0373,0.0818,-0.7988,0.7279,0.0445,-0.5742,0.5478,-0.0264,Jack White
1631303,2021-2023,191.0,190.0,-5.1538,-0.023,0.2514,-0.0127,0.0483,-0.3591,-5.1768,0.2388,-0.3107,-4.8541,-0.3947,-5.2487,Justin Minaya
1631306,2021-2023,88.0,88.0,-2.3679,-0.8162,0.3099,0.3926,0.0187,-0.0689,-3.1842,0.7026,-0.0502,-2.0393,-0.4925,-2.5318,Cole Swider
1631309,2021-2023,56.0,56.0,-1.8812,-2.0104,-0.1434,0.3908,-0.0345,0.0486,-3.8915,0.2474,0.0141,-2.0591,-1.571,-3.6301,Trevor Hudgins
1631311,2021-2023,40.0,41.0,-0.9304,-1.6026,-1.3954,0.3748,0.0285,0.1647,-2.533,-1.0206,0.1932,-2.2973,-1.0631,-3.3604,Lester Quinones
1631320,2021-2023,16.0,17.0,-4.2462,-4.9414,0.5003,-0.0933,-0.028,-0.0513,-9.1876,0.407,-0.0792,-3.7739,-5.086,-8.8599,Chima Moneke
1631323,2021-2023,1641.0,1643.0,-2.1668,-3.1447,0.2104,0.1062,-0.2868,-1.1334,-5.3116,0.3167,-1.4202,-2.2432,-4.1719,-6.4152,Simone Fontecchio
1631367,2021-2023,85.0,87.0,-2.5655,-0.1204,0.0937,0.4556,-0.0322,-0.0813,-2.6859,0.5493,-0.1135,-2.5041,0.2539,-2.2502,Jacob Gilyard
1631466,2021-2023,276.0,275.0,-0.0738,-0.7224,0.7323,0.2665,0.0463,-0.2294,-0.7963,0.9987,-0.1831,0.7047,-0.6853,0.0194,Nate Williams
1631495,2021-2023,9.0,9.0,-4.3648,-4.2692,0.2462,-0.818,0.0218,0.0933,-8.634,-0.5718,0.1151,-4.0968,-4.9939,-9.0907,Donovan Williams
1641645,2021-2023,280.0,280.0,-1.6441,0.1674,0.5499,0.1488,0.0925,0.161,-1.4767,0.6987,0.2535,-1.0017,0.4773,-0.5244,Xavier Cooks
2544,2024-2026,14259.0,14280.0,3.0023,-0.2762,-0.1929,0.1432,-0.4094,-0.363,2.7261,-0.0497,-0.7724,2.4,-0.4959,1.9041,LeBron James
101108,2024-2026,8303.0,8254.0,0.903,0.6781,-1.0975,-1.0012,-0.0379,-1.2505,1.5811,-2.0986,-1.2884,-0.2323,-1.5736,-1.8059,Chris Paul
200768,2024-2026,4949.0,4953.0,-1.3,-0.1221,-1.4549,0.2131,-0.3116,0.619,-1.422,-1.2418,0.3074,-3.0665,0.71,-2.3565,Kyle Lowry
200782,2024-2026,1079.0,1090.0,-3.913,-0.14,0.5295,0.0154,0.073,-0.6538,-4.053,0.5449,-0.5808,-3.3105,-0.7784,-4.089,P.J. Tucker
201142,2024-2026,16111.0,16110.0,1.6845,-0.8976,1.4116,0.0358,0.2271,-0.1731,0.7868,1.4475,0.0539,3.3232,-1.0349,2.2882,Kevin Durant
201143,2024-2026,8822.0,8830.0,-0.6705,1.728,0.5166,-0.063,0.2269,0.2449,1.0575,0.4536,0.4719,0.073,1.9099,1.983,Al Horford
201144,2024-2026,9877.0,9900.0,1.2185,0.2395,-1.7419,0.2351,-0.1659,-0.3547,1.458,-1.5068,-0.5206,-0.6893,0.1199,-0.5695,Mike Conley
201145,2024-2026,3851.0,3871.0,-1.3652,-1.4678,0.0452,-0.0662,-0.0527,-0.9746,-2.833,-0.021,-1.0273,-1.3727,-2.5085,-3.8813,Jeff Green
201152,2024-2026,881.0,885.0,0.3854,1.2954,-0.1575,0.0278,0.1438,-0.4858,1.6808,-0.1298,-0.342,0.3716,0.8374,1.2091,Thaddeus Young
201565,2024-2026,825.0,831.0,-1.7741,-3.219,0.598,0.0332,-0.1747,0.7663,-4.9932,0.6313,0.5915,-1.3508,-2.4196,-3.7704,Derrick Rose
201566,2024-2026,11526.0,11544.0,-0.6012,-1.0452,-0.0048,0.021,-0.2808,-1.3162,-1.6464,0.0161,-1.5971,-0.8868,-2.3405,-3.2273,Russell Westbrook
201567,2024-2026,3700.0,3762.0,2.3963,2.4035,-0.624,0.2182,0.217,-0.2881,4.7997,-0.4058,-0.0711,1.9893,2.3336,4.3229,Kevin Love
201568,2024-2026,1299.0,1311.0,0.8118,0.0413,0.0852,-0.0043,-0.1363,-0.5934,0.8531,0.0809,-0.7297,0.7607,-0.5564,0.2043,Danilo Gallinari
201569,2024-2026,5593.0,5599.0,-1.2191,-1.4791,0.1393,0.2733,0.2856,0.5972,-2.6981,0.4126,0.8828,-0.7941,-0.6086,-1.4027,Eric Gordon
201572,2024-2026,13516.0,13535.0,-1.9793,1.7215,0.395,0.1724,-0.1874,1.0598,-0.2578,0.5674,0.8724,-1.7716,2.9537,1.182,Brook Lopez
201577,2024-2026,138.0,141.0,-4.5277,-1.7375,0.7807,0.3054,-0.0747,-0.1213,-6.2652,1.0861,-0.196,-3.8217,-1.5535,-5.3752,Robin Lopez
201580,2024-2026,724.0,725.0,-1.307,2.4477,-0.9652,-0.7724,-0.0415,-0.1774,1.1407,-1.7376,-0.2189,-2.3137,1.498,-0.8158,JaVale McGee
201587,2024-2026,8489.0,8494.0,-2.0139,0.8619,1.352,-0.0314,0.3555,0.3216,-1.152,1.3205,0.6772,-0.3063,1.152,0.8457,Nicolas Batum
201599,2024-2026,2581.0,2603.0,-1.1179,3.2078,0.1719,-0.5262,-0.1631,0.3907,2.0899,-0.3542,0.2276,-1.1091,3.0723,1.9632,DeAndre Jordan
201935,2024-2026,15551.0,15526.0,3.8783,0.0118,0.0663,-0.9084,0.1323,-1.5938,3.8901,-0.8421,-1.4614,4.0769,-2.4903,1.5866,James Harden
201939,2024-2026,12604.0,12544.0,5.2115,-1.2343,0.3781,0.0294,0.5566,-1.5627,3.9772,0.4076,-1.0061,6.1462,-2.7676,3.3787,Stephen Curry
201942,2024-2026,16596.0,16579.0,1.4226,-0.8791,-0.359,-0.348,0.3046,-1.4293,0.5435,-0.707,-1.1247,1.3682,-2.6564,-1.2882,DeMar DeRozan
201949,2024-2026,172.0,172.0,-6.533,-1.3753,-0.055,-0.0805,0.058,-0.1379,-7.9083,-0.1355,-0.0799,-6.53,-1.5937,-8.1237,James Johnson
201950,2024-2026,11721.0,11752.0,0.0683,-1.2176,0.0252,0.5443,-0.1899,1.7153,-1.1493,0.5695,1.5254,-0.0964,1.0419,0.9455,Jrue Holiday
201959,2024-2026,1449.0,1453.0,-4.0647,0.0606,0.5942,0.2749,-0.3983,0.7477,-4.0041,0.8691,0.3494,-3.8688,1.0832,-2.7856,Taj Gibson
201976,2024-2026,2957.0,2961.0,-1.5496,0.0954,0.2483,0.2118,-0.0779,-0.0103,-1.4541,0.4601,-0.0882,-1.3792,0.2969,-1.0823,Patrick Beverley
201980,2024-2026,38.0,39.0,-6.0154,-0.8563,0.2031,0.1257,-0.0027,-0.0513,-6.8717,0.3288,-0.054,-5.8149,-0.7819,-6.5969,Danny Green
201988,2024-2026,1520.0,1522.0,-2.4293,-1.8392,-0.4515,0.0366,-0.0056,1.2958,-4.2685,-0.415,1.2902,-2.8865,-0.5068,-3.3933,Patty Mills
202066,2024-2026,1243.0,1245.0,-2.3945,-0.2401,-0.2169,0.1739,-0.2173,0.022,-2.6346,-0.043,-0.1953,-2.8288,-0.0442,-2.8729,Garrett Temple
202083,2024-2026,842.0,854.0,-2.8053,0.8761,-0.2426,-0.0373,-0.0212,-0.3067,-1.9292,-0.2799,-0.3278,-3.0691,0.5321,-2.537,Wesley Matthews
202330,2024-2026,2583.0,2584.0,-1.7804,-1.3854,0.1701,0.0893,-0.0225,-1.0999,-3.1657,0.2594,-1.1224,-1.6328,-2.396,-4.0287,Gordon Hayward
202331,2024-2026,10038.0,10015.0,1.7077,1.1428,-0.7645,0.0868,-0.1654,0.8132,2.8504,-0.6776,0.6478,0.7777,2.0428,2.8206,Paul George
202397,2024-2026,1523.0,1537.0,-5.5178,-3.6692,-0.6752,-0.2935,-0.0025,-0.3224,-9.1869,-0.9688,-0.3248,-6.1954,-4.2851,-10.4805,Ish Smith
202681,2024-2026,7890.0,7883.0,3.1217,-0.4461,0.5708,0.0028,0.3619,0.1347,2.6756,0.5737,0.4966,4.0544,-0.3085,3.7459,Kyrie Irving
202684,2024-2026,1762.0,1775.0,-2.7803,1.4667,0.5152,-0.2416,-0.0692,-0.0911,-1.3136,0.2736,-0.1603,-2.3343,1.1339,-1.2003,Tristan Thompson
202685,2024-2026,8737.0,8726.0,0.7092,1.8713,0.8656,-0.2858,0.5279,-0.3305,2.5805,0.5798,0.1973,2.1027,1.255,3.3577,Jonas Valančiūnas
202687,2024-2026,2969.0,2969.0,-4.5936,0.9975,0.4389,-0.1706,0.0906,-0.9116,-3.5961,0.2683,-0.821,-4.0641,-0.0847,-4.1488,Bismack Biyombo
202691,2024-2026,12015.0,11972.0,-0.3363,-2.2696,-0.6489,-0.0586,-0.2398,-0.1584,-2.6059,-0.7074,-0.3982,-1.225,-2.4865,-3.7115,Klay Thompson
202692,2024-2026,4213.0,4224.0,0.5161,-0.8417,-0.441,0.0251,-0.1404,-0.1924,-0.3255,-0.4159,-0.3328,-0.0652,-1.009,-1.0742,Alec Burks
202693,2024-2026,798.0,800.0,-4.6523,-1.8078,0.6176,-0.1036,-0.1447,-0.1444,-6.4601,0.5139,-0.2891,-4.1794,-2.0558,-6.2352,Markieff Morris
202694,2024-2026,1646.0,1638.0,-2.867,-1.1763,0.7763,-0.3938,-0.0874,-0.848,-4.0434,0.3825,-0.9354,-2.1782,-2.4181,-4.5963,Marcus Morris Sr.
202695,2024-2026,11182.0,11173.0,4.7996,2.2532,1.2039,0.4067,0.3499,0.7469,7.0528,1.6106,1.0968,6.3534,3.4068,9.7603,Kawhi Leonard
202696,2024-2026,13887.0,13893.0,0.4368,0.5928,-0.3696,0.1648,0.1931,0.2424,1.0296,-0.2048,0.4355,0.2603,1.0,1.2603,Nikola Vučević
202699,2024-2026,13168.0,13183.0,-0.651,0.2478,0.7078,0.0474,0.5397,1.3474,-0.4032,0.7552,1.8871,0.5965,1.6426,2.2391,Tobias Harris
202704,2024-2026,4446.0,4449.0,-1.9719,-2.9127,0.0527,-0.1767,-0.0588,0.7342,-4.8846,-0.1239,0.6754,-1.978,-2.3552,-4.3331,Reggie Jackson
202709,2024-2026,1834.0,1841.0,-1.7172,-0.8719,-0.0089,0.2453,0.3654,-0.4992,-2.5892,0.2364,-0.1338,-1.3607,-1.1258,-2.4866,Cory Joseph
202710,2024-2026,10088.0,10047.0,5.7727,1.4038,-1.7784,0.438,0.1421,0.2137,7.1765,-1.3404,0.3558,4.1364,2.0555,6.1919,Jimmy Butler III
202711,2024-2026,2999.0,2992.0,-0.8128,-3.622,-0.1605,-0.3449,-0.1558,-1.374,-4.4348,-0.5055,-1.5298,-1.1292,-5.3409,-6.47,Bojan Bogdanovic
202722,2024-2026,1362.0,1363.0,0.1187,0.2473,-1.0054,0.1909,-0.1187,-0.4997,0.366,-0.8145,-0.6184,-1.0054,-0.0615,-1.0669,Davis Bertans
202738,2024-2026,37.0,39.0,-4.9289,-1.5391,0.2969,0.0584,-0.0013,-0.1268,-6.4681,0.3553,-0.1281,-4.6333,-1.6075,-6.2408,Isaiah Thomas
203076,2024-2026,10468.0,10451.0,2.2468,4.9019,-0.1952,0.5271,-0.0833,-0.213,7.1487,0.3319,-0.2963,1.9683,5.216,7.1843,Anthony Davis
203078,2024-2026,7312.0,7322.0,-0.2857,-1.8228,0.0688,-0.0136,-0.4899,-0.6287,-2.1084,0.0552,-1.1186,-0.7068,-2.4651,-3.1719,Bradley Beal
203081,2024-2026,9767.0,9762.0,4.6258,-1.0206,0.0399,-0.1068,-0.3665,1.5389,3.6052,-0.067,1.1724,4.2991,0.4115,4.7106,Damian Lillard
203083,2024-2026,6694.0,6722.0,1.0037,4.7726,-1.1007,-1.329,-0.2715,-1.393,5.7762,-2.4298,-1.6645,-0.3686,2.0505,1.6819,Andre Drummond
203084,2024-2026,13583.0,13532.0,0.4372,-1.7618,0.4374,-0.1238,0.1178,-0.243,-1.3246,0.3136,-0.1252,0.9923,-2.1285,-1.1362,Harrison Barnes
203095,2024-2026,1199.0,1196.0,-2.6685,-0.5715,-0.5975,-0.3972,-0.5428,0.7691,-3.24,-0.9947,0.2263,-3.8088,-0.1996,-4.0084,Evan Fournier
203109,2024-2026,2605.0,2611.0,-2.3414,-0.732,0.6541,0.0521,-0.3697,-0.5508,-3.0735,0.7062,-0.9205,-2.057,-1.2307,-3.2878,Jae Crowder
203110,2024-2026,11095.0,11098.0,-2.0365,0.8112,-0.3426,0.6784,-0.0247,1.7989,-1.2253,0.3358,1.7742,-2.4038,3.2886,0.8847,Draymond Green
203114,2024-2026,7960.0,7942.0,-0.5034,-1.5451,0.1442,-0.0017,0.2626,-0.9472,-2.0485,0.1424,-0.6845,-0.0965,-2.494,-2.5906,Khris Middleton
203200,2024-2026,1758.0,1755.0,-1.776,-0.1109,0.2222,0.2495,0.0332,0.4343,-1.8868,0.4718,0.4675,-1.5205,0.5729,-0.9476,Justin Holiday
203458,2024-2026,1682.0,1687.0,-3.2136,2.6555,1.024,0.0448,0.0244,-0.3873,-0.5581,1.0688,-0.3629,-2.1652,2.313,0.1478,Alex Len
203468,2024-2026,12964.0,12909.0,0.9975,-1.4539,0.266,0.1871,0.2132,-0.0681,-0.4564,0.4531,0.1451,1.4768,-1.335,0.1418,CJ McCollum
203469,2024-2026,684.0,693.0,-0.9321,1.1387,0.4176,0.0021,0.2544,0.3351,0.2066,0.4197,0.5895,-0.2601,1.4759,1.2158,Cody Zeller
203471,2024-2026,12812.0,12829.0,-0.4925,-2.3548,-0.4331,-0.0704,0.1395,-0.0327,-2.8473,-0.5035,0.1069,-0.7861,-2.4578,-3.2439,Dennis Schröder
203482,2024-2026,6250.0,6208.0,0.8875,0.84,-1.1283,-0.1914,-0.1353,-0.766,1.7275,-1.3196,-0.9013,-0.376,-0.1174,-0.4934,Kelly Olynyk
203484,2024-2026,11623.0,11623.0,-1.5405,-0.5166,-0.4048,0.1831,-0.1916,1.0793,-2.0571,-0.2217,0.8878,-2.1369,0.7458,-1.3911,Kentavious Caldwell-Pope
203486,2024-2026,4389.0,4399.0,-0.8986,2.9252,0.3412,0.1202,0.3639,-1.5041,2.0266,0.4615,-1.1402,-0.1935,1.5414,1.3478,Mason Plumlee
203488,2024-2026,1255.0,1266.0,-3.4336,-1.0587,0.1918,0.2321,-0.0228,0.3152,-4.4924,0.4239,0.2923,-3.2647,-0.5114,-3.7761,Mike Muscala
203490,2024-2026,370.0,363.0,-3.5872,0.1703,0.4061,-0.0704,0.0074,0.1985,-3.4169,0.3356,0.2059,-3.1737,0.2983,-2.8754,Otto Porter Jr.
203493,2024-2026,871.0,867.0,-3.3916,-0.1323,1.2218,-0.1329,-0.1184,-0.4941,-3.5239,1.0889,-0.6125,-2.2882,-0.7593,-3.0475,Reggie Bullock Jr.
203496,2024-2026,986.0,999.0,-0.6335,4.2321,0.4089,-0.0197,0.0937,0.409,3.5987,0.3892,0.5027,-0.1309,4.6214,4.4905,Robert Covington
203497,2024-2026,14826.0,14857.0,0.1492,4.1901,-0.7819,-0.1117,-0.0022,2.5015,4.3393,-0.8936,2.4992,-0.635,6.5799,5.9449,Rudy Gobert
203500,2024-2026,3058.0,3070.0,0.6497,1.7904,0.9797,0.5895,0.3081,0.597,2.4401,1.5693,0.9051,1.9375,2.977,4.9145,Steven Adams
203501,2024-2026,13288.0,13310.0,0.0059,-2.1316,0.1581,-0.2094,0.0141,-0.6807,-2.1257,-0.0513,-0.6666,0.1781,-3.0217,-2.8436,Tim Hardaway Jr.
203507,2024-2026,12224.0,12179.0,6.0282,3.6967,0.707,-0.0518,0.2185,-0.718,9.7249,0.6552,-0.4995,6.9537,2.9269,9.8806,Giannis Antetokounmpo
203552,2024-2026,3696.0,3673.0,-0.9404,-1.6525,-0.1899,-0.017,-0.1679,0.7384,-2.5929,-0.2069,0.5705,-1.2982,-0.931,-2.2292,Seth Curry
203648,2024-2026,629.0,629.0,-3.4729,0.4231,0.4836,0.3335,-0.2873,0.311,-3.0498,0.8171,0.0236,-3.2766,1.0676,-2.209,Thanasis Antetokounmpo
203897,2024-2026,9677.0,9691.0,0.8835,-2.7477,-0.3783,0.1934,0.0973,0.2771,-1.8642,-0.1849,0.3744,0.6026,-2.2772,-1.6746,Zach LaVine
203901,2024-2026,1051.0,1051.0,-5.3073,-1.8758,-0.0438,-0.9821,-0.2389,0.3775,-7.1831,-1.0259,0.1387,-5.59,-2.4804,-8.0703,Elfrid Payton
203903,2024-2026,8086.0,8067.0,-0.8959,-3.8715,0.0176,0.0256,-0.054,1.0808,-4.7674,0.0433,1.0268,-0.9322,-2.7651,-3.6973,Jordan Clarkson
203914,2024-2026,5386.0,5394.0,-2.3388,-0.7547,0.6791,0.1939,-0.0205,0.1922,-3.0935,0.873,0.1716,-1.6803,-0.3686,-2.0489,Gary Harris
203915,2024-2026,8876.0,8856.0,-0.2326,-1.2574,0.2843,-0.0319,0.4958,-0.4422,-1.49,0.2524,0.0536,0.5475,-1.7315,-1.184,Spencer Dinwiddie
203924,2024-2026,10442.0,10468.0,-0.3845,-1.5275,-0.6631,-0.1945,0.136,-0.5479,-1.912,-0.8576,-0.4119,-0.9116,-2.2699,-3.1815,Jerami Grant
203925,2024-2026,341.0,349.0,-4.4754,-2.3223,0.9459,0.4458,-0.0417,-0.413,-6.7976,1.3916,-0.4547,-3.5712,-2.2895,-5.8607,Joe Harris
203926,2024-2026,3512.0,3525.0,-1.2332,-2.8878,0.6662,0.1631,-0.3347,-2.0386,-4.121,0.8293,-2.3733,-0.9017,-4.7633,-5.665,Doug McDermott
203932,2024-2026,9690.0,9677.0,1.5511,-0.476,-0.5096,0.6745,-0.432,1.7729,1.0751,0.1648,1.3408,0.6094,1.9713,2.5808,Aaron Gordon
203933,2024-2026,267.0,265.0,-3.9259,-1.6542,0.5056,-0.0419,0.0508,0.6215,-5.5801,0.4637,0.6723,-3.3694,-1.0746,-4.4441,T.J. Warren
203935,2024-2026,6355.0,6358.0,-1.0302,-0.3664,-0.4224,0.6934,0.2379,2.7769,-1.3966,0.271,3.0148,-1.2147,3.1039,1.8892,Marcus Smart
203937,2024-2026,7510.0,7477.0,-1.725,1.4917,-0.4384,0.3335,-0.5533,1.3672,-0.2333,-0.1049,0.8139,-2.7167,3.1924,0.4757,Kyle Anderson
203939,2024-2026,4802.0,4796.0,-0.2925,2.2007,0.1812,0.4325,0.066,0.3447,1.9082,0.6137,0.4107,-0.0453,2.9779,2.9327,Dwight Powell
203944,2024-2026,13275.0,13276.0,1.5689,-1.7215,0.0905,0.1802,0.2885,0.254,-0.1526,0.2707,0.5425,1.9479,-1.2873,0.6607,Julius Randle
203952,2024-2026,12172.0,12171.0,-0.3166,-0.4749,-0.0689,0.1434,-0.1176,-0.2416,-0.7915,0.0744,-0.3592,-0.5031,-0.5731,-1.0762,Andrew Wiggins
203954,2024-2026,6396.0,6395.0,5.372,1.788,-0.2491,0.9179,-0.4712,0.7684,7.16,0.6688,0.2972,4.6516,3.4743,8.126,Joel Embiid
203957,2024-2026,3030.0,3031.0,-0.5053,-1.6578,-0.011,0.1925,0.6413,0.7925,-2.1631,0.1815,1.4338,0.125,-0.6727,-0.5477,Dante Exum
203967,2024-2026,2747.0,2744.0,0.1472,-0.5141,0.0764,-0.1155,-0.2669,0.1942,-0.367,-0.0392,-0.0727,-0.0434,-0.4355,-0.4788,Dario Saric
203991,2024-2026,8290.0,8306.0,-0.047,3.6577,-0.443,-0.1281,-0.2414,1.1523,3.6107,-0.5711,0.9109,-0.7314,4.6819,3.9505,Clint Capela
203992,2024-2026,8663.0,8651.0,-0.0236,-1.2351,-0.2242,-0.0079,0.4625,1.2305,-1.2586,-0.232,1.693,0.2147,-0.0124,0.2023,Bogdan Bogdanović
203994,2024-2026,8723.0,8691.0,-0.6548,3.3816,0.1391,1.1256,0.0564,1.7017,2.7269,1.2647,1.7581,-0.4592,6.2089,5.7497,Jusuf Nurkić
203995,2024-2026,3889.0,3879.0,-3.1135,-4.6787,-0.2723,-0.1984,0.2324,1.7949,-7.7922,-0.4707,2.0273,-3.1533,-3.0822,-6.2355,Vasilije Micic
203999,2024-2026,15777.0,15711.0,8.2075,4.1851,1.3744,0.168,0.4022,-0.3386,12.3926,1.5424,0.0636,9.9841,4.0144,13.9985,Nikola Jokić
204001,2024-2026,7585.0,7550.0,2.8358,3.5031,-1.1225,-0.2182,-0.4681,-0.6396,6.3389,-1.3407,-1.1077,1.2452,2.6454,3.8906,Kristaps Porziņģis
204060,2024-2026,2940.0,2916.0,-1.5632,-1.1987,-0.3987,0.0445,0.666,-0.6293,-2.7619,-0.3541,0.0367,-1.2959,-1.7835,-3.0794,Joe Ingles
204456,2024-2026,7723.0,7785.0,0.7673,-0.2008,-0.2253,-0.8152,0.2701,-0.8094,0.5664,-1.0404,-0.5393,0.8121,-1.8254,-1.0133,T.J. McConnell
1626143,2024-2026,7.0,8.0,-6.1913,-2.2748,0.194,-0.1344,0.0112,0.0734,-8.4661,0.0596,0.0847,-5.986,-2.3358,-8.3218,Jahlil Okafor
1626145,2024-2026,10549.0,10543.0,0.4955,-1.1307,-1.9004,-0.5362,-0.1139,-1.1954,-0.6351,-2.4366,-1.3093,-1.5187,-2.8622,-4.381,Tyus Jones
1626153,2024-2026,2801.0,2816.0,-0.809,1.7811,-0.2459,0.4012,-0.2049,0.7827,0.9721,0.1553,0.5778,-1.2597,2.9649,1.7052,Delon Wright
1626156,2024-2026,9274.0,9270.0,0.6006,-1.6684,-0.1255,0.1298,0.2368,1.2335,-1.0678,0.0043,1.4703,0.7119,-0.3051,0.4068,D'Angelo Russell
1626157,2024-2026,13884.0,13771.0,2.8358,1.3529,0.8671,-0.3096,0.2702,-0.2583,4.1887,0.5576,0.0119,3.9731,0.785,4.7581,Karl-Anthony Towns
1626158,2024-2026,2255.0,2254.0,-0.1044,1.8128,-0.9106,0.1755,0.1883,-0.2167,1.7084,-0.7351,-0.0284,-0.8267,1.7716,0.9449,Richaun Holmes
1626162,2024-2026,11616.0,11624.0,-0.9278,0.483,-0.4649,-0.512,0.0749,-1.6348,-0.4449,-0.977,-1.5598,-1.3178,-1.6638,-2.9816,Kelly Oubre Jr.
1626164,2024-2026,15149.0,15109.0,3.4017,-2.2248,0.4029,0.1176,0.2323,0.7746,1.1769,0.5205,1.0069,4.0369,-1.3326,2.7043,Devin Booker
1626166,2024-2026,5680.0,5683.0,0.1406,-0.5277,-0.5131,0.0667,0.074,0.0429,-0.3871,-0.4465,0.1169,-0.2985,-0.4182,-0.7167,Cameron Payne
1626167,2024-2026,12743.0,12724.0,-0.6547,2.9319,-0.1855,-0.0699,0.0159,0.1187,2.2772,-0.2554,0.1346,-0.8243,2.9807,2.1564,Myles Turner
1626168,2024-2026,5127.0,5141.0,-0.5557,0.4327,0.7576,-0.0141,0.23,-0.1825,-0.1231,0.7435,0.0475,0.4318,0.236,0.6679,Trey Lyles
1626171,2024-2026,9975.0,9985.0,0.0472,0.7445,0.2855,-0.6563,-0.0492,-0.8102,0.7917,-0.3708,-0.8594,0.2835,-0.722,-0.4384,Bobby Portis
1626172,2024-2026,5386.0,5415.0,0.0281,3.2454,0.602,0.2375,-0.0988,0.3324,3.2734,0.8395,0.2337,0.5313,3.8153,4.3466,Kevon Looney
1626174,2024-2026,1806.0,1809.0,-2.376,1.464,-0.2538,-0.7099,-0.025,0.6093,-0.912,-0.9637,0.5843,-2.6548,1.3634,-1.2914,Christian Wood
1626179,2024-2026,7487.0,7508.0,-0.2394,-1.8652,-0.7899,-0.2397,-0.4823,-0.7426,-2.1046,-1.0296,-1.2249,-1.5115,-2.8475,-4.3591,Terry Rozier
1626181,2024-2026,11813.0,11811.0,1.4621,-1.2674,-0.548,-0.1441,0.384,2.1714,0.1947,-0.6922,2.5554,1.2981,0.7599,2.0579,Norman Powell
1626192,2024-2026,5267.0,5282.0,-1.5353,-0.927,0.0535,0.0164,-0.3478,-0.6545,-2.4622,0.0699,-1.0023,-1.8296,-1.565,-3.3946,Pat Connaughton
1626196,2024-2026,2534.0,2555.0,-1.6656,-1.6617,0.0097,0.1319,-0.3572,-0.5669,-3.3272,0.1417,-0.9241,-2.0131,-2.0966,-4.1097,Josh Richardson
1626204,2024-2026,4401.0,4424.0,-0.2593,1.912,0.3712,-0.2281,-0.5775,0.1417,1.6527,0.1432,-0.4358,-0.4655,1.8257,1.3601,Larry Nance Jr.
1626220,2024-2026,12345.0,12328.0,-0.7346,0.8163,-0.1087,-0.0202,-0.2908,-0.1503,0.0817,-0.1288,-0.4411,-1.1341,0.6458,-0.4882,Royce O'Neale
1626224,2024-2026,2711.0,2728.0,-1.2117,-0.9593,0.7254,-0.1629,-0.3507,-1.6535,-2.171,0.5625,-2.0042,-0.837,-2.7757,-3.6127,Cedi Osman
1626246,2024-2026,154.0,154.0,-0.4277,1.5059,-0.9383,-0.0536,-0.0437,-0.2537,1.0783,-0.9918,-0.2974,-1.4096,1.1986,-0.211,Boban Marjanovic
1627732,2024-2026,2983.0,2989.0,-2.5735,0.0431,-0.0415,-0.5447,0.5588,0.7945,-2.5304,-0.5863,1.3533,-2.0563,0.2929,-1.7633,Ben Simmons
1627734,2024-2026,12162.0,12112.0,2.9639,1.2846,-0.9908,0.2766,-0.2581,0.016,4.2485,-0.7141,-0.2422,1.715,1.5772,3.2922,Domantas Sabonis
1627736,2024-2026,9711.0,9710.0,0.3518,-1.5188,-0.2573,0.3806,0.2293,1.3578,-1.1671,0.1233,1.5871,0.3238,0.2195,0.5433,Malik Beasley
1627739,2024-2026,10677.0,10695.0,-1.1805,1.5571,0.3298,-0.0655,0.434,0.1491,0.3767,0.2643,0.5831,-0.4166,1.6407,1.2241,Kris Dunn
1627741,2024-2026,10078.0,10018.0,0.0226,-0.6929,-0.5481,-0.2049,-0.158,-1.2586,-0.6702,-0.753,-1.4166,-0.6835,-2.1563,-2.8398,Buddy Hield
1627742,2024-2026,10764.0,10734.0,-0.3061,-1.9156,0.6011,0.4123,0.051,0.4817,-2.2217,1.0134,0.5327,0.3459,-1.0216,-0.6757,Brandon Ingram
1627745,2024-2026,529.0,533.0,-1.2629,1.1349,-0.1736,-0.0024,-0.3682,-0.3407,-0.128,-0.176,-0.7088,-1.8048,0.7919,-1.0129,Damian Jones
1627746,2024-2026,101.0,100.0,-0.4249,1.3874,0.2012,0.0649,0.0062,0.0148,0.9625,0.2661,0.021,-0.2175,1.4671,1.2496,Skal Labissiere
1627747,2024-2026,9794.0,9807.0,-0.5924,-0.0827,-0.0112,0.0119,0.1224,0.2403,-0.6751,0.0008,0.3627,-0.4811,0.1695,-0.3116,Caris LeVert
1627749,2024-2026,8753.0,8748.0,0.6903,-0.7041,-0.1446,0.0652,0.156,-2.1783,-0.0138,-0.0794,-2.0223,0.7017,-2.8172,-2.1155,Dejounte Murray
1627750,2024-2026,14166.0,14129.0,2.9362,-0.7824,0.8687,-0.0553,0.4002,-2.1932,2.1537,0.8134,-1.793,4.2051,-3.031,1.1741,Jamal Murray
1627751,2024-2026,8549.0,8537.0,0.0654,2.6798,-0.085,-0.066,0.3237,0.3534,2.7452,-0.151,0.6771,0.3041,2.9672,3.2712,Jakob Poeltl
1627752,2024-2026,10142.0,10125.0,-2.3618,-1.1945,0.8834,-0.3497,0.3577,-0.956,-3.5563,0.5337,-0.5983,-1.1207,-2.5001,-3.6208,Taurean Prince
1627759,2024-2026,14116.0,14065.0,1.2757,-1.301,0.4873,-0.1,-0.1299,-0.6368,-0.0253,0.3873,-0.7666,1.6331,-2.0378,-0.4047,Jaylen Brown
1627763,2024-2026,3462.0,3470.0,0.984,-1.6837,-0.1014,0.1854,0.1309,0.5111,-0.6997,0.0841,0.642,1.0136,-0.9872,0.0264,Malcolm Brogdon
1627777,2024-2026,7249.0,7221.0,-1.6975,-1.9467,0.9684,-0.0856,0.5171,-0.5171,-3.6442,0.8828,0.0001,-0.212,-2.5494,-2.7614,Georges Niang
1627780,2024-2026,5691.0,5726.0,0.8527,2.0809,0.1282,0.0057,0.2444,-0.5585,2.9335,0.1339,-0.3141,1.2252,1.5281,2.7533,Gary Payton II
1627783,2024-2026,15106.0,15112.0,1.667,-0.1731,0.1095,0.1519,0.0703,1.3596,1.4939,0.2614,1.4299,1.8468,1.3384,3.1853,Pascal Siakam
1627788,2024-2026,635.0,638.0,-2.6869,-0.6826,-0.0825,0.1714,0.2616,-0.4101,-3.3695,0.0888,-0.1486,-2.5078,-0.9214,-3.4292,Furkan Korkmaz
1627814,2024-2026,308.0,305.0,-1.4648,-2.3071,0.0664,-0.3604,-0.1163,0.2399,-3.7719,-0.294,0.1237,-1.5147,-2.4276,-3.9423,Damion Lee
1627824,2024-2026,5855.0,5877.0,0.0947,0.083,0.3039,0.0809,-0.0316,-0.5198,0.1777,0.3849,-0.5514,0.3671,-0.3559,0.0112,Guerschon Yabusele
1627826,2024-2026,11735.0,11741.0,0.2685,1.8121,-1.8036,0.3785,-0.1547,1.3154,2.0806,-1.4251,1.1607,-1.6898,3.506,1.8162,Ivica Zubac
1627827,2024-2026,8770.0,8788.0,-1.8097,-0.807,1.4476,0.426,0.5023,2.4757,-2.6166,1.8737,2.978,0.1403,2.0948,2.235,Dorian Finney-Smith
1627832,2024-2026,9735.0,9725.0,1.2974,0.6837,-0.1798,0.5764,0.4259,1.781,1.9811,0.3966,2.2068,1.5434,3.0411,4.5845,Fred VanVleet
1627853,2024-2026,97.0,97.0,-6.0286,-1.5117,0.607,-0.1173,-0.0628,0.4292,-7.5404,0.4897,0.3664,-5.4844,-1.1998,-6.6843,Ryan Arcidiacono
1627863,2024-2026,1058.0,1056.0,-2.5706,-1.3131,0.0842,0.2758,-0.0308,0.5524,-3.8838,0.3599,0.5216,-2.5173,-0.485,-3.0022,Danuel House Jr.
1627884,2024-2026,10259.0,10251.0,-1.2396,0.1374,0.3811,-0.1114,0.0725,1.0111,-1.1022,0.2697,1.0836,-0.786,1.0371,0.251,Derrick Jones Jr.
1627885,2024-2026,13.0,13.0,-5.0571,0.4302,0.3847,-0.7244,-0.0431,-0.044,-4.6269,-0.3397,-0.0871,-4.7155,-0.3382,-5.0537,Shaquille Harrison
1627936,2024-2026,8466.0,8423.0,0.3864,3.4466,-0.2849,0.4274,-0.2605,1.728,3.833,0.1425,1.4675,-0.159,5.602,5.4429,Alex Caruso
1628365,2024-2026,2290.0,2295.0,-3.8295,-1.8531,0.298,-0.2457,0.0958,0.6905,-5.6826,0.0523,0.7863,-3.4356,-1.4083,-4.8439,Markelle Fultz
1628366,2024-2026,3254.0,3251.0,-0.8324,1.3117,-0.906,-0.071,-0.0745,0.5544,0.4794,-0.977,0.4799,-1.8129,1.7952,-0.0177,Lonzo Ball
1628368,2024-2026,14913.0,14888.0,2.0441,-0.3946,0.481,0.0412,0.3415,0.8955,1.6495,0.5222,1.2369,2.8665,0.5421,3.4087,De'Aaron Fox
1628369,2024-2026,11748.0,11698.0,3.8724,1.0555,-0.2693,0.1841,-0.25,0.1445,4.9279,-0.0852,-0.1055,3.3531,1.384,4.7371,Jayson Tatum
1628370,2024-2026,11042.0,11009.0,-0.1851,-2.1171,-0.0678,0.1187,0.4146,-0.7776,-2.3021,0.0508,-0.3629,0.1617,-2.7759,-2.6142,Malik Monk
1628371,2024-2026,5104.0,5151.0,-0.4794,6.0546,0.5141,-0.3976,0.0133,0.4831,5.5752,0.1164,0.4964,0.048,6.1401,6.188,Jonathan Isaac
1628372,2024-2026,2127.0,2140.0,-0.697,0.821,-0.1534,-0.0251,0.0645,0.7111,0.1241,-0.1785,0.7756,-0.7859,1.507,0.7211,Dennis Smith Jr.
1628373,2024-2026,89.0,87.0,-4.7347,-1.8574,0.0465,0.1345,0.0872,-0.1966,-6.5921,0.181,-0.1094,-4.601,-1.9195,-6.5205,Frank Ntilikina
1628374,2024-2026,9961.0,9960.0,3.8511,0.1251,0.1625,0.3794,0.2524,1.4428,3.9762,0.5419,1.6952,4.266,1.9472,6.2133,Lauri Markkanen
1628378,2024-2026,13605.0,13534.0,4.8778,0.3351,-0.1235,-0.0516,-0.1982,0.505,5.2129,-0.1751,0.3068,4.5561,0.7885,5.3446,Donovan Mitchell
1628379,2024-2026,8652.0,8688.0,0.616,-1.4962,0.0503,-0.0356,0.5481,-1.545,-0.8802,0.0147,-0.9969,1.2144,-3.0768,-1.8624,Luke Kennard
1628380,2024-2026,5637.0,5614.0,-0.5989,0.0557,-1.1563,0.2666,-0.3485,1.1347,-0.5432,-0.8897,0.7862,-2.1036,1.457,-0.6467,Zach Collins
1628381,2024-2026,10235.0,10211.0,0.2026,0.7361,-0.9121,-0.5593,0.1188,-0.3725,0.9388,-1.4714,-0.2538,-0.5907,-0.1957,-0.7864,John Collins
1628382,2024-2026,3.0,2.0,-4.7907,-0.5681,-0.0011,-0.2823,-0.0117,0.0443,-5.3588,-0.2834,0.0326,-4.8035,-0.8061,-5.6096,Justin Jackson
1628384,2024-2026,13396.0,13377.0,0.2593,0.5869,0.0027,-0.0715,0.4724,2.5679,0.8462,-0.0688,3.0404,0.7344,3.0833,3.8178,OG Anunoby
1628385,2024-2026,213.0,207.0,-1.861,-0.3195,-0.468,0.2125,0.0387,-0.6769,-2.1805,-0.2555,-0.6382,-2.2903,-0.784,-3.0743,Harry Giles III
1628386,2024-2026,12882.0,12903.0,2.2156,2.9144,-0.4348,-0.0645,0.4787,0.2816,5.13,-0.4993,0.7603,2.2595,3.1315,5.391,Jarrett Allen
1628389,2024-2026,15164.0,15160.0,1.1028,1.9772,-0.4922,0.8162,-0.0321,2.0797,3.0801,0.3241,2.0476,0.5786,4.8731,5.4517,Bam Adebayo
1628391,2024-2026,29.0,29.0,-2.2507,1.2084,0.32,0.2531,0.0179,-0.081,-1.0423,0.5731,-0.0631,-1.9128,1.3805,-0.5323,D.J. Wilson
1628392,2024-2026,9412.0,9384.0,0.5952,3.9741,0.3749,0.4859,0.4044,0.7175,4.5692,0.8608,1.1219,1.3745,5.1774,6.5519,Isaiah Hartenstein
1628396,2024-2026,1174.0,1178.0,-0.6935,-0.2295,0.0743,0.5429,-0.1369,0.0405,-0.923,0.6172,-0.0965,-0.7562,0.3539,-0.4023,Tony Bradley
1628398,2024-2026,12651.0,12617.0,-2.1106,-2.5244,-0.5198,0.2435,-0.1269,0.1499,-4.635,-0.2763,0.0229,-2.7573,-2.1311,-4.8884,Kyle Kuzma
1628401,2024-2026,15236.0,15172.0,1.255,0.776,0.8944,0.3226,0.1684,1.863,2.031,1.217,2.0314,2.3178,2.9616,5.2794,Derrick White
1628404,2024-2026,15187.0,15178.0,-0.0887,0.8752,0.4468,-0.3493,0.0177,0.156,0.7865,0.0975,0.1738,0.3759,0.6819,1.0578,Josh Hart
1628408,2024-2026,73.0,75.0,-3.0439,0.2343,0.6782,0.1098,0.0145,0.0522,-2.8095,0.788,0.0667,-2.3511,0.3964,-1.9548,PJ Dozier
1628415,2024-2026,12928.0,12886.0,-1.5914,-2.186,0.0138,0.0475,0.0445,2.0163,-3.7775,0.0613,2.0608,-1.5332,-0.1222,-1.6553,Dillon Brooks
1628418,2024-2026,4401.0,4428.0,0.9511,2.2108,0.2418,-0.3704,-0.4514,-0.5824,3.1619,-0.1286,-1.0338,0.7416,1.2579,1.9995,Thomas Bryant
1628420,2024-2026,2280.0,2273.0,-0.8096,-0.2933,-0.3388,-0.0874,-0.1749,0.4594,-1.1028,-0.4262,0.2844,-1.3232,0.0787,-1.2446,Monte Morris
1628424,2024-2026,137.0,136.0,-2.3394,0.3339,-0.1572,-0.0575,-0.0797,-0.1747,-2.0055,-0.2146,-0.2544,-2.5763,0.1017,-2.4746,Kobi Simmons
1628426,2024-2026,1055.0,1074.0,0.0193,0.3574,0.1703,-0.1225,0.0311,-0.2222,0.3767,0.0478,-0.1911,0.2207,0.0127,0.2333,Sasha Vezenkov
1628427,2024-2026,287.0,286.0,-5.1413,-1.9058,0.5637,-0.3934,-0.1717,0.6082,-7.0471,0.1702,0.4364,-4.7493,-1.6911,-6.4404,Vlatko Čančar
1628436,2024-2026,7545.0,7579.0,1.2753,3.2771,0.7442,0.7979,0.1291,0.3551,4.5524,1.5421,0.4843,2.1486,4.4302,6.5788,Luke Kornet
1628449,2024-2026,3355.0,3373.0,1.6196,2.3304,-0.3292,-0.3176,0.5022,-0.7891,3.95,-0.6468,-0.2869,1.7926,1.2237,3.0163,Chris Boucher
1628464,2024-2026,3358.0,3385.0,-2.2853,1.3579,0.463,0.0682,0.1953,-0.2729,-0.9273,0.5313,-0.0776,-1.6269,1.1533,-0.4736,Daniel Theis
1628467,2024-2026,4090.0,4085.0,-3.9978,-0.3581,0.6408,0.4641,0.5704,1.1296,-4.3559,1.1049,1.7,-2.7866,1.2356,-1.551,Maxi Kleber
1628470,2024-2026,2721.0,2738.0,-1.2166,0.8245,0.6952,0.0742,-0.3179,-1.5482,-0.3921,0.7694,-1.8661,-0.8393,-0.6496,-1.4889,Torrey Craig
1628502,2024-2026,386.0,394.0,-5.279,-1.6047,0.1062,-0.0191,-0.1858,-0.1997,-6.8837,0.0871,-0.3856,-5.3586,-1.8235,-7.1821,Nigel Hayes-Davis
1628960,2024-2026,11280.0,11250.0,1.3228,-0.134,-0.0174,-0.0762,0.3477,-1.6633,1.1889,-0.0936,-1.3156,1.6531,-1.8734,-0.2203,Grayson Allen
1628962,2024-2026,231.0,233.0,-3.0738,1.3598,0.0901,-0.3979,-0.0374,-0.5149,-1.714,-0.3078,-0.5523,-3.0211,0.447,-2.5741,Udoka Azubuike
1628963,2024-2026,5279.0,5300.0,1.2201,0.813,-1.0151,0.2935,0.1005,0.4218,2.033,-0.7216,0.5223,0.3055,1.5283,1.8338,Marvin Bagley III
1628964,2024-2026,2388.0,2390.0,-2.6433,4.7846,-0.3019,-0.8286,-0.1575,-0.3892,2.1413,-1.1305,-0.5467,-3.1027,3.5669,0.4642,Mo Bamba
1628966,2024-2026,1314.0,1322.0,-1.9974,1.2996,0.3514,-0.1583,-0.0452,-0.8835,-0.6979,0.1931,-0.9287,-1.6912,0.2578,-1.4335,Keita Bates-Diop
1628969,2024-2026,17319.0,17331.0,-0.1362,-1.4191,-0.0375,0.1766,-0.0926,1.8487,-1.5552,0.1391,1.756,-0.2663,0.6062,0.3399,Mikal Bridges
1628970,2024-2026,14233.0,14254.0,0.0935,-0.9873,-0.1488,0.3718,0.0396,0.3001,-0.8938,0.223,0.3396,-0.0158,-0.3154,-0.3312,Miles Bridges
1628971,2024-2026,9922.0,9950.0,-2.1339,-0.7935,0.1102,-0.0534,0.1702,-1.2487,-2.9275,0.0568,-1.0785,-1.8535,-2.0955,-3.9491,Bruce Brown
1628972,2024-2026,1701.0,1709.0,-2.3402,-1.2282,-0.0815,-0.1355,-0.0819,-0.5082,-3.5684,-0.217,-0.5902,-2.5036,-1.8719,-4.3755,Troy Brown Jr.
1628973,2024-2026,15325.0,15242.0,3.9266,-2.1658,0.3666,-0.3573,0.1907,-0.4132,1.7608,0.0093,-0.2225,4.484,-2.9363,1.5477,Jalen Brunson
1628975,2024-2026,4527.0,4527.0,-1.659,-1.0658,0.1755,0.087,0.1329,0.1014,-2.7247,0.2625,0.2342,-1.3506,-0.8774,-2.228,Jevon Carter
1628976,2024-2026,11046.0,11037.0,-0.1568,1.1925,0.0726,-0.1477,-0.1314,2.2909,1.0357,-0.0751,2.1595,-0.2156,3.3357,3.1201,Wendell Carter Jr.
1628977,2024-2026,10.0,10.0,-3.3475,-0.3912,0.2586,0.1535,-0.0092,0.0687,-3.7387,0.4121,0.0595,-3.0981,-0.169,-3.2671,Hamidou Diallo
1628978,2024-2026,13176.0,13201.0,1.2219,0.4581,-0.5682,-0.1748,0.0944,0.271,1.68,-0.743,0.3654,0.7481,0.5543,1.3023,Donte DiVincenzo
1628981,2024-2026,1670.0,1694.0,-1.6692,2.3868,-0.5546,-0.2907,0.0511,-0.2393,0.7176,-0.8452,-0.1882,-2.1727,1.8569,-0.3158,Bruno Fernando
1628983,2024-2026,15651.0,15606.0,7.7421,2.9525,0.6818,0.3223,0.2643,-0.2099,10.6945,1.0041,0.0543,8.6882,3.0648,11.753,Shai Gilgeous-Alexander
1628984,2024-2026,636.0,649.0,-1.0245,-1.5704,-1.2535,0.2546,-0.018,0.3096,-2.5948,-0.9988,0.2916,-2.296,-1.0061,-3.3021,Devonte' Graham
1628988,2024-2026,5887.0,5902.0,-0.9603,-1.8179,-0.2023,0.5681,0.1707,2.6397,-2.7782,0.3657,2.8104,-0.9919,1.3899,0.3979,Aaron Holiday
1628989,2024-2026,10005.0,9949.0,-0.7923,-0.1638,0.6656,-0.0693,0.488,0.7072,-0.9561,0.5963,1.1952,0.3613,0.474,0.8353,Kevin Huerter
1628991,2024-2026,12196.0,12107.0,-0.1616,1.7045,-0.9501,-0.2014,-0.178,1.7442,1.5428,-1.1515,1.5662,-1.2898,3.2473,1.9575,Jaren Jackson Jr.
1628995,2024-2026,1339.0,1359.0,-2.082,-1.6409,0.253,-0.2938,0.1012,-0.3746,-3.723,-0.0408,-0.2735,-1.7279,-2.3094,-4.0373,Kevin Knox II
1628997,2024-2026,7772.0,7780.0,-2.7524,-0.5663,0.227,-0.0315,-0.4072,0.7006,-3.3187,0.1954,0.2934,-2.9327,0.1028,-2.8299,Caleb Martin
1628998,2024-2026,4059.0,4074.0,-2.9735,0.8415,0.1769,0.0561,-0.0791,1.121,-2.1321,0.2331,1.0419,-2.8757,2.0186,-0.8571,Cody Martin
1629001,2024-2026,4701.0,4700.0,0.1196,1.2028,-0.2055,0.2553,0.391,-0.9058,1.3224,0.0497,-0.5148,0.3051,0.5523,0.8574,De'Anthony Melton
1629002,2024-2026,1746.0,1759.0,-1.0738,0.9688,0.255,-0.2625,-0.2137,0.371,-0.105,-0.0075,0.1574,-1.0325,1.0773,0.0449,Chimezie Metu
1629003,2024-2026,2920.0,2924.0,-1.9768,-1.8742,0.0252,0.0272,-0.064,0.0711,-3.851,0.0523,0.0071,-2.0157,-1.776,-3.7916,Shake Milton
1629004,2024-2026,4855.0,4861.0,-0.7059,-2.6567,0.5535,0.4022,0.5661,1.1977,-3.3626,0.9557,1.7637,0.4137,-1.0568,-0.6431,Svi Mykhailiuk
1629006,2024-2026,5929.0,5935.0,-0.3356,1.6379,0.9481,0.3519,0.2751,-0.074,1.3023,1.3,0.2012,0.8876,1.9158,2.8034,Josh Okogie
1629007,2024-2026,760.0,765.0,-0.829,2.9861,-0.1418,0.3688,-0.0995,-0.2252,2.1571,0.227,-0.3247,-1.0702,3.1297,2.0595,Jontay Porter
1629008,2024-2026,13907.0,13911.0,1.3482,-0.5013,-0.0205,-0.0612,0.2033,-1.0701,0.8469,-0.0816,-0.8668,1.5311,-1.6326,-0.1015,Michael Porter Jr.
1629010,2024-2026,176.0,168.0,-4.372,-1.5286,0.3129,-0.0,0.0273,0.3675,-5.9006,0.3129,0.3948,-4.0318,-1.1611,-5.193,Jerome Robinson
1629011,2024-2026,4411.0,4443.0,1.9348,6.1309,0.3856,-0.4483,-0.1529,-0.7992,8.0657,-0.0627,-0.9522,2.1675,4.8834,7.0509,Mitchell Robinson
1629012,2024-2026,11349.0,11353.0,2.1232,-2.5721,-0.293,-0.4298,-0.1606,-0.3047,-0.4489,-0.7228,-0.4653,1.6696,-3.3067,-1.637,Collin Sexton
1629013,2024-2026,5450.0,5445.0,-0.8198,-1.6125,0.0261,0.2811,-0.0277,1.2821,-2.4324,0.3072,1.2544,-0.8214,-0.0494,-0.8708,Landry Shamet
1629014,2024-2026,10571.0,10604.0,0.8418,-3.5055,-0.9081,-0.1082,-0.1456,0.2691,-2.6638,-1.0163,0.1235,-0.212,-3.3446,-3.5566,Anfernee Simons
1629018,2024-2026,10804.0,10810.0,-0.6738,-1.4888,-0.1152,-0.6892,0.1719,-2.0605,-2.1627,-0.8044,-1.8886,-0.6171,-4.2386,-4.8556,Gary Trent Jr.
1629020,2024-2026,4734.0,4730.0,-1.4163,2.103,0.8436,-0.4774,0.5103,-0.1011,0.6867,0.3662,0.4092,-0.0624,1.5245,1.4621,Jarred Vanderbilt
1629021,2024-2026,4894.0,4918.0,2.4444,0.5603,-1.0086,-0.1358,-0.0367,-0.8059,3.0046,-1.1444,-0.8426,1.399,-0.3815,1.0175,Moritz Wagner
1629022,2024-2026,3052.0,3064.0,-0.9583,-1.3991,-0.1672,0.0136,0.0203,-0.4489,-2.3574,-0.1536,-0.4286,-1.1052,-1.8344,-2.9396,Lonnie Walker IV
1629023,2024-2026,12056.0,12058.0,-1.9976,0.6293,0.0561,-0.3081,0.248,0.6405,-1.3682,-0.252,0.8885,-1.6934,0.9617,-0.7317,P.J. Washington
1629026,2024-2026,6211.0,6212.0,-0.305,0.2438,0.9381,-0.0371,0.4314,0.858,-0.0611,0.9009,1.2894,1.0645,1.0647,2.1292,Kenrich Williams
1629027,2024-2026,10934.0,10928.0,3.6655,-2.9511,0.0478,-1.3463,0.0528,-1.3637,0.7145,-1.2985,-1.311,3.7661,-5.6611,-1.8951,Trae Young
1629028,2024-2026,9995.0,10016.0,-1.1597,0.7056,-1.6797,-0.1885,-0.1361,0.961,-0.4542,-1.8682,0.8249,-2.9756,1.4781,-1.4974,Deandre Ayton
1629029,2024-2026,13875.0,13823.0,7.3189,2.2739,-0.5997,-0.6451,0.1071,-0.5395,9.5927,-1.2447,-0.4324,6.8263,1.0893,7.9156,Luka Dončić
1629048,2024-2026,6740.0,6730.0,0.2064,5.2034,0.5246,-0.6538,0.117,-0.8692,5.4098,-0.1292,-0.7522,0.848,3.6804,4.5284,Goga Bitadze
1629052,2024-2026,1589.0,1584.0,-0.7262,0.6749,0.7271,0.061,0.2542,0.0854,-0.0513,0.7881,0.3396,0.2551,0.8213,1.0764,Oshae Brissett
1629056,2024-2026,14.0,15.0,-7.2506,-2.7936,0.5117,-0.0425,-0.0041,0.0318,-10.0442,0.4692,0.0277,-6.743,-2.8043,-9.5473,Terence Davis
1629057,2024-2026,3088.0,3087.0,-0.1167,6.1644,-0.6775,-0.3376,0.0869,0.2364,6.0477,-1.0151,0.3233,-0.7073,6.0632,5.3559,Robert Williams III
1629060,2024-2026,11581.0,11604.0,-0.863,-1.1926,0.5719,-0.1542,0.3912,1.613,-2.0556,0.4178,2.0042,0.1001,0.2662,0.3664,Rui Hachimura
1629098,2024-2026,97.0,98.0,-5.772,-1.609,-0.0405,0.0789,-0.0852,0.3267,-7.381,0.0384,0.2415,-5.8977,-1.2034,-7.1011,Jack McVeigh
1629111,2024-2026,5741.0,5773.0,0.6323,0.4061,0.3302,0.3824,0.0481,-0.5155,1.0383,0.7126,-0.4674,1.0106,0.273,1.2836,Jock Landale
1629117,2024-2026,166.0,161.0,-6.2023,-1.1935,-0.4082,-0.5112,-0.1328,0.3524,-7.3958,-0.9194,0.2196,-6.7434,-1.3523,-8.0957,Wenyen Gabriel
1629130,2024-2026,11731.0,11698.0,0.163,-1.8611,-0.2118,0.6224,0.3056,0.7413,-1.6982,0.4106,1.0469,0.2567,-0.4975,-0.2407,Duncan Robinson
1629139,2024-2026,946.0,947.0,-4.5818,-1.9111,-0.4369,0.1671,0.104,-0.7154,-6.4929,-0.2698,-0.6114,-4.9147,-2.4594,-7.374,Yuta Watanabe
1629162,2024-2026,2485.0,2477.0,0.8303,1.0801,-0.763,-0.1611,-0.0054,0.4108,1.9104,-0.9241,0.4054,0.062,1.3298,1.3917,Jordan McLaughlin
1629216,2024-2026,5411.0,5417.0,-2.865,-2.1103,0.9565,0.2988,0.3428,0.4244,-4.9754,1.2554,0.7671,-1.5657,-1.3871,-2.9528,Gabe Vincent
1629232,2024-2026,16.0,17.0,-7.0693,-1.4641,0.6299,-0.5005,-0.0243,0.0829,-8.5334,0.1293,0.0585,-6.4638,-1.8818,-8.3456,Kaiser Gates
1629234,2024-2026,5069.0,5091.0,-2.7021,1.5378,-0.1219,-0.261,-0.2737,0.4671,-1.1643,-0.3829,0.1934,-3.0976,1.7438,-1.3538,Drew Eubanks
1629308,2024-2026,100.0,99.0,-5.1503,-0.6199,0.7081,-0.0832,-0.0221,0.1173,-5.7703,0.6249,0.0952,-4.4643,-0.5858,-5.0502,Juan Toscano-Anderson
1629312,2024-2026,6527.0,6540.0,-1.6075,0.6266,0.0345,0.0771,-0.0597,0.9795,-0.9809,0.1116,0.9198,-1.6327,1.6831,0.0505,Haywood Highsmith
1629599,2024-2026,7541.0,7532.0,-1.4956,-1.814,-0.4345,-0.0861,-0.0916,-0.2225,-3.3096,-0.5206,-0.3141,-2.0217,-2.1226,-4.1443,Amir Coffey
1629603,2024-2026,51.0,54.0,-2.0816,0.6148,0.2616,-0.1698,-0.0476,0.2417,-1.4668,0.0917,0.1942,-1.8676,0.6867,-1.1809,Mamadi Diakite
1629610,2024-2026,2362.0,2357.0,-3.4295,-1.3346,0.4275,0.033,0.2369,-1.234,-4.7641,0.4604,-0.9972,-2.7652,-2.5356,-5.3008,DaQuan Jeffries
1629611,2024-2026,9697.0,9716.0,-1.1915,-1.3833,0.7486,0.0465,0.409,-0.6744,-2.5749,0.7951,-0.2654,-0.0339,-2.0113,-2.0452,Terance Mann
1629614,2024-2026,11170.0,11149.0,-0.6394,-2.0338,-0.384,-0.1894,-0.2725,1.4061,-2.6732,-0.5734,1.1336,-1.296,-0.817,-2.113,Andrew Nembhard
1629618,2024-2026,3213.0,3200.0,-1.5976,-1.9445,0.4105,0.1602,0.061,1.1834,-3.5421,0.5707,1.2443,-1.1261,-0.6009,-1.727,Jalen Pickett
1629622,2024-2026,7833.0,7834.0,-0.3125,-1.0338,0.1248,0.2479,-0.0423,0.8384,-1.3463,0.3727,0.7961,-0.23,0.0525,-0.1775,Max Strus
1629623,2024-2026,16.0,17.0,-4.2317,-1.3859,-0.1519,-0.2388,-0.0133,-0.0547,-5.6176,-0.3908,-0.068,-4.397,-1.6794,-6.0764,Lindell Wigginton
1629626,2024-2026,1886.0,1883.0,-0.039,2.3975,0.2574,-0.4291,-0.0699,-0.1661,2.3585,-0.1716,-0.236,0.1485,1.8023,1.9508,Bol Bol
1629627,2024-2026,10242.0,10240.0,2.6788,0.2851,-0.1334,-0.0469,-0.1946,-0.2219,2.9639,-0.1803,-0.4165,2.3508,0.0163,2.3671,Zion Williamson
1629628,2024-2026,11305.0,11301.0,0.255,-1.6245,0.4614,0.3495,0.4974,0.1433,-1.3694,0.8109,0.6407,1.2138,-1.1316,0.0822,RJ Barrett
1629629,2024-2026,3280.0,3287.0,-3.3202,-0.0359,0.0007,-0.0055,-0.1536,-0.6095,-3.3561,-0.0049,-0.763,-3.473,-0.6509,-4.1239,Cam Reddish
1629630,2024-2026,5198.0,5184.0,1.6295,-2.5025,0.5671,-0.2379,0.0922,1.9727,-0.8729,0.3292,2.0648,2.2888,-0.7677,1.5211,Ja Morant
1629631,2024-2026,9745.0,9731.0,0.1185,-1.5686,-0.406,-0.1821,0.3708,-0.4046,-1.4501,-0.5881,-0.0338,0.0833,-2.1553,-2.072,De'Andre Hunter
1629632,2024-2026,13601.0,13595.0,0.8956,-2.6134,0.3065,0.2225,0.812,0.5446,-1.7177,0.5291,1.3566,2.0142,-1.8463,0.1679,Coby White
1629634,2024-2026,2930.0,2913.0,0.0248,2.1671,-0.6568,0.0714,0.4422,1.0559,2.1919,-0.5854,1.498,-0.1899,3.2944,3.1044,Brandon Clarke
1629636,2024-2026,11392.0,11354.0,1.8893,-2.6422,0.1063,-0.4422,0.1036,-0.3002,-0.7529,-0.3359,-0.1967,2.0992,-3.3847,-1.2855,Darius Garland
1629637,2024-2026,6518.0,6551.0,-0.4794,2.5536,-0.8619,-0.1335,-0.2705,0.1832,2.0742,-0.9954,-0.0874,-1.6118,2.6032,0.9914,Jaxson Hayes
1629638,2024-2026,13745.0,13738.0,-0.0233,-0.9835,0.5004,0.2678,0.7255,0.7863,-1.0068,0.7681,1.5118,1.2026,0.0706,1.2732,Nickeil Alexander-Walker
1629639,2024-2026,10525.0,10493.0,1.9323,-2.0498,-0.1666,0.204,0.0546,-0.6554,-0.1174,0.0374,-0.6008,1.8203,-2.5012,-0.6809,Tyler Herro
1629640,2024-2026,12215.0,12172.0,0.7356,-0.9055,-0.3793,0.0178,-0.4278,-0.4867,-0.1698,-0.3615,-0.9144,-0.0714,-1.3743,-1.4457,Keldon Johnson
1629642,2024-2026,948.0,953.0,-2.5102,-0.4345,0.2519,-0.264,-0.1914,0.0325,-2.9447,-0.0121,-0.1588,-2.4497,-0.6659,-3.1156,Nassir Little
1629643,2024-2026,1253.0,1253.0,-2.1458,-0.6194,1.5216,-0.0323,-0.1863,0.1104,-2.7652,1.4894,-0.0758,-0.8104,-0.5412,-1.3516,Chuma Okeke
1629645,2024-2026,5597.0,5611.0,0.4607,0.5975,-0.0144,0.1244,-0.3465,0.8052,1.0582,0.11,0.4586,0.0997,1.5271,1.6268,Kevin Porter Jr.
1629646,2024-2026,1548.0,1558.0,-0.9662,4.8643,-0.2902,-0.3815,-0.4974,-2.0734,3.898,-0.6718,-2.5708,-1.7538,2.4093,0.6555,Charles Bassey
1629647,2024-2026,306.0,311.0,-2.2984,0.2613,0.7062,-0.3184,0.1204,-0.4801,-2.0371,0.3877,-0.3597,-1.4718,-0.5372,-2.0091,Darius Bazley
1629650,2024-2026,661.0,670.0,-1.0413,2.1925,-0.7668,-1.4014,-0.1241,-0.649,1.1512,-2.1682,-0.7731,-1.9321,0.142,-1.7901,Moses Brown
1629651,2024-2026,11820.0,11853.0,-1.3157,3.0762,-1.0005,-0.2408,-0.5425,-0.6996,1.7605,-1.2413,-1.242,-2.8587,2.1358,-0.7229,Nic Claxton
1629652,2024-2026,12823.0,12822.0,-1.4733,-0.0507,0.0637,-0.1003,0.1043,-0.5764,-1.5241,-0.0365,-0.4721,-1.3053,-0.7274,-2.0327,Luguentz Dort
1629655,2024-2026,8879.0,8869.0,0.7933,5.1081,-0.3428,-0.5608,0.2244,-0.3025,5.9014,-0.9036,-0.0782,0.6748,4.2447,4.9196,Daniel Gafford
1629656,2024-2026,10782.0,10802.0,-0.1318,-1.1387,-0.7679,0.0147,-0.2823,0.0299,-1.2705,-0.7532,-0.2524,-1.182,-1.0941,-2.2762,Quentin Grimes
1629659,2024-2026,3635.0,3660.0,-0.588,-0.6182,-0.2993,-0.0417,0.3004,-0.6963,-1.2063,-0.341,-0.396,-0.5869,-1.3563,-1.9432,Talen Horton-Tucker
1629660,2024-2026,3618.0,3612.0,4.9889,0.5279,0.0872,0.0895,0.2934,-1.2135,5.5168,0.1767,-0.92,5.3696,-0.5961,4.7735,Ty Jerome
1629661,2024-2026,10233.0,10175.0,1.4092,-0.4372,0.2327,0.0513,0.309,-0.1725,0.972,0.284,0.1365,1.9509,-0.5584,1.3926,Cameron Johnson
1629667,2024-2026,1129.0,1132.0,-5.3895,-2.2455,-0.2082,-0.1716,-0.074,-0.1253,-7.635,-0.3797,-0.1993,-5.6716,-2.5425,-8.2141,Jalen McDaniels
1629669,2024-2026,769.0,766.0,-3.8158,-2.6762,0.0474,0.0563,-0.1379,0.1316,-6.492,0.1037,-0.0064,-3.9064,-2.4882,-6.3946,Jaylen Nowell
1629670,2024-2026,1521.0,1521.0,-1.2879,-0.8014,0.0465,-0.1446,-0.3396,-0.816,-2.0893,-0.0981,-1.1556,-1.5811,-1.7619,-3.343,Jordan Nwora
1629673,2024-2026,11306.0,11300.0,0.0655,-2.3915,-1.6458,-0.1448,-0.2163,0.1117,-2.3259,-1.7906,-0.1046,-1.7965,-2.4246,-4.2212,Jordan Poole
1629674,2024-2026,6091.0,6058.0,0.489,3.99,0.0547,-0.1868,0.5392,1.1739,4.479,-0.1321,1.7131,1.0829,4.9772,6.0601,Neemias Queta
1629675,2024-2026,12697.0,12702.0,-0.5118,1.3366,-0.0243,0.0289,0.0676,1.4043,0.8248,0.0046,1.4719,-0.4685,2.7698,2.3013,Naz Reid
1629677,2024-2026,850.0,854.0,-3.2756,-1.5075,-0.3991,-0.498,-0.0612,0.6108,-4.7831,-0.8971,0.5496,-3.736,-1.3947,-5.1307,Luka Samanic
1629678,2024-2026,174.0,172.0,-3.826,-1.6694,0.1677,-0.0899,-0.1126,0.3936,-5.4954,0.0778,0.281,-3.771,-1.3656,-5.1366,Admiral Schofield
1629680,2024-2026,4702.0,4719.0,-0.5737,4.4038,-0.8236,-0.5367,-0.1373,0.0245,3.8301,-1.3603,-0.1129,-1.5346,3.8916,2.357,Matisse Thybulle
1629684,2024-2026,6765.0,6774.0,-1.3753,-0.8287,0.1608,0.2429,0.319,0.5601,-2.204,0.4038,0.8791,-0.8955,-0.0257,-0.9211,Grant Williams
1629685,2024-2026,224.0,221.0,-0.3053,-0.6871,0.9989,0.2217,-0.0044,-0.2444,-0.9924,1.2205,-0.2489,0.6891,-0.7098,-0.0207,Dylan Windler
1629716,2024-2026,248.0,248.0,-2.5251,1.6279,0.0285,-0.3075,0.0601,0.0623,-0.8971,-0.279,0.1224,-2.4364,1.3826,-1.0538,Marques Bolden
1629717,2024-2026,211.0,212.0,-3.1911,-2.2879,0.5885,0.3916,0.2036,-0.1316,-5.479,0.98,0.072,-2.3991,-2.0279,-4.427,Armoni Brooks
1629718,2024-2026,74.0,73.0,-6.6683,-2.3324,-0.3129,0.2636,-0.0265,0.0047,-9.0007,-0.0493,-0.0217,-7.0076,-2.0641,-9.0717,Charlie Brown Jr.
1629723,2024-2026,5964.0,5984.0,-1.0978,3.5911,-0.9706,-0.2137,-0.2973,-0.3964,2.4932,-1.1844,-0.6936,-2.3657,2.981,0.6153,John Konchar
1629726,2024-2026,4233.0,4259.0,-0.4572,-0.5902,-0.4286,0.4621,-0.2395,-0.4229,-1.0474,0.0335,-0.6624,-1.1254,-0.5509,-1.6763,Garrison Mathews
1629731,2024-2026,7560.0,7576.0,-1.2081,1.5251,1.3738,0.2773,0.3712,1.6371,0.317,1.6511,2.0083,0.537,3.4395,3.9765,Dean Wade
1629750,2024-2026,6120.0,6120.0,0.0491,2.8329,0.7971,-0.1139,0.1636,0.1765,2.882,0.6832,0.3401,1.0098,2.8955,3.9053,Javonte Green
1629875,2024-2026,254.0,249.0,-4.3711,-2.0373,0.2328,0.485,-0.193,0.2471,-6.4083,0.7177,0.0541,-4.3313,-1.3052,-5.6365,Xavier Moon
1630162,2024-2026,15912.0,15918.0,3.0385,-0.5188,0.5056,-0.2398,0.3957,-0.7463,2.5196,0.2658,-0.3507,3.9398,-1.505,2.4348,Anthony Edwards
1630163,2024-2026,8727.0,8659.0,3.5521,-1.0096,1.1627,-0.357,0.2812,-1.3927,2.5425,0.8057,-1.1114,4.9961,-2.7593,2.2368,LaMelo Ball
1630164,2024-2026,2394.0,2383.0,-2.3728,-0.1784,-0.3238,0.1231,-0.2944,-1.4643,-2.5512,-0.2007,-1.7586,-2.991,-1.5196,-4.5106,James Wiseman
1630165,2024-2026,3266.0,3280.0,-2.9674,-0.7033,-0.6079,-0.2983,-0.0311,-0.5213,-3.6707,-0.9062,-0.5524,-3.6064,-1.5229,-5.1293,Killian Hayes
1630166,2024-2026,13883.0,13904.0,1.3265,-0.3434,0.8207,0.1729,0.736,-0.2283,0.983,0.9937,0.5077,2.8832,-0.3988,2.4844,Deni Avdija
1630167,2024-2026,7886.0,7885.0,1.3334,0.3531,0.5941,-0.1043,0.6326,-1.4444,1.6865,0.4898,-0.8118,2.5601,-1.1956,1.3645,Obi Toppin
1630168,2024-2026,12315.0,12261.0,0.6261,2.0861,-0.1537,-0.0969,0.2418,-0.2469,2.7122,-0.2505,-0.0051,0.7142,1.7423,2.4565,Onyeka Okongwu
1630169,2024-2026,9817.0,9778.0,5.3824,1.3379,0.4936,-0.9632,0.4802,-0.76,6.7203,-0.4696,-0.2798,6.3562,-0.3852,5.9709,Tyrese Haliburton
1630170,2024-2026,13105.0,13084.0,0.1799,-0.7615,-0.1658,-0.1805,0.1743,0.167,-0.5815,-0.3464,0.3413,0.1883,-0.775,-0.5866,Devin Vassell
1630171,2024-2026,9524.0,9519.0,-1.4241,-0.7986,0.4758,0.1571,0.2339,0.3361,-2.2227,0.6329,0.57,-0.7144,-0.3054,-1.0198,Isaac Okoro
1630172,2024-2026,8932.0,8948.0,-3.2339,-1.3871,-0.2569,0.1638,-0.343,1.0812,-4.621,-0.0931,0.7382,-3.8338,-0.1421,-3.9759,Patrick Williams
1630173,2024-2026,9158.0,9221.0,-1.4626,1.7524,-0.0608,-0.4524,-0.0606,-0.366,0.2899,-0.5133,-0.4267,-1.5841,0.934,-0.6501,Precious Achiuwa
1630174,2024-2026,9320.0,9306.0,-0.57,-0.2606,0.5241,-0.2565,0.8858,-0.4329,-0.8306,0.2676,0.4529,0.8399,-0.95,-0.11,Aaron Nesmith
1630175,2024-2026,7176.0,7197.0,-1.4409,-0.7909,-0.2354,0.2207,-0.1253,0.1225,-2.2318,-0.0146,-0.0028,-1.8015,-0.4477,-2.2492,Cole Anthony
1630177,2024-2026,452.0,451.0,-5.8137,-4.0155,-0.6027,0.0014,0.0509,-0.3571,-9.8291,-0.6012,-0.3062,-6.3654,-4.3712,-10.7366,Theo Maledon
1630178,2024-2026,14775.0,14743.0,3.4514,0.0049,-0.1978,-0.2573,0.1953,-1.1697,3.4563,-0.4551,-0.9744,3.449,-1.4222,2.0268,Tyrese Maxey
1630180,2024-2026,9015.0,8993.0,1.6567,-0.8014,0.2669,-0.0865,0.2995,-0.7954,0.8553,0.1804,-0.4959,2.2231,-1.6832,0.5398,Saddiq Bey
1630181,2024-2026,156.0,150.0,-5.0335,-2.9335,0.5976,0.5979,0.063,0.1793,-7.967,1.1954,0.2423,-4.3729,-2.1564,-6.5293,R.J. Hampton
1630182,2024-2026,8757.0,8741.0,-2.0992,-1.456,0.4117,0.2515,0.2676,0.5326,-3.5552,0.6632,0.8002,-1.4198,-0.6719,-2.0918,Josh Green
1630183,2024-2026,14303.0,14290.0,-2.0638,-0.0637,0.1868,-0.0926,0.2347,0.6849,-2.1275,0.0942,0.9196,-1.6422,0.5285,-1.1137,Jaden McDaniels
1630184,2024-2026,556.0,562.0,-3.4338,-3.03,0.4438,-0.0841,-0.2392,0.2848,-6.4638,0.3597,0.0456,-3.2292,-2.8292,-6.0584,Kira Lewis Jr.
1630186,2024-2026,251.0,255.0,-2.5513,-1.3427,-0.136,-0.1368,-0.0568,0.1192,-3.894,-0.2728,0.0624,-2.744,-1.3603,-4.1044,Jahmi'us Ramsey
1630188,2024-2026,6582.0,6590.0,1.7468,2.5801,0.1942,-0.6957,0.5418,-0.222,4.3268,-0.5015,0.3198,2.4828,1.6624,4.1452,Jalen Smith
1630191,2024-2026,8622.0,8659.0,-2.5151,1.0444,0.1437,0.2165,0.3159,0.2597,-1.4706,0.3602,0.5756,-2.0555,1.5206,-0.5349,Isaiah Stewart
1630192,2024-2026,3684.0,3703.0,-3.0698,2.0612,0.6771,-0.4422,-0.3551,0.0671,-1.0085,0.2348,-0.288,-2.7478,1.6861,-1.0617,Zeke Nnaji
1630193,2024-2026,10517.0,10533.0,2.5381,-0.5351,-1.2105,0.2085,-0.2357,0.3673,2.003,-1.002,0.1316,1.0919,0.0407,1.1326,Immanuel Quickley
1630194,2024-2026,5912.0,5930.0,0.7979,5.3798,0.595,-0.528,0.2902,-0.1644,6.1777,0.0669,0.1258,1.6831,4.6874,6.3705,Paul Reed
1630196,2024-2026,19.0,19.0,-4.6623,-0.5306,0.2524,-0.547,0.003,0.0739,-5.1928,-0.2946,0.0769,-4.4069,-1.0036,-5.4105,Filip Petrusev
1630197,2024-2026,813.0,817.0,-1.6549,1.563,0.3696,-0.2632,-0.0797,-0.2143,-0.0919,0.1063,-0.294,-1.365,1.0855,-0.2796,Aleksej Pokusevski
1630198,2024-2026,9557.0,9537.0,1.6502,-0.185,-0.4673,0.059,0.0116,0.4381,1.4652,-0.4083,0.4497,1.1945,0.3121,1.5066,Isaiah Joe
1630200,2024-2026,10201.0,10196.0,1.3639,-0.4187,-0.9954,-0.3462,-0.1931,0.2072,0.9452,-1.3416,0.014,0.1753,-0.5577,-0.3824,Tre Jones
1630201,2024-2026,1861.0,1866.0,-0.7928,-1.1099,-0.3926,0.0694,-0.2522,-0.8087,-1.9027,-0.3232,-1.0609,-1.4375,-1.8492,-3.2867,Malachi Flynn
1630202,2024-2026,13187.0,13106.0,2.5425,-1.1584,0.4632,0.2534,0.1825,-0.8525,1.3841,0.7166,-0.67,3.1882,-1.7575,1.4307,Payton Pritchard
1630204,2024-2026,628.0,620.0,-3.6972,-1.2654,0.4094,0.455,0.0265,0.4025,-4.9626,0.8644,0.4291,-3.2612,-0.4079,-3.6691,Ashton Hagans
1630205,2024-2026,1451.0,1454.0,-2.4175,1.0953,-0.0587,-0.5611,0.2424,1.2809,-1.3222,-0.6198,1.5233,-2.2338,1.8151,-0.4187,Lamar Stevens
1630207,2024-2026,170.0,172.0,-0.5404,0.9665,0.0084,-0.025,0.0305,0.034,0.4261,-0.0167,0.0645,-0.5014,0.9754,0.474,Nate Hinton
1630208,2024-2026,7466.0,7483.0,-1.6001,1.3906,-1.0122,-0.8783,0.1427,-1.4829,-0.2095,-1.8906,-1.3401,-2.4696,-0.9706,-3.4402,Nick Richards
1630209,2024-2026,1324.0,1335.0,-2.0286,-0.0864,-0.6815,-0.2445,-0.3026,-0.1137,-2.115,-0.926,-0.4163,-3.0127,-0.4446,-3.4573,Omer Yurtseven
1630214,2024-2026,2781.0,2810.0,-3.4028,2.0307,-0.1042,-0.1267,-0.1864,0.2715,-1.372,-0.231,0.0851,-3.6934,2.1755,-1.5179,Xavier Tillman
1630215,2024-2026,3374.0,3402.0,-0.14,-1.3228,0.0545,-0.2335,-0.3348,-0.4429,-1.4628,-0.179,-0.7778,-0.4203,-1.9992,-2.4195,Jared Butler
1630217,2024-2026,13512.0,13453.0,1.5217,-1.1311,0.2634,0.1326,0.3006,0.0792,0.3905,0.396,0.3798,2.0856,-0.9193,1.1664,Desmond Bane
1630219,2024-2026,880.0,876.0,-1.8946,-1.0184,-0.7667,-0.2754,-0.1567,-0.8388,-2.913,-1.042,-0.9955,-2.818,-2.1326,-4.9506,Skylar Mays
1630222,2024-2026,148.0,149.0,-0.5174,0.204,0.3694,0.0403,-0.0737,-0.0697,-0.3134,0.4097,-0.1434,-0.2217,0.1746,-0.0471,Mason Jones
1630224,2024-2026,12543.0,12538.0,-0.3381,-2.444,0.5064,-0.0295,-0.0635,0.0034,-2.7822,0.4769,-0.0602,0.1047,-2.4702,-2.3655,Jalen Green
1630227,2024-2026,142.0,142.0,-3.0648,-2.1608,-0.4463,0.0053,0.0974,0.2547,-5.2256,-0.441,0.3521,-3.4137,-1.9009,-5.3145,Daishen Nix
1630228,2024-2026,8145.0,8148.0,-0.1243,-0.6888,-0.1822,0.172,0.0504,2.8871,-0.8131,-0.0102,2.9376,-0.2561,2.3703,2.1142,Jonathan Kuminga
1630230,2024-2026,11220.0,11274.0,-0.144,-0.8743,0.0413,0.0511,0.2397,1.2632,-1.0183,0.0923,1.5029,0.137,0.44,0.5769,Naji Marshall
1630231,2024-2026,3401.0,3396.0,-3.3497,-0.8501,0.6101,0.0106,0.248,-0.1851,-4.1999,0.6207,0.0629,-2.4916,-1.0247,-3.5163,KJ Martin
1630235,2024-2026,824.0,820.0,-3.2535,-1.6457,0.0896,-0.1726,-0.0754,-0.4952,-4.8992,-0.083,-0.5706,-3.2393,-2.3135,-5.5529,Trent Forrest
1630240,2024-2026,376.0,376.0,-0.4397,0.3192,0.0602,0.1814,-0.0122,0.4858,-0.1205,0.2415,0.4736,-0.3917,0.9863,0.5946,Saben Lee
1630241,2024-2026,7891.0,7882.0,1.297,-0.6924,-1.1529,0.5515,-0.1533,0.6046,0.6046,-0.6013,0.4513,-0.0091,0.4637,0.4546,Sam Merrill
1630243,2024-2026,1201.0,1200.0,-1.9977,0.7558,0.0566,0.3502,-0.1987,-0.4308,-1.2419,0.4068,-0.6295,-2.1397,0.6752,-1.4645,Trevelin Queen
1630245,2024-2026,11388.0,11403.0,-0.2682,-1.3876,-0.17,0.051,-0.3402,-0.3195,-1.6558,-0.119,-0.6597,-0.7784,-1.6561,-2.4345,Ayo Dosunmu
1630249,2024-2026,6418.0,6430.0,-0.6453,-0.3164,-0.5725,0.0675,-0.0873,-0.8423,-0.9617,-0.505,-0.9296,-1.3051,-1.0912,-2.3963,Vít Krejčí
1630256,2024-2026,4178.0,4175.0,-2.2198,-0.0133,0.823,-0.1276,0.1176,2.2847,-2.2331,0.6954,2.4023,-1.2792,2.1438,0.8646,Jae'Sean Tate
1630259,2024-2026,42.0,45.0,-2.4916,-0.593,0.3172,-0.0379,0.0468,-0.0066,-3.0846,0.2793,0.0402,-2.1277,-0.6375,-2.7651,Jordan Ford
1630264,2024-2026,3807.0,3851.0,-1.4419,-0.5813,0.7461,0.1171,-0.191,-1.0256,-2.0231,0.8631,-1.2166,-0.8868,-1.4898,-2.3766,Anthony Gill
1630283,2024-2026,267.0,265.0,-2.2326,0.3742,0.2049,-0.1969,-0.1071,-0.8778,-1.8584,0.008,-0.985,-2.1349,-0.7005,-2.8354,Kylor Kelley
1630284,2024-2026,14.0,14.0,-3.9768,-0.2611,0.3859,0.047,0.0258,-0.0862,-4.2379,0.4329,-0.0604,-3.5651,-0.3004,-3.8654,Kevon Harris
1630285,2024-2026,334.0,334.0,-5.5869,-2.2109,-0.1277,-0.0101,-0.0703,0.2484,-7.7978,-0.1378,0.1781,-5.7849,-1.9726,-7.7575,Zavier Simpson
1630286,2024-2026,371.0,373.0,-3.3089,0.3065,0.0801,0.0951,-0.0778,-0.7058,-3.0024,0.1753,-0.7836,-3.3066,-0.3042,-3.6107,Trevon Scott
1630288,2024-2026,1550.0,1546.0,0.3676,0.462,0.122,-0.1998,-0.0919,-0.9372,0.8296,-0.0779,-1.0292,0.3976,-0.6751,-0.2774,Jeff Dowtin Jr.
1630296,2024-2026,161.0,155.0,-2.0355,1.2714,-0.0468,-0.2188,-0.0734,-0.0769,-0.7641,-0.2656,-0.1502,-2.1557,0.9758,-1.18,Braxton Key
1630311,2024-2026,3055.0,3060.0,-1.2139,-1.8929,0.1788,-0.1059,-0.1809,-0.9888,-3.1068,0.0728,-1.1697,-1.2161,-2.9876,-4.2037,Pat Spencer
1630314,2024-2026,4444.0,4423.0,0.7417,-0.8984,0.1787,-0.1402,-0.3985,-0.5608,-0.1568,0.0385,-0.9593,0.5219,-1.5994,-1.0776,Brandon Williams
1630322,2024-2026,2736.0,2735.0,-1.2316,-0.4595,0.5021,-0.1273,-0.156,-0.6582,-1.6911,0.3748,-0.8143,-0.8856,-1.245,-2.1306,Lindy Waters III
1630346,2024-2026,970.0,975.0,-2.1953,-2.7846,-0.4034,0.3003,-0.1777,1.2689,-4.98,-0.1031,1.0912,-2.7764,-1.2155,-3.9919,Matt Ryan
1630526,2024-2026,4007.0,4042.0,-0.8781,-0.725,0.746,-0.1187,-0.2066,-1.7503,-1.6031,0.6272,-1.9569,-0.3387,-2.594,-2.9328,Jeremiah Robinson-Earl
1630527,2024-2026,2739.0,2743.0,-2.0021,-0.7652,-0.0954,-0.0336,-0.119,-0.4642,-2.7673,-0.1289,-0.5832,-2.2164,-1.263,-3.4794,Brandon Boston
1630528,2024-2026,150.0,155.0,-5.4535,-0.5456,-0.4754,-0.3881,-0.0154,-0.1387,-5.9991,-0.8634,-0.154,-5.9442,-1.0723,-7.0165,Josh Christopher
1630529,2024-2026,9322.0,9289.0,-1.3608,0.8893,0.4302,0.5695,0.456,2.4432,-0.4715,0.9997,2.8992,-0.4745,3.902,3.4274,Herbert Jones
1630530,2024-2026,12242.0,12227.0,2.5506,0.5497,-1.5837,-0.1681,-0.6209,-0.4879,3.1003,-1.7518,-1.1088,0.346,-0.1063,0.2397,Trey Murphy III
1630531,2024-2026,1797.0,1807.0,-1.9232,1.3602,0.4184,-0.0365,-0.008,-0.4658,-0.563,0.3819,-0.4738,-1.5128,0.8579,-0.6549,Jaden Springer
1630532,2024-2026,10962.0,10935.0,1.6165,-0.6688,0.3135,0.1437,0.2386,2.2494,0.9478,0.4572,2.488,2.1686,1.7243,3.8929,Franz Wagner
1630533,2024-2026,7836.0,7859.0,-0.9131,0.3254,-0.8582,-0.1593,-0.6099,-0.0299,-0.5876,-1.0176,-0.6398,-2.3812,0.1362,-2.2449,Ziaire Williams
1630534,2024-2026,9009.0,9030.0,-2.8132,-1.1693,0.1626,-0.0317,-0.158,1.6046,-3.9826,0.1309,1.4466,-2.8086,0.4036,-2.405,Ochai Agbaji
1630535,2024-2026,91.0,92.0,-3.4714,0.4818,0.4677,0.1013,-0.0274,0.013,-2.9896,0.569,-0.0144,-3.0311,0.5962,-2.4349,Greg Brown III
1630536,2024-2026,1482.0,1485.0,-1.0151,-3.0396,0.1361,0.106,-0.0971,-0.7972,-4.0547,0.2422,-0.8942,-0.976,-3.7308,-4.7068,Sharife Cooper
1630537,2024-2026,1624.0,1629.0,-1.9817,-0.3376,-0.1062,-0.1886,-0.059,-0.0773,-2.3193,-0.2948,-0.1363,-2.1468,-0.6035,-2.7503,Chris Duarte
1630538,2024-2026,4059.0,4055.0,0.5661,-0.5837,-0.7772,0.0983,-0.3843,0.3545,-0.0176,-0.6789,-0.0298,-0.5954,-0.131,-0.7264,Bones Hyland
1630539,2024-2026,953.0,954.0,0.7472,3.1418,-0.6496,-0.1058,-0.137,-0.1538,3.889,-0.7553,-0.2908,-0.0394,2.8822,2.8428,Kai Jones
1630540,2024-2026,7988.0,8012.0,0.4543,-0.4448,0.2151,0.3953,0.2836,1.1386,0.0096,0.6104,1.4222,0.9531,1.0891,2.0422,Miles McBride
1630541,2024-2026,8955.0,8972.0,0.2767,0.2683,-0.5635,-0.0741,-0.3825,0.8935,0.545,-0.6376,0.511,-0.6693,1.0876,0.4183,Moses Moody
1630542,2024-2026,529.0,534.0,-3.0017,1.3562,0.4995,-0.519,-0.091,-0.6693,-1.6455,-0.0194,-0.7603,-2.5931,0.1679,-2.4252,Marcus Bagley
1630543,2024-2026,3703.0,3701.0,0.0412,4.8022,-0.3607,-0.5904,0.0855,-0.5475,4.8435,-0.9511,-0.4619,-0.2339,3.6644,3.4305,Isaiah Jackson
1630544,2024-2026,3928.0,3921.0,-1.6069,-1.7085,-0.1054,-0.0331,-0.2472,-0.5361,-3.3154,-0.1385,-0.7832,-1.9595,-2.2776,-4.2372,Tre Mann
1630545,2024-2026,1842.0,1856.0,-1.5328,-2.0625,-0.0745,-0.0058,0.1816,-1.0121,-3.5953,-0.0803,-0.8306,-1.4257,-3.0805,-4.5062,Terrence Shannon Jr
1630547,2024-2026,164.0,157.0,-0.3181,-0.8613,0.1554,0.1674,0.0087,-0.2973,-1.1794,0.3228,-0.2886,-0.1541,-0.9912,-1.1452,James Bouknight
1630548,2024-2026,3583.0,3575.0,-0.4852,-1.2595,0.0132,-0.004,-0.2327,-0.5151,-1.7446,0.0092,-0.7478,-0.7046,-1.7785,-2.4832,Johnny Juzang
1630549,2024-2026,5991.0,5990.0,1.7839,3.3171,-0.2817,0.538,-0.0289,1.5073,5.1011,0.2563,1.4784,1.4733,5.3624,6.8358,Day'Ron Sharpe
1630550,2024-2026,2101.0,2091.0,-3.6524,-0.0776,0.6404,0.1128,0.0023,0.5433,-3.73,0.7532,0.5456,-3.0097,0.5785,-2.4312,JT Thor
1630551,2024-2026,6222.0,6256.0,0.8214,2.5817,0.2776,-0.4287,0.1574,-2.0274,3.4031,-0.151,-1.8701,1.2564,0.1256,1.382,Justin Champagnie
1630552,2024-2026,12202.0,12186.0,0.4899,0.9808,-0.5586,0.4349,-0.4131,1.0328,1.4708,-0.1237,0.6197,-0.4817,2.4485,1.9668,Jalen Johnson
1630553,2024-2026,4008.0,4008.0,-2.0557,-0.5011,-0.308,0.0219,0.0069,-0.4378,-2.5568,-0.2861,-0.4309,-2.3568,-0.9171,-3.2738,Keon Johnson
1630554,2024-2026,147.0,146.0,-2.9587,-0.5615,0.3982,0.1864,0.0882,0.126,-3.5202,0.5846,0.2142,-2.4724,-0.2491,-2.7214,Jason Preston
1630556,2024-2026,1822.0,1854.0,-2.4003,0.9541,0.4468,-0.1882,-0.1608,-0.9947,-1.4462,0.2586,-1.1556,-2.1143,-0.2288,-2.3432,Kessler Edwards
1630557,2024-2026,10052.0,10047.0,-0.4056,-2.5896,-0.4323,-0.0408,-0.2576,-1.0811,-2.9953,-0.473,-1.3387,-1.0955,-3.7115,-4.807,Corey Kispert
1630558,2024-2026,10609.0,10601.0,-1.6404,-2.148,0.916,-0.0496,0.6301,1.9955,-3.7884,0.8664,2.6256,-0.0943,-0.2021,-0.2964,Davion Mitchell
1630559,2024-2026,14327.0,14327.0,2.5118,-1.2171,-0.1547,0.0448,0.0189,0.0007,1.2947,-0.1099,0.0196,2.376,-1.1716,1.2043,Austin Reaves
1630560,2024-2026,7524.0,7476.0,0.4122,-3.7,1.062,-0.3137,0.2425,-1.176,-3.2878,0.7484,-0.9334,1.7168,-5.1897,-3.4729,Cam Thomas
1630561,2024-2026,182.0,178.0,-1.3943,-0.9965,0.3019,0.0403,0.1065,-0.0297,-2.3908,0.3422,0.0769,-0.9859,-0.9859,-1.9717,David Duke Jr.
1630562,2024-2026,228.0,231.0,-3.4914,-1.6452,0.3072,0.3841,-0.0893,0.3524,-5.1366,0.6913,0.263,-3.2735,-0.9088,-4.1822,Matt Hurt
1630563,2024-2026,23.0,22.0,-6.6387,-2.1692,0.2556,-0.6882,-0.0069,0.0759,-8.8079,-0.4325,0.069,-6.3899,-2.7814,-9.1714,Joshua Primo
1630564,2024-2026,82.0,79.0,0.1965,-0.0709,0.0366,0.3559,0.0851,-0.1286,0.1256,0.3925,-0.0435,0.3181,0.1565,0.4746,RaiQuan Gray
1630567,2024-2026,14282.0,14339.0,0.4855,1.3742,0.034,0.4844,-0.269,0.2132,1.8597,0.5184,-0.0558,0.2504,2.0718,2.3223,Scottie Barnes
1630568,2024-2026,2954.0,2942.0,3.57,0.7785,-0.8871,0.7287,0.0624,-0.297,4.3485,-0.1584,-0.2346,2.7452,1.2102,3.9554,Luka Garza
1630570,2024-2026,5366.0,5386.0,-1.8223,-1.3148,-0.4287,0.0674,-0.1966,0.465,-3.1372,-0.3613,0.2684,-2.4476,-0.7825,-3.2301,Trendon Watford
1630572,2024-2026,5975.0,6009.0,2.3927,1.9719,-0.1401,0.2469,-0.187,1.0139,4.3646,0.1068,0.827,2.0657,3.2327,5.2983,Sandro Mamukelashvili
1630573,2024-2026,10386.0,10346.0,0.427,-0.1687,0.9878,0.2658,0.2385,0.2618,0.2583,1.2536,0.5003,1.6532,0.3589,2.0121,Sam Hauser
1630574,2024-2026,1444.0,1474.0,-4.5083,0.6963,-0.0313,-0.2098,-0.129,1.0001,-3.812,-0.2412,0.8711,-4.6686,1.4866,-3.182,Ariel Hukporti
1630577,2024-2026,11818.0,11867.0,-0.3269,0.2611,0.6412,-0.1513,0.4044,-0.3939,-0.0658,0.4898,0.0105,0.7186,-0.284,0.4346,Julian Champagnie
1630578,2024-2026,13821.0,13786.0,1.4577,1.3004,0.4325,0.1845,0.119,-0.4081,2.758,0.6171,-0.2892,2.0092,1.0768,3.0859,Alperen Sengun
1630579,2024-2026,5002.0,5020.0,-2.1489,-0.5337,0.4328,0.3439,0.0757,-0.4834,-2.6826,0.7766,-0.4077,-1.6404,-0.6732,-2.3136,Jericho Sims
1630581,2024-2026,12386.0,12389.0,0.5133,-0.2293,0.5757,0.0799,0.181,-0.7814,0.2841,0.6557,-0.6004,1.2701,-0.9307,0.3393,Josh Giddey
1630583,2024-2026,9374.0,9428.0,0.1175,0.9222,0.1776,-0.2214,0.0599,-1.3528,1.0397,-0.0438,-1.2929,0.355,-0.6519,-0.297,Santi Aldama
1630585,2024-2026,157.0,157.0,-4.2656,-1.1654,0.145,0.0173,-0.0757,-0.2087,-5.431,0.1623,-0.2844,-4.1963,-1.3568,-5.5531,Marcus Garrett
1630586,2024-2026,39.0,39.0,-6.316,0.9649,1.1292,-0.1238,-0.0399,-0.0834,-5.3511,1.0054,-0.1233,-5.2267,0.7577,-4.469,Usman Garuba
1630587,2024-2026,1691.0,1716.0,-3.9191,-1.324,0.2938,0.3207,0.0077,-1.0029,-5.2431,0.6146,-0.9952,-3.6175,-2.0061,-5.6236,Isaiah Livers
1630590,2024-2026,5145.0,5144.0,0.6808,1.166,-0.7989,-0.0988,-0.2093,0.1784,1.8468,-0.8977,-0.0309,-0.3274,1.2457,0.9183,Scotty Pippen Jr.
1630591,2024-2026,9525.0,9504.0,-0.0229,0.7591,-0.79,0.7354,-0.4019,1.7005,0.7362,-0.0546,1.2986,-1.2148,3.1949,1.9801,Jalen Suggs
1630592,2024-2026,7065.0,7100.0,-1.4901,-2.1538,-0.3094,-0.0792,0.1861,-0.1527,-3.6439,-0.3885,0.0334,-1.6134,-2.3857,-3.999,Jalen Wilson
1630595,2024-2026,13858.0,13853.0,1.1904,-1.8648,1.1724,-0.014,0.2084,0.3523,-0.6744,1.1585,0.5607,2.5712,-1.5264,1.0448,Cade Cunningham
1630596,2024-2026,11993.0,11946.0,0.8404,2.965,-0.7279,0.531,-0.2524,0.4416,3.8055,-0.1969,0.1892,-0.1398,3.9376,3.7978,Evan Mobley
1630598,2024-2026,9081.0,9109.0,-0.1181,-0.3866,0.2866,-0.0198,0.5367,-0.0038,-0.5048,0.2667,0.5329,0.7051,-0.4102,0.2949,Aaron Wiggins
1630600,2024-2026,178.0,179.0,-3.0039,-0.7594,-0.0672,0.0829,-0.1055,-0.1515,-3.7633,0.0157,-0.257,-3.1766,-0.8281,-4.0047,Isaiah Mobley
1630604,2024-2026,877.0,876.0,-1.7516,0.4117,0.0159,-0.0557,0.0769,-0.7875,-1.3399,-0.0398,-0.7106,-1.6587,-0.4316,-2.0903,E.J. Liddell
1630606,2024-2026,1.0,1.0,-4.6966,-0.5312,0.0949,-0.2947,-0.0059,-0.0375,-5.2278,-0.1997,-0.0434,-4.6075,-0.8634,-5.471,Javonte Smart
1630608,2024-2026,6.0,5.0,-4.921,-0.6741,0.1842,-0.2678,0.0239,-0.0116,-5.5951,-0.0836,0.0123,-4.7129,-0.9535,-5.6664,Malcolm Cazalon
1630610,2024-2026,796.0,799.0,-3.6905,-0.0622,-0.3483,0.0682,-0.1683,-0.2016,-3.7527,-0.28,-0.3699,-4.207,-0.1956,-4.4026,DeJon Jarreau
1630611,2024-2026,4787.0,4781.0,0.3219,0.1964,0.2507,0.0344,0.2065,0.208,0.5183,0.2851,0.4145,0.7791,0.4388,1.2179,Gui Santos
1630618,2024-2026,154.0,156.0,-4.9609,-2.3539,0.0537,-0.0115,-0.0868,0.0184,-7.3148,0.0422,-0.0684,-4.994,-2.347,-7.341,D.J. Carton
1630619,2024-2026,1113.0,1116.0,-1.7504,5.4604,-0.2557,-1.204,0.2283,0.2738,3.7101,-1.4597,0.5021,-1.7777,4.5302,2.7525,Moussa Cisse
1630621,2024-2026,95.0,97.0,-3.8227,-0.4508,0.2688,0.1754,-0.0339,-0.3437,-4.2734,0.4442,-0.3777,-3.5878,-0.6191,-4.2069,Hunter Dickinson
1630622,2024-2026,5.0,5.0,-5.5084,-0.9037,0.4184,-0.1627,0.006,0.0222,-6.4121,0.2557,0.0282,-5.084,-1.0442,-6.1282,Jalen Crutcher
1630623,2024-2026,1122.0,1119.0,-0.3558,-2.0026,-1.0344,0.7574,-0.2721,-1.3166,-2.3584,-0.277,-1.5886,-1.6622,-2.5617,-4.224,Tyson Etienne
1630625,2024-2026,4560.0,4573.0,-1.9306,-1.3877,0.004,-0.0,-0.1205,-0.6762,-3.3184,0.004,-0.7967,-2.0471,-2.0639,-4.1111,Dalano Banton
1630631,2024-2026,7692.0,7677.0,0.1226,0.4588,-0.5458,0.0145,0.271,0.6605,0.5814,-0.5313,0.9314,-0.1522,1.1338,0.9815,Jose Alvarado
1630639,2024-2026,2168.0,2177.0,-0.6623,0.0474,0.0351,-0.2394,-0.1046,-0.2946,-0.6149,-0.2043,-0.3992,-0.7318,-0.4866,-1.2184,A.J. Lawson
1630641,2024-2026,467.0,461.0,-5.882,1.6451,0.4182,0.3992,-0.2467,-0.3758,-4.2369,0.8174,-0.6225,-5.7105,1.6685,-4.042,Ibou Badji
1630643,2024-2026,5336.0,5323.0,-0.9409,3.3841,-0.8993,-0.4471,-0.271,-0.7353,2.4432,-1.3464,-1.0062,-2.1112,2.2017,0.0906,Jay Huff
1630644,2024-2026,311.0,312.0,-2.1712,-0.199,-0.5407,0.2462,0.0784,-0.7865,-2.3703,-0.2946,-0.7081,-2.6335,-0.7394,-3.3729,Mac McClung
1630647,2024-2026,860.0,876.0,0.3493,1.1293,-0.0957,-0.044,-0.4541,-0.6013,1.4786,-0.1396,-1.0553,-0.2004,0.484,0.2837,Eugene Omoruyi
1630649,2024-2026,854.0,848.0,-2.6773,0.618,-0.0079,-0.3129,-0.2186,-0.3456,-2.0594,-0.3209,-0.5642,-2.9039,-0.0405,-2.9444,Stanley Umude
1630658,2024-2026,1061.0,1069.0,-2.0788,-0.6536,0.2642,0.2521,-0.1976,0.0404,-2.7324,0.5163,-0.1572,-2.0122,-0.3611,-2.3733,Colin Castleton
1630678,2024-2026,394.0,392.0,-2.8993,-1.7632,1.1431,0.2692,0.0044,0.4192,-4.6626,1.4123,0.4235,-1.7519,-1.0748,-2.8267,Terry Taylor
1630679,2024-2026,1354.0,1357.0,-2.3651,-1.1727,-0.1086,0.78,0.0359,0.7481,-3.5378,0.6714,0.784,-2.4378,0.3554,-2.0824,Ethan Thompson
1630688,2024-2026,133.0,139.0,-3.4518,-0.4005,-0.6856,-0.2707,-0.1979,0.5224,-3.8523,-0.9562,0.3245,-4.3353,-0.1487,-4.484,Ish Wainright
1630692,2024-2026,6411.0,6394.0,0.1374,1.6912,-0.0606,0.1039,0.0398,0.1779,1.8285,0.0433,0.2177,0.1165,1.973,2.0895,Jordan Goodwin
1630695,2024-2026,3758.0,3790.0,-0.2376,0.1865,0.3318,-0.0415,-0.3158,0.2822,-0.0512,0.2903,-0.0337,-0.2217,0.4272,0.2055,Micah Potter
1630696,2024-2026,3316.0,3323.0,0.6831,3.2064,0.6272,0.8569,-0.9048,-0.0003,3.8895,1.4841,-0.9051,0.4055,4.063,4.4685,Dru Smith
1630699,2024-2026,2046.0,2052.0,-2.2097,-1.4866,0.634,-0.1624,-0.2281,0.4884,-3.6962,0.4717,0.2602,-1.8038,-1.1606,-2.9643,MarJon Beauchamp
1630700,2024-2026,13585.0,13576.0,-0.1155,2.498,0.8016,0.1935,0.6606,0.3324,2.3825,0.9951,0.9929,1.3467,3.0238,4.3705,Dyson Daniels
1630702,2024-2026,5899.0,5879.0,-2.1022,-3.6671,-0.8582,0.1531,-0.0591,-0.0056,-5.7693,-0.705,-0.0647,-3.0195,-3.5195,-6.5391,Jaden Hardy
1630703,2024-2026,8857.0,8823.0,-2.1807,-3.7632,0.3308,0.087,0.315,0.0424,-5.9439,0.4178,0.3575,-1.5349,-3.6338,-5.1687,Scoot Henderson
1630762,2024-2026,87.0,89.0,-8.2231,-1.4885,1.5105,-0.1613,0.0203,0.073,-9.7115,1.3491,0.0933,-6.6923,-1.5768,-8.2691,Phillip Wheeler
1630811,2024-2026,2161.0,2159.0,-1.9238,-0.4418,-0.5331,-0.0925,-0.2356,0.335,-2.3656,-0.6256,0.0994,-2.6925,-0.1993,-2.8918,Keaton Wallace
1630828,2024-2026,46.0,43.0,2.384,0.1348,-1.7716,-0.2367,-0.0319,0.0879,2.5187,-2.0084,0.0561,0.5805,-0.0141,0.5664,Alex Antetokounmpo
1630846,2024-2026,287.0,289.0,-1.2073,4.0267,-0.7992,-0.8281,0.0735,-0.0311,2.8194,-1.6273,0.0424,-1.933,3.1676,1.2345,Olivier Sarr
1630929,2024-2026,65.0,66.0,-2.9535,-0.6587,0.5292,0.1708,0.0619,-0.043,-3.6122,0.7001,0.0189,-2.3623,-0.5309,-2.8933,Henri Drell
1631093,2024-2026,7832.0,7817.0,-1.2079,-2.6233,-0.3661,0.056,-0.1688,0.1616,-3.8312,-0.3102,-0.0072,-1.7429,-2.4058,-4.1486,Jaden Ivey
1631094,2024-2026,14016.0,14023.0,0.5635,-0.9056,0.7235,0.4523,-0.2938,-0.259,-0.3421,1.1758,-0.5529,0.9932,-0.7124,0.2808,Paolo Banchero
1631095,2024-2026,13846.0,13822.0,-1.14,0.1043,0.4467,-0.2553,-0.0104,0.6727,-1.0357,0.1914,0.6623,-0.7037,0.5217,-0.182,Jabari Smith Jr.
1631096,2024-2026,11026.0,11012.0,0.3417,4.1312,0.6406,0.1552,0.2634,0.6867,4.4729,0.7958,0.9501,1.2457,4.9732,6.2189,Chet Holmgren
1631097,2024-2026,11093.0,11102.0,-0.4379,-2.0644,-0.1105,0.0478,-0.4858,0.2884,-2.5023,-0.0627,-0.1974,-1.0341,-1.7282,-2.7623,Bennedict Mathurin
1631098,2024-2026,1841.0,1845.0,-4.5449,-0.7782,0.2779,-0.3338,-0.2884,-0.1612,-5.3231,-0.0558,-0.4496,-4.5554,-1.2732,-5.8286,Johnny Davis
1631099,2024-2026,12289.0,12246.0,-1.3888,0.1923,0.5609,-0.1633,-0.0242,1.5874,-1.1965,0.3977,1.5632,-0.8521,1.6165,0.7644,Keegan Murray
1631100,2024-2026,369.0,372.0,-6.8907,-4.1605,0.2336,0.0767,0.0336,-0.3114,-11.0513,0.3103,-0.2778,-6.6235,-4.3953,-11.0188,AJ Griffin
1631101,2024-2026,9917.0,9912.0,-0.7917,-2.7339,0.1987,-0.0207,0.1344,0.5803,-3.5256,0.1779,0.7147,-0.4586,-2.1744,-2.633,Shaedon Sharpe
1631102,2024-2026,533.0,525.0,-3.6004,-1.3499,-0.303,-0.2168,-0.1585,-0.0875,-4.9503,-0.5198,-0.246,-4.0619,-1.6543,-5.7162,TyTy Washington Jr.
1631103,2024-2026,4834.0,4861.0,-2.7074,-3.9954,-0.5624,-0.0724,-0.5565,-0.3796,-6.7028,-0.6348,-0.9362,-3.8263,-4.4475,-8.2738,Malaki Branham
1631104,2024-2026,4038.0,4056.0,-2.5058,-1.5348,0.1606,-0.3141,-0.2852,-0.0893,-4.0406,-0.1536,-0.3746,-2.6305,-1.9382,-4.5687,Blake Wesley
1631105,2024-2026,11951.0,11920.0,2.1821,2.643,-0.1402,-0.0311,0.2144,-0.2643,4.8251,-0.1714,-0.0499,2.2563,2.3475,4.6038,Jalen Duren
1631106,2024-2026,7073.0,7076.0,-0.1313,2.8239,0.3925,-0.2121,0.5329,0.0487,2.6926,0.1805,0.5816,0.794,2.6606,3.4547,Tari Eason
1631107,2024-2026,5894.0,5894.0,-1.0767,-0.2985,-0.0813,-0.0231,-0.0806,1.7894,-1.3753,-0.1044,1.7088,-1.2386,1.4677,0.2291,Nikola Jović
1631108,2024-2026,11120.0,11133.0,-2.0977,-1.7764,0.114,-0.4113,0.0643,0.2181,-3.8741,-0.2973,0.2823,-1.9194,-1.9697,-3.8891,Max Christie
1631109,2024-2026,6343.0,6356.0,2.2063,3.5431,-1.673,-0.239,-0.4517,-0.6575,5.7494,-1.912,-1.1092,0.0815,2.6466,2.7281,Mark Williams
1631110,2024-2026,8413.0,8395.0,-1.703,-0.7664,-0.3175,0.2053,-0.4116,-0.1745,-2.4694,-0.1122,-0.5862,-2.4322,-0.7356,-3.1678,Jeremy Sochan
1631111,2024-2026,1314.0,1323.0,-2.6805,-0.7429,0.7556,-0.1031,-0.297,-0.2467,-3.4235,0.6525,-0.5437,-2.2219,-1.0928,-3.3147,Wendell Moore Jr.
1631112,2024-2026,129.0,130.0,-2.4754,-2.2095,0.49,0.331,-0.1564,0.1298,-4.6849,0.8211,-0.0266,-2.1418,-1.7487,-3.8905,Kendall Brown
1631113,2024-2026,795.0,805.0,-1.19,-1.8038,0.171,-0.1557,0.05,-1.0978,-2.9939,0.0153,-1.0478,-0.9691,-3.0573,-4.0264,Kennedy Chandler
1631114,2024-2026,11327.0,11313.0,1.2734,0.289,-0.2121,0.025,-0.4654,-0.0401,1.5624,-0.1871,-0.5055,0.5958,0.2739,0.8697,Jalen Williams
1631115,2024-2026,2257.0,2261.0,-1.474,-0.3225,-0.2623,0.2256,-0.2571,-0.0714,-1.7965,-0.0367,-0.3285,-1.9934,-0.1683,-2.1618,Orlando Robinson
1631116,2024-2026,1493.0,1495.0,-2.18,1.6155,0.3976,-0.4361,-0.1492,0.0245,-0.5645,-0.0385,-0.1248,-1.9316,1.2039,-0.7278,Patrick Baldwin Jr.
1631117,2024-2026,6979.0,6981.0,-1.1113,4.9883,-0.3638,-0.167,-0.1055,-0.6179,3.8769,-0.5308,-0.7234,-1.5807,4.2034,2.6227,Walker Kessler
1631119,2024-2026,6163.0,6179.0,-0.4564,2.9127,0.5907,0.3409,-0.0094,1.0346,2.4563,0.9316,1.0252,0.1249,4.2882,4.4131,Jaylin Williams
1631120,2024-2026,697.0,699.0,-2.1291,0.0478,-0.0477,0.0885,-0.0836,0.2076,-2.0813,0.0408,0.124,-2.2604,0.3439,-1.9165,JD Davison
1631121,2024-2026,3709.0,3712.0,-1.7269,-0.95,0.038,-0.1549,0.2532,-0.8492,-2.6769,-0.1169,-0.5961,-1.4357,-1.9541,-3.3898,Bryce McGowens
1631123,2024-2026,1586.0,1580.0,-2.5858,-0.5729,-0.3102,-0.0784,-0.0606,0.9174,-3.1588,-0.3885,0.8568,-2.9565,0.2661,-2.6904,Jamaree Bouyea
1631124,2024-2026,5829.0,5808.0,-1.9295,-1.5428,-0.4061,-0.3145,-0.2112,-0.3969,-3.4723,-0.7206,-0.6082,-2.5469,-2.2542,-4.8011,Julian Strawther
1631126,2024-2026,2127.0,2123.0,-1.4991,-3.2993,-0.7307,0.0856,0.0966,-0.1356,-4.7984,-0.6451,-0.039,-2.1332,-3.3493,-5.4826,Caleb Love
1631127,2024-2026,130.0,126.0,-1.7711,-0.0059,1.0322,0.088,0.0554,-0.0158,-1.777,1.1202,0.0397,-0.6834,0.0663,-0.6171,Harrison Ingram
1631128,2024-2026,11814.0,11829.0,-0.3734,-0.3679,0.5527,0.0587,-0.0617,0.8841,-0.7413,0.6114,0.8224,0.1176,0.5748,0.6925,Christian Braun
1631131,2024-2026,1576.0,1575.0,2.9631,2.6345,-0.6543,-0.3627,-0.0648,-0.9183,5.5976,-1.0169,-0.9831,2.2441,1.3535,3.5976,Oscar Tshiebwe
1631132,2024-2026,1460.0,1465.0,-4.0906,1.7458,0.4799,-0.0774,-0.0444,1.1527,-2.3448,0.4025,1.1083,-3.6551,2.8211,-0.8341,Christian Koloko
1631133,2024-2026,6648.0,6616.0,-0.7679,0.8492,-0.238,-0.5815,0.0429,-0.3784,0.0813,-0.8195,-0.3356,-0.9631,-0.1107,-1.0737,Jabari Walker
1631157,2024-2026,6727.0,6701.0,0.2516,-0.0845,0.0208,0.057,0.1825,0.3387,0.1671,0.0778,0.5212,0.4549,0.3112,0.7661,Ryan Rollins
1631159,2024-2026,1750.0,1742.0,0.4364,0.3059,-0.3472,-0.1396,0.0332,0.0268,0.7423,-0.4868,0.0601,0.1225,0.1931,0.3156,Leonard Miller
1631165,2024-2026,8950.0,8955.0,-0.3713,2.6202,-0.1525,-0.0259,0.2186,-0.6838,2.249,-0.1785,-0.4652,-0.3052,1.9105,1.6053,Keon Ellis
1631166,2024-2026,984.0,994.0,-1.788,-2.0933,0.0683,0.1346,0.0016,-0.087,-3.8812,0.2029,-0.0854,-1.718,-2.0457,-3.7637,Drew Timme
1631167,2024-2026,8.0,9.0,-4.2075,-0.7235,0.2226,-0.1554,0.0202,0.0092,-4.931,0.0672,0.0294,-3.9647,-0.8697,-4.8344,Izaiah Brockington
1631169,2024-2026,2477.0,2466.0,0.8608,2.7572,0.0685,-0.0689,-0.219,-0.0892,3.618,-0.0004,-0.3082,0.7103,2.5991,3.3094,Josh Minott
1631170,2024-2026,11608.0,11646.0,-0.8564,-1.5919,0.0435,0.1885,0.2585,-0.2448,-2.4483,0.2319,0.0138,-0.5544,-1.6482,-2.2026,Jaime Jaquez Jr.
1631172,2024-2026,3834.0,3833.0,-2.6573,-1.7314,-0.0673,0.0944,-0.526,-0.1916,-4.3887,0.0272,-0.7176,-3.2506,-1.8285,-5.0791,Ousmane Dieng
1631173,2024-2026,193.0,195.0,-1.2078,-1.8157,-0.2972,0.5977,0.0101,-0.3727,-3.0235,0.3005,-0.3626,-1.4948,-1.5907,-3.0856,Terquavion Smith
1631174,2024-2026,644.0,656.0,-2.0563,-0.3208,-0.6423,-0.569,-0.2009,-0.6161,-2.3771,-1.2113,-0.817,-2.8995,-1.5059,-4.4054,Tyler Burton
1631197,2024-2026,978.0,976.0,-1.2208,0.5839,0.3271,-0.2068,0.2415,-0.2195,-0.6369,0.1203,0.022,-0.6521,0.1576,-0.4946,Jared Rhoden
1631199,2024-2026,668.0,663.0,-0.6182,0.3712,0.3996,0.1169,0.0263,-0.2429,-0.2469,0.5165,-0.2166,-0.1922,0.2452,0.053,Ron Harper Jr.
1631200,2024-2026,7695.0,7697.0,-2.5932,-0.8824,0.8142,0.2832,-0.0836,2.0813,-3.4756,1.0974,1.9977,-1.8626,1.4821,-0.3805,Kris Murray
1631204,2024-2026,5450.0,5426.0,-0.8643,-1.9657,-0.7962,-0.2835,0.2066,-0.2324,-2.83,-1.0797,-0.0257,-1.4539,-2.4816,-3.9354,Marcus Sasser
1631205,2024-2026,202.0,201.0,-1.9289,-1.4212,-0.9216,0.1372,0.061,0.4163,-3.3501,-0.7844,0.4773,-2.7896,-0.8677,-3.6573,Buddy Boeheim
1631207,2024-2026,4676.0,4683.0,-2.3777,0.3313,0.3725,-0.0499,-0.2816,0.2175,-2.0465,0.3226,-0.0641,-2.2868,0.4989,-1.7879,Dalen Terry
1631209,2024-2026,547.0,544.0,-1.9429,-2.5811,0.1468,-0.0617,-0.176,0.9584,-4.524,0.0851,0.7824,-1.9721,-1.6845,-3.6566,Isaiah Wong
1631210,2024-2026,261.0,266.0,-2.2844,-1.1598,1.1014,0.0629,-0.1146,0.0688,-3.4442,1.1643,-0.0458,-1.2976,-1.0281,-2.3257,Jacob Toppin
1631211,2024-2026,42.0,38.0,-4.2536,-3.0432,-0.1657,-0.0498,-0.0613,0.2398,-7.2968,-0.2155,0.1786,-4.4806,-2.8532,-7.3337,Trevor Keels
1631212,2024-2026,9744.0,9717.0,-2.9548,1.3557,0.3149,-0.1596,0.4693,0.0952,-1.5991,0.1554,0.5645,-2.1706,1.2913,-0.8792,Peyton Watson
1631213,2024-2026,4179.0,4217.0,-1.3812,-2.1444,-0.4621,0.0666,-0.3787,-0.4916,-3.5257,-0.3955,-0.8703,-2.2221,-2.5694,-4.7914,Tyrese Martin
1631214,2024-2026,257.0,259.0,0.1149,0.7087,0.2267,0.3139,0.0029,0.1654,0.8236,0.5406,0.1683,0.3445,1.188,1.5325,Alondes Williams
1631216,2024-2026,3322.0,3333.0,-0.7982,-1.4529,-0.1164,0.1937,-0.3776,0.5277,-2.2511,0.0773,0.1501,-1.2922,-0.7315,-2.0237,Caleb Houstan
1631217,2024-2026,6374.0,6390.0,0.8157,3.0042,1.7072,0.2942,0.5008,1.0812,3.8199,2.0014,1.582,3.0238,4.3795,7.4033,Moussa Diabaté
1631218,2024-2026,5358.0,5386.0,0.4966,3.1022,-0.7697,0.1054,-0.4098,-0.791,3.5988,-0.6643,-1.2008,-0.683,2.4167,1.7338,Trayce Jackson-Davis
1631220,2024-2026,116.0,117.0,-3.6974,-0.5765,0.2281,0.0074,0.0684,0.4627,-4.2739,0.2355,0.5311,-3.4009,-0.1064,-3.5073,Dereon Seabron
1631221,2024-2026,6015.0,5993.0,1.8581,0.1976,-0.0697,0.083,0.1816,-0.0412,2.0557,0.0132,0.1404,1.97,0.2394,2.2093,Collin Gillespie
1631222,2024-2026,8728.0,8743.0,-0.5094,0.5736,0.5721,-0.002,0.6673,-1.3351,0.0642,0.5701,-0.6678,0.73,-0.7636,-0.0336,Jake LaRavia
1631223,2024-2026,3458.0,3484.0,-2.8676,-1.6696,-0.2544,0.0104,-0.1879,-0.5219,-4.5372,-0.244,-0.7098,-3.3099,-2.1811,-5.491,David Roddy
1631230,2024-2026,5138.0,5166.0,-1.1042,1.5148,0.4018,-0.0093,-0.0271,0.3454,0.4106,0.3924,0.3184,-0.7295,1.8509,1.1214,Dominick Barlow
1631232,2024-2026,689.0,693.0,-1.9224,0.4931,0.3737,-0.4425,-0.226,-1.0153,-1.4294,-0.0687,-1.2413,-1.7747,-0.9647,-2.7394,Keion Brooks Jr.
1631241,2024-2026,838.0,839.0,-2.1031,-1.753,0.2324,0.1472,-0.0931,-0.4521,-3.856,0.3796,-0.5452,-1.9638,-2.0579,-4.0216,Javon Freeman-Liberty
1631243,2024-2026,3707.0,3751.0,-0.9976,3.8839,-0.0003,-0.3971,0.1563,0.4124,2.8862,-0.3973,0.5687,-0.8416,3.8992,3.0576,Mouhamed Gueye
1631245,2024-2026,2753.0,2751.0,0.4502,-0.605,-0.3169,-0.1243,-0.2539,0.285,-0.1548,-0.4412,0.0311,-0.1206,-0.4443,-0.5649,Quenton Jackson
1631246,2024-2026,5685.0,5696.0,-1.3607,-0.3556,0.2689,0.0703,0.3824,0.8194,-1.7162,0.3392,1.2019,-0.7093,0.5342,-0.1751,Vince Williams Jr.
1631247,2024-2026,400.0,403.0,-4.273,-1.0102,0.5046,0.1793,-0.0546,0.0049,-5.2831,0.6839,-0.0498,-3.823,-0.826,-4.649,Luke Travers
1631248,2024-2026,3565.0,3548.0,-0.4272,0.0308,0.756,-0.1711,-0.2595,0.7345,-0.3964,0.5848,0.475,0.0693,0.5942,0.6635,Baylor Scheierman
1631250,2024-2026,1793.0,1795.0,-2.0028,-0.688,0.7149,-0.006,0.0589,-0.6768,-2.6908,0.7089,-0.6179,-1.229,-1.3708,-2.5998,Pete Nance
1631254,2024-2026,415.0,421.0,-0.9317,-0.402,0.0416,0.3527,0.0041,-0.0099,-1.3337,0.3943,-0.0059,-0.886,-0.0593,-0.9453,Kenneth Lofton Jr.
1631255,2024-2026,3541.0,3555.0,-1.0855,2.5536,0.1766,-0.1954,-0.1826,0.7596,1.468,-0.0189,0.577,-1.0916,3.1177,2.0261,Karlo Matković
1631257,2024-2026,133.0,134.0,-2.2326,0.1201,0.6155,-0.0733,0.0081,-0.3065,-2.1125,0.5422,-0.2984,-1.609,-0.2597,-1.8687,Jermaine Samuels Jr.
1631260,2024-2026,9281.0,9284.0,-0.9929,-2.0496,0.1827,0.4561,0.276,1.754,-3.0425,0.6388,2.03,-0.5343,0.1606,-0.3737,AJ Green
1631262,2024-2026,324.0,318.0,-1.4323,-1.9453,0.1284,0.3627,0.0325,0.2248,-3.3776,0.491,0.2572,-1.2715,-1.3579,-2.6294,Jules Bernard
1631288,2024-2026,2561.0,2556.0,-0.599,-0.1912,0.2944,-0.1763,0.0285,-1.0441,-0.7902,0.1182,-1.0156,-0.2761,-1.4116,-1.6876,Jamal Cain
1631298,2024-2026,133.0,132.0,-6.4892,-1.7417,-0.2169,0.1934,-0.0449,-0.0158,-8.2309,-0.0236,-0.0607,-6.751,-1.5641,-8.3151,Jack White
1631301,2024-2026,227.0,236.0,-1.5332,-2.3432,0.2197,0.3016,-0.0509,-0.4508,-3.8764,0.5213,-0.5017,-1.3644,-2.4924,-3.8568,Jaylen Sims
1631303,2024-2026,962.0,967.0,-4.1415,-1.1166,0.9582,0.6933,-0.2287,0.4532,-5.2581,1.6515,0.2245,-3.412,0.0298,-3.3821,Justin Minaya
1631306,2024-2026,547.0,534.0,-3.6591,-2.7089,0.6698,-0.0963,0.0429,0.0977,-6.3681,0.5734,0.1406,-2.9465,-2.7076,-5.6541,Cole Swider
1631311,2024-2026,1216.0,1205.0,-1.4915,-2.1006,-0.0541,0.2027,-0.1453,0.1573,-3.5921,0.1486,0.012,-1.6909,-1.7406,-3.4315,Lester Quiñones
1631321,2024-2026,3499.0,3515.0,-3.0856,-1.0372,0.3003,0.98,-0.0207,1.0249,-4.1228,1.2803,1.0042,-2.806,0.9678,-1.8383,Sidy Cissoko
1631323,2024-2026,8573.0,8587.0,-0.4278,-1.1224,0.1062,-0.0086,0.1281,0.6827,-1.5503,0.0976,0.8109,-0.1935,-0.4483,-0.6418,Simone Fontecchio
1631338,2024-2026,344.0,346.0,-7.5388,0.5837,1.1687,-0.3008,-0.2973,-0.4092,-6.955,0.8679,-0.7064,-6.6673,-0.1262,-6.7935,Mouhamadou Gueye
1631342,2024-2026,1892.0,1891.0,-0.4048,-1.6145,-0.5231,0.1668,0.0255,-1.2267,-2.0193,-0.3564,-1.2012,-0.9024,-2.6744,-3.5769,Daeqwon Plowden
1631351,2024-2026,495.0,496.0,-2.3711,-0.7729,-0.3861,-0.1968,0.0416,-0.8386,-3.144,-0.5829,-0.797,-2.7157,-1.8083,-4.524,Lucas Williamson
1631367,2024-2026,1382.0,1392.0,-0.1845,-0.4589,-0.3438,-0.1156,-0.0434,-0.9165,-0.6434,-0.4595,-0.9599,-0.5717,-1.4911,-2.0628,Jacob Gilyard
1631376,2024-2026,5.0,4.0,-5.5084,-0.8714,0.4184,-0.2725,-0.0028,0.0232,-6.3798,0.1458,0.0204,-5.0928,-1.1207,-6.2136,Dmytro Skapintsev
1631386,2024-2026,136.0,135.0,-3.3746,-1.9247,0.1898,0.3724,-0.1466,0.0213,-5.2993,0.5622,-0.1252,-3.3313,-1.5309,-4.8622,Taze Moore
1631451,2024-2026,190.0,194.0,-6.4362,-2.5249,0.3515,-0.6681,-0.2483,0.351,-8.9611,-0.3165,0.1027,-6.3329,-2.842,-9.1749,Javonte Cooke
1631457,2024-2026,48.0,46.0,-2.7048,-3.275,-0.6218,0.4417,0.0326,0.0632,-5.9798,-0.1801,0.0959,-3.294,-2.77,-6.064,Alex Morales
1631466,2024-2026,1083.0,1093.0,-2.0646,-2.9089,0.5134,-0.0334,0.1992,-0.8063,-4.9736,0.4799,-0.6071,-1.352,-3.7487,-5.1007,Nate Williams
1641705,2024-2026,11471.0,11441.0,1.503,7.2776,0.3673,0.8132,-0.131,0.966,8.7806,1.1804,0.8351,1.7393,9.0568,10.7961,Victor Wembanyama
1641706,2024-2026,10642.0,10629.0,-0.2004,-1.4777,0.2656,0.1556,0.0318,1.4487,-1.6781,0.4212,1.4805,0.097,0.1266,0.2236,Brandon Miller
1641707,2024-2026,4282.0,4289.0,-1.5203,1.4392,0.1491,-0.2578,-0.2308,-0.4719,-0.0812,-0.1086,-0.7026,-1.602,0.7095,-0.8924,Taylor Hendricks
1641708,2024-2026,13378.0,13390.0,1.0019,1.6644,-0.0938,0.3513,0.2538,0.7984,2.6662,0.2576,1.0522,1.1619,2.8141,3.976,Amen Thompson
1641709,2024-2026,9956.0,9931.0,-0.9276,3.6283,0.5992,0.0459,0.3563,0.9648,2.7007,0.6452,1.321,0.0279,4.639,4.6669,Ausar Thompson
1641710,2024-2026,10127.0,10141.0,-2.152,-0.3405,-0.2395,0.0143,-0.1942,0.5929,-2.4925,-0.2252,0.3987,-2.5857,0.2667,-2.319,Anthony Black
1641711,2024-2026,8181.0,8169.0,-1.6016,-2.1748,-0.5462,-0.4002,-0.1733,-0.0564,-3.7764,-0.9464,-0.2297,-2.3211,-2.6314,-4.9525,Gradey Dick
1641712,2024-2026,4521.0,4508.0,-3.7319,-1.6614,0.136,-0.0703,-0.4784,-1.2598,-5.3933,0.0658,-1.7381,-4.0742,-2.9914,-7.0657,Rayan Rupert
1641713,2024-2026,5954.0,5945.0,-0.8356,-1.1245,-0.6692,-0.2977,0.0446,-1.0596,-1.9601,-0.9668,-1.015,-1.4602,-2.4818,-3.9419,GG Jackson
1641715,2024-2026,4335.0,4346.0,-0.0931,-0.3579,-0.3809,-0.5802,0.0718,-0.7975,-0.4511,-0.9611,-0.7257,-0.4022,-1.7357,-2.1379,Cam Whitmore
1641716,2024-2026,7376.0,7411.0,-1.9507,-0.2029,-0.4449,-0.3075,-0.6007,-1.4258,-2.1536,-0.7524,-2.0265,-2.9964,-1.9361,-4.9325,Jarace Walker
1641717,2024-2026,11660.0,11666.0,-0.8399,1.6343,-0.3989,0.117,-0.2729,-0.0858,0.7944,-0.2819,-0.3587,-1.5117,1.6655,0.1538,Cason Wallace
1641718,2024-2026,12355.0,12377.0,0.3737,-3.4153,-0.2692,-0.2278,-0.2897,-1.6615,-3.0416,-0.497,-1.9511,-0.1853,-5.3045,-5.4898,Keyonte George
1641720,2024-2026,888.0,878.0,-5.3713,-2.7543,-0.7654,0.4612,0.0675,-1.1184,-8.1256,-0.3043,-1.0509,-6.0692,-3.4115,-9.4807,Jalen Hood-Schifino
1641721,2024-2026,876.0,888.0,-4.7346,-2.5213,0.1275,0.2786,-0.2664,0.1985,-7.2559,0.4062,-0.0679,-4.8734,-2.0442,-6.9176,Maxwell Lewis
1641722,2024-2026,6564.0,6582.0,-2.3763,-2.7565,-0.3385,-0.5419,-0.2723,-1.078,-5.1329,-0.8805,-1.3503,-2.9872,-4.3765,-7.3637,Jordan Hawkins
1641723,2024-2026,921.0,921.0,-3.6051,-1.2587,-0.3693,0.1626,-0.4027,-0.1575,-4.8638,-0.2067,-0.5602,-4.3771,-1.2536,-5.6307,Kobe Bufkin
1641724,2024-2026,3006.0,2989.0,-2.2644,-2.3157,-0.1709,0.166,-0.1473,-0.8187,-4.5801,-0.005,-0.966,-2.5827,-2.9683,-5.551,Jett Howard
1641725,2024-2026,492.0,487.0,-4.0798,-1.5284,0.284,-0.0907,-0.0512,0.0137,-5.6082,0.1932,-0.0375,-3.847,-1.6054,-5.4525,Trey Alexander
1641726,2024-2026,4617.0,4619.0,-0.4844,3.7898,0.5571,-0.1133,0.5141,0.1949,3.3054,0.4438,0.709,0.5869,3.8714,4.4583,Dereck Lively II
1641727,2024-2026,971.0,985.0,-2.4837,-2.7176,-0.2373,0.1874,-0.0753,-0.3941,-5.2013,-0.05,-0.4693,-2.7962,-2.9244,-5.7206,Dariq Whitehead
1641729,2024-2026,8048.0,8020.0,-0.2136,-2.535,-0.1506,-0.0962,-0.0345,-1.7161,-2.7485,-0.2468,-1.7505,-0.3986,-4.3472,-4.7458,Brice Sensabaugh
1641730,2024-2026,6410.0,6439.0,-1.3528,-0.3226,-0.9661,-0.0589,0.02,-0.2194,-1.6754,-1.0251,-0.1995,-2.299,-0.601,-2.9,Noah Clowney
1641731,2024-2026,10888.0,10897.0,-2.5395,-0.0,-0.1425,0.0135,0.0139,-0.8118,-2.5395,-0.129,-0.7979,-2.6681,-0.7983,-3.4664,Bilal Coulibaly
1641732,2024-2026,1446.0,1452.0,-2.5422,0.8391,0.2563,0.024,-0.0161,-0.4968,-1.7031,0.2803,-0.5128,-2.302,0.3663,-1.9356,Colby Jones
1641733,2024-2026,5003.0,4999.0,-3.499,-4.6634,-1.6328,-0.1318,-0.4147,0.007,-8.1624,-1.7646,-0.4078,-5.5466,-4.7882,-10.3348,Nick Smith Jr.
1641734,2024-2026,427.0,424.0,-4.5421,-3.0273,-0.5309,-0.0554,-0.2996,-0.7695,-7.5694,-0.5863,-1.0691,-5.3726,-3.8522,-9.2248,Emoni Bates
1641735,2024-2026,130.0,131.0,-2.4784,-2.5635,-0.221,0.1281,0.0629,-0.0251,-5.0419,-0.0928,0.0378,-2.6365,-2.4605,-5.0969,Amari Bailey
1641736,2024-2026,947.0,955.0,-3.3283,-0.4875,0.3792,0.1115,-0.2147,0.0718,-3.8157,0.4906,-0.1429,-3.1638,-0.3043,-3.468,Reece Beekman
1641737,2024-2026,4440.0,4421.0,-2.801,2.6878,-0.1383,-0.3664,0.4999,-0.2679,-0.1132,-0.5047,0.232,-2.4394,2.0535,-0.3859,Adem Bona
1641738,2024-2026,3321.0,3326.0,-1.7149,-1.2099,0.9576,0.3189,-0.2105,-2.135,-2.9248,1.2765,-2.3455,-0.9677,-3.026,-3.9937,Kobe Brown
1641739,2024-2026,14477.0,14489.0,-1.0391,-0.2011,0.6927,0.2859,0.2949,2.6094,-1.2402,0.9786,2.9043,-0.0516,2.6943,2.6427,Toumani Camara
1641740,2024-2026,2963.0,2952.0,-0.7015,1.0352,0.3212,0.0155,0.3413,-0.0049,0.3337,0.3366,0.3364,-0.039,1.0458,1.0068,Jaylen Clark
1641741,2024-2026,3145.0,3150.0,-0.3639,-0.853,-0.0787,-0.07,0.1821,-0.866,-1.2168,-0.1487,-0.6839,-0.2605,-1.789,-2.0495,Ricky Council IV
1641744,2024-2026,3583.0,3581.0,-0.2151,2.9487,-1.2,-0.3053,0.9351,1.3507,2.7336,-1.5053,2.2858,-0.4801,3.9942,3.5141,Zach Edey
1641745,2024-2026,448.0,449.0,-4.7665,-2.0718,1.2769,-0.1101,-0.0846,0.8025,-6.8383,1.1668,0.7179,-3.5742,-1.3794,-4.9536,Adam Flagler
1641747,2024-2026,411.0,403.0,0.0615,-0.0796,-0.2034,0.4942,0.0061,0.0178,-0.018,0.2908,0.0239,-0.1358,0.4324,0.2966,DaRon Holmes II
1641748,2024-2026,4044.0,4031.0,-3.3901,-1.2269,0.7901,0.0727,-0.3235,-0.814,-4.617,0.8628,-1.1375,-2.9235,-1.9683,-4.8917,Andre Jackson Jr.
1641749,2024-2026,138.0,134.0,-5.8568,-3.1611,0.5929,0.1781,-0.035,0.0737,-9.0179,0.771,0.0388,-5.2988,-2.9093,-8.2081,Keyontae Johnson
1641750,2024-2026,3018.0,3013.0,-0.4819,2.5223,-0.1575,0.2955,-0.4233,0.7748,2.0403,0.138,0.3515,-1.0627,3.5926,2.5299,Ryan Kalkbrenner
1641752,2024-2026,237.0,239.0,-2.8071,-0.1197,-0.0293,-0.1466,-0.0771,0.0361,-2.9267,-0.1759,-0.041,-2.9135,-0.2302,-3.1437,Bobi Klintman
1641753,2024-2026,450.0,452.0,-3.0915,-0.5075,0.1618,-0.6642,-0.0393,0.4125,-3.5989,-0.5023,0.3733,-2.9689,-0.7591,-3.728,Chris Livingston
1641754,2024-2026,103.0,110.0,-5.0615,-2.2418,-0.9305,-0.2227,-0.0197,-0.0939,-7.3033,-1.1532,-0.1136,-6.0117,-2.5584,-8.5701,Seth Lundy
1641755,2024-2026,386.0,390.0,-2.4283,-0.4205,0.1013,0.0126,-0.1578,0.0752,-2.8488,0.1139,-0.0826,-2.4848,-0.3327,-2.8175,Kevin McCullar Jr.
1641757,2024-2026,3586.0,3603.0,0.0996,-1.0328,0.2597,0.0786,0.0683,-0.924,-0.9332,0.3383,-0.8556,0.4277,-1.8782,-1.4506,Jordan Miller
1641761,2024-2026,70.0,69.0,-0.2074,3.3702,0.0885,-0.1376,0.0347,-0.1725,3.1628,-0.0491,-0.1378,-0.0841,3.06,2.9759,Grant Nelson
1641763,2024-2026,3958.0,3946.0,-1.949,-0.3454,0.0845,0.1833,0.2834,0.0852,-2.2944,0.2678,0.3686,-1.5811,-0.0769,-1.6579,Julian Phillips
1641764,2024-2026,12345.0,12368.0,0.3912,-0.0625,-0.6151,-0.0166,-0.1284,1.2359,0.3287,-0.6317,1.1075,-0.3523,1.1568,0.8045,Brandin Podziemski
1641765,2024-2026,4020.0,4045.0,0.7042,0.6749,0.4851,-0.3027,-1.0719,-1.1935,1.3792,0.1824,-2.2654,0.1174,-0.8213,-0.7039,Olivier-Maxence Prosper
1641766,2024-2026,186.0,181.0,0.8802,-0.8632,0.0362,-0.2073,0.0341,0.2885,0.017,-0.1711,0.3226,0.9505,-0.782,0.1685,Adama Sanogo
1641767,2024-2026,7244.0,7256.0,-1.7516,-0.807,0.2103,-0.0599,-0.0189,-0.2363,-2.5587,0.1504,-0.2552,-1.5603,-1.1032,-2.6635,Ben Sheppard
1641771,2024-2026,707.0,713.0,-2.293,2.6844,0.1101,-0.0177,0.0159,-0.1375,0.3914,0.0924,-0.1217,-2.1671,2.5292,0.3621,Jalen Slawson
1641772,2024-2026,2211.0,2222.0,-0.9672,1.0844,0.2276,-0.0196,-0.0437,0.2241,0.1171,0.208,0.1804,-0.7833,1.2888,0.5055,Nae'Qwan Tomlin
1641774,2024-2026,2831.0,2826.0,0.127,1.3157,-1.1059,-0.0072,-0.3926,-0.2385,1.4426,-1.1131,-0.6311,-1.3715,1.0699,-0.3016,Tristan Vukcevic
1641775,2024-2026,3322.0,3339.0,-1.525,1.7134,0.3942,-0.2117,0.2596,-0.9685,0.1885,0.1824,-0.7088,-0.8712,0.5332,-0.338,Jordan Walsh
1641778,2024-2026,1480.0,1484.0,-3.3275,0.7115,0.7139,-0.1517,0.04,-0.2996,-2.616,0.5622,-0.2596,-2.5735,0.2602,-2.3134,Leaky Black
1641779,2024-2026,61.0,60.0,-5.4541,-3.4007,0.2603,0.0705,-0.0365,0.1097,-8.8548,0.3309,0.0732,-5.2303,-3.2204,-8.4507,Jalen Bridges
1641780,2024-2026,114.0,114.0,-5.4817,0.347,0.6778,-0.0685,-0.1317,0.0535,-5.1346,0.6093,-0.0782,-4.9356,0.332,-4.6035,Johni Broome
1641783,2024-2026,7127.0,7143.0,-1.5887,-1.2555,0.0,0.0836,-0.0069,0.0225,-2.8442,0.0836,0.0155,-1.5956,-1.1494,-2.745,Tristan da Silva
1641787,2024-2026,2081.0,2101.0,-1.8724,-0.7797,0.0997,-0.0886,-0.2476,0.2334,-2.6521,0.011,-0.0142,-2.0203,-0.635,-2.6553,Tosan Evbuomwan
1641788,2024-2026,83.0,87.0,-3.3003,-2.6054,-0.3462,-0.154,-0.098,-0.204,-5.9057,-0.5002,-0.302,-3.7446,-2.9633,-6.708,Alex Fudge
1641789,2024-2026,122.0,130.0,-4.6721,-1.7227,-0.4895,-0.1044,0.0157,0.2344,-6.3948,-0.5939,0.2501,-5.1458,-1.5927,-6.7385,Jazian Gortman
1641790,2024-2026,577.0,571.0,-0.4442,1.3308,-0.623,-0.0529,-0.1571,0.5293,0.8866,-0.6759,0.3722,-1.2243,1.8072,0.5829,PJ Hall
1641793,2024-2026,83.0,85.0,-3.2949,-1.7994,0.7862,0.7084,-0.0526,-0.28,-5.0943,1.4946,-0.3326,-2.5613,-1.371,-3.9322,D'Moi Hodge
1641794,2024-2026,1225.0,1213.0,-3.1069,-0.5569,0.6753,-0.1492,-0.0898,0.3818,-3.6638,0.5261,0.292,-2.5214,-0.3243,-2.8457,Dillon Jones
1641796,2024-2026,5558.0,5562.0,-0.5351,-1.178,0.343,-0.0047,0.2993,0.711,-1.713,0.3382,1.0103,0.1072,-0.4717,-0.3645,Pelle Larsson
1641798,2024-2026,486.0,493.0,-3.1786,-2.0169,0.1008,-0.1479,-0.277,-0.9631,-5.1956,-0.0471,-1.2401,-3.3549,-3.1279,-6.4827,Jaylen Martin
1641801,2024-2026,119.0,123.0,0.0134,0.7052,0.1885,0.0141,-0.0192,-0.4447,0.7186,0.2026,-0.4638,0.1828,0.2746,0.4574,Emanuel Miller
1641803,2024-2026,62.0,65.0,-2.7736,-0.7207,0.0694,0.1451,-0.0131,-0.0029,-3.4943,0.2145,-0.0161,-2.7174,-0.5785,-3.2959,Tristen Newton
1641806,2024-2026,7.0,7.0,-2.1032,0.3413,-0.1945,0.4693,0.0045,0.0374,-1.7619,0.2748,0.0419,-2.2932,0.848,-1.4452,Markquis Nowell
1641807,2024-2026,43.0,44.0,2.9788,-0.7898,-0.7207,0.3488,-0.0015,-0.2614,2.189,-0.3719,-0.263,2.2566,-0.7025,1.5541,Norchad Omier
1641809,2024-2026,542.0,546.0,-2.1694,-0.1372,0.1605,0.0154,0.0795,0.0298,-2.3066,0.1759,0.1093,-1.9293,-0.0921,-2.0214,Drew Peterson
1641810,2024-2026,1497.0,1496.0,-1.0798,-2.2498,-0.1678,-0.157,-0.0579,-0.9541,-3.3296,-0.3248,-1.0121,-1.3056,-3.3609,-4.6665,Antonio Reeves
1641813,2024-2026,52.0,54.0,0.1536,-2.8345,-0.1973,0.5339,0.0602,-0.0069,-2.6809,0.3366,0.0533,0.0165,-2.3075,-2.2909,Mark Sears
1641815,2024-2026,96.0,96.0,-0.1869,1.5092,0.4653,-0.0009,-0.0435,-0.0589,1.3222,0.4644,-0.1024,0.235,1.4493,1.6843,Isaiah Stevens
1641816,2024-2026,1291.0,1278.0,-2.7304,-0.8386,-0.2479,-0.1289,-0.3887,0.7834,-3.569,-0.3767,0.3947,-3.367,-0.184,-3.551,Hunter Tyson
1641817,2024-2026,52.0,52.0,-6.3731,-3.1319,-0.5301,-0.389,0.0183,-0.1919,-9.505,-0.9191,-0.1736,-6.8849,-3.7128,-10.5977,Anton Watson
1641824,2024-2026,8041.0,8034.0,-1.8167,0.3803,-0.1332,-0.2709,-0.1326,-0.2202,-1.4364,-0.4041,-0.3527,-2.0825,-0.1108,-2.1933,Matas Buzelis
1641842,2024-2026,5805.0,5799.0,-1.8842,0.5558,-0.4195,-0.0766,0.0482,1.7374,-1.3283,-0.4961,1.7855,-2.2555,2.2166,-0.0389,Ronald Holland II
1641847,2024-2026,27.0,27.0,-7.1395,-1.0882,0.1107,-0.2499,0.0202,0.0408,-8.2277,-0.1393,0.0611,-7.0085,-1.2973,-8.3059,Andrew Funk
1641851,2024-2026,258.0,256.0,-6.7592,-2.3135,0.859,-0.4343,-0.1272,0.0023,-9.0727,0.4247,-0.1249,-6.0274,-2.7455,-8.7729,Timmy Allen
1641854,2024-2026,4723.0,4722.0,-1.1183,0.5045,-0.14,0.1342,0.21,-1.4526,-0.6138,-0.0058,-1.2426,-1.0483,-0.814,-1.8622,Craig Porter Jr.
1641857,2024-2026,120.0,126.0,-5.3516,-1.0492,0.207,0.2967,-0.1325,0.4437,-6.4008,0.5037,0.3112,-5.277,-0.3088,-5.5859,Liam Robbins
1641869,2024-2026,739.0,743.0,-0.5992,-0.604,0.3912,0.2997,-0.127,-0.5767,-1.2032,0.6909,-0.7037,-0.3351,-0.881,-1.2161,Malachi Smith
1641871,2024-2026,3976.0,3953.0,-0.1521,0.3979,0.1561,0.1943,-0.0621,-0.3752,0.2458,0.3504,-0.4373,-0.0581,0.2169,0.1589,Duop Reath
1641877,2024-2026,619.0,626.0,-5.6118,0.2507,0.0865,0.9702,-0.2649,-0.3499,-5.3612,1.0566,-0.6148,-5.7902,0.871,-4.9193,Nathan Mensah
1641878,2024-2026,754.0,760.0,-4.5821,-3.1855,-0.214,-0.1991,-0.1184,-0.9173,-7.7677,-0.4131,-1.0357,-4.9145,-4.302,-9.2165,Damion Baugh
1641879,2024-2026,34.0,35.0,-4.8615,-1.5088,-0.5281,0.0608,-0.0136,0.0349,-6.3702,-0.4673,0.0213,-5.4032,-1.413,-6.8162,Yuri Collins
1641890,2024-2026,622.0,630.0,-1.2083,-0.7935,-0.4346,0.0304,0.0958,0.2127,-2.0018,-0.4042,0.3085,-1.5472,-0.5504,-2.0975,Tyler Smith
1641926,2024-2026,71.0,75.0,-1.4156,-0.6404,-0.4261,0.2209,-0.0753,0.1443,-2.056,-0.2052,0.069,-1.917,-0.2751,-2.1921,Dexter Dennis
1641931,2024-2026,540.0,540.0,-5.162,-3.2788,0.3579,-0.117,0.0026,0.0443,-8.4408,0.2409,0.0469,-4.8015,-3.3514,-8.153,Onuralp Bitim
1641936,2024-2026,64.0,64.0,-4.9252,0.6011,-0.1185,-0.2693,-0.0742,-0.0985,-4.324,-0.3877,-0.1727,-5.1179,0.2333,-4.8845,Miles Norris
1641970,2024-2026,251.0,252.0,-1.5264,1.2942,0.1557,-0.4014,-0.118,0.4093,-0.2322,-0.2457,0.2913,-1.4887,1.3021,-0.1866,Maozinha Pereira
1641989,2024-2026,1434.0,1436.0,-1.5817,0.5828,-0.1627,0.275,0.1847,0.4158,-0.9989,0.1123,0.6005,-1.5597,1.2736,-0.2861,Elijah Harkless
1641998,2024-2026,2115.0,2106.0,-4.3949,-0.4655,-0.0559,0.4263,-0.0412,0.127,-4.8604,0.3704,0.0858,-4.4919,0.0878,-4.4042,Trey Jemison III
1642013,2024-2026,215.0,222.0,-6.5982,-0.2796,0.1146,-0.584,-0.058,0.002,-6.8778,-0.4695,-0.0559,-6.5416,-0.8616,-7.4032,Malik Williams
1642024,2024-2026,469.0,459.0,-1.5417,2.3837,-0.7396,-0.2311,0.2712,-0.3254,0.842,-0.9707,-0.0543,-2.0101,1.8272,-0.1829,Alex Reese
1642050,2024-2026,116.0,113.0,-1.7663,0.6626,0.6313,-0.0326,0.0596,0.1798,-1.1038,0.5986,0.2395,-1.0754,0.8098,-0.2657,Jackson Rowe
1642066,2024-2026,898.0,889.0,0.8391,2.8461,-0.4601,-0.5454,0.048,-0.0202,3.6852,-1.0055,0.0278,0.4269,2.2805,2.7074,Myron Gardner
1642258,2024-2026,7152.0,7130.0,-1.5236,-0.7026,-0.1715,-0.4102,-0.2762,-1.3588,-2.2262,-0.5817,-1.635,-1.9714,-2.4716,-4.443,Zaccharie Risacher
1642259,2024-2026,6606.0,6623.0,-2.4283,1.4726,0.5098,0.4549,0.0808,1.0434,-0.9558,0.9646,1.1242,-1.8378,2.9709,1.1331,Alex Sarr
1642260,2024-2026,322.0,328.0,-3.0399,-4.0446,-0.0184,-0.5301,-0.0702,-0.5687,-7.0845,-0.5485,-0.6389,-3.1285,-5.1435,-8.272,Nikola Topić
1642261,2024-2026,4124.0,4127.0,-0.7406,-1.6654,0.2352,-0.1718,0.1258,-0.7372,-2.406,0.0634,-0.6114,-0.3796,-2.5745,-2.954,Dalton Knecht
1642262,2024-2026,5724.0,5758.0,-4.36,-2.5181,0.249,-0.1115,-0.266,-0.7572,-6.878,0.1375,-1.0232,-4.377,-3.3867,-7.7637,Cody Williams
1642263,2024-2026,5695.0,5701.0,-0.1015,1.1749,-0.7448,-0.2539,-0.2657,-2.2007,1.0733,-0.9987,-2.4665,-1.1121,-1.2798,-2.3918,Reed Sheppard
1642264,2024-2026,8759.0,8739.0,0.5432,-1.4743,0.792,0.0852,0.0326,0.7424,-0.9311,0.8772,0.775,1.3678,-0.6467,0.7211,Stephon Castle
1642265,2024-2026,3171.0,3161.0,-4.5659,-3.6145,0.186,0.0461,-0.0884,0.1435,-8.1804,0.2321,0.0551,-4.4684,-3.4248,-7.8932,Rob Dillingham
1642266,2024-2026,5290.0,5311.0,-0.2339,0.2541,-0.5076,0.1736,-0.0977,-0.0092,0.0202,-0.334,-0.107,-0.8392,0.4185,-0.4208,Ja'Kobe Walter
1642267,2024-2026,9998.0,9999.0,-2.8966,-3.0824,-0.4307,-0.1125,-0.1177,-1.3195,-5.9789,-0.5432,-1.4372,-3.445,-4.5144,-7.9594,Bub Carrington
1642268,2024-2026,7092.0,7095.0,-2.1255,-2.4191,-0.3451,-0.5396,-0.1294,-1.3906,-4.5446,-0.8847,-1.5199,-2.6,-4.3494,-6.9493,Isaiah Collier
1642269,2024-2026,2253.0,2238.0,-0.6572,0.403,-0.4617,0.0415,0.1705,-0.6511,-0.2542,-0.4203,-0.4806,-0.9485,-0.2065,-1.1551,Devin Carter
1642270,2024-2026,7052.0,7083.0,0.798,4.7165,0.26,-0.256,-0.0566,-0.2895,5.5145,0.004,-0.3461,1.0015,4.171,5.1725,Donovan Clingan
1642271,2024-2026,7032.0,7025.0,0.2874,1.3966,-0.2749,-0.2651,0.477,-0.1543,1.6841,-0.5399,0.3227,0.4896,0.9773,1.4669,Kyle Filipowski
1642272,2024-2026,3611.0,3620.0,-0.6095,-2.6214,-0.2051,0.0547,-0.0003,0.9217,-3.2308,-0.1504,0.9213,-0.8149,-1.645,-2.4599,Jared McCain
1642273,2024-2026,6724.0,6693.0,-2.3657,-0.0566,0.1202,0.1144,0.1759,0.1612,-2.4223,0.2345,0.3371,-2.0696,0.2189,-1.8507,Kyshawn George
1642274,2024-2026,6671.0,6663.0,-2.0548,1.961,0.1931,-0.3745,-0.1306,-2.0658,-0.0938,-0.1813,-2.1964,-1.9922,-0.4793,-2.4716,Yves Missi
1642275,2024-2026,3665.0,3675.0,-2.4284,-0.4899,0.2194,-0.3192,-0.7173,0.2551,-2.9183,-0.0998,-0.4622,-2.9263,-0.554,-3.4803,Tidjane Salaün
1642276,2024-2026,6530.0,6540.0,0.2529,3.8456,-0.5025,-0.938,0.0895,-0.9031,4.0985,-1.4405,-0.8136,-0.1601,2.0046,1.8444,Kel'el Ware
1642277,2024-2026,2141.0,2144.0,-2.6204,0.629,0.5741,-0.2384,0.0264,0.4573,-1.9914,0.3357,0.4837,-2.0199,0.8479,-1.172,Johnny Furphy
1642278,2024-2026,2091.0,2083.0,-1.3271,-1.7011,-0.2858,-0.0809,0.035,1.9176,-3.0282,-0.3667,1.9526,-1.5779,0.1356,-1.4423,Tyler Kolek
1642279,2024-2026,62.0,63.0,-4.5988,-0.5847,0.5244,0.2828,-0.0147,-0.4262,-5.1835,0.8072,-0.4408,-4.089,-0.7281,-4.8171,Ulrich Chomche
1642280,2024-2026,68.0,68.0,-3.9996,-1.7374,-0.0997,-0.076,-0.0566,0.0279,-5.7369,-0.1757,-0.0287,-4.1558,-1.7854,-5.9413,Trentyn Flowers
1642281,2024-2026,4623.0,4626.0,-0.1848,-0.9828,0.1937,0.2079,-0.1522,-0.0292,-1.1675,0.4016,-0.1814,-0.1432,-0.804,-0.9473,Jaylon Tyson
1642282,2024-2026,57.0,56.0,-3.6433,-3.5231,-0.3567,0.1231,-0.0416,-0.0904,-7.1664,-0.2336,-0.132,-4.0416,-3.4904,-7.532,Hunter Sallis
1642285,2024-2026,4083.0,4070.0,3.1831,-0.5188,-0.9026,0.0304,-0.132,-0.602,2.6643,-0.8722,-0.734,2.1485,-1.0905,1.0581,Cam Spencer
1642345,2024-2026,5736.0,5749.0,-2.4305,1.2876,1.0537,0.223,0.349,1.8746,-1.1428,1.2767,2.2236,-1.0278,3.3853,2.3575,Oso Ighodaro
1642346,2024-2026,5510.0,5528.0,-1.7836,1.004,0.0146,-0.0693,0.1021,0.7311,-0.7796,-0.0547,0.8332,-1.6669,1.6657,-0.0012,Ryan Dunn
1642347,2024-2026,6865.0,6837.0,-1.6912,-1.8686,0.1046,0.2315,0.1636,0.8055,-3.5598,0.3361,0.9691,-1.423,-0.8316,-2.2546,Jamal Shead
1642348,2024-2026,4426.0,4424.0,-1.1897,-0.3508,-0.1596,0.0034,0.4181,-3.0181,-1.5405,-0.1562,-2.6,-0.9312,-3.3655,-4.2967,Justin Edwards
1642349,2024-2026,4300.0,4294.0,0.2538,-0.1494,-0.136,-0.1555,-0.0818,2.266,0.1044,-0.2915,2.1842,0.036,1.9611,1.9971,Ajay Mitchell
1642352,2024-2026,829.0,840.0,0.1196,1.7895,-0.1837,-0.3529,0.224,-0.2799,1.9092,-0.5367,-0.0559,0.1599,1.1566,1.3165,Keshad Johnson
1642353,2024-2026,1071.0,1072.0,-2.756,-0.9365,0.2936,-0.1693,-0.0314,0.7262,-3.6924,0.1243,0.6948,-2.4938,-0.3796,-2.8734,Cam Christie
1642354,2024-2026,2211.0,2231.0,-3.272,-2.4469,-0.281,-0.0636,-0.2258,-0.306,-5.7189,-0.3446,-0.5318,-3.7788,-2.8165,-6.5953,KJ Simpson
1642355,2024-2026,1119.0,1127.0,-3.3868,-1.912,-0.1298,-0.009,-0.0867,-0.5916,-5.2988,-0.1388,-0.6783,-3.6032,-2.5126,-6.1159,Bronny James
1642357,2024-2026,151.0,150.0,1.4787,2.1439,-0.0539,-0.1055,0.1086,0.2035,3.6226,-0.1594,0.3121,1.5334,2.2419,3.7753,David Jones Garcia
1642358,2024-2026,2261.0,2257.0,-4.682,-4.0648,-0.4076,-0.1838,-0.0516,-0.1762,-8.7468,-0.5914,-0.2277,-5.1412,-4.4247,-9.5659,AJ Johnson
1642359,2024-2026,504.0,507.0,-2.8579,-0.6276,-0.3956,-0.3235,-0.0597,0.1377,-3.4855,-0.719,0.078,-3.3131,-0.8134,-4.1265,Pacôme Dadiet
1642362,2024-2026,132.0,134.0,-0.4718,0.5549,-0.6577,-0.5127,0.0127,-0.4915,0.0831,-1.1704,-0.4788,-1.1168,-0.4493,-1.5661,Payton Sandfort
1642363,2024-2026,3881.0,3873.0,-3.5842,-1.784,-0.0623,-0.0386,0.4625,0.9162,-5.3682,-0.1009,1.3787,-3.184,-0.9064,-4.0904,Nique Clifford
1642364,2024-2026,2166.0,2192.0,-1.0585,2.0525,-0.0473,-0.1467,0.0027,-0.0541,0.994,-0.1941,-0.0514,-1.1031,1.8516,0.7485,Jamir Watkins
1642366,2024-2026,3761.0,3770.0,-0.3433,0.5042,0.5033,0.1405,-0.4396,0.3228,0.1609,0.6438,-0.1168,-0.2796,0.9675,0.6879,Quinten Post
1642367,2024-2026,3206.0,3221.0,-2.3869,1.0522,-0.0944,-0.0132,-0.6791,-0.529,-1.3347,-0.1075,-1.2081,-3.1604,0.51,-2.6504,Jonathan Mogbo
1642368,2024-2026,140.0,142.0,-1.2408,3.4825,-0.4887,-0.7948,0.103,-0.0454,2.2417,-1.2835,0.0576,-1.6265,2.6423,1.0158,N'Faly Dante
1642377,2024-2026,8166.0,8160.0,-0.7184,-2.0118,0.0899,0.0158,0.8866,0.1361,-2.7301,0.1057,1.0227,0.2582,-1.8599,-1.6018,Jaylen Wells
1642380,2024-2026,523.0,526.0,-1.5765,-0.7563,-0.141,0.6296,-0.0964,-0.8175,-2.3328,0.4886,-0.9139,-1.8139,-0.9443,-2.7581,Adama Bal
1642382,2024-2026,1536.0,1537.0,-0.2368,2.7991,-0.0515,-0.2999,0.1177,-1.2964,2.5623,-0.3514,-1.1786,-0.1706,1.2029,1.0323,Branden Carlson
1642383,2024-2026,2968.0,2975.0,-1.6959,-2.5016,-0.6467,0.4334,0.3689,-1.7289,-4.1974,-0.2134,-1.3601,-1.9738,-3.7971,-5.7709,Walter Clayton Jr.
1642384,2024-2026,277.0,272.0,-3.1752,0.1154,0.5235,-0.3333,-0.0685,0.1541,-3.0599,0.1903,0.0856,-2.7201,-0.0638,-2.784,Isaiah Crawford
1642385,2024-2026,24.0,26.0,-8.2895,-3.1852,0.688,-0.4571,-0.0218,0.1227,-11.4747,0.2309,0.1009,-7.6234,-3.5195,-11.1429,Cui Yongxi
1642389,2024-2026,100.0,99.0,1.1021,0.1363,-0.203,0.3223,0.0608,-0.2489,1.2384,0.1193,-0.1881,0.9599,0.2097,1.1695,Zyon Pullin
1642396,2024-2026,614.0,606.0,2.2096,-0.5032,-0.1427,0.2911,-0.0318,0.4564,1.7063,0.1484,0.4246,2.0351,0.2442,2.2794,Blake Hinson
1642399,2024-2026,10.0,11.0,-6.4079,-2.5905,0.0733,0.1463,-0.0007,-0.1102,-8.9983,0.2196,-0.1109,-6.3352,-2.5544,-8.8896,Jesse Edwards
1642400,2024-2026,172.0,173.0,1.1373,0.6601,0.5156,0.1967,0.0575,0.1552,1.7973,0.7123,0.2127,1.7104,1.0119,2.7223,Tristan Enaruna
1642402,2024-2026,480.0,480.0,-3.2895,-0.4771,0.446,-0.0307,-0.0011,-0.0877,-3.7666,0.4152,-0.0888,-2.8446,-0.5956,-3.4402,Enrique Freeman
1642403,2024-2026,699.0,706.0,-1.5111,-0.5012,-0.5076,-0.2579,-0.1831,-0.8464,-2.0123,-0.7655,-1.0295,-2.2019,-1.6055,-3.8074,Isaac Jones
1642404,2024-2026,543.0,544.0,-2.602,-2.1124,0.1031,-0.2223,-0.0871,0.039,-4.7144,-0.1192,-0.0481,-2.586,-2.2957,-4.8817,Chaz Lanier
1642419,2024-2026,3238.0,3252.0,-1.1578,-1.7582,0.787,0.2486,-0.3191,-0.4403,-2.9161,1.0356,-0.7594,-0.6899,-1.9499,-2.6398,Jamison Battle
1642422,2024-2026,139.0,137.0,-6.6483,0.2582,0.0213,-0.8361,-0.109,-0.2526,-6.3902,-0.8148,-0.3616,-6.7361,-0.8305,-7.5666,Armel Traore
1642434,2024-2026,139.0,143.0,0.5543,0.2818,-0.2023,0.015,0.1066,-0.0384,0.8361,-0.1873,0.0682,0.4586,0.2584,0.717,Riley Minix
1642439,2024-2026,21.0,23.0,-7.1182,-3.599,1.329,-0.0937,-0.0404,-0.1534,-10.7172,1.2353,-0.1938,-5.8296,-3.8461,-9.6757,Quincy Olivari
1642443,2024-2026,198.0,199.0,-1.3101,-2.1154,0.4535,0.0645,0.0772,-0.2487,-3.4254,0.5181,-0.1715,-0.7793,-2.2995,-3.0788,Jahmir Young
1642449,2024-2026,319.0,317.0,1.3778,2.0383,-0.396,0.4724,-0.0199,0.2258,3.4161,0.0765,0.2059,0.9619,2.7366,3.6985,Tolu Smith
1642450,2024-2026,3055.0,3073.0,-0.6,-1.6279,0.4191,-0.3207,0.0379,0.8916,-2.2279,0.0985,0.9295,-0.143,-1.0569,-1.1999,Daniss Jenkins
1642461,2024-2026,3146.0,3150.0,-2.4896,0.5439,-0.1803,0.5171,0.0201,0.9121,-1.9456,0.3368,0.9322,-2.6497,1.9731,-0.6766,Spencer Jones
1642468,2024-2026,4.0,5.0,-2.671,-2.3014,-0.7463,0.0037,0.004,-0.0632,-4.9724,-0.7425,-0.0591,-3.4132,-2.3608,-5.7741,Darius Brown II
1642484,2024-2026,591.0,590.0,-3.4392,-1.6743,-0.1271,0.1776,-0.2083,0.5586,-5.1135,0.0505,0.3503,-3.7746,-0.938,-4.7126,RayJ Dennis
1642490,2024-2026,184.0,184.0,-0.3536,0.235,0.5287,-0.0139,0.1767,-0.2708,-0.1186,0.5148,-0.0941,0.3518,-0.0496,0.3021,Josh Oduro
1642502,2024-2026,593.0,598.0,-1.7259,0.415,0.3504,0.7508,-0.016,-1.1929,-1.3108,1.1012,-1.2088,-1.3914,-0.027,-1.4184,Malevy Leons
1642504,2024-2026,535.0,539.0,2.1098,-0.3832,-0.5586,0.264,0.0632,-0.4652,1.7266,-0.2946,-0.402,1.6144,-0.5844,1.03,Cormac Ryan
1642505,2024-2026,260.0,259.0,-1.8313,-0.8155,0.8593,-0.0166,-0.0671,0.1486,-2.6468,0.8427,0.0815,-1.0391,-0.6835,-1.7226,Alex Ducas
1642530,2024-2026,658.0,651.0,-0.1465,-0.6223,-1.4436,0.358,0.2378,-0.4055,-0.7688,-1.0856,-0.1678,-1.3523,-0.6698,-2.0221,Yuki Kawamura
1642843,2024-2026,4927.0,4924.0,-0.2935,0.0055,0.0788,0.2712,-0.2323,0.0617,-0.2881,0.35,-0.1706,-0.4471,0.3384,-0.1087,Cooper Flagg
1642844,2024-2026,3202.0,3223.0,-0.0713,-0.863,0.0315,-0.0558,0.328,2.1482,-0.9343,-0.0243,2.4762,0.2882,1.2294,1.5176,Dylan Harper
1642845,2024-2026,5403.0,5393.0,-0.4406,-0.2899,-0.3509,0.2076,0.1289,0.6277,-0.7305,-0.1433,0.7566,-0.6626,0.5454,-0.1172,VJ Edgecombe
1642846,2024-2026,4237.0,4222.0,-2.2231,-1.6519,0.358,0.1426,-0.1711,-1.0248,-3.8749,0.5006,-1.1959,-2.0361,-2.534,-4.5702,Ace Bailey
1642847,2024-2026,4445.0,4454.0,-1.6462,-1.5871,0.3635,0.0433,0.1367,-1.3337,-3.2333,0.4068,-1.197,-1.1461,-2.8775,-4.0235,Jeremiah Fears
1642848,2024-2026,3066.0,3077.0,-2.6059,-3.2299,-0.3063,0.04,0.3175,0.4538,-5.8358,-0.2663,0.7713,-2.5947,-2.7362,-5.3309,Tre Johnson
1642849,2024-2026,2487.0,2484.0,-4.5031,-3.5556,0.1495,-0.2563,0.2739,-0.5713,-8.0587,-0.1067,-0.2973,-4.0796,-4.3832,-8.4628,Nolan Traore
1642851,2024-2026,5201.0,5187.0,2.3893,-1.4165,-0.004,0.3286,0.1835,0.9686,0.9727,0.3247,1.1521,2.5688,-0.1193,2.4495,Kon Knueppel
1642852,2024-2026,4274.0,4278.0,-1.8264,1.2087,0.1357,0.456,0.2217,-2.3579,-0.6176,0.5917,-2.1362,-1.469,-0.6931,-2.1621,Derik Queen
1642853,2024-2026,1322.0,1322.0,-2.0165,-0.0245,-0.8536,0.1245,0.3888,0.6426,-2.0409,-0.7291,1.0314,-2.4812,0.7426,-1.7386,Rasheer Fleming
1642854,2024-2026,1063.0,1079.0,-0.2888,0.1405,0.1687,0.2467,-0.0542,-0.4952,-0.1483,0.4154,-0.5494,-0.1743,-0.108,-0.2822,Asa Newell
1642855,2024-2026,14.0,14.0,-3.9544,-2.8493,-0.2954,0.3688,-0.0421,-0.1485,-6.8037,0.0734,-0.1905,-4.2919,-2.629,-6.9209,Noa Essengue
1642856,2024-2026,2641.0,2648.0,-0.7959,-1.294,-0.9061,-0.0077,0.1591,0.7433,-2.0899,-0.9139,0.9024,-1.5429,-0.5585,-2.1014,Egor Dëmin
1642857,2024-2026,2062.0,2066.0,0.0788,-0.6948,-0.3396,0.3544,0.1476,-0.6238,-0.616,0.0148,-0.4763,-0.1132,-0.9642,-1.0774,Kasparas Jakučionis
1642859,2024-2026,1204.0,1203.0,-0.869,-1.5877,0.2022,0.1435,-0.1619,-0.5,-2.4567,0.3456,-0.662,-0.8288,-1.9443,-2.7731,Jase Richardson
1642860,2024-2026,3426.0,3452.0,-1.0309,-2.2006,-0.199,-0.1066,-0.1523,-1.5773,-3.2315,-0.3056,-1.7296,-1.3822,-3.8845,-5.2668,Will Riley
1642862,2024-2026,735.0,740.0,-0.9198,-0.212,-0.3179,-0.102,-0.0263,-0.0055,-1.1318,-0.4198,-0.0319,-1.264,-0.3195,-1.5835,Liam McNeeley
1642863,2024-2026,811.0,822.0,-3.1295,2.2552,0.3042,-0.2612,-0.0462,0.4406,-0.8743,0.043,0.3943,-2.8715,2.4345,-0.437,Khaman Maluach
1642864,2024-2026,2157.0,2134.0,-2.7512,1.2571,0.0429,-0.484,0.5429,1.3697,-1.4941,-0.4412,1.9126,-2.1654,2.1428,-0.0226,Hugo González
1642866,2024-2026,675.0,680.0,0.6226,3.3974,-0.792,0.0229,0.3016,-0.5784,4.02,-0.7691,-0.2768,0.1322,2.8419,2.9741,Joan Beringer
1642867,2024-2026,2530.0,2518.0,0.1504,2.4013,0.323,0.1561,-0.1441,0.6876,2.5517,0.479,0.5436,0.3293,3.2451,3.5743,Collin Murray-Boyles
1642868,2024-2026,1685.0,1691.0,-2.7651,0.0771,0.317,-0.3162,-0.1018,0.3062,-2.6879,0.0008,0.2044,-2.5499,0.0671,-2.4828,Carter Bryant
1642869,2024-2026,1561.0,1559.0,-1.6863,0.6749,0.5654,0.2263,-0.056,-0.4395,-1.0115,0.7918,-0.4955,-1.1768,0.4617,-0.7151,Noah Penda
1642873,2024-2026,297.0,309.0,-4.1637,1.6204,0.4103,-0.0106,-0.2807,0.0307,-2.5433,0.3997,-0.25,-4.0342,1.6406,-2.3936,Amari Williams
1642874,2024-2026,2381.0,2356.0,-1.6739,0.5053,-0.2492,-0.1583,-0.4386,0.4787,-1.1686,-0.4075,0.0401,-2.3618,0.8258,-1.536,Danny Wolf
1642875,2024-2026,4071.0,4071.0,-1.2039,-0.1912,-1.025,-0.3776,0.0287,-1.2632,-1.3951,-1.4026,-1.2346,-2.2002,-1.832,-4.0322,Maxime Raynaud
1642876,2024-2026,306.0,307.0,-1.7975,0.2441,0.7276,-0.1467,0.0741,-0.6312,-1.5534,0.5809,-0.5571,-0.9958,-0.5338,-1.5296,Adou Thiero
1642877,2024-2026,1925.0,1916.0,-3.1155,-0.5597,0.1352,0.1902,0.3392,-0.0125,-3.6752,0.3254,0.3267,-2.6411,-0.382,-3.0231,Micah Peavy
1642878,2024-2026,1114.0,1116.0,0.0298,-1.3673,-0.7012,0.298,-0.0498,-0.5406,-1.3375,-0.4032,-0.5904,-0.7211,-1.6099,-2.331,Tyrese Proctor
1642879,2024-2026,1875.0,1875.0,-4.2734,-3.7282,0.0762,-0.284,-0.3806,-0.2468,-8.0017,-0.2078,-0.6274,-4.5778,-4.2591,-8.8369,Ben Saraf
1642880,2024-2026,1307.0,1311.0,-3.1357,-3.1452,-0.8258,-0.0297,-0.0901,-0.5733,-6.2809,-0.8554,-0.6634,-4.0516,-3.7482,-7.7997,Kam Jones
1642882,2024-2026,840.0,839.0,-1.3381,0.5223,0.1298,-0.0054,0.0852,-0.9191,-0.8158,0.1244,-0.8339,-1.1231,-0.4023,-1.5254,Julian Reese
1642883,2024-2026,3725.0,3732.0,-2.6158,-0.6309,-0.0652,0.0121,0.3941,2.0509,-3.2467,-0.0531,2.445,-2.2869,1.432,-0.8548,Sion James
1642884,2024-2026,63.0,55.0,-1.3411,-0.4907,0.4924,0.2642,-0.021,0.072,-1.8318,0.7567,0.051,-0.8697,-0.1544,-1.0241,Vladislav Goldin
1642885,2024-2026,1258.0,1261.0,-1.8349,-1.287,0.2331,-0.1832,0.1332,1.0948,-3.1219,0.0499,1.2279,-1.4686,-0.3754,-1.844,Mohamed Diawara
1642886,2024-2026,165.0,161.0,0.5898,-0.1693,-0.9468,0.2442,-0.0262,0.0018,0.4205,-0.7026,-0.0244,-0.3831,0.0767,-0.3064,Koby Brea
1642905,2024-2026,614.0,621.0,-6.0964,-2.8882,0.3714,0.2179,-0.1531,0.5589,-8.9846,0.5893,0.4058,-5.8781,-2.1114,-7.9894,Yang Hansen
1642907,2024-2026,3398.0,3383.0,0.1829,-0.6663,-0.244,0.2528,0.3163,0.423,-0.4833,0.0088,0.7392,0.2552,0.0095,0.2647,Cedric Coward
1642910,2024-2026,90.0,91.0,-1.8528,0.9361,-0.8619,-0.1759,0.0149,-0.0087,-0.9167,-1.0378,0.0061,-2.6998,0.7515,-1.9483,John Tonje
1642911,2024-2026,74.0,70.0,-0.5822,4.5694,-0.3145,-0.4349,0.0168,-0.2496,3.9872,-0.7494,-0.2328,-0.8798,3.8848,3.005,Rocco Zikarsky
1642914,2024-2026,1766.0,1756.0,1.7311,-0.0741,0.0907,0.379,0.0615,-0.9756,1.657,0.4698,-0.9141,1.8834,-0.6707,1.2127,Javon Small
1642917,2024-2026,78.0,75.0,-3.0559,-0.4615,0.7941,0.6298,-0.062,0.0076,-3.5174,1.4239,-0.0544,-2.3238,0.1759,-2.148,Max Shulga
1642918,2024-2026,290.0,289.0,-2.3258,-0.1098,-0.1504,0.2012,-0.1102,-0.0577,-2.4356,0.0508,-0.1679,-2.5865,0.0338,-2.5527,Alijah Martin
1642920,2024-2026,2743.0,2736.0,-2.2451,-1.7224,-0.0286,0.1624,0.3111,-0.0194,-3.9675,0.1338,0.2917,-1.9626,-1.5794,-3.542,Kobe Sanders
1642928,2024-2026,1868.0,1847.0,-1.5237,4.9787,0.9071,-0.3009,-0.169,0.3397,3.455,0.6062,0.1707,-0.7856,5.0175,4.2319,Dylan Cardwell
1642933,2024-2026,153.0,153.0,-2.3343,0.0978,0.6063,0.3654,-0.0592,-0.8154,-2.2366,0.9718,-0.8745,-1.7872,-0.3522,-2.1393,Keshon Gilbert
1642935,2024-2026,26.0,27.0,-4.884,-3.2669,0.407,0.5519,-0.0435,-0.115,-8.1509,0.959,-0.1585,-4.5205,-2.83,-7.3505,Chucky Hepburn
1642938,2024-2026,181.0,177.0,-1.0261,0.5769,0.1053,-0.0485,0.1193,0.2724,-0.4492,0.0568,0.3917,-0.8015,0.8009,-0.0006,Curtis Jones
1642939,2024-2026,287.0,291.0,-2.6264,-0.9816,0.3167,-0.0642,-0.152,0.1336,-3.6081,0.2524,-0.0184,-2.4618,-0.9122,-3.374,Miles Kelly
1642942,2024-2026,1436.0,1426.0,-4.6664,-1.1196,-0.0137,-0.0988,0.0245,-0.8501,-5.7861,-0.1125,-0.8255,-4.6556,-2.0685,-6.7241,Jahmai Mashack
1642948,2024-2026,2403.0,2414.0,-2.3903,-3.3109,-0.5978,-0.1191,0.3847,0.9999,-5.7012,-0.7168,1.3846,-2.6034,-2.43,-5.0334,Ryan Nembhard
1642949,2024-2026,852.0,856.0,-1.411,2.8023,-1.0097,-0.3616,0.1191,0.2403,1.3913,-1.3714,0.3594,-2.3017,2.6809,0.3793,Yanic Niederhauser
1642950,2024-2026,734.0,741.0,-1.0366,1.8625,1.7115,-0.0665,0.0129,-0.193,0.8259,1.645,-0.1801,0.6878,1.603,2.2908,Lachlan Olbrich
1642951,2024-2026,57.0,59.0,-2.5706,-2.6779,-0.1054,0.3831,-0.0544,0.0307,-5.2485,0.2777,-0.0237,-2.7305,-2.264,-4.9945,Sean Pedulla
1642954,2024-2026,2867.0,2876.0,-0.3093,0.3717,0.3047,0.0172,-0.5011,-0.8326,0.0624,0.3219,-1.3337,-0.5057,-0.4438,-0.9495,Will Richard
1642955,2024-2026,148.0,152.0,0.4815,2.5072,0.2087,0.0327,-0.0432,0.1069,2.9887,0.2414,0.0637,0.6469,2.6469,3.2938,Kadary Richmond
1642959,2024-2026,377.0,377.0,-0.7038,0.3378,-0.4726,0.1471,-0.0513,0.0234,-0.3661,-0.3255,-0.0279,-1.2277,0.5083,-0.7194,Chris Youngblood
1642962,2024-2026,2654.0,2664.0,-3.5011,-2.7508,0.1466,0.377,-0.6959,0.2695,-6.252,0.5236,-0.4264,-4.0504,-2.1044,-6.1548,Drake Powell
1642964,2024-2026,708.0,717.0,-3.912,-0.0719,0.8204,-0.3434,-0.415,-0.6146,-3.9838,0.4771,-1.0296,-3.5065,-1.0299,-4.5364,Brooks Barnhizer
1642967,2024-2026,551.0,548.0,-0.5166,0.0915,-0.6668,-0.1616,0.022,-0.2794,-0.4251,-0.8284,-0.2573,-1.1614,-0.3494,-1.5108,John Poulakidas
1643007,2024-2026,1056.0,1057.0,-2.0901,-0.7836,-0.6995,-0.2148,-0.2652,-0.0778,-2.8737,-0.9143,-0.343,-3.0548,-1.0762,-4.131,Taelon Peter
1643016,2024-2026,1083.0,1093.0,-1.9065,0.4203,0.6641,-0.0729,-0.2918,-1.3843,-1.4862,0.5912,-1.6761,-1.5342,-1.0369,-2.5711,Bez Mbeng
1643018,2024-2026,585.0,579.0,-0.3255,-2.3386,-1.0418,0.4463,0.0299,0.0908,-2.6641,-0.5955,0.1207,-1.3374,-1.8015,-3.1389,LJ Cryer
1643024,2024-2026,93.0,91.0,-1.7425,3.0409,0.2922,-0.0053,-0.0057,0.0165,1.2984,0.2868,0.0108,-1.456,3.0521,1.596,Chris Mañon
1643047,2024-2026,84.0,82.0,-1.3437,0.075,0.3019,0.0505,0.0776,0.07,-1.2687,0.3524,0.1476,-0.9642,0.1955,-0.7687,CJ Huntley
1643052,2024-2026,724.0,723.0,0.7103,1.269,-0.1424,0.1322,-0.0699,-0.4493,1.9793,-0.0102,-0.5192,0.498,0.9519,1.4499,Chaney Johnson
1643060,2024-2026,53.0,55.0,-2.6024,-2.3703,-0.6558,0.0398,-0.0144,-0.2377,-4.9727,-0.616,-0.2521,-3.2726,-2.5681,-5.8408,Hayden Gray
1643133,2024-2026,111.0,108.0,-0.6902,1.8966,0.7623,-0.1171,-0.0309,0.01,1.2063,0.6452,-0.0208,0.0412,1.7895,1.8307,Lawson Lovering
1643141,2024-2026,64.0,67.0,-4.2115,-0.043,0.0102,-0.0303,-0.0351,0.1171,-4.2545,-0.0201,0.082,-4.2364,0.0438,-4.1926,Jahmyl Telfort
1643158,2024-2026,358.0,362.0,-2.6902,0.5295,-0.1091,0.1966,-0.0834,-0.1181,-2.1608,0.0876,-0.2016,-2.8827,0.6079,-2.2748,Andersson Garcia
1643253,2024-2026,478.0,478.0,-5.2064,-2.3207,0.239,-0.0206,-0.0562,-0.4856,-7.5271,0.2184,-0.5418,-5.0236,-2.8269,-7.8505,Toby Okani
1643257,2024-2026,41.0,42.0,-1.5288,-0.8304,-1.0159,-0.197,-0.016,0.1883,-2.3591,-1.2129,0.1722,-2.5607,-0.8391,-3.3997,Jayson Kent
