window,window_mid,player_id,player_name,poss_off,poss_def,shrinkage,prior_off,prior_def,prior_total,boost_off,boost_def,boost_total,u_off,u_def,u_total,u_plain_off,u_plain_def,u_plain_total,rapm_mm_off,rapm_mm_def,rapm_mm_total,rating_off,rating_def,rating_total,key,player_name_con,team,adj_offense,adj_defense,adj_overall,z_ours_total,z_con_total,d_total,rk_ours_total,rk_con_total,dr_total,z_ours_off,z_con_off,d_off,rk_ours_off,rk_con_off,dr_off,z_ours_def,z_con_def,d_def,rk_ours_def,rk_con_def,dr_def,bigness,minutes,orb,blk,drb,ast,fg3m,archetype,mins_bucket
2024-2026,2025.0,1643007,Taelon Peter,1056.0,1057.0,0.054,-1.05,-0.435,-1.485,-0.699,-0.215,-0.914,-0.327,-0.218,-0.545,-0.456,-0.259,-0.715,-1.506,-0.694,-2.2,-1.376,-0.654,-2.03,taelon peter,Taelon Peter,Indiana Pacers,-2.7,-0.5,-3.2,-0.905,-1.15,0.245,382.0,426.0,44.0,-0.915,-1.16,0.245,402.0,433.5,31.5,-0.488,-0.488,-0.0,313.0,318.5,5.5,-0.563,492.0,0.732,0.293,3.585,2.927,3.0,guard,<1000
2024-2026,2025.0,1630658,Colin Castleton,1061.0,1069.0,0.055,-1.613,-0.339,-1.952,0.264,0.252,0.516,-0.255,-0.344,-0.599,-0.4,-0.403,-0.804,-2.014,-0.742,-2.756,-1.868,-0.683,-2.551,colin castleton,Colin Castleton,Orlando Magic,-1.9,-0.3,-2.2,-1.168,-0.74,-0.428,423.0,370.0,-53.0,-1.32,-0.751,-0.569,456.0,379.5,-76.5,-0.509,-0.305,-0.204,318.0,280.0,-38.0,5.563,508.0,4.323,0.709,5.74,2.268,0.142,big,<1000
2024-2026,2025.0,1642854,Asa Newell,1063.0,1079.0,0.055,-1.019,-0.366,-1.385,0.169,0.247,0.415,0.053,-0.098,-0.046,-0.006,-0.153,-0.16,-1.026,-0.519,-1.545,-0.966,-0.464,-1.431,asa newell,Asa Newell,Atlanta Hawks,-0.7,-0.4,-1.1,-0.604,-0.288,-0.316,335.0,271.0,-64.0,-0.578,-0.138,-0.44,323.0,236.5,-86.5,-0.354,-0.397,0.043,286.0,298.5,12.5,3.586,502.0,3.155,1.076,3.729,1.865,2.08,big,<1000
2024-2026,2025.0,1642353,Cam Christie,1071.0,1072.0,0.055,-0.333,-0.558,-0.891,0.294,-0.169,0.124,-0.188,0.4,0.212,-0.228,0.364,0.136,-0.561,-0.194,-0.755,-0.521,-0.158,-0.679,cam christie,Cam Christie,Los Angeles Clippers,-2.6,0.8,-1.7,-0.226,-0.535,0.309,267.0,320.5,53.5,-0.211,-1.109,0.897,241.0,428.5,187.5,-0.136,0.702,-0.838,255.0,106.0,-149.0,1.495,537.0,1.475,0.268,4.559,2.48,0.939,wing,<1000
2024-2026,2025.0,1631466,Nate Williams,1083.0,1093.0,0.056,-1.618,-0.907,-2.525,0.513,-0.033,0.48,0.258,-0.853,-0.596,0.127,-1.012,-0.885,-1.492,-1.919,-3.41,-1.361,-1.76,-3.121,nate williams,Nate Williams,Golden State Warriors,-1.6,-1.4,-3.0,-1.455,-1.068,-0.386,449.0,413.5,-35.5,-0.903,-0.598,-0.305,398.0,341.5,-56.5,-1.274,-1.312,0.038,435.0,441.0,6.0,1.901,517.0,2.576,0.348,2.019,2.089,1.462,wing,<1000
2024-2026,2025.0,1643016,Bez Mbeng,1083.0,1093.0,0.056,-1.204,0.185,-1.019,0.664,-0.073,0.591,-0.265,-0.834,-1.098,-0.378,-0.76,-1.137,-1.582,-0.575,-2.156,-1.469,-0.649,-2.117,bez mbeng,Bez Mbeng,Utah Jazz,-2.5,-0.9,-3.3,-0.949,-1.191,0.242,390.0,432.5,42.5,-0.992,-1.058,0.066,419.0,423.0,4.0,-0.485,-0.854,0.37,311.0,385.5,74.5,0.095,493.0,1.314,0.365,2.848,4.527,0.438,wing,<1000
2024-2026,2025.0,1630619,Moussa Cisse,1113.0,1116.0,0.057,-1.024,0.417,-0.606,-0.256,-1.204,-1.46,0.062,0.027,0.09,0.026,-0.016,0.01,-0.998,0.401,-0.596,-0.961,0.444,-0.517,moussa cisse,Moussa Cisse,Dallas Mavericks,-1.6,0.0,-1.5,-0.144,-0.452,0.308,250.0,299.0,49.0,-0.574,-0.598,0.024,322.0,341.5,19.5,0.291,-0.03,0.322,181.0,223.5,42.5,11.384,530.0,6.045,3.057,8.626,0.611,0.0,big,<1000
2024-2026,2025.0,1642878,Tyrese Proctor,1114.0,1116.0,0.057,-0.594,-0.745,-1.339,-0.701,0.298,-0.403,0.157,0.056,0.213,0.074,0.074,0.148,-0.521,-0.671,-1.191,-0.438,-0.689,-1.126,tyrese proctor,Tyrese Proctor,Cleveland Cavaliers,0.1,-0.1,0.0,-0.451,0.163,-0.614,311.0,185.0,-126.0,-0.143,0.271,-0.414,225.0,153.5,-71.5,-0.513,-0.122,-0.391,319.0,243.0,-76.0,-1.869,549.0,0.721,0.0,3.475,4.852,3.016,guard,<1000
2024-2026,2025.0,1642355,Bronny James,1119.0,1127.0,0.057,-0.633,-0.447,-1.081,-0.13,-0.009,-0.139,-0.311,-1.081,-1.392,-0.403,-1.081,-1.484,-1.036,-1.529,-2.565,-0.944,-1.529,-2.473,bronny james,Bronny James,Los Angeles Lakers,-3.1,-0.9,-4.0,-1.128,-1.479,0.35,417.0,457.0,40.0,-0.56,-1.365,0.805,317.0,452.5,135.5,-1.11,-0.854,-0.255,418.0,385.5,-32.5,-1.498,560.0,0.579,0.45,2.057,4.693,1.993,guard,<1000
2024-2026,2025.0,1630623,Tyson Etienne,1122.0,1119.0,0.058,-1.162,-1.04,-2.203,-1.034,0.757,-0.277,-0.297,-1.031,-1.328,-0.447,-1.066,-1.513,-1.609,-2.107,-3.715,-1.459,-2.071,-3.531,tyson etienne,Tyson Etienne,Brooklyn Nets,-1.7,-1.8,-3.5,-1.661,-1.274,-0.387,465.0,440.5,-24.5,-0.984,-0.649,-0.335,416.0,352.0,-64.0,-1.495,-1.678,0.184,451.0,461.0,10.0,-2.102,531.0,0.542,0.068,1.898,3.525,3.797,guard,<1000
2024-2026,2025.0,1628396,Tony Bradley,1174.0,1178.0,0.06,-1.603,-0.345,-1.948,0.074,0.543,0.617,-0.122,-0.148,-0.27,-0.237,-0.284,-0.521,-1.84,-0.629,-2.469,-1.724,-0.494,-2.218,tony bradley,Tony Bradley,Atlanta Hawks,-1.8,-0.5,-2.3,-1.0,-0.781,-0.219,401.0,378.0,-23.0,-1.202,-0.7,-0.502,445.0,364.5,-80.5,-0.375,-0.488,0.113,289.0,318.5,29.5,6.539,566.0,4.961,1.018,5.088,1.781,0.191,big,<1000
2024-2026,2025.0,1642859,Jase Richardson,1204.0,1203.0,0.062,-0.5,-0.952,-1.452,0.202,0.143,0.346,-0.089,-0.306,-0.395,-0.107,-0.439,-0.546,-0.607,-1.391,-1.998,-0.589,-1.258,-1.847,jase richardson,Jase Richardson,Orlando Magic,-1.3,-0.4,-1.7,-0.814,-0.535,-0.279,367.0,320.5,-46.5,-0.267,-0.444,0.177,255.0,308.5,53.5,-0.917,-0.397,-0.521,387.0,298.5,-88.5,-0.281,589.0,1.284,0.122,2.567,3.545,1.711,guard,<1000
2024-2026,2025.0,1641794,Dillon Jones,1225.0,1213.0,0.063,-1.121,-0.445,-1.566,0.675,-0.149,0.526,-0.088,-0.282,-0.371,-0.184,-0.266,-0.451,-1.305,-0.711,-2.017,-1.209,-0.727,-1.937,dillon jones,Dillon Jones,New York Knicks,-2.7,-0.1,-2.8,-0.859,-0.986,0.127,377.0,401.5,24.5,-0.778,-1.16,0.382,373.0,433.5,60.5,-0.541,-0.122,-0.419,324.0,243.0,-81.0,1.639,593.0,1.943,0.243,5.828,3.764,1.032,wing,<1000
2024-2026,2025.0,202066,Garrett Temple,1243.0,1245.0,0.063,0.508,0.552,1.06,-0.217,0.174,-0.043,-0.514,0.374,-0.14,-0.579,0.485,-0.094,-0.07,1.036,0.966,-0.005,0.925,0.92,garrett temple,Garrett Temple,Toronto Raptors,-4.2,-0.4,-4.6,0.579,-1.725,2.304,123.0,467.0,344.0,0.213,-1.927,2.14,164.0,473.5,309.5,0.633,-0.397,1.029,120.0,298.5,178.5,0.555,590.0,1.708,0.427,3.356,4.149,1.281,wing,<1000
2024-2026,2025.0,1642885,Mohamed Diawara,1258.0,1261.0,0.064,-0.604,-0.877,-1.48,0.233,-0.183,0.05,0.086,1.069,1.155,0.058,0.924,0.983,-0.545,0.047,-0.498,-0.518,0.192,-0.326,mohamed diawara,Mohamed Diawara,New York Knicks,-1.8,0.7,-1.1,-0.048,-0.288,0.24,228.0,271.0,43.0,-0.209,-0.7,0.491,240.0,364.5,124.5,0.112,0.61,-0.498,210.0,125.0,-85.0,-0.057,635.0,0.85,0.34,4.479,3.005,2.721,wing,<1000
2024-2026,2025.0,1641816,Hunter Tyson,1291.0,1278.0,0.066,-1.527,-0.402,-1.929,-0.248,-0.129,-0.377,-0.585,0.442,-0.143,-0.715,0.426,-0.288,-2.242,0.024,-2.218,-2.112,0.04,-2.072,hunter tyson,Hunter Tyson,Brooklyn Nets,-1.8,-0.5,-2.3,-0.927,-0.781,-0.146,384.0,378.0,-6.0,-1.522,-0.7,-0.822,467.0,364.5,-102.5,0.004,-0.488,0.492,224.0,318.5,94.5,1.88,609.0,1.773,0.414,5.498,2.305,2.01,wing,<1000
2024-2026,2025.0,1642880,Kam Jones,1307.0,1311.0,0.066,-1.289,-1.194,-2.483,-0.826,-0.03,-0.855,-0.21,-0.357,-0.567,-0.361,-0.496,-0.857,-1.65,-1.691,-3.341,-1.499,-1.551,-3.051,kam jones,Kam Jones,Indiana Pacers,-2.4,-1.3,-3.6,-1.419,-1.315,-0.104,446.0,444.0,-2.0,-1.017,-1.007,-0.01,424.0,418.0,-6.0,-1.126,-1.221,0.095,420.0,430.0,10.0,-2.326,616.0,0.877,0.0,2.63,6.955,1.286,guard,<1000
2024-2026,2025.0,1631111,Wendell Moore Jr.,1314.0,1323.0,0.067,-1.293,-0.224,-1.517,0.756,-0.103,0.653,-0.412,-0.016,-0.428,-0.528,0.121,-0.408,-1.821,-0.103,-1.925,-1.705,-0.24,-1.945,wendell moore,Wendell Moore Jr.,Detroit Pistons,-3.1,0.0,-3.2,-0.863,-1.15,0.288,379.0,426.0,47.0,-1.186,-1.365,0.178,443.0,452.5,9.5,-0.195,-0.03,-0.164,265.0,223.5,-41.5,1.803,639.0,1.746,0.451,4.62,2.93,0.789,wing,<1000
2024-2026,2025.0,1642853,Rasheer Fleming,1322.0,1322.0,0.067,-1.051,-0.003,-1.054,-0.854,0.124,-0.729,0.298,0.296,0.594,0.205,0.445,0.65,-0.846,0.442,-0.404,-0.753,0.293,-0.46,rasheer fleming,Rasheer Fleming,Phoenix Suns,-1.0,0.7,-0.3,-0.116,0.04,-0.156,243.0,206.0,-37.0,-0.402,-0.291,-0.111,287.0,279.0,-8.0,0.184,0.61,-0.426,195.0,125.0,-70.0,3.834,677.0,3.031,1.117,3.563,0.851,2.393,big,<1000
2024-2026,2025.0,1630209,Omer Yurtseven,1324.0,1335.0,0.067,-1.533,-0.222,-1.755,-0.682,-0.244,-0.926,-0.328,-0.506,-0.834,-0.46,-0.629,-1.088,-1.993,-0.851,-2.844,-1.861,-0.728,-2.589,omer yurtseven,Omer Yurtseven,Golden State Warriors,-2.6,-0.9,-3.5,-1.187,-1.274,0.087,425.0,440.5,15.5,-1.315,-1.109,-0.206,455.0,428.5,-26.5,-0.541,-0.854,0.313,325.0,385.5,60.5,7.167,650.0,4.708,1.052,8.474,2.049,0.277,big,<1000
2024-2026,2025.0,1630679,Ethan Thompson,1354.0,1357.0,0.069,-1.083,-0.473,-1.557,-0.109,0.78,0.671,-0.072,0.922,0.85,-0.211,0.83,0.619,-1.294,0.357,-0.938,-1.155,0.448,-0.707,ethan thompson,Ethan Thompson,Indiana Pacers,-1.1,0.4,-0.7,-0.24,-0.124,-0.116,270.0,237.0,-33.0,-0.733,-0.342,-0.391,355.0,287.0,-68.0,0.294,0.336,-0.042,180.0,166.5,-13.5,-0.115,655.0,0.934,0.495,2.858,3.133,2.089,wing,<1000
2024-2026,2025.0,1641989,Elijah Harkless,1434.0,1436.0,0.072,-1.193,0.235,-0.958,-0.163,0.275,0.112,0.066,-0.456,-0.39,-0.04,-0.412,-0.452,-1.233,-0.177,-1.409,-1.127,-0.221,-1.348,elijah harkless,Elijah Harkless,Utah Jazz,-0.6,0.4,-0.2,-0.562,0.081,-0.644,330.0,198.0,-132.0,-0.71,-0.086,-0.624,347.0,221.5,-125.5,-0.181,0.336,-0.517,261.0,166.5,-94.5,-0.538,682.0,1.003,0.37,2.903,4.381,1.478,guard,<1000
2024-2026,2025.0,1642942,Jahmai Mashack,1436.0,1426.0,0.073,-1.279,0.084,-1.195,-0.014,-0.099,-0.112,-0.259,-1.544,-1.804,-0.412,-1.544,-1.956,-1.691,-1.461,-3.151,-1.538,-1.461,-2.999,jahmai mashack,Jahmai Mashack,Memphis Grizzlies,-3.5,-1.2,-4.7,-1.393,-1.766,0.373,442.0,468.5,26.5,-1.049,-1.569,0.52,427.0,462.0,35.0,-1.061,-1.129,0.068,409.0,418.0,9.0,0.661,670.0,1.236,0.752,3.116,3.707,1.021,wing,<1000
2024-2026,2025.0,1630574,Ariel Hukporti,1444.0,1474.0,0.073,-1.724,0.376,-1.348,-0.031,-0.21,-0.241,-0.301,0.601,0.3,-0.392,0.57,0.178,-2.116,0.946,-1.17,-2.025,0.977,-1.048,ariel hukporti,Ariel Hukporti,New York Knicks,-3.5,0.8,-2.6,-0.412,-0.904,0.493,305.0,392.5,87.5,-1.45,-1.569,0.119,464.0,462.0,-2.0,0.669,0.702,-0.033,116.0,106.0,-10.0,6.648,718.0,3.51,2.056,7.019,2.006,0.05,big,<1000
2024-2026,2025.0,1641732,Colby Jones,1446.0,1452.0,0.073,-1.131,0.068,-1.064,0.256,0.024,0.28,-0.236,-0.176,-0.412,-0.352,0.045,-0.307,-1.484,0.113,-1.371,-1.367,-0.108,-1.475,colby jones,Colby Jones,Detroit Pistons,-2.4,-0.1,-2.5,-0.626,-0.863,0.237,341.0,388.5,47.5,-0.908,-1.007,0.099,400.0,418.0,18.0,-0.101,-0.122,0.021,247.0,243.0,-4.0,2.21,712.0,1.921,0.91,4.702,3.337,0.91,big,<1000
2024-2026,2025.0,201959,Taj Gibson,1449.0,1453.0,0.073,0.047,1.023,1.07,0.594,0.275,0.869,-0.818,-0.405,-1.223,-0.852,-0.289,-1.141,-0.806,0.735,-0.071,-0.772,0.618,-0.154,taj gibson,Taj Gibson,Memphis Grizzlies,-4.1,-0.8,-5.0,0.039,-1.889,1.928,218.0,472.0,254.0,-0.418,-1.876,1.458,290.0,471.5,181.5,0.414,-0.763,1.177,166.0,372.5,206.5,5.675,708.0,3.763,1.322,5.593,1.932,0.305,big,<1000
2024-2026,2025.0,1631132,Christian Koloko,1460.0,1465.0,0.074,-1.956,0.362,-1.593,0.48,-0.077,0.402,-0.177,0.649,0.472,-0.307,0.656,0.349,-2.262,1.018,-1.244,-2.133,1.011,-1.122,christian koloko,Christian Koloko,Atlanta Hawks,-3.0,0.5,-2.5,-0.449,-0.863,0.414,310.0,388.5,78.5,-1.538,-1.313,-0.225,470.0,448.0,-22.0,0.693,0.427,0.266,109.0,154.0,45.0,6.147,701.0,3.389,2.003,5.495,1.746,0.051,big,<1000
2024-2026,2025.0,1641778,Leaky Black,1480.0,1484.0,0.075,-1.655,0.128,-1.527,0.714,-0.152,0.562,-0.186,-0.285,-0.47,-0.334,-0.15,-0.484,-1.989,-0.022,-2.011,-1.841,-0.156,-1.997,leaky black,Leaky Black,Washington Wizards,-2.5,-1.2,-3.8,-0.889,-1.397,0.508,381.0,452.5,71.5,-1.298,-1.058,-0.24,454.0,423.0,-31.0,-0.135,-1.129,0.994,253.0,418.0,165.0,1.936,716.0,1.207,0.955,4.978,2.313,1.408,wing,<1000
2024-2026,2025.0,1630536,Sharife Cooper,1482.0,1485.0,0.075,-1.33,-0.75,-2.08,0.136,0.106,0.242,-0.117,-0.775,-0.891,-0.219,-0.76,-0.979,-1.549,-1.51,-3.058,-1.447,-1.524,-2.971,sharife cooper,Sharife Cooper,Washington Wizards,-1.8,-1.6,-3.4,-1.379,-1.232,-0.147,441.0,436.5,-4.5,-0.973,-0.7,-0.273,413.0,364.5,-48.5,-1.106,-1.495,0.389,417.0,450.5,33.5,-1.551,701.0,0.924,0.257,3.492,6.368,1.489,guard,<1000
2024-2026,2025.0,1631116,Patrick Baldwin Jr.,1493.0,1495.0,0.075,-1.117,0.085,-1.032,0.398,-0.436,-0.038,-0.042,0.783,0.74,-0.147,0.92,0.774,-1.264,1.005,-0.258,-1.159,0.868,-0.292,patrick baldwin,Patrick Baldwin Jr.,Sacramento Kings,-2.1,-0.4,-2.5,-0.031,-0.863,0.832,225.0,388.5,163.5,-0.737,-0.853,0.117,358.0,397.0,39.0,0.592,-0.397,0.988,131.0,298.5,167.5,3.009,701.0,1.746,1.13,7.036,1.9,2.568,big,<1000
2024-2026,2025.0,1641810,Antonio Reeves,1497.0,1496.0,0.075,-0.96,-1.21,-2.17,-0.168,-0.157,-0.325,-0.072,-0.765,-0.837,-0.254,-0.806,-1.06,-1.214,-2.016,-3.23,-1.032,-1.975,-3.007,antonio reeves,Antonio Reeves,Charlotte Hornets,-1.8,-0.8,-2.6,-1.397,-0.904,-0.493,443.0,392.5,-50.5,-0.632,-0.7,0.068,331.0,364.5,33.5,-1.426,-0.763,-0.663,448.0,372.5,-75.5,-0.242,729.0,0.988,0.198,2.519,2.074,2.864,guard,<1000
2024-2026,2025.0,1642382,Branden Carlson,1536.0,1537.0,0.077,-1.191,-0.077,-1.267,-0.051,-0.3,-0.351,0.241,-0.201,0.04,0.123,-0.227,-0.103,-1.067,-0.303,-1.371,-0.95,-0.278,-1.227,branden carlson,Branden Carlson,Oklahoma City Thunder,-0.5,-1.0,-1.5,-0.502,-0.452,-0.049,319.0,299.0,-20.0,-0.564,-0.035,-0.529,319.0,207.5,-111.5,-0.222,-0.946,0.724,269.0,396.0,127.0,4.434,738.0,2.244,2.341,6.439,2.098,2.585,big,<1000
2024-2026,2025.0,1629646,Charles Bassey,1548.0,1558.0,0.078,-1.377,0.379,-0.999,-0.29,-0.382,-0.672,-0.459,-1.062,-1.52,-0.541,-1.05,-1.592,-1.919,-0.671,-2.59,-1.836,-0.683,-2.519,charles bassey,Charles Bassey,Golden State Warriors,-1.5,-1.3,-2.9,-1.152,-1.027,-0.124,421.0,408.0,-13.0,-1.294,-0.547,-0.748,453.0,329.0,-124.0,-0.509,-1.221,0.712,317.0,430.0,113.0,9.449,733.0,5.01,2.849,8.988,2.21,0.0,big,<1000
2024-2026,2025.0,1642869,Noah Penda,1561.0,1559.0,0.078,-0.694,0.038,-0.655,0.565,0.226,0.792,-0.037,-0.226,-0.263,-0.066,-0.282,-0.347,-0.759,-0.244,-1.003,-0.731,-0.188,-0.918,noah penda,Noah Penda,Orlando Magic,-1.4,-0.4,-1.7,-0.346,-0.535,0.188,291.0,320.5,29.5,-0.384,-0.495,0.112,283.0,318.5,35.5,-0.158,-0.397,0.239,257.0,298.5,41.5,3.501,761.0,3.17,0.852,5.677,3.311,1.419,big,<1000
2024-2026,2025.0,1631131,Oscar Tshiebwe,1576.0,1575.0,0.079,-1.238,-0.823,-2.06,-0.654,-0.363,-1.017,0.176,-0.522,-0.346,0.046,-0.645,-0.599,-1.192,-1.467,-2.659,-1.062,-1.344,-2.406,oscar tshiebwe,Oscar Tshiebwe,Utah Jazz,0.1,-1.1,-1.0,-1.095,-0.247,-0.848,413.0,262.5,-150.5,-0.656,0.271,-0.928,335.0,153.5,-181.5,-0.979,-1.038,0.059,396.0,405.0,9.0,8.348,743.0,6.347,0.339,9.012,2.083,0.0,big,<1000
2024-2026,2025.0,1631123,Jamaree Bouyea,1586.0,1580.0,0.08,-1.069,-0.072,-1.141,-0.31,-0.078,-0.389,-0.226,0.889,0.663,-0.383,1.078,0.696,-1.452,1.007,-0.445,-1.296,0.817,-0.478,jamaree bouyea,Jamaree Bouyea,Phoenix Suns,-2.1,0.7,-1.4,-0.125,-0.411,0.287,246.0,292.0,46.0,-0.849,-0.853,0.004,388.0,397.0,9.0,0.556,0.61,-0.054,136.0,125.0,-11.0,0.166,800.0,0.99,0.81,3.78,4.635,1.125,wing,<1000
2024-2026,2025.0,1642868,Carter Bryant,1685.0,1691.0,0.084,-0.959,-0.369,-1.328,0.317,-0.316,0.001,-0.125,0.451,0.326,-0.132,0.507,0.375,-1.091,0.138,-0.953,-1.084,0.082,-1.002,carter bryant,Carter Bryant,San Antonio Spurs,-1.6,0.6,-0.9,-0.389,-0.206,-0.182,297.0,254.0,-43.0,-0.675,-0.598,-0.077,339.0,341.5,2.5,0.034,0.519,-0.485,222.0,142.0,-80.0,2.587,817.0,1.674,1.013,6.169,2.071,2.291,big,<1000
2024-2026,2025.0,1630587,Isaiah Livers,1691.0,1716.0,0.084,-1.783,-0.305,-2.088,0.294,0.321,0.615,-0.146,-0.92,-1.066,-0.305,-0.928,-1.233,-2.088,-1.233,-3.321,-1.929,-1.226,-3.154,isaiah livers,Isaiah Livers,Phoenix Suns,-3.0,-0.9,-3.8,-1.471,-1.397,-0.075,453.0,452.5,-0.5,-1.37,-1.313,-0.057,459.0,448.0,-11.0,-0.894,-0.854,-0.04,384.0,385.5,1.5,1.448,818.0,1.496,0.572,3.301,2.024,1.496,wing,<1000
2024-2026,2025.0,1631159,Leonard Miller,1750.0,1742.0,0.087,-0.862,-0.519,-1.381,-0.347,-0.14,-0.487,0.094,-0.587,-0.493,0.006,-0.62,-0.614,-0.856,-1.138,-1.994,-0.768,-1.105,-1.874,leonard miller,Leonard Miller,Chicago Bulls,0.4,-0.2,0.2,-0.827,0.245,-1.072,370.0,175.0,-195.0,-0.415,0.425,-0.84,289.0,129.5,-159.5,-0.809,-0.214,-0.595,369.0,264.0,-105.0,3.85,808.0,2.762,0.757,6.683,2.139,1.515,big,<1000
2024-2026,2025.0,1642914,Javon Small,1766.0,1756.0,0.088,-0.44,-0.318,-0.758,0.091,0.379,0.47,0.201,-0.949,-0.749,0.103,-1.01,-0.907,-0.338,-1.328,-1.666,-0.239,-1.268,-1.507,javon small,Javon Small,Memphis Grizzlies,0.2,-0.4,-0.2,-0.642,0.081,-0.724,345.0,198.0,-147.0,0.021,0.323,-0.302,195.0,144.5,-50.5,-0.924,-0.397,-0.527,389.0,298.5,-90.5,-1.167,830.0,1.561,0.39,3.99,6.549,2.602,guard,<1000
2024-2026,2025.0,1631250,Pete Nance,1793.0,1795.0,0.089,-1.497,-0.573,-2.07,0.715,-0.006,0.709,0.052,-0.58,-0.527,-0.121,-0.668,-0.789,-1.618,-1.241,-2.86,-1.445,-1.153,-2.598,pete nance,Pete Nance,Milwaukee Bucks,-1.9,-1.3,-3.2,-1.191,-1.15,-0.041,426.0,426.0,0.0,-0.972,-0.751,-0.221,412.0,379.5,-32.5,-0.843,-1.221,0.378,376.0,430.0,54.0,1.208,897.0,1.284,0.642,4.696,2.328,2.408,wing,<1000
2024-2026,2025.0,1630545,Terrence Shannon Jr,1842.0,1856.0,0.091,-1.45,-0.96,-2.41,-0.075,-0.006,-0.08,0.086,-1.149,-1.063,-0.052,-1.325,-1.377,-1.502,-2.285,-3.787,-1.364,-2.109,-3.472,terrence shannon,Terrence Shannon Jr.,Minnesota Timberwolves,-0.8,-1.2,-2.0,-1.631,-0.658,-0.974,464.0,348.0,-116.0,-0.905,-0.189,-0.716,399.0,249.5,-149.5,-1.521,-1.129,-0.392,454.0,418.0,-36.0,-0.124,874.0,0.824,0.247,3.13,2.883,1.73,wing,<1000
2024-2026,2025.0,1642928,Dylan Cardwell,1868.0,1847.0,0.092,-1.789,0.519,-1.27,0.907,-0.301,0.606,-0.225,1.142,0.917,-0.352,1.22,0.867,-2.141,1.738,-0.403,-2.013,1.66,-0.353,dylan cardwell,Dylan Cardwell,Sacramento Kings,-1.6,0.6,-1.0,-0.062,-0.247,0.185,230.0,262.5,32.5,-1.44,-0.598,-0.842,463.0,341.5,-121.5,1.154,0.519,0.636,56.0,142.0,86.0,9.393,911.0,5.809,2.648,7.311,2.45,0.079,big,<1000
2024-2026,2025.0,1642879,Ben Saraf,1875.0,1875.0,0.093,-0.449,-0.598,-1.047,0.076,-0.284,-0.208,-0.682,-0.006,-0.688,-0.824,-0.032,-0.856,-1.272,-0.63,-1.903,-1.131,-0.604,-1.735,ben saraf,Ben Saraf,Brooklyn Nets,-3.6,-0.7,-4.3,-0.757,-1.602,0.845,363.0,460.5,97.5,-0.713,-1.62,0.907,349.0,465.0,116.0,-0.453,-0.671,0.218,304.0,358.0,54.0,-1.199,916.0,0.786,0.314,2.83,5.699,0.747,guard,<1000
2024-2026,2025.0,1631342,Daeqwon Plowden,1892.0,1891.0,0.093,-1.091,-0.741,-1.832,-0.523,0.167,-0.356,-0.082,0.217,0.134,-0.256,0.105,-0.151,-1.347,-0.636,-1.983,-1.173,-0.525,-1.698,daeqwon plowden,Daeqwon Plowden,Sacramento Kings,-0.9,-1.2,-2.1,-0.738,-0.699,-0.04,361.0,359.0,-2.0,-0.748,-0.24,-0.508,365.0,264.5,-100.5,-0.397,-1.129,0.732,294.0,418.0,124.0,0.607,913.0,1.459,0.276,2.8,1.696,2.8,wing,<1000
2024-2026,2025.0,1642877,Micah Peavy,1925.0,1916.0,0.095,-1.385,-0.577,-1.961,0.135,0.19,0.325,0.075,0.309,0.384,-0.033,0.314,0.282,-1.418,-0.262,-1.68,-1.31,-0.268,-1.578,micah peavy,Micah Peavy,New Orleans Pelicans,-1.6,0.2,-1.5,-0.678,-0.452,-0.225,348.0,299.0,-49.0,-0.861,-0.598,-0.263,392.0,341.5,-50.5,-0.214,0.153,-0.367,267.0,191.5,-75.5,1.364,913.0,1.814,0.355,2.8,2.405,1.104,wing,<1000
2024-2026,2025.0,1630699,MarJon Beauchamp,2046.0,2052.0,0.1,-1.376,-0.746,-2.122,0.634,-0.162,0.472,-0.229,0.222,-0.008,-0.298,0.169,-0.13,-1.674,-0.577,-2.251,-1.605,-0.524,-2.129,marjon beauchamp,MarJon Beauchamp,Philadelphia 76ers,-2.1,-0.3,-2.4,-0.956,-0.822,-0.134,391.0,384.0,-7.0,-1.104,-0.853,-0.251,434.0,397.0,-37.0,-0.396,-0.305,-0.091,293.0,280.0,-13.0,1.555,963.0,1.495,0.449,5.047,2.131,2.093,wing,<1000
2024-2026,2025.0,1642857,Kasparas Jakučionis,2062.0,2066.0,0.101,-0.557,-0.381,-0.938,-0.34,0.354,0.015,0.291,0.966,1.256,0.219,1.003,1.223,-0.338,0.622,0.284,-0.266,0.584,0.318,kasparas jakucionis,Kasparas Jakucionis,Miami Heat,0.0,0.0,0.0,0.276,0.163,0.113,182.0,185.0,3.0,-0.002,0.22,-0.222,201.0,163.5,-37.5,0.391,-0.03,0.421,168.0,223.5,55.5,-0.622,949.0,1.631,0.266,3.604,5.197,2.504,guard,<1000
2024-2026,2025.0,1641787,Tosan Evbuomwan,2081.0,2101.0,0.102,-1.253,-0.616,-1.869,0.1,-0.089,0.011,-0.402,-0.267,-0.669,-0.634,-0.439,-1.073,-1.888,-1.055,-2.942,-1.656,-0.883,-2.538,tosan evbuomwan,Tosan Evbuomwan,Charlotte Hornets,-2.0,0.0,-2.0,-1.161,-0.658,-0.504,422.0,348.0,-74.0,-1.145,-0.802,-0.343,436.0,389.5,-46.5,-0.651,-0.03,-0.62,348.0,223.5,-124.5,1.918,1040.0,1.765,0.519,4.535,2.458,1.246,wing,1000-2000
2024-2026,2025.0,1642278,Tyler Kolek,2091.0,2083.0,0.102,-1.262,-0.729,-1.991,-0.286,-0.081,-0.367,-0.133,1.523,1.39,-0.255,1.397,1.143,-1.516,0.668,-0.848,-1.395,0.794,-0.601,tyler kolek,Tyler Kolek,New York Knicks,-1.5,0.7,-0.8,-0.187,-0.165,-0.021,260.0,244.0,-16.0,-0.931,-0.547,-0.384,405.0,329.0,-76.0,0.539,0.61,-0.071,142.0,125.0,-17.0,-2.844,1024.0,0.844,0.281,3.551,8.438,2.039,guard,1000-2000
2024-2026,2025.0,1641998,Trey Jemison III,2115.0,2106.0,0.103,-1.923,0.27,-1.653,-0.056,0.426,0.37,-0.342,-1.137,-1.479,-0.684,-1.177,-1.861,-2.607,-0.907,-3.514,-2.265,-0.866,-3.132,trey jemison,Trey Jemison III,New York Knicks,-4.1,-0.7,-4.8,-1.46,-1.807,0.347,450.0,470.0,20.0,-1.647,-1.876,0.228,474.0,471.5,-2.5,-0.639,-0.671,0.032,346.0,358.0,12.0,6.159,1048.0,3.985,1.546,4.844,1.649,0.0,big,1000-2000
2024-2026,2025.0,1631126,Caleb Love,2127.0,2123.0,0.104,-0.429,-1.601,-2.03,-0.731,0.086,-0.645,-0.248,-0.683,-0.931,-0.294,-0.991,-1.285,-0.723,-2.592,-3.315,-0.677,-2.285,-2.961,caleb love,Caleb Love,Portland Trail Blazers,-1.3,-0.8,-2.1,-1.374,-0.699,-0.675,440.0,359.0,-81.0,-0.339,-0.444,0.105,266.0,308.5,42.5,-1.646,-0.763,-0.883,458.0,372.5,-85.5,-1.525,1015.0,0.887,0.142,3.157,4.363,3.299,guard,1000-2000
2024-2026,2025.0,1642277,Johnny Furphy,2141.0,2144.0,0.104,-0.994,0.049,-0.945,0.574,-0.238,0.336,-0.158,0.342,0.185,-0.271,0.427,0.157,-1.265,0.476,-0.789,-1.152,0.391,-0.761,johnny furphy,Johnny Furphy,Indiana Pacers,-1.7,0.6,-1.1,-0.267,-0.288,0.021,274.0,271.0,-3.0,-0.731,-0.649,-0.082,354.0,352.0,-2.0,0.253,0.519,-0.266,187.0,142.0,-45.0,2.762,1023.0,1.935,0.633,5.947,2.111,1.337,big,1000-2000
2024-2026,2025.0,1642864,Hugo González,2157.0,2134.0,0.105,-1.105,0.371,-0.734,0.043,-0.484,-0.441,0.665,1.362,2.026,0.556,1.471,2.028,-0.549,1.843,1.294,-0.44,1.733,1.293,hugo gonzalez,Hugo Gonzalez,Boston Celtics,-1.5,1.8,0.3,0.766,0.287,0.48,97.0,166.5,69.5,-0.145,-0.547,0.402,226.0,329.0,103.0,1.206,1.617,-0.412,51.0,28.0,-23.0,3.371,1083.0,2.061,0.698,6.116,1.33,1.396,big,1000-2000
2024-2026,2025.0,1630811,Keaton Wallace,2161.0,2159.0,0.105,-1.121,0.043,-1.078,-0.533,-0.092,-0.626,-0.361,0.13,-0.23,-0.562,0.29,-0.273,-1.684,0.333,-1.351,-1.482,0.174,-1.308,keaton wallace,Keaton Wallace,Atlanta Hawks,-2.3,0.1,-2.3,-0.542,-0.781,0.238,326.0,378.0,52.0,-1.003,-0.956,-0.047,423.0,411.5,-11.5,0.099,0.061,0.038,212.0,210.0,-2.0,-2.109,1036.0,0.347,0.486,3.336,6.081,2.259,guard,1000-2000
2024-2026,2025.0,1642364,Jamir Watkins,2166.0,2192.0,0.106,-1.231,0.741,-0.491,-0.047,-0.147,-0.194,-0.067,-0.087,-0.154,-0.175,0.132,-0.043,-1.407,0.873,-0.534,-1.298,0.654,-0.644,jamir watkins,Jamir Watkins,Washington Wizards,-1.3,0.6,-0.7,-0.208,-0.124,-0.084,263.0,237.0,-26.0,-0.851,-0.444,-0.407,389.0,308.5,-80.5,0.44,0.519,-0.079,163.0,142.0,-21.0,2.281,1029.0,1.714,0.875,5.073,2.344,1.644,big,1000-2000
2024-2026,2025.0,1630639,A.J. Lawson,2168.0,2177.0,0.106,-1.349,-0.779,-2.129,0.035,-0.239,-0.204,0.055,0.196,0.251,-0.149,0.141,-0.008,-1.499,-0.638,-2.137,-1.295,-0.583,-1.878,a j lawson,A.J. Lawson,Toronto Raptors,-1.0,-0.2,-1.2,-0.829,-0.329,-0.5,371.0,280.0,-91.0,-0.848,-0.291,-0.557,387.0,279.0,-108.0,-0.438,-0.214,-0.225,300.0,264.0,-36.0,1.468,1025.0,1.51,0.457,4.777,2.037,2.283,wing,1000-2000
2024-2026,2025.0,1642354,KJ Simpson,2211.0,2231.0,0.108,-0.849,-0.51,-1.359,-0.281,-0.064,-0.345,-0.703,-0.653,-1.356,-0.857,-0.696,-1.553,-1.705,-1.206,-2.912,-1.552,-1.163,-2.715,kj simpson,KJ Simpson,Denver Nuggets,-2.3,0.0,-2.3,-1.25,-0.781,-0.469,430.0,378.0,-52.0,-1.06,-0.956,-0.104,429.0,411.5,-17.5,-0.85,-0.03,-0.819,377.0,223.5,-153.5,-0.396,1101.0,1.569,0.196,3.204,5.068,1.471,guard,1000-2000
2024-2026,2025.0,1641772,Nae'Qwan Tomlin,2211.0,2222.0,0.108,-1.516,0.261,-1.254,0.228,-0.02,0.208,0.204,0.817,1.021,0.033,1.003,1.036,-1.483,1.264,-0.219,-1.311,1.078,-0.233,naeqwan tomlin,Nae'Qwan Tomlin,Cleveland Cavaliers,-0.5,0.4,-0.2,-0.001,0.081,-0.083,222.0,198.0,-24.0,-0.862,-0.035,-0.827,393.0,207.5,-185.5,0.741,0.336,0.405,102.0,166.5,64.5,4.189,1070.0,3.196,1.178,3.768,1.85,0.976,big,1000-2000
2024-2026,2025.0,1642269,Devin Carter,2253.0,2238.0,0.109,-1.077,-0.093,-1.17,-0.462,0.041,-0.42,0.07,0.071,0.141,-0.08,0.11,0.03,-1.157,0.017,-1.14,-1.007,-0.022,-1.029,devin carter,Devin Carter,Sacramento Kings,0.2,-0.3,0.0,-0.402,0.163,-0.565,300.0,185.0,-115.0,-0.611,0.323,-0.934,327.0,144.5,-182.5,-0.04,-0.305,0.265,233.0,280.0,47.0,0.708,1098.0,1.803,0.426,4.787,4.656,1.574,wing,1000-2000
2024-2026,2025.0,1631115,Orlando Robinson,2257.0,2261.0,0.11,-1.336,-0.275,-1.61,-0.262,0.226,-0.037,-0.333,0.164,-0.169,-0.518,0.085,-0.433,-1.854,-0.189,-2.043,-1.668,-0.111,-1.779,orlando robinson,Orlando Robinson,Orlando Magic,-1.5,-0.6,-2.1,-0.779,-0.699,-0.08,365.0,359.0,-6.0,-1.156,-0.547,-0.609,437.0,329.0,-108.0,-0.103,-0.58,0.477,248.0,338.5,90.5,4.334,1099.0,3.898,0.786,6.191,3.734,0.852,big,1000-2000
2024-2026,2025.0,1642358,AJ Johnson,2261.0,2257.0,0.11,-0.687,-1.173,-1.861,-0.408,-0.184,-0.591,-0.593,-0.751,-1.344,-0.681,-0.85,-1.531,-1.369,-2.023,-3.392,-1.281,-1.924,-3.204,aj johnson,AJ Johnson,Dallas Mavericks,-2.9,-0.5,-3.4,-1.496,-1.232,-0.264,457.0,436.5,-20.5,-0.837,-1.262,0.426,383.0,443.0,60.0,-1.39,-0.488,-0.902,443.0,318.5,-124.5,-0.668,1094.0,0.724,0.197,3.027,4.048,1.185,guard,1000-2000
2024-2026,2025.0,1628420,Monte Morris,2280.0,2273.0,0.111,-0.36,-0.592,-0.953,-0.339,-0.087,-0.426,-0.202,0.104,-0.098,-0.21,0.115,-0.095,-0.57,-0.477,-1.048,-0.562,-0.488,-1.05,monte morris,Monte Morris,Indiana Pacers,-0.6,-0.5,-1.1,-0.413,-0.288,-0.124,306.0,271.0,-35.0,-0.245,-0.086,-0.159,250.0,221.5,-28.5,-0.371,-0.488,0.117,288.0,318.5,30.5,-1.076,1111.0,0.648,0.421,3.597,4.893,1.944,guard,1000-2000
2024-2026,2025.0,1628365,Markelle Fultz,2290.0,2295.0,0.111,-0.97,-0.305,-1.275,0.298,-0.246,0.052,-0.124,0.238,0.114,-0.215,0.292,0.077,-1.185,-0.013,-1.198,-1.093,-0.067,-1.161,markelle fultz,Markelle Fultz,Toronto Raptors,-4.0,-0.3,-4.3,-0.468,-1.602,1.134,313.0,460.5,147.5,-0.683,-1.825,1.142,341.0,469.5,128.5,-0.072,-0.305,0.233,238.0,280.0,42.0,0.874,1128.0,1.979,0.543,3.096,4.947,0.255,wing,1000-2000
2024-2026,2025.0,1629610,DaQuan Jeffries,2362.0,2357.0,0.114,-1.612,-0.097,-1.709,0.427,0.033,0.46,-0.117,-1.251,-1.368,-0.355,-1.249,-1.604,-1.968,-1.346,-3.313,-1.73,-1.348,-3.078,daquan jeffries,DaQuan Jeffries,Sacramento Kings,-1.9,-1.1,-3.0,-1.433,-1.068,-0.364,447.0,413.5,-33.5,-1.207,-0.751,-0.456,446.0,379.5,-66.5,-0.981,-1.038,0.056,399.0,405.0,6.0,1.338,1173.0,1.228,0.798,3.223,1.811,1.872,wing,1000-2000
2024-2026,2025.0,1642874,Danny Wolf,2381.0,2356.0,0.115,-0.532,-0.135,-0.667,-0.249,-0.158,-0.408,-0.783,0.826,0.043,-0.884,0.781,-0.103,-1.416,0.646,-0.77,-1.315,0.69,-0.625,danny wolf,Danny Wolf,Brooklyn Nets,-2.2,0.6,-1.6,-0.198,-0.494,0.295,262.0,309.5,47.5,-0.865,-0.904,0.039,395.0,404.0,9.0,0.466,0.519,-0.053,156.0,142.0,-14.0,1.978,1192.0,1.721,0.966,6.765,3.836,2.054,wing,1000-2000
2024-2026,2025.0,1628964,Mo Bamba,2388.0,2390.0,0.115,-1.797,1.007,-0.79,-0.302,-0.829,-1.131,-0.429,0.547,0.118,-0.608,0.818,0.21,-2.405,1.825,-0.58,-2.227,1.554,-0.673,mo bamba,Mo Bamba,Utah Jazz,-2.9,-0.7,-3.6,-0.223,-1.315,1.092,266.0,444.0,178.0,-1.616,-1.262,-0.353,472.0,443.0,-29.0,1.079,-0.671,1.75,64.0,358.0,294.0,7.603,1197.0,3.579,2.827,8.602,1.805,1.203,big,1000-2000
2024-2026,2025.0,1630164,James Wiseman,2394.0,2383.0,0.115,-1.28,0.06,-1.22,-0.324,0.123,-0.201,-0.704,-1.545,-2.249,-0.958,-1.612,-2.57,-2.238,-1.552,-3.791,-1.984,-1.485,-3.469,james wiseman,James Wiseman,Indiana Pacers,-3.6,-1.3,-4.9,-1.63,-1.848,0.219,463.0,471.0,8.0,-1.416,-1.62,0.204,461.0,465.0,4.0,-1.079,-1.221,0.142,412.0,430.0,18.0,6.104,1153.0,3.591,1.249,7.181,1.78,0.0,big,1000-2000
2024-2026,2025.0,1642948,Ryan Nembhard,2403.0,2414.0,0.116,-1.072,-0.688,-1.76,-0.598,-0.119,-0.717,-0.031,-0.128,-0.159,-0.038,-0.249,-0.286,-1.11,-0.937,-2.047,-1.103,-0.816,-1.919,ryan nembhard,Ryan Nembhard,Dallas Mavericks,-1.5,0.1,-1.4,-0.85,-0.411,-0.438,374.0,292.0,-82.0,-0.69,-0.547,-0.144,342.0,329.0,-13.0,-0.604,0.061,-0.665,335.0,210.0,-125.0,-3.883,1170.0,0.4,0.062,3.692,9.723,1.477,guard,1000-2000
2024-2026,2025.0,1631169,Josh Minott,2477.0,2466.0,0.119,-1.143,0.797,-0.345,0.068,-0.069,-0.0,0.019,0.287,0.305,-0.176,0.473,0.297,-1.319,1.271,-0.048,-1.124,1.084,-0.04,josh minott,Josh Minott,Brooklyn Nets,-1.2,0.7,-0.5,0.096,-0.042,0.138,205.0,222.0,17.0,-0.708,-0.393,-0.315,346.0,296.5,-49.5,0.745,0.61,0.135,101.0,125.0,24.0,2.5,1204.0,1.914,1.226,4.724,2.153,2.452,big,1000-2000
2024-2026,2025.0,1629162,Jordan McLaughlin,2485.0,2477.0,0.119,-1.085,-0.186,-1.271,-0.763,-0.161,-0.924,0.205,1.046,1.251,0.079,1.212,1.29,-1.006,1.026,0.019,-0.88,0.86,-0.019,jordan mclaughlin,Jordan McLaughlin,San Antonio Spurs,-2.3,-0.1,-2.4,0.106,-0.822,0.928,204.0,384.0,180.0,-0.506,-0.956,0.449,306.0,411.5,105.5,0.586,-0.122,0.708,132.0,243.0,111.0,-1.729,1224.0,0.912,0.294,3.029,5.853,2.294,guard,1000-2000
2024-2026,2025.0,1642849,Nolan Traore,2487.0,2484.0,0.119,-0.529,-0.332,-0.861,0.15,-0.256,-0.107,-0.261,-0.818,-1.08,-0.352,-0.863,-1.215,-0.881,-1.194,-2.076,-0.79,-1.15,-1.94,nolan traore,Nolan Traore,Brooklyn Nets,-1.7,-1.1,-2.8,-0.86,-0.986,0.126,378.0,401.5,23.5,-0.433,-0.649,0.216,292.0,352.0,60.0,-0.841,-1.038,0.197,375.0,405.0,30.0,-1.976,1246.0,0.404,0.665,2.456,6.154,1.762,guard,1000-2000
2024-2026,2025.0,1642867,Collin Murray-Boyles,2530.0,2518.0,0.121,-0.607,0.658,0.051,0.323,0.156,0.479,0.068,1.386,1.454,0.06,1.494,1.554,-0.547,2.152,1.606,-0.539,2.044,1.505,collin murray boyles,Collin Murray-Boyles,Toronto Raptors,0.1,1.5,1.6,0.873,0.82,0.053,80.0,94.0,14.0,-0.226,0.271,-0.498,244.0,153.5,-90.5,1.427,1.343,0.084,36.0,45.5,9.5,4.968,1245.0,3.846,1.533,4.395,3.065,0.492,big,1000-2000
2024-2026,2025.0,1631288,Jamal Cain,2561.0,2556.0,0.122,-1.484,-0.386,-1.871,0.294,-0.176,0.118,0.227,-1.129,-0.901,0.004,-1.19,-1.186,-1.48,-1.577,-3.057,-1.257,-1.515,-2.772,jamal cain,Jamal Cain,Orlando Magic,-0.5,-0.7,-1.2,-1.279,-0.329,-0.95,434.0,280.0,-154.0,-0.817,-0.035,-0.782,380.0,207.5,-172.5,-1.1,-0.671,-0.428,416.0,358.0,-58.0,2.042,1243.0,2.027,0.521,3.765,1.767,1.883,big,1000-2000
2024-2026,2025.0,201599,DeAndre Jordan,2581.0,2603.0,0.123,0.264,1.186,1.45,0.172,-0.526,-0.354,-0.574,0.345,-0.229,-0.568,0.56,-0.008,-0.304,1.746,1.442,-0.31,1.532,1.222,deandre jordan,DeAndre Jordan,New Orleans Pelicans,-3.1,-0.7,-3.8,0.73,-1.397,2.127,103.0,452.5,349.5,-0.038,-1.365,1.327,209.0,452.5,243.5,1.063,-0.671,1.734,66.0,358.0,292.0,7.792,1284.0,4.598,1.486,9.897,2.523,0.0,big,1000-2000
2024-2026,2025.0,1642856,Egor Dëmin,2641.0,2648.0,0.126,0.352,-0.114,0.238,-0.906,-0.008,-0.914,-0.214,0.344,0.13,-0.233,0.279,0.046,0.119,0.166,0.284,0.139,0.23,0.369,egor demin,Egor Demin,Brooklyn Nets,-0.8,0.5,-0.3,0.301,0.04,0.261,171.0,206.0,35.0,0.332,-0.189,0.52,152.0,249.5,97.5,0.139,0.427,-0.288,205.0,154.0,-51.0,-1.514,1305.0,0.579,0.469,3.972,4.772,3.421,guard,1000-2000
2024-2026,2025.0,1642962,Drake Powell,2654.0,2664.0,0.126,-0.249,-0.689,-0.938,0.147,0.377,0.524,-1.269,-0.942,-2.211,-1.366,-1.098,-2.464,-1.614,-1.787,-3.401,-1.518,-1.631,-3.149,drake powell,Drake Powell,Brooklyn Nets,-4.0,-0.4,-4.4,-1.469,-1.643,0.174,452.0,464.5,12.5,-1.032,-1.825,0.792,425.0,469.5,44.5,-1.182,-0.397,-0.786,428.0,298.5,-129.5,-0.106,1319.0,0.573,0.382,2.456,2.484,1.392,wing,1000-2000
2024-2026,2025.0,1630322,Lindy Waters III,2736.0,2735.0,0.13,-1.043,-0.771,-1.814,0.502,-0.127,0.375,-0.122,0.097,-0.025,-0.246,0.077,-0.17,-1.289,-0.695,-1.984,-1.165,-0.674,-1.839,lindy waters,Lindy Waters III,San Antonio Spurs,-1.4,-0.2,-1.6,-0.81,-0.494,-0.316,366.0,309.5,-56.5,-0.741,-0.495,-0.246,360.0,318.5,-41.5,-0.503,-0.214,-0.29,315.0,264.0,-51.0,-0.134,1348.0,0.801,0.507,3.979,2.537,3.418,guard,1000-2000
2024-2026,2025.0,1642920,Kobe Sanders,2743.0,2736.0,0.13,-0.967,-0.2,-1.167,-0.029,0.162,0.134,0.086,-0.332,-0.245,0.055,-0.248,-0.193,-0.911,-0.449,-1.36,-0.88,-0.532,-1.412,kobe sanders,Kobe Sanders,Los Angeles Clippers,-0.9,0.1,-0.8,-0.595,-0.165,-0.43,333.0,244.0,-89.0,-0.507,-0.24,-0.267,307.0,264.5,-42.5,-0.402,0.061,-0.463,295.0,210.0,-85.0,-0.274,1353.0,0.772,0.266,3.299,2.9,2.129,guard,1000-2000
2024-2026,2025.0,203967,Dario Saric,2747.0,2744.0,0.13,-0.345,-0.416,-0.761,0.076,-0.116,-0.039,-0.307,-0.202,-0.509,-0.222,-0.331,-0.553,-0.567,-0.747,-1.315,-0.652,-0.618,-1.27,dario saric,Dario Saric,Detroit Pistons,-2.1,-0.4,-2.5,-0.523,-0.863,0.34,322.0,388.5,66.5,-0.319,-0.853,0.534,263.0,397.0,134.0,-0.463,-0.397,-0.066,306.0,298.5,-7.5,1.522,1348.0,2.35,0.294,6.703,4.513,2.19,wing,1000-2000
2024-2026,2025.0,1631245,Quenton Jackson,2753.0,2751.0,0.13,-0.985,-0.352,-1.337,-0.317,-0.124,-0.441,-0.188,0.252,0.064,-0.405,0.162,-0.243,-1.39,-0.19,-1.58,-1.173,-0.1,-1.273,quenton jackson,Quenton Jackson,Indiana Pacers,-0.4,0.2,-0.2,-0.525,0.081,-0.606,323.0,198.0,-125.0,-0.748,0.016,-0.764,364.0,195.0,-169.0,-0.096,0.153,-0.248,245.0,191.5,-53.5,-0.873,1290.0,1.172,0.307,3.349,5.442,1.591,guard,1000-2000
2024-2026,2025.0,1630214,Xavier Tillman,2781.0,2810.0,0.132,-1.477,0.924,-0.553,-0.104,-0.127,-0.231,-0.419,1.133,0.713,-0.615,1.394,0.779,-2.091,2.318,0.227,-1.896,2.057,0.161,xavier tillman,Xavier Tillman,Charlotte Hornets,-3.4,0.3,-3.1,0.197,-1.109,1.306,189.0,419.5,230.5,-1.343,-1.518,0.175,457.0,460.0,3.0,1.436,0.244,1.191,33.0,177.0,144.0,3.943,1394.0,2.557,1.395,5.113,2.505,0.723,big,1000-2000
2024-2026,2025.0,1641774,Tristan Vukcevic,2831.0,2826.0,0.134,-0.368,-0.151,-0.519,-1.106,-0.007,-1.113,-0.71,-0.985,-1.695,-0.754,-1.034,-1.788,-1.121,-1.185,-2.307,-1.077,-1.136,-2.213,tristan vukcevic,Tristan Vukcevic,Washington Wizards,-0.9,-0.9,-1.8,-0.998,-0.576,-0.422,400.0,332.0,-68.0,-0.669,-0.24,-0.429,338.0,264.5,-73.5,-0.831,-0.854,0.024,371.0,385.5,14.5,2.942,1334.0,1.727,1.7,6.72,2.888,2.645,big,1000-2000
2024-2026,2025.0,1642954,Will Richard,2867.0,2876.0,0.135,-0.572,0.311,-0.261,0.305,0.017,0.322,-0.342,-0.309,-0.651,-0.34,-0.18,-0.52,-0.912,0.131,-0.781,-0.914,0.002,-0.912,will richard,Will Richard,Golden State Warriors,-2.0,0.2,-1.7,-0.343,-0.535,0.192,290.0,320.5,30.5,-0.535,-0.802,0.267,313.0,389.5,76.5,-0.023,0.153,-0.175,230.0,191.5,-38.5,0.853,1376.0,1.753,0.235,2.747,2.433,1.858,wing,1000-2000
2024-2026,2025.0,1629634,Brandon Clarke,2930.0,2913.0,0.138,-1.169,0.379,-0.791,-0.657,0.071,-0.585,0.668,0.99,1.657,0.564,1.138,1.702,-0.605,1.517,0.912,-0.501,1.368,0.867,brandon clarke,Brandon Clarke,Memphis Grizzlies,-0.2,0.6,0.4,0.552,0.328,0.224,128.0,156.5,28.5,-0.195,0.118,-0.313,239.0,179.5,-59.5,0.947,0.519,0.428,76.0,142.0,66.0,5.627,1364.0,3.801,1.109,5.806,2.006,0.053,big,1000-2000
2024-2026,2025.0,204060,Joe Ingles,2940.0,2916.0,0.138,0.495,0.194,0.689,-0.399,0.045,-0.354,0.449,-1.033,-0.584,0.423,-0.862,-0.439,0.918,-0.667,0.251,0.944,-0.839,0.105,joe ingles,Joe Ingles,Minnesota Timberwolves,-1.9,-1.3,-3.2,0.169,-1.15,1.319,198.0,426.0,228.0,0.995,-0.751,1.746,74.0,379.5,305.5,-0.62,-1.221,0.601,339.0,430.0,91.0,-2.247,1432.0,0.503,0.176,3.821,6.536,2.011,guard,1000-2000
2024-2026,2025.0,1630568,Luka Garza,2954.0,2942.0,0.139,-1.472,-0.333,-1.806,-0.887,0.729,-0.158,0.729,0.36,1.089,0.494,0.122,0.615,-0.979,-0.212,-1.19,-0.743,0.026,-0.717,luka garza,Luka Garza,Boston Celtics,2.1,-0.5,1.5,-0.245,0.779,-1.024,271.0,101.0,-170.0,-0.394,1.294,-1.688,284.0,45.0,-239.0,-0.006,-0.488,0.483,226.0,318.5,92.5,5.342,1455.0,5.097,0.792,3.959,2.004,1.831,big,1000-2000
2024-2026,2025.0,1641740,Jaylen Clark,2963.0,2952.0,0.139,-1.623,-0.074,-1.697,0.321,0.015,0.337,0.476,0.366,0.842,0.357,0.332,0.689,-1.267,0.259,-1.008,-1.147,0.292,-0.855,jaylen clark,Jaylen Clark,Minnesota Timberwolves,-0.5,1.1,0.6,-0.315,0.41,-0.724,281.0,145.5,-135.5,-0.727,-0.035,-0.692,351.0,207.5,-143.5,0.183,0.977,-0.793,196.0,72.5,-123.5,1.591,1412.0,2.04,0.28,2.371,1.759,1.402,wing,1000-2000
2024-2026,2025.0,1642383,Walter Clayton Jr.,2968.0,2975.0,0.139,-0.755,-0.782,-1.537,-0.647,0.433,-0.213,0.066,-1.541,-1.475,-0.015,-1.706,-1.721,-0.77,-2.489,-3.258,-0.689,-2.323,-3.012,walter clayton,Walter Clayton Jr.,Memphis Grizzlies,-1.4,-1.7,-3.1,-1.4,-1.109,-0.29,444.0,419.5,-24.5,-0.349,-0.495,0.146,272.0,318.5,46.5,-1.674,-1.587,-0.087,460.0,454.0,-6.0,-2.329,1411.0,0.638,0.485,2.909,7.118,1.914,guard,1000-2000
2024-2026,2025.0,202687,Bismack Biyombo,2969.0,2969.0,0.139,-0.902,0.879,-0.023,0.439,-0.171,0.268,-0.389,-0.067,-0.456,-0.43,0.163,-0.267,-1.332,1.041,-0.291,-1.29,0.811,-0.479,bismack biyombo,Bismack Biyombo,San Antonio Spurs,-5.2,-1.8,-7.0,-0.125,-2.71,2.585,247.0,475.0,228.0,-0.845,-2.438,1.593,385.0,475.0,90.0,0.552,-1.678,2.23,139.0,461.0,322.0,5.237,1460.0,2.712,1.529,6.978,2.195,0.0,big,1000-2000
2024-2026,2025.0,1641724,Jett Howard,3006.0,2989.0,0.141,-0.856,-1.011,-1.867,-0.171,0.166,-0.005,-0.215,-1.061,-1.276,-0.355,-1.267,-1.621,-1.21,-2.278,-3.488,-1.07,-2.072,-3.143,jett howard,Jett Howard,Orlando Magic,-1.1,-0.9,-2.0,-1.466,-0.658,-0.808,451.0,348.0,-103.0,-0.664,-0.342,-0.322,337.0,287.0,-50.0,-1.495,-0.854,-0.641,452.0,385.5,-66.5,0.249,1462.0,1.083,0.591,2.955,2.339,2.856,wing,1000-2000
2024-2026,2025.0,1641750,Ryan Kalkbrenner,3018.0,3013.0,0.141,-0.864,0.689,-0.175,-0.157,0.295,0.138,-0.372,1.081,0.71,-0.287,1.143,0.856,-1.151,1.832,0.681,-1.235,1.77,0.535,ryan kalkbrenner,Ryan Kalkbrenner,Charlotte Hornets,-1.8,0.8,-1.0,0.385,-0.247,0.632,155.0,262.5,107.5,-0.799,-0.7,-0.099,377.0,364.5,-12.5,1.232,0.702,0.53,50.0,106.0,56.0,7.395,1480.0,4.062,2.457,5.108,1.314,0.0,big,1000-2000
2024-2026,2025.0,1642450,Daniss Jenkins,3055.0,3073.0,0.143,-0.616,-0.717,-1.333,0.419,-0.321,0.098,0.153,1.004,1.158,0.04,1.042,1.082,-0.576,0.325,-0.251,-0.463,0.288,-0.175,daniss jenkins,Daniss Jenkins,Detroit Pistons,-0.1,1.0,0.8,0.028,0.492,-0.464,220.0,134.0,-86.0,-0.164,0.169,-0.333,236.0,171.5,-64.5,0.18,0.885,-0.705,198.0,82.0,-116.0,-1.684,1475.0,1.245,0.366,2.856,6.858,1.806,guard,1000-2000
2024-2026,2025.0,1630311,Pat Spencer,3055.0,3060.0,0.143,-0.553,-0.592,-1.145,0.179,-0.106,0.073,-0.149,-0.653,-0.802,-0.319,-0.648,-0.967,-0.872,-1.241,-2.112,-0.702,-1.246,-1.948,pat spencer,Pat Spencer,Golden State Warriors,-1.7,-1.5,-3.2,-0.864,-1.15,0.286,380.0,426.0,46.0,-0.36,-0.649,0.289,275.0,352.0,77.0,-0.909,-1.404,0.495,385.0,448.0,63.0,-1.211,1501.0,1.631,0.192,3.358,6.835,1.559,guard,1000-2000
2024-2026,2025.0,203500,Steven Adams,3058.0,3070.0,0.143,-0.677,0.336,-0.341,0.98,0.59,1.569,0.559,0.722,1.281,0.518,0.873,1.392,-0.159,1.209,1.05,-0.118,1.058,0.939,steven adams,Steven Adams,Houston Rockets,0.2,1.3,1.5,0.588,0.779,-0.191,119.0,101.0,-18.0,0.12,0.323,-0.202,180.0,144.5,-35.5,0.727,1.16,-0.433,105.0,60.0,-45.0,9.209,1523.0,7.351,1.135,6.902,2.695,0.0,big,1000-2000
2024-2026,2025.0,1642848,Tre Johnson,3066.0,3077.0,0.143,-0.122,-0.806,-0.928,-0.306,0.04,-0.266,-0.337,-0.615,-0.952,-0.295,-0.922,-1.217,-0.417,-1.728,-2.145,-0.459,-1.421,-1.88,tre johnson,Tre Johnson,Washington Wizards,-1.2,-0.5,-1.7,-0.83,-0.535,-0.296,372.0,320.5,-51.5,-0.16,-0.393,0.233,235.0,296.5,61.5,-1.033,-0.488,-0.545,406.0,318.5,-87.5,-0.443,1438.0,0.726,0.451,3.53,3.054,2.879,guard,1000-2000
2024-2026,2025.0,1629057,Robert Williams III,3088.0,3087.0,0.144,-0.769,0.682,-0.086,-0.678,-0.338,-1.015,-0.122,0.727,0.605,-0.156,0.855,0.699,-0.924,1.538,0.613,-0.891,1.409,0.518,robert williams,Robert Williams III,Portland Trail Blazers,-0.6,1.4,0.8,0.377,0.492,-0.115,157.0,134.0,-23.0,-0.516,-0.086,-0.429,311.0,221.5,-89.5,0.976,1.251,-0.275,72.0,52.5,-19.5,9.309,1478.0,4.555,3.093,9.353,2.095,0.244,big,1000-2000
2024-2026,2025.0,1642461,Spencer Jones,3146.0,3150.0,0.146,-1.826,0.546,-1.279,-0.18,0.517,0.337,0.091,0.155,0.246,-0.095,0.184,0.089,-1.92,0.73,-1.19,-1.734,0.701,-1.033,spencer jones,Spencer Jones,Denver Nuggets,-2.2,0.6,-1.6,-0.404,-0.494,0.089,302.0,309.5,7.5,-1.21,-0.904,-0.306,447.0,404.0,-43.0,0.474,0.519,-0.045,152.0,142.0,-10.0,2.539,1541.0,1.939,0.794,3.341,1.308,1.355,big,1000-2000
2024-2026,2025.0,1642265,Rob Dillingham,3171.0,3161.0,0.147,-0.73,-0.69,-1.42,0.186,0.046,0.232,-0.429,-1.306,-1.735,-0.59,-1.397,-1.987,-1.32,-2.087,-3.406,-1.159,-1.997,-3.155,rob dillingham,Rob Dillingham,Chicago Bulls,-3.0,-0.2,-3.2,-1.472,-1.15,-0.321,454.0,426.0,-28.0,-0.736,-1.313,0.577,357.0,448.0,91.0,-1.442,-0.214,-1.228,449.0,264.0,-185.0,-1.554,1490.0,0.749,0.169,3.624,5.823,1.619,guard,1000-2000
2024-2026,2025.0,1642844,Dylan Harper,3202.0,3223.0,0.149,-0.228,-0.589,-0.817,0.032,-0.056,-0.024,0.587,1.363,1.95,0.629,1.179,1.808,0.4,0.591,0.991,0.359,0.774,1.133,dylan harper,Dylan Harper,San Antonio Spurs,0.6,1.8,2.4,0.686,1.149,-0.463,107.0,59.5,-47.5,0.513,0.527,-0.014,121.0,113.0,-8.0,0.525,1.617,-1.093,146.0,28.0,-118.0,-0.587,1559.0,1.247,0.554,4.157,6.142,1.409,guard,1000-2000
2024-2026,2025.0,1642367,Jonathan Mogbo,3206.0,3221.0,0.149,-1.174,0.24,-0.934,-0.094,-0.013,-0.108,-0.833,-0.529,-1.361,-1.084,-0.515,-1.599,-2.258,-0.275,-2.533,-2.006,-0.288,-2.295,jonathan mogbo,Jonathan Mogbo,Toronto Raptors,-3.3,0.1,-3.2,-1.039,-1.15,0.112,407.0,426.0,19.0,-1.434,-1.467,0.032,462.0,458.5,-3.5,-0.229,0.061,-0.29,270.0,210.0,-60.0,3.584,1537.0,2.998,0.984,5.879,4.005,0.398,big,1000-2000
2024-2026,2025.0,1629618,Jalen Pickett,3213.0,3200.0,0.149,-1.075,-0.802,-1.877,0.411,0.16,0.571,-0.015,0.332,0.316,-0.27,0.111,-0.16,-1.345,-0.691,-2.036,-1.09,-0.471,-1.561,jalen pickett,Jalen Pickett,Denver Nuggets,-1.8,0.2,-1.6,-0.669,-0.494,-0.176,346.0,309.5,-36.5,-0.68,-0.7,0.02,340.0,364.5,24.5,-0.358,0.153,-0.511,287.0,191.5,-95.5,-1.521,1591.0,0.769,0.226,3.734,5.498,2.217,guard,1000-2000
2024-2026,2025.0,1642419,Jamison Battle,3238.0,3252.0,0.15,-1.205,-0.829,-2.033,0.787,0.249,1.036,-0.228,0.007,-0.22,-0.474,-0.062,-0.535,-1.678,-0.89,-2.569,-1.432,-0.821,-2.254,jamison battle,Jamison Battle,Toronto Raptors,-2.2,-0.6,-2.8,-1.018,-0.986,-0.032,404.0,401.5,-2.5,-0.962,-0.904,-0.057,410.0,404.0,-6.0,-0.607,-0.58,-0.028,336.0,338.5,2.5,0.75,1559.0,1.316,0.3,4.387,1.778,3.233,wing,1000-2000
2024-2026,2025.0,1628366,Lonzo Ball,3254.0,3251.0,0.151,-0.733,0.53,-0.203,-0.906,-0.071,-0.977,-0.152,0.356,0.203,-0.236,0.536,0.3,-0.969,1.066,0.097,-0.885,0.885,0.0,lonzo ball,Lonzo Ball,Utah Jazz,-1.5,1.4,-0.1,0.116,0.122,-0.006,203.0,191.5,-11.5,-0.511,-0.547,0.036,309.0,329.0,20.0,0.604,1.251,-0.647,124.0,52.5,-71.5,-0.7,1502.0,1.222,0.623,4.961,6.016,2.565,guard,1000-2000
2024-2026,2025.0,1630165,Killian Hayes,3266.0,3280.0,0.151,-1.015,-0.089,-1.104,-0.608,-0.298,-0.906,-0.456,-0.515,-0.971,-0.751,-0.537,-1.288,-1.766,-0.626,-2.392,-1.471,-0.604,-2.075,killian hayes,Killian Hayes,Sacramento Kings,-3.2,-0.1,-3.3,-0.928,-1.191,0.263,385.0,432.5,47.5,-0.993,-1.416,0.422,420.0,456.0,36.0,-0.453,-0.122,-0.331,303.0,243.0,-60.0,-1.782,1576.0,0.457,0.64,3.906,7.241,1.074,guard,1000-2000
2024-2026,2025.0,1630696,Dru Smith,3316.0,3323.0,0.153,-1.31,0.433,-0.877,0.627,0.857,1.484,-0.465,1.761,1.297,-0.621,1.961,1.34,-1.93,2.394,0.463,-1.774,2.194,0.42,dru smith,Dru Smith,Miami Heat,-1.7,1.8,0.1,0.327,0.204,0.123,167.0,179.5,12.5,-1.243,-0.649,-0.594,450.0,352.0,-98.0,1.533,1.617,-0.084,31.0,28.0,-3.0,0.466,1544.0,1.865,0.699,3.334,5.06,1.422,wing,1000-2000
2024-2026,2025.0,1641738,Kobe Brown,3321.0,3326.0,0.153,-1.492,-0.341,-1.833,0.958,0.319,1.277,-0.286,-1.59,-1.876,-0.572,-1.694,-2.266,-2.064,-2.035,-4.099,-1.778,-1.932,-3.709,kobe brown,Kobe Brown,Indiana Pacers,-1.9,-1.8,-3.7,-1.751,-1.356,-0.395,469.0,447.5,-21.5,-1.246,-0.751,-0.495,451.0,379.5,-71.5,-1.396,-1.678,0.283,445.0,461.0,16.0,2.155,1624.0,2.372,0.488,4.544,2.86,1.596,big,1000-2000
2024-2026,2025.0,1641775,Jordan Walsh,3322.0,3339.0,0.153,-0.981,0.439,-0.542,0.394,-0.212,0.182,0.627,0.372,0.999,0.448,0.543,0.991,-0.534,0.982,0.449,-0.354,0.811,0.457,jordan walsh,Jordan Walsh,Boston Celtics,-0.9,0.8,-0.1,0.346,0.122,0.224,163.0,191.5,28.5,-0.074,-0.24,0.166,213.0,264.5,51.5,0.552,0.702,-0.15,138.0,106.0,-32.0,3.507,1698.0,2.396,0.912,5.258,1.654,1.378,big,1000-2000
2024-2026,2025.0,1631216,Caleb Houstan,3322.0,3333.0,0.153,-0.886,-0.864,-1.749,-0.116,0.194,0.077,-0.338,-0.326,-0.663,-0.534,-0.466,-1.001,-1.42,-1.33,-2.75,-1.223,-1.189,-2.412,caleb houstan,Caleb Houstan,Atlanta Hawks,-2.1,-0.1,-2.2,-1.098,-0.74,-0.358,414.0,370.0,-44.0,-0.789,-0.853,0.064,374.0,397.0,23.0,-0.868,-0.122,-0.746,382.0,243.0,-139.0,0.12,1677.0,1.116,0.236,2.533,1.46,3.156,wing,1000-2000
2024-2026,2025.0,1628449,Chris Boucher,3355.0,3373.0,0.155,-0.395,0.204,-0.192,-0.329,-0.318,-0.647,0.639,-0.55,0.089,0.532,-0.421,0.111,0.137,-0.217,-0.081,0.244,-0.347,-0.103,chris boucher,Chris Boucher,Utah Jazz,0.4,-0.7,-0.3,0.064,0.04,0.024,213.0,206.0,-7.0,0.419,0.425,-0.006,136.0,129.5,-6.5,-0.271,-0.671,0.401,278.0,358.0,80.0,4.628,1663.0,2.901,1.212,6.819,1.277,2.23,big,1000-2000
2024-2026,2025.0,1642907,Cedric Coward,3398.0,3383.0,0.156,0.019,-0.229,-0.209,-0.244,0.253,0.009,0.298,0.373,0.671,0.28,0.189,0.469,0.3,-0.04,0.26,0.317,0.144,0.462,cedric coward,Cedric Coward,Memphis Grizzlies,0.3,0.5,0.8,0.348,0.492,-0.144,162.0,134.0,-28.0,0.479,0.374,0.105,124.0,138.0,14.0,0.078,0.427,-0.349,214.0,154.0,-60.0,1.609,1602.0,1.865,0.607,6.315,3.843,2.09,wing,1000-2000
2024-2026,2025.0,1642860,Will Riley,3426.0,3452.0,0.157,-0.002,-0.889,-0.891,-0.199,-0.107,-0.306,-0.464,-1.807,-2.271,-0.531,-1.97,-2.501,-0.533,-2.858,-3.391,-0.466,-2.696,-3.162,will riley,Will Riley,Washington Wizards,-1.2,-1.8,-3.0,-1.475,-1.068,-0.407,456.0,413.5,-42.5,-0.166,-0.393,0.227,237.0,296.5,59.5,-1.938,-1.678,-0.26,468.0,461.0,-7.0,0.168,1631.0,1.236,0.199,3.443,3.223,1.722,wing,1000-2000
2024-2026,2025.0,1631223,David Roddy,3458.0,3484.0,0.159,-0.868,-0.601,-1.469,-0.254,0.01,-0.244,-0.675,-0.612,-1.287,-0.907,-0.737,-1.644,-1.775,-1.338,-3.113,-1.543,-1.213,-2.756,david roddy,David Roddy,Denver Nuggets,-2.5,-0.5,-3.0,-1.271,-1.068,-0.203,433.0,413.5,-19.5,-1.053,-1.058,0.005,428.0,423.0,-5.0,-0.885,-0.488,-0.397,383.0,318.5,-64.5,1.732,1659.0,1.606,0.456,5.23,2.582,1.519,wing,1000-2000
2024-2026,2025.0,1631321,Sidy Cissoko,3499.0,3515.0,0.16,-0.694,0.013,-0.681,0.3,0.98,1.28,-0.435,0.708,0.273,-0.526,0.877,0.352,-1.22,0.89,-0.33,-1.129,0.721,-0.408,sidy cissoko,Sidy Cissoko,Portland Trail Blazers,-2.7,0.9,-1.8,-0.09,-0.576,0.486,238.0,332.0,94.0,-0.712,-1.16,0.448,348.0,433.5,85.5,0.487,0.794,-0.306,150.0,92.0,-58.0,1.143,1688.0,1.664,0.618,2.794,2.879,1.344,wing,1000-2000
2024-2026,2025.0,203926,Doug McDermott,3512.0,3525.0,0.161,-0.56,-0.867,-1.427,0.666,0.163,0.829,-0.265,-0.727,-0.992,-0.43,-0.838,-1.268,-0.99,-1.705,-2.695,-0.825,-1.594,-2.419,doug mcdermott,Doug McDermott,Sacramento Kings,-1.8,-1.9,-3.7,-1.101,-1.356,0.254,415.0,447.5,32.5,-0.462,-0.7,0.238,299.0,364.5,65.5,-1.156,-1.77,0.614,426.0,467.0,41.0,-1.42,1686.0,0.427,0.171,2.093,2.114,3.972,guard,1000-2000
2024-2026,2025.0,1631255,Karlo Matković,3541.0,3555.0,0.162,-1.541,0.427,-1.114,0.177,-0.195,-0.019,-0.174,0.3,0.126,-0.397,0.449,0.052,-1.938,0.876,-1.062,-1.715,0.727,-0.988,karlo matkovic,Karlo Matkovic,New Orleans Pelicans,-1.5,0.5,-0.9,-0.381,-0.206,-0.175,296.0,254.0,-42.0,-1.194,-0.547,-0.648,444.0,329.0,-115.0,0.492,0.427,0.065,149.0,154.0,5.0,5.288,1702.0,2.877,2.009,6.388,2.031,1.248,big,1000-2000
2024-2026,2025.0,1631248,Baylor Scheierman,3565.0,3548.0,0.163,-0.859,-0.462,-1.321,0.756,-0.171,0.585,0.211,1.131,1.342,0.032,1.027,1.059,-0.827,0.565,-0.262,-0.648,0.669,0.021,baylor scheierman,Baylor Scheierman,Boston Celtics,-0.4,1.2,0.8,0.126,0.492,-0.365,202.0,134.0,-68.0,-0.316,0.016,-0.331,262.0,195.0,-67.0,0.45,1.068,-0.618,160.0,65.5,-94.5,0.746,1819.0,1.504,0.158,5.106,2.949,2.434,wing,1000-2000
2024-2026,2025.0,1630548,Johnny Juzang,3583.0,3575.0,0.163,-0.963,-0.754,-1.717,0.013,-0.004,0.009,-0.245,-0.391,-0.636,-0.424,-0.665,-1.089,-1.387,-1.42,-2.806,-1.208,-1.145,-2.353,johnny juzang,Johnny Juzang,Minnesota Timberwolves,-1.5,-0.9,-2.5,-1.068,-0.863,-0.205,410.0,388.5,-21.5,-0.777,-0.547,-0.23,372.0,329.0,-43.0,-0.837,-0.854,0.017,373.0,385.5,12.5,0.188,1725.0,1.127,0.23,3.819,2.024,3.256,wing,1000-2000
2024-2026,2025.0,1641744,Zach Edey,3583.0,3581.0,0.163,-0.909,1.031,0.123,-1.2,-0.305,-1.505,0.862,1.487,2.35,0.821,1.781,2.602,-0.087,2.813,2.725,-0.046,2.519,2.473,zach edey,Zach Edey,Memphis Grizzlies,0.3,2.0,2.3,1.36,1.108,0.252,45.0,66.5,21.5,0.18,0.374,-0.194,167.0,138.0,-29.0,1.764,1.801,-0.037,23.0,23.0,0.0,9.584,1703.0,5.813,2.241,8.35,1.628,0.402,big,1000-2000
2024-2026,2025.0,1641757,Jordan Miller,3586.0,3603.0,0.163,-0.754,-0.763,-1.516,0.26,0.079,0.338,0.155,-1.665,-1.511,0.013,-1.7,-1.687,-0.741,-2.463,-3.204,-0.599,-2.428,-3.027,jordan miller,Jordan Miller,Los Angeles Clippers,-0.9,-0.7,-1.5,-1.407,-0.452,-0.955,445.0,299.0,-146.0,-0.275,-0.24,-0.036,257.0,264.5,7.5,-1.748,-0.671,-1.076,464.0,358.0,-106.0,0.792,1768.0,1.548,0.326,3.441,3.462,0.957,wing,1000-2000
2024-2026,2025.0,1642272,Jared McCain,3611.0,3620.0,0.164,-0.231,-1.087,-1.318,-0.205,0.055,-0.15,-0.191,0.006,-0.186,-0.191,-0.174,-0.365,-0.422,-1.26,-1.682,-0.423,-1.081,-1.503,jared mccain,Jared McCain,Oklahoma City Thunder,-0.8,-0.1,-0.9,-0.641,-0.206,-0.435,344.0,254.0,-90.0,-0.13,-0.189,0.058,224.0,249.5,25.5,-0.791,-0.122,-0.669,368.0,243.0,-125.0,-0.961,1757.0,0.738,0.102,3.217,3.073,3.073,guard,1000-2000
2024-2026,2025.0,1629660,Ty Jerome,3618.0,3612.0,0.165,0.18,0.013,0.193,0.087,0.089,0.177,1.223,-0.904,0.319,1.269,-0.844,0.425,1.449,-0.831,0.618,1.403,-0.891,0.512,ty jerome,Ty Jerome,Memphis Grizzlies,3.6,-0.5,3.2,0.373,1.477,-1.104,158.0,36.5,-121.5,1.373,2.061,-0.688,42.0,18.5,-23.5,-0.657,-0.488,-0.169,350.0,318.5,-31.5,-2.237,1746.0,1.278,0.144,3.175,6.701,3.155,guard,1000-2000
2024-2026,2025.0,1642275,Tidjane Salaün,3665.0,3675.0,0.166,-0.769,-0.429,-1.199,0.219,-0.319,-0.1,-0.99,-0.72,-1.71,-1.161,-0.828,-1.99,-1.931,-1.258,-3.188,-1.759,-1.15,-2.909,tidjane salaun,Tidjane Salaun,Charlotte Hornets,-3.2,0.2,-3.0,-1.348,-1.068,-0.28,439.0,413.5,-25.5,-1.231,-1.416,0.185,449.0,456.0,7.0,-0.841,0.153,-0.993,374.0,191.5,-182.5,2.545,1822.0,1.897,0.415,6.58,1.996,1.857,big,1000-2000
2024-2026,2025.0,1630192,Zeke Nnaji,3684.0,3703.0,0.167,-1.716,0.296,-1.42,0.677,-0.442,0.235,-0.626,0.363,-0.263,-0.933,0.456,-0.477,-2.649,0.752,-1.897,-2.343,0.66,-1.683,zeke nnaji,Zeke Nnaji,Denver Nuggets,-3.5,0.3,-3.2,-0.731,-1.15,0.419,357.0,426.0,69.0,-1.711,-1.569,-0.142,475.0,462.0,-13.0,0.444,0.244,0.2,162.0,177.0,15.0,4.723,1812.0,2.523,1.987,4.47,1.669,0.735,big,1000-2000
2024-2026,2025.0,203552,Seth Curry,3696.0,3673.0,0.168,0.331,-0.904,-0.573,-0.19,-0.017,-0.207,-0.509,0.051,-0.459,-0.569,-0.169,-0.738,-0.238,-1.072,-1.311,-0.178,-0.853,-1.032,seth curry,Seth Curry,Golden State Warriors,-1.0,-1.2,-2.2,-0.403,-0.74,0.337,301.0,370.0,69.0,0.071,-0.291,0.362,190.0,279.0,89.0,-0.63,-1.129,0.499,344.0,418.0,74.0,-0.142,1806.0,0.917,0.259,2.93,2.272,2.651,guard,1000-2000
2024-2026,2025.0,201567,Kevin Love,3700.0,3762.0,0.168,0.887,0.049,0.935,-0.624,0.218,-0.406,0.188,0.306,0.494,0.411,0.12,0.531,1.298,0.168,1.466,1.075,0.355,1.43,kevin love,Kevin Love,Utah Jazz,0.0,-1.0,-1.1,0.835,-0.288,1.123,88.0,271.0,183.0,1.102,0.22,0.882,61.0,163.5,102.5,0.228,-0.946,1.174,191.0,396.0,205.0,2.939,1787.0,2.74,0.463,10.294,4.11,3.243,big,1000-2000
2024-2026,2025.0,1630543,Isaiah Jackson,3703.0,3701.0,0.168,-1.418,0.229,-1.189,-0.361,-0.59,-0.951,0.297,-0.455,-0.157,0.107,-0.584,-0.477,-1.311,-0.355,-1.666,-1.12,-0.226,-1.346,isaiah jackson,Isaiah Jackson,Los Angeles Clippers,-0.6,-0.1,-0.8,-0.562,-0.165,-0.396,328.0,244.0,-84.0,-0.705,-0.086,-0.618,344.0,221.5,-122.5,-0.185,-0.122,-0.063,262.0,243.0,-19.0,7.848,1761.0,4.457,2.412,6.91,2.187,0.0,big,1000-2000
2024-2026,2025.0,1631243,Mouhamed Gueye,3707.0,3751.0,0.168,-1.223,1.146,-0.077,-0.0,-0.397,-0.397,0.221,0.691,0.912,0.048,1.185,1.232,-1.176,2.33,1.155,-1.002,1.836,0.834,mouhamed gueye,Mouhamed Gueye,Atlanta Hawks,-1.3,1.8,0.4,0.536,0.328,0.208,131.0,156.5,25.5,-0.607,-0.444,-0.163,326.0,308.5,-17.5,1.279,1.617,-0.338,47.0,28.0,-19.0,4.67,1783.0,2.887,1.534,5.916,2.019,1.292,big,1000-2000
2024-2026,2025.0,1631121,Bryce McGowens,3709.0,3712.0,0.168,-0.776,-0.604,-1.38,0.038,-0.155,-0.117,-0.278,-0.509,-0.787,-0.411,-0.602,-1.013,-1.188,-1.206,-2.393,-1.055,-1.113,-2.168,bryce mcgowens,Bryce McGowens,New Orleans Pelicans,-1.4,-0.9,-2.3,-0.975,-0.781,-0.194,397.0,378.0,-19.0,-0.651,-0.495,-0.155,334.0,318.5,-15.5,-0.814,-0.854,0.04,370.0,385.5,15.5,0.227,1794.0,0.622,0.361,3.251,2.308,1.445,wing,1000-2000
2024-2026,2025.0,1642883,Sion James,3725.0,3732.0,0.169,-0.485,-0.179,-0.664,-0.065,0.012,-0.053,0.252,1.508,1.761,0.319,1.517,1.836,-0.166,1.338,1.172,-0.232,1.33,1.097,sion james,Sion James,Charlotte Hornets,-1.2,1.6,0.4,0.668,0.328,0.34,111.0,156.5,45.5,0.026,-0.393,0.419,194.0,296.5,102.5,0.92,1.434,-0.515,81.0,39.0,-42.0,0.503,1840.0,0.959,0.391,4.657,3.189,1.624,wing,1000-2000
2024-2026,2025.0,1630695,Micah Potter,3758.0,3790.0,0.17,-1.045,-0.375,-1.42,0.332,-0.041,0.29,-0.253,-0.468,-0.721,-0.486,-0.68,-1.167,-1.531,-1.056,-2.587,-1.298,-0.843,-2.141,micah potter,Micah Potter,Indiana Pacers,-0.9,-0.9,-1.9,-0.962,-0.617,-0.345,392.0,341.5,-50.5,-0.851,-0.24,-0.612,390.0,264.5,-125.5,-0.623,-0.854,0.232,342.0,385.5,43.5,2.951,1797.0,2.224,0.701,6.591,2.124,2.224,big,1000-2000
2024-2026,2025.0,1642366,Quinten Post,3761.0,3770.0,0.17,-0.883,-0.242,-1.125,0.503,0.141,0.644,-0.28,0.351,0.071,-0.255,0.29,0.035,-1.138,0.048,-1.09,-1.163,0.109,-1.055,quinten post,Quinten Post,Golden State Warriors,-0.6,0.7,0.1,-0.415,0.204,-0.619,307.0,179.5,-127.5,-0.74,-0.086,-0.654,359.0,221.5,-137.5,0.053,0.61,-0.557,216.0,125.0,-91.0,2.119,1848.0,2.006,1.032,6.117,2.922,3.234,big,1000-2000
2024-2026,2025.0,1630264,Anthony Gill,3807.0,3851.0,0.172,-0.229,0.146,-0.083,0.746,0.117,0.863,-0.45,-1.328,-1.777,-0.597,-1.179,-1.776,-0.826,-1.033,-1.859,-0.678,-1.182,-1.86,anthony gill,Anthony Gill,Washington Wizards,-2.8,-1.8,-4.7,-0.82,-1.766,0.946,368.0,468.5,100.5,-0.341,-1.211,0.87,268.0,438.5,170.5,-0.863,-1.678,0.815,379.0,461.0,82.0,2.656,1819.0,2.236,0.673,4.057,2.355,0.732,big,1000-2000
2024-2026,2025.0,1631172,Ousmane Dieng,3834.0,3833.0,0.173,-0.86,-0.758,-1.618,-0.067,0.094,0.027,-0.664,0.134,-0.531,-0.898,-0.084,-0.982,-1.758,-0.842,-2.6,-1.524,-0.624,-2.149,ousmane dieng,Ousmane Dieng,Milwaukee Bucks,-1.6,-0.6,-2.2,-0.965,-0.74,-0.226,394.0,370.0,-24.0,-1.038,-0.598,-0.44,426.0,341.5,-84.5,-0.468,-0.58,0.112,307.0,338.5,31.5,0.34,1875.0,1.094,0.557,4.896,3.917,2.054,wing,1000-2000
2024-2026,2025.0,201145,Jeff Green,3851.0,3871.0,0.173,0.9,0.082,0.982,0.045,-0.066,-0.021,-0.307,-2.174,-2.481,-0.237,-2.144,-2.381,0.663,-2.062,-1.399,0.593,-2.092,-1.499,jeff green,Jeff Green,Houston Rockets,-2.3,-2.0,-4.3,-0.638,-1.602,0.964,343.0,460.5,117.5,0.706,-0.956,1.661,96.0,411.5,315.5,-1.509,-1.861,0.352,453.0,469.0,16.0,1.408,1879.0,1.226,0.709,3.774,1.878,1.801,wing,1000-2000
2024-2026,2025.0,1642363,Nique Clifford,3881.0,3873.0,0.175,-0.671,-0.274,-0.945,-0.062,-0.039,-0.101,-0.21,0.826,0.615,-0.349,0.762,0.413,-1.02,0.487,-0.532,-0.881,0.551,-0.33,nique clifford,Nique Clifford,Sacramento Kings,-1.6,0.5,-1.1,-0.05,-0.288,0.238,229.0,271.0,42.0,-0.508,-0.598,0.09,308.0,341.5,33.5,0.367,0.427,-0.06,171.0,154.0,-17.0,0.647,1882.0,1.243,0.459,4.151,3.424,1.473,wing,1000-2000
2024-2026,2025.0,1630544,Tre Mann,3928.0,3921.0,0.176,-0.678,-0.578,-1.256,-0.105,-0.033,-0.139,-0.572,-0.06,-0.632,-0.738,-0.088,-0.826,-1.416,-0.666,-2.082,-1.25,-0.637,-1.888,tre mann,Tre Mann,Charlotte Hornets,-2.8,-1.0,-3.8,-0.834,-1.397,0.563,373.0,452.5,79.5,-0.812,-1.211,0.399,379.0,438.5,59.5,-0.477,-0.946,0.469,309.0,396.0,87.0,-1.113,1982.0,0.945,0.218,4.123,5.267,2.198,guard,1000-2000
2024-2026,2025.0,1641763,Julian Phillips,3958.0,3946.0,0.177,-0.903,-0.415,-1.319,0.085,0.183,0.268,0.215,-1.091,-0.876,0.059,-1.154,-1.095,-0.844,-1.57,-2.414,-0.688,-1.506,-2.195,julian phillips,Julian Phillips,Minnesota Timberwolves,-1.7,0.2,-1.6,-0.988,-0.494,-0.495,398.0,309.5,-88.5,-0.349,-0.649,0.3,271.0,352.0,81.0,-1.094,0.153,-1.246,415.0,191.5,-223.5,2.262,1875.0,1.958,0.653,2.918,1.19,1.574,big,1000-2000
2024-2026,2025.0,1641871,Duop Reath,3976.0,3953.0,0.178,-0.958,-0.065,-1.024,0.156,0.194,0.35,-0.242,-0.43,-0.672,-0.443,-0.628,-1.071,-1.401,-0.693,-2.095,-1.2,-0.496,-1.696,duop reath,Duop Reath,Atlanta Hawks,-2.0,-0.7,-2.7,-0.737,-0.945,0.208,359.0,395.0,36.0,-0.77,-0.802,0.032,366.0,389.5,23.5,-0.376,-0.671,0.295,290.0,358.0,68.0,3.098,1945.0,2.721,1.111,4.313,1.906,2.684,big,1000-2000
2024-2026,2025.0,1630526,Jeremiah Robinson-Earl,4007.0,4042.0,0.179,-1.065,-0.607,-1.673,0.746,-0.119,0.627,-0.208,-1.687,-1.894,-0.544,-1.954,-2.498,-1.609,-2.561,-4.17,-1.273,-2.294,-3.567,jeremiah robinson earl,Jeremiah Robinson-Earl,Dallas Mavericks,-1.8,-1.9,-3.6,-1.679,-1.315,-0.364,466.0,444.0,-22.0,-0.831,-0.7,-0.131,381.0,364.5,-16.5,-1.653,-1.77,0.117,459.0,467.0,8.0,3.442,1934.0,3.146,0.223,6.05,2.308,1.471,big,1000-2000
2024-2026,2025.0,1641765,Olivier-Maxence Prosper,4020.0,4045.0,0.18,-1.171,-0.446,-1.617,0.485,-0.303,0.182,-0.508,-0.142,-0.65,-0.72,-0.391,-1.111,-1.891,-0.837,-2.728,-1.679,-0.588,-2.267,olivier maxence prosper,Olivier-Maxence Prosper,Memphis Grizzlies,-0.9,-0.7,-1.6,-1.025,-0.494,-0.531,405.0,309.5,-95.5,-1.164,-0.24,-0.925,439.0,264.5,-174.5,-0.442,-0.671,0.229,302.0,358.0,56.0,2.648,1899.0,2.427,0.436,5.005,2.142,1.611,big,1000-2000
2024-2026,2025.0,1631104,Blake Wesley,4038.0,4056.0,0.18,-0.84,-0.614,-1.455,0.161,-0.314,-0.154,-0.473,-0.368,-0.842,-0.662,-0.392,-1.054,-1.503,-1.006,-2.509,-1.314,-0.983,-2.296,blake wesley,Blake Wesley,Portland Trail Blazers,-3.2,-0.4,-3.5,-1.04,-1.274,0.234,408.0,440.5,32.5,-0.864,-1.416,0.552,394.0,456.0,62.0,-0.722,-0.397,-0.325,359.0,298.5,-60.5,-1.465,1924.0,0.805,0.374,2.825,6.399,0.73,guard,1000-2000
2024-2026,2025.0,1641748,Andre Jackson Jr.,4044.0,4031.0,0.181,-1.317,0.158,-1.159,0.79,0.073,0.863,-0.441,0.543,0.101,-0.526,0.659,0.133,-1.843,0.817,-1.026,-1.758,0.7,-1.058,andre jackson,Andre Jackson Jr.,Milwaukee Bucks,-2.7,-0.1,-2.9,-0.417,-1.027,0.611,308.0,408.0,100.0,-1.23,-1.16,-0.07,448.0,433.5,-14.5,0.473,-0.122,0.595,154.0,243.0,89.0,2.102,1959.0,2.444,0.441,4.3,3.234,1.139,big,1000-2000
2024-2026,2025.0,1628998,Cody Martin,4059.0,4074.0,0.181,-0.674,0.634,-0.039,0.177,0.056,0.233,-0.529,0.034,-0.495,-0.706,0.17,-0.536,-1.38,0.804,-0.576,-1.203,0.668,-0.534,cody martin,Cody Martin,Indiana Pacers,-2.9,0.6,-2.3,-0.153,-0.781,0.628,252.0,378.0,126.0,-0.773,-1.262,0.49,368.0,443.0,75.0,0.45,0.519,-0.069,161.0,142.0,-19.0,1.339,1982.0,1.326,0.945,4.977,3.832,1.271,wing,1000-2000
2024-2026,2025.0,1630538,Bones Hyland,4059.0,4055.0,0.181,-0.821,-0.611,-1.432,-0.777,0.098,-0.679,-0.33,0.309,-0.021,-0.479,0.164,-0.315,-1.299,-0.447,-1.747,-1.151,-0.302,-1.453,bones hyland,Bones Hyland,Minnesota Timberwolves,0.5,0.4,0.9,-0.615,0.533,-1.148,339.0,128.5,-210.5,-0.73,0.476,-1.206,353.0,119.5,-233.5,-0.239,0.336,-0.575,272.0,166.5,-105.5,-2.264,1957.0,0.607,0.46,3.201,5.758,3.532,guard,1000-2000
2024-2026,2025.0,1642875,Maxime Raynaud,4071.0,4071.0,0.182,-0.523,-0.396,-0.92,-1.025,-0.378,-1.403,-0.683,-1.496,-2.179,-0.696,-1.731,-2.426,-1.219,-2.127,-3.346,-1.207,-1.892,-3.099,maxime raynaud,Maxime Raynaud,Sacramento Kings,-1.1,-1.7,-2.7,-1.443,-0.945,-0.498,448.0,395.0,-53.0,-0.776,-0.342,-0.434,371.0,287.0,-84.0,-1.368,-1.587,0.219,439.0,454.0,15.0,4.493,1968.0,2.598,0.713,7.573,1.829,0.439,big,1000-2000
2024-2026,2025.0,1642285,Cam Spencer,4083.0,4070.0,0.182,-0.257,-0.687,-0.944,-0.903,0.03,-0.872,0.178,-1.007,-0.83,0.066,-1.266,-1.2,-0.191,-1.953,-2.143,-0.079,-1.694,-1.773,cam spencer,Cam Spencer,Memphis Grizzlies,1.0,-0.7,0.3,-0.776,0.287,-1.063,364.0,166.5,-197.5,0.153,0.732,-0.579,175.0,92.5,-82.5,-1.227,-0.671,-0.556,432.0,358.0,-74.0,-3.123,1968.0,0.951,0.22,2.945,7.939,3.018,guard,1000-2000
2024-2026,2025.0,1628467,Maxi Kleber,4090.0,4085.0,0.182,-0.51,0.886,0.376,0.641,0.464,1.105,0.212,0.11,0.321,0.264,0.339,0.603,-0.247,1.225,0.978,-0.299,0.996,0.697,maxi kleber,Maxi Kleber,Los Angeles Lakers,-3.3,-0.5,-3.9,0.466,-1.438,1.904,143.0,456.0,313.0,-0.028,-1.467,1.438,206.0,458.5,252.5,0.683,-0.488,1.171,112.0,318.5,206.5,2.359,1967.0,1.665,1.062,4.228,2.526,0.933,big,1000-2000
2024-2026,2025.0,1642261,Dalton Knecht,4124.0,4127.0,0.183,-1.076,-1.006,-2.083,0.235,-0.172,0.063,0.042,-1.59,-1.548,-0.117,-1.806,-1.923,-1.194,-2.813,-4.006,-1.035,-2.596,-3.631,dalton knecht,Dalton Knecht,Los Angeles Lakers,-1.8,-1.6,-3.4,-1.711,-1.232,-0.478,467.0,436.5,-30.5,-0.634,-0.7,0.066,332.0,364.5,32.5,-1.867,-1.495,-0.372,467.0,450.5,-16.5,0.565,2044.0,0.898,0.335,4.227,1.532,2.924,wing,2000-3000
2024-2026,2025.0,1630256,Jae'Sean Tate,4178.0,4175.0,0.185,-1.465,0.08,-1.385,0.823,-0.128,0.695,0.185,0.737,0.922,-0.02,0.862,0.843,-1.485,0.942,-0.543,-1.28,0.817,-0.463,jaesean tate,Jae'Sean Tate,Houston Rockets,-2.0,0.2,-1.8,-0.117,-0.576,0.458,244.0,332.0,88.0,-0.836,-0.802,-0.034,382.0,389.5,7.5,0.555,0.153,0.403,137.0,191.5,54.5,2.74,2027.0,2.557,0.444,4.316,2.415,0.87,big,2000-3000
2024-2026,2025.0,1631213,Tyrese Martin,4179.0,4217.0,0.185,-0.608,-0.913,-1.521,-0.462,0.067,-0.395,-0.772,0.217,-0.555,-1.008,-0.15,-1.158,-1.616,-1.063,-2.679,-1.38,-0.697,-2.076,tyrese martin,Tyrese Martin,Philadelphia 76ers,-1.9,-0.4,-2.3,-0.929,-0.781,-0.148,386.0,378.0,-8.0,-0.918,-0.751,-0.167,403.0,379.5,-23.5,-0.519,-0.397,-0.122,321.0,298.5,-22.5,0.329,2087.0,1.587,0.259,4.192,3.45,2.622,wing,2000-3000
2024-2026,2025.0,1629726,Garrison Mathews,4233.0,4259.0,0.187,-1.106,-0.614,-1.72,-0.429,0.462,0.034,-0.18,0.467,0.287,-0.388,0.358,-0.03,-1.494,-0.256,-1.75,-1.286,-0.147,-1.433,garrison mathews,Garrison Mathews,Indiana Pacers,-1.3,-0.5,-1.8,-0.605,-0.576,-0.03,336.0,332.0,-4.0,-0.841,-0.444,-0.397,384.0,308.5,-75.5,-0.129,-0.488,0.359,252.0,318.5,66.5,-0.376,2018.0,0.571,0.464,2.926,1.909,3.336,guard,2000-3000
2024-2026,2025.0,1642846,Ace Bailey,4237.0,4222.0,0.188,0.363,-0.122,0.241,0.358,0.143,0.501,-0.639,-0.881,-1.52,-0.544,-0.972,-1.517,-0.181,-1.094,-1.275,-0.276,-1.003,-1.279,ace bailey,Ace Bailey,Utah Jazz,-0.3,-1.1,-1.5,-0.528,-0.452,-0.075,324.0,299.0,-25.0,-0.009,0.067,-0.076,202.0,186.5,-15.5,-0.736,-1.038,0.301,363.0,405.0,42.0,1.671,1984.0,1.887,0.889,3.593,2.377,2.486,wing,1000-2000
2024-2026,2025.0,1642852,Derik Queen,4274.0,4278.0,0.189,0.281,0.658,0.94,0.136,0.456,0.592,-0.162,-1.552,-1.714,-0.075,-1.369,-1.444,0.206,-0.711,-0.505,0.119,-0.894,-0.774,derik queen,Derik Queen,New Orleans Pelicans,-0.9,-1.1,-2.0,-0.274,-0.658,0.384,276.0,348.0,72.0,0.316,-0.24,0.556,154.0,264.5,110.5,-0.659,-1.038,0.379,351.0,405.0,54.0,3.241,2028.0,2.414,1.314,7.74,5.29,0.408,big,2000-3000
2024-2026,2025.0,1641707,Taylor Hendricks,4282.0,4289.0,0.189,-0.652,0.685,0.034,0.149,-0.258,-0.109,-0.416,-0.016,-0.432,-0.527,0.136,-0.391,-1.178,0.821,-0.357,-1.068,0.669,-0.398,taylor hendricks,Taylor Hendricks,Memphis Grizzlies,-1.6,-0.4,-1.9,-0.085,-0.617,0.532,236.0,341.5,105.5,-0.661,-0.598,-0.064,336.0,341.5,5.5,0.451,-0.397,0.848,159.0,298.5,139.5,3.144,2054.0,2.033,1.122,5.346,1.56,2.086,big,2000-3000
2024-2026,2025.0,1642349,Ajay Mitchell,4300.0,4294.0,0.19,-0.998,-0.33,-1.328,-0.136,-0.156,-0.292,0.381,2.839,3.22,0.227,2.848,3.076,-0.77,2.518,1.748,-0.617,2.509,1.892,ajay mitchell,Ajay Mitchell,Oklahoma City Thunder,0.8,2.3,3.0,1.068,1.395,-0.327,63.0,40.0,-23.0,-0.29,0.629,-0.92,258.0,102.0,-156.0,1.757,2.075,-0.318,24.0,14.0,-10.0,-0.497,2070.0,1.009,0.383,3.478,4.696,1.461,guard,2000-3000
2024-2026,2025.0,1641715,Cam Whitmore,4335.0,4346.0,0.191,-0.981,-1.058,-2.038,-0.381,-0.58,-0.961,0.163,-0.214,-0.051,-0.015,-0.558,-0.573,-0.996,-1.616,-2.612,-0.818,-1.272,-2.089,cam whitmore,Cam Whitmore,Washington Wizards,-0.9,-0.9,-1.8,-0.935,-0.576,-0.36,387.0,332.0,-55.0,-0.456,-0.24,-0.216,297.0,264.5,-32.5,-0.927,-0.854,-0.073,391.0,385.5,-5.5,1.945,2064.0,1.727,0.663,5.058,1.692,2.791,wing,2000-3000
2024-2026,2025.0,203486,Mason Plumlee,4389.0,4399.0,0.193,0.294,1.017,1.311,0.341,0.12,0.461,0.278,-0.539,-0.26,0.586,-0.237,0.349,0.881,0.78,1.661,0.573,0.479,1.051,mason plumlee,Mason Plumlee,San Antonio Spurs,-2.3,-1.1,-3.4,0.645,-1.232,1.877,115.0,436.5,321.5,0.689,-0.956,1.645,99.0,411.5,312.5,0.315,-1.038,1.353,177.0,405.0,228.0,5.324,2145.0,3.239,1.074,9.214,3.508,0.0,big,2000-3000
2024-2026,2025.0,1626204,Larry Nance Jr.,4401.0,4424.0,0.193,-0.933,0.558,-0.374,0.371,-0.228,0.143,-0.269,0.546,0.278,-0.432,0.723,0.291,-1.365,1.281,-0.084,-1.202,1.105,-0.097,larry nance,Larry Nance Jr.,Cleveland Cavaliers,-2.6,-0.2,-2.8,0.067,-0.986,1.053,212.0,401.5,189.5,-0.772,-1.109,0.337,367.0,428.5,61.5,0.76,-0.214,0.974,98.0,264.0,166.0,2.805,2128.0,2.47,0.643,6.039,3.13,1.387,big,2000-3000
2024-2026,2025.0,1628418,Thomas Bryant,4401.0,4428.0,0.193,-1.202,0.011,-1.191,0.242,-0.37,-0.129,0.09,-0.094,-0.004,-0.042,-0.015,-0.057,-1.244,-0.004,-1.248,-1.112,-0.083,-1.195,thomas bryant,Thomas Bryant,Cleveland Cavaliers,-0.6,-0.7,-1.2,-0.485,-0.329,-0.156,315.0,280.0,-35.0,-0.698,-0.086,-0.611,343.0,221.5,-121.5,-0.084,-0.671,0.588,241.0,358.0,117.0,4.969,2140.0,3.062,1.396,6.981,1.834,1.665,big,2000-3000
2024-2026,2025.0,1629011,Mitchell Robinson,4411.0,4443.0,0.194,-1.614,1.238,-0.375,0.386,-0.448,-0.063,0.693,0.396,1.088,0.577,0.593,1.17,-1.037,1.832,0.795,-0.921,1.634,0.713,mitchell robinson,Mitchell Robinson,New York Knicks,1.2,1.5,2.7,0.475,1.272,-0.797,140.0,47.5,-92.5,-0.541,0.834,-1.375,315.0,82.0,-233.0,1.136,1.343,-0.207,60.0,45.5,-14.5,10.652,2232.0,7.194,1.984,7.145,1.339,0.0,big,2000-3000
2024-2026,2025.0,1642348,Justin Edwards,4426.0,4424.0,0.194,-0.312,-0.02,-0.332,-0.16,0.003,-0.156,0.148,-1.476,-1.328,0.097,-1.462,-1.365,-0.215,-1.481,-1.696,-0.164,-1.496,-1.659,justin edwards,Justin Edwards,Philadelphia 76ers,-0.7,-1.4,-2.1,-0.719,-0.699,-0.02,354.0,359.0,5.0,0.083,-0.138,0.22,188.0,236.5,48.5,-1.086,-1.312,0.226,414.0,441.0,27.0,0.358,2124.0,1.22,0.458,2.881,2.525,2.305,wing,2000-3000
2024-2026,2025.0,1641737,Adem Bona,4440.0,4421.0,0.195,-0.738,0.752,0.014,-0.138,-0.366,-0.505,-0.199,0.607,0.408,-0.273,0.796,0.523,-1.012,1.548,0.536,-0.937,1.359,0.422,adem bona,Adem Bona,Philadelphia 76ers,-1.6,-0.1,-1.7,0.328,-0.535,0.863,166.0,320.5,154.5,-0.554,-0.598,0.044,316.0,341.5,25.5,0.94,-0.122,1.062,78.0,243.0,165.0,7.39,2145.0,3.692,2.534,5.572,0.99,0.034,big,2000-3000
2024-2026,2025.0,1630314,Brandon Williams,4444.0,4423.0,0.195,-0.785,-0.403,-1.188,0.179,-0.14,0.038,-0.359,-0.957,-1.316,-0.45,-0.934,-1.383,-1.235,-1.336,-2.571,-1.144,-1.359,-2.504,brandon williams,Brandon Williams,Dallas Mavericks,0.0,-0.8,-0.8,-1.144,-0.165,-0.979,418.0,244.0,-174.0,-0.724,0.22,-0.945,350.0,163.5,-186.5,-0.989,-0.763,-0.226,400.0,372.5,-27.5,-1.097,2065.0,0.802,0.453,3.766,6.084,1.098,guard,2000-3000
2024-2026,2025.0,1642847,Jeremiah Fears,4445.0,4454.0,0.195,0.481,-0.336,0.146,0.363,0.043,0.407,-0.242,-1.106,-1.348,-0.18,-1.095,-1.275,0.301,-1.431,-1.129,0.24,-1.442,-1.202,jeremiah fears,Jeremiah Fears,New Orleans Pelicans,0.3,-0.9,-0.5,-0.489,-0.042,-0.447,316.0,222.0,-94.0,0.415,0.374,0.041,139.0,138.0,-1.0,-1.048,-0.854,-0.193,408.0,385.5,-22.5,-0.305,2110.0,1.024,0.512,4.095,4.76,1.723,guard,2000-3000
2024-2026,2025.0,1641712,Rayan Rupert,4521.0,4508.0,0.198,-0.804,-0.515,-1.32,0.136,-0.07,0.066,-1.251,-1.075,-2.326,-1.56,-1.133,-2.693,-2.364,-1.648,-4.013,-2.055,-1.59,-3.645,rayan rupert,Rayan Rupert,Memphis Grizzlies,-4.2,-1.1,-5.3,-1.718,-2.012,0.294,468.0,474.0,6.0,-1.474,-1.927,0.453,465.0,473.5,8.5,-1.153,-1.038,-0.116,425.0,405.0,-20.0,1.278,2166.0,1.629,0.266,4.188,2.576,1.463,wing,2000-3000
2024-2026,2025.0,1628975,Jevon Carter,4527.0,4527.0,0.198,-0.625,-0.848,-1.473,0.175,0.087,0.263,0.139,-0.294,-0.156,0.033,-0.339,-0.307,-0.593,-1.187,-1.779,-0.486,-1.142,-1.628,jevon carter,Jevon Carter,Orlando Magic,-1.2,-0.6,-1.8,-0.703,-0.576,-0.128,352.0,332.0,-20.0,-0.183,-0.393,0.21,238.0,296.5,58.5,-0.835,-0.58,-0.255,372.0,338.5,-33.5,-1.328,2191.0,0.476,0.476,2.613,3.631,3.122,guard,2000-3000
2024-2026,2025.0,1630625,Dalano Banton,4560.0,4573.0,0.199,-0.656,-0.763,-1.419,0.004,-0.0,0.004,-0.374,-0.541,-0.915,-0.639,-0.593,-1.232,-1.295,-1.356,-2.651,-1.03,-1.304,-2.334,dalano banton,Dalano Banton,Boston Celtics,-2.9,-0.2,-3.0,-1.059,-1.068,0.01,409.0,413.5,4.5,-0.63,-1.262,0.632,330.0,443.0,113.0,-0.95,-0.214,-0.737,393.0,264.0,-129.0,0.066,2230.0,1.178,0.952,3.955,4.811,2.115,wing,2000-3000
2024-2026,2025.0,1641726,Dereck Lively II,4617.0,4619.0,0.201,-0.602,1.207,0.605,0.557,-0.113,0.444,0.778,1.096,1.874,0.853,1.257,2.11,0.25,2.464,2.714,0.176,2.303,2.478,dereck lively,Dereck Lively II,Dallas Mavericks,-0.1,1.3,1.2,1.363,0.656,0.707,43.0,115.5,72.5,0.362,0.169,0.193,144.0,171.5,27.5,1.61,1.16,0.451,28.0,60.0,32.0,7.197,2239.0,4.068,2.315,6.946,2.54,0.0,big,2000-3000
2024-2026,2025.0,1642281,Jaylon Tyson,4623.0,4626.0,0.201,-0.598,-0.174,-0.772,0.194,0.208,0.402,0.185,0.194,0.379,0.126,0.305,0.431,-0.472,0.131,-0.341,-0.413,0.02,-0.393,jaylon tyson,Jaylon Tyson,Cleveland Cavaliers,1.0,0.2,1.3,-0.082,0.697,-0.779,234.0,111.0,-123.0,-0.122,0.732,-0.854,221.0,92.5,-128.5,-0.01,0.153,-0.163,227.0,191.5,-35.5,1.824,2230.0,2.502,0.5,4.504,3.083,2.47,wing,2000-3000
2024-2026,2025.0,1631207,Dalen Terry,4676.0,4683.0,0.203,-0.891,-0.015,-0.906,0.373,-0.05,0.323,-0.521,0.995,0.475,-0.698,1.188,0.49,-1.588,1.173,-0.416,-1.412,0.98,-0.432,dalen terry,Dalen Terry,Philadelphia 76ers,-2.3,0.7,-1.6,-0.101,-0.494,0.392,239.0,309.5,70.5,-0.945,-0.956,0.011,407.0,411.5,4.5,0.671,0.61,0.061,115.0,125.0,10.0,0.924,2213.0,1.513,0.781,3.742,3.969,1.269,wing,2000-3000
2024-2026,2025.0,1629001,De'Anthony Melton,4701.0,4700.0,0.204,-0.529,0.919,0.389,-0.206,0.255,0.05,0.627,-0.289,0.338,0.679,0.231,0.91,0.149,1.15,1.299,0.098,0.63,0.727,deanthony melton,De'Anthony Melton,Golden State Warriors,-0.1,0.7,0.6,0.482,0.41,0.072,139.0,145.5,6.5,0.298,0.169,0.129,157.0,171.5,14.5,0.423,0.61,-0.188,165.0,125.0,-40.0,-0.127,2270.0,1.158,0.603,3.901,4.06,2.569,guard,2000-3000
2024-2026,2025.0,1629680,Matisse Thybulle,4702.0,4719.0,0.204,-0.97,1.091,0.121,-0.824,-0.537,-1.36,-0.491,0.949,0.459,-0.704,1.456,0.752,-1.674,2.548,0.873,-1.461,2.04,0.58,matisse thybulle,Matisse Thybulle,Portland Trail Blazers,-2.8,2.2,-0.6,0.408,-0.083,0.49,152.0,230.5,78.5,-0.985,-1.211,0.226,418.0,438.5,20.5,1.424,1.984,-0.56,37.0,16.5,-20.5,0.996,2280.0,0.963,1.168,2.937,2.289,2.179,wing,2000-3000
2024-2026,2025.0,1641854,Craig Porter Jr.,4723.0,4722.0,0.205,-1.124,0.201,-0.923,-0.14,0.134,-0.006,0.372,-0.008,0.365,0.113,0.4,0.513,-1.011,0.6,-0.411,-0.752,0.193,-0.559,craig porter,Craig Porter Jr.,Cleveland Cavaliers,-0.8,-0.1,-0.9,-0.165,-0.206,0.041,255.0,254.0,-1.0,-0.402,-0.189,-0.213,286.0,249.5,-36.5,0.113,-0.122,0.235,209.0,243.0,34.0,0.793,2312.0,1.946,1.059,4.22,6.135,1.028,wing,2000-3000
2024-2026,2025.0,1629020,Jarred Vanderbilt,4734.0,4730.0,0.205,-1.49,0.567,-0.923,0.844,-0.477,0.366,0.738,-0.727,0.011,0.568,-0.511,0.058,-0.922,0.057,-0.865,-0.751,-0.16,-0.911,jarred vanderbilt,Jarred Vanderbilt,Los Angeles Lakers,-1.4,0.2,-1.2,-0.343,-0.329,-0.014,289.0,280.0,-9.0,-0.401,-0.495,0.094,285.0,318.5,33.5,-0.138,0.153,-0.291,256.0,191.5,-64.5,3.944,2291.0,2.97,0.534,6.647,2.53,0.723,big,2000-3000
2024-2026,2025.0,1630611,Gui Santos,4787.0,4781.0,0.207,-0.856,-0.008,-0.864,0.251,0.034,0.285,0.551,0.552,1.103,0.406,0.704,1.109,-0.45,0.695,0.245,-0.305,0.544,0.239,gui santos,Gui Santos,Golden State Warriors,1.0,0.6,1.6,0.236,0.82,-0.584,187.0,94.0,-93.0,-0.034,0.732,-0.765,208.0,92.5,-115.5,0.362,0.519,-0.157,172.0,142.0,-30.0,1.828,2356.0,2.506,0.52,4.935,3.866,1.864,wing,2000-3000
2024-2026,2025.0,203939,Dwight Powell,4802.0,4796.0,0.207,-0.399,0.892,0.493,0.181,0.433,0.614,-0.054,1.0,0.946,-0.059,1.091,1.032,-0.458,1.983,1.525,-0.453,1.892,1.439,dwight powell,Dwight Powell,Dallas Mavericks,-1.5,0.1,-1.3,0.84,-0.37,1.21,86.0,286.5,200.5,-0.156,-0.547,0.391,230.0,329.0,99.0,1.319,0.061,1.258,43.0,210.0,167.0,4.727,2294.0,3.766,0.973,5.477,3.248,0.078,big,2000-3000
2024-2026,2025.0,1631103,Malaki Branham,4834.0,4861.0,0.208,-0.472,-1.226,-1.698,-0.562,-0.072,-0.635,-0.933,-0.672,-1.605,-1.109,-1.129,-2.239,-1.581,-2.355,-3.937,-1.405,-1.898,-3.303,malaki branham,Malaki Branham,Charlotte Hornets,-3.0,-0.7,-3.7,-1.546,-1.356,-0.191,459.0,447.5,-11.5,-0.939,-1.313,0.374,406.0,448.0,42.0,-1.372,-0.671,-0.701,440.0,358.0,-82.0,-0.723,2295.0,0.737,0.204,3.075,3.404,2.212,guard,2000-3000
2024-2026,2025.0,1629004,Svi Mykhailiuk,4855.0,4861.0,0.209,-0.419,-0.939,-1.358,0.554,0.402,0.956,0.671,0.238,0.909,0.665,-0.142,0.522,0.245,-1.081,-0.836,0.251,-0.7,-0.449,svi mykhailiuk,Svi Mykhailiuk,Utah Jazz,0.0,-0.4,-0.5,-0.11,-0.042,-0.068,241.0,222.0,-19.0,0.425,0.22,0.204,135.0,163.5,28.5,-0.521,-0.397,-0.125,322.0,298.5,-23.5,-0.73,2327.0,1.067,0.17,3.032,3.156,3.249,guard,2000-3000
2024-2026,2025.0,1629021,Moritz Wagner,4894.0,4918.0,0.211,-0.537,-0.554,-1.091,-1.009,-0.136,-1.144,0.095,-0.87,-0.775,-0.031,-1.075,-1.106,-0.568,-1.629,-2.197,-0.441,-1.425,-1.866,moritz wagner,Moritz Wagner,Orlando Magic,0.1,-0.5,-0.4,-0.823,-0.001,-0.822,369.0,214.0,-155.0,-0.146,0.271,-0.417,228.0,153.5,-74.5,-1.036,-0.488,-0.548,407.0,318.5,-88.5,3.437,2404.0,2.755,0.524,6.379,2.471,1.303,big,2000-3000
2024-2026,2025.0,1642843,Cooper Flagg,4927.0,4924.0,0.212,1.47,0.278,1.748,0.079,0.271,0.35,-0.803,-0.139,-0.943,-0.628,-0.14,-0.769,0.842,0.138,0.98,0.667,0.139,0.806,cooper flagg,Cooper Flagg,Dallas Mavericks,0.5,0.5,1.0,0.521,0.574,-0.053,133.0,124.0,-9.0,0.767,0.476,0.291,90.0,119.5,29.5,0.074,0.427,-0.353,215.0,154.0,-61.0,1.183,2349.0,1.318,0.981,5.824,4.843,1.103,wing,2000-3000
2024-2026,2025.0,200768,Kyle Lowry,4949.0,4953.0,0.212,1.167,0.851,2.017,-1.455,0.213,-1.242,-1.096,0.491,-0.605,-0.852,0.817,-0.035,0.314,1.667,1.982,0.07,1.342,1.412,kyle lowry,Kyle Lowry,Philadelphia 76ers,-2.3,-0.6,-2.9,0.826,-1.027,1.854,89.0,408.0,319.0,0.276,-0.956,1.231,158.0,411.5,253.5,0.928,-0.58,1.508,80.0,338.5,258.5,-1.252,2469.0,0.656,0.496,3.281,5.249,1.91,guard,2000-3000
2024-2026,2025.0,1630579,Jericho Sims,5002.0,5020.0,0.214,-1.688,0.094,-1.594,0.433,0.344,0.777,0.011,-0.53,-0.519,-0.335,-0.598,-0.932,-2.023,-0.504,-2.526,-1.677,-0.436,-2.113,jericho sims,Jericho Sims,Milwaukee Bucks,-2.1,-1.7,-3.8,-0.947,-1.397,0.449,389.0,452.5,63.5,-1.163,-0.853,-0.31,438.0,397.0,-41.0,-0.334,-1.587,1.253,284.0,454.0,170.0,5.39,2538.0,3.887,0.78,6.241,2.298,0.0,big,2000-3000
2024-2026,2025.0,1641733,Nick Smith Jr.,5003.0,4999.0,0.214,-0.55,-1.655,-2.205,-1.633,-0.132,-1.765,-1.548,-1.223,-2.771,-1.843,-1.688,-3.53,-2.393,-3.343,-5.736,-2.098,-2.878,-4.976,nick smith,Nick Smith Jr.,Los Angeles Lakers,-3.0,-1.4,-4.4,-2.388,-1.643,-0.745,474.0,464.5,-9.5,-1.509,-1.313,-0.196,466.0,448.0,-18.0,-2.068,-1.312,-0.755,469.0,441.0,-28.0,-1.345,2468.0,0.496,0.219,2.757,3.428,2.932,guard,2000-3000
2024-2026,2025.0,1629234,Drew Eubanks,5069.0,5091.0,0.216,-1.371,-0.035,-1.406,-0.122,-0.261,-0.383,-0.742,0.222,-0.52,-0.908,0.147,-0.761,-2.279,0.112,-2.167,-2.114,0.187,-1.927,drew eubanks,Drew Eubanks,Sacramento Kings,-2.5,-0.8,-3.3,-0.854,-1.191,0.338,376.0,432.5,56.5,-1.523,-1.058,-0.465,468.0,423.0,-45.0,0.109,-0.763,0.871,211.0,372.5,161.5,5.829,2465.0,2.95,1.84,6.908,1.986,0.102,big,2000-3000
2024-2026,2025.0,1628371,Jonathan Isaac,5104.0,5151.0,0.218,-1.462,0.972,-0.49,0.514,-0.398,0.116,0.049,2.302,2.351,-0.249,2.674,2.425,-1.711,3.645,1.934,-1.413,3.274,1.861,jonathan isaac,Jonathan Isaac,Orlando Magic,-1.8,2.2,0.4,1.052,0.328,0.724,65.0,156.5,91.5,-0.946,-0.7,-0.246,408.0,364.5,-43.5,2.3,1.984,0.316,10.0,16.5,6.5,6.801,2524.0,3.366,2.582,6.704,1.312,1.255,big,2000-3000
2024-2026,2025.0,1631230,Dominick Barlow,5138.0,5166.0,0.219,-0.828,0.434,-0.394,0.402,-0.009,0.392,-0.038,0.556,0.517,-0.023,0.693,0.67,-0.851,1.127,0.276,-0.866,0.989,0.123,dominick barlow,Dominick Barlow,Philadelphia 76ers,-1.3,1.3,0.0,0.178,0.163,0.014,197.0,185.0,-12.0,-0.495,-0.444,-0.051,305.0,308.5,3.5,0.678,1.16,-0.482,113.0,60.0,-53.0,4.501,2480.0,3.092,1.205,4.718,2.061,0.45,big,2000-3000
2024-2026,2025.0,1630590,Scotty Pippen Jr.,5145.0,5144.0,0.219,-0.792,0.739,-0.053,-0.799,-0.099,-0.898,-0.007,0.762,0.755,-0.314,1.207,0.892,-1.107,1.946,0.839,-0.799,1.5,0.701,scotty pippen,Scotty Pippen Jr.,Memphis Grizzlies,-0.5,0.8,0.3,0.469,0.287,0.182,142.0,166.5,24.5,-0.44,-0.035,-0.405,293.0,207.5,-85.5,1.041,0.702,0.339,69.0,106.0,37.0,-1.219,2419.0,1.414,0.655,3.765,7.322,1.89,guard,2000-3000
2024-2026,2025.0,1629630,Ja Morant,5198.0,5184.0,0.221,1.052,-0.63,0.422,0.567,-0.238,0.329,0.217,-0.296,-0.079,0.35,-0.608,-0.258,1.402,-1.238,0.164,1.269,-0.926,0.342,ja morant,Ja Morant,Memphis Grizzlies,2.4,0.2,2.7,0.288,1.272,-0.984,177.0,47.5,-129.5,1.262,1.447,-0.185,50.0,38.0,-12.0,-0.682,0.153,-0.835,356.0,191.5,-164.5,-2.927,2401.0,0.72,0.345,4.078,8.966,1.829,guard,2000-3000
2024-2026,2025.0,1642851,Kon Knueppel,5201.0,5187.0,0.221,1.618,-0.301,1.317,-0.004,0.329,0.325,0.734,0.681,1.415,1.12,0.527,1.647,2.738,0.226,2.964,2.351,0.38,2.732,kon knueppel,Kon Knueppel,Charlotte Hornets,2.8,1.0,3.9,1.49,1.764,-0.274,37.0,24.5,-12.5,2.154,1.652,0.502,15.0,31.5,16.5,0.246,0.885,-0.639,188.0,82.0,-106.0,-0.419,2549.0,1.37,0.268,4.731,3.87,3.856,guard,2000-3000
2024-2026,2025.0,1626192,Pat Connaughton,5267.0,5282.0,0.223,-0.476,-0.304,-0.78,0.053,0.016,0.07,-0.231,-0.332,-0.563,-0.115,-0.396,-0.51,-0.591,-0.699,-1.29,-0.707,-0.636,-1.343,pat connaughton,Pat Connaughton,Charlotte Hornets,-1.7,-0.1,-1.8,-0.56,-0.576,0.016,327.0,332.0,5.0,-0.364,-0.649,0.284,279.0,352.0,73.0,-0.476,-0.122,-0.354,308.0,243.0,-65.0,0.519,2572.0,1.19,0.434,4.535,3.485,1.806,wing,2000-3000
2024-2026,2025.0,1628963,Marvin Bagley III,5279.0,5300.0,0.223,-1.034,-0.399,-1.432,-1.015,0.293,-0.722,-0.088,0.628,0.54,-0.284,0.073,-0.211,-1.318,-0.325,-1.643,-1.122,0.229,-0.892,marvin bagley,Marvin Bagley III,Dallas Mavericks,-0.3,-0.6,-0.9,-0.333,-0.206,-0.127,285.0,254.0,-31.0,-0.706,0.067,-0.773,345.0,186.5,-158.5,0.138,-0.58,0.718,206.0,338.5,132.5,6.359,2521.0,4.541,1.2,6.34,2.156,0.514,big,2000-3000
2024-2026,2025.0,1642266,Ja'Kobe Walter,5290.0,5311.0,0.224,-0.247,0.084,-0.163,-0.508,0.174,-0.334,-0.171,-0.471,-0.641,-0.204,-0.225,-0.429,-0.451,-0.141,-0.592,-0.418,-0.386,-0.804,jakobe walter,Ja'Kobe Walter,Toronto Raptors,-0.8,0.8,0.0,-0.289,0.163,-0.452,278.0,185.0,-93.0,-0.126,-0.189,0.062,222.0,249.5,27.5,-0.298,0.702,-1.0,281.0,106.0,-175.0,0.762,2575.0,1.608,0.336,3.216,2.335,2.447,wing,2000-3000
2024-2026,2025.0,1630643,Jay Huff,5336.0,5323.0,0.225,-0.913,0.292,-0.62,-0.899,-0.447,-1.346,-0.678,-0.317,-0.994,-0.951,-0.341,-1.292,-1.864,-0.048,-1.913,-1.59,-0.024,-1.615,jay huff,Jay Huff,Indiana Pacers,-0.6,-0.2,-0.7,-0.697,-0.124,-0.573,349.0,237.0,-112.0,-1.092,-0.086,-1.005,433.0,221.5,-211.5,-0.042,-0.214,0.172,234.0,264.0,30.0,3.753,2523.0,1.498,3.025,5.122,2.297,2.897,big,2000-3000
2024-2026,2025.0,1631218,Trayce Jackson-Davis,5358.0,5386.0,0.226,-0.965,0.044,-0.921,-0.77,0.105,-0.664,-0.359,1.113,0.754,-0.314,1.081,0.767,-1.279,1.125,-0.154,-1.324,1.158,-0.167,trayce jackson davis,Trayce Jackson-Davis,Toronto Raptors,-1.5,0.4,-1.1,0.032,-0.288,0.32,219.0,271.0,52.0,-0.872,-0.547,-0.326,396.0,329.0,-67.0,0.797,0.336,0.462,96.0,166.5,70.5,6.789,2600.0,4.472,1.911,6.563,3.115,0.014,big,2000-3000
2024-2026,2025.0,1630570,Trendon Watford,5366.0,5386.0,0.226,-1.061,-0.483,-1.544,-0.429,0.067,-0.361,-0.527,-0.527,-1.054,-0.797,-0.666,-1.463,-1.858,-1.149,-3.008,-1.588,-1.01,-2.598,trendon watford,Trendon Watford,Philadelphia 76ers,-2.5,-0.6,-3.1,-1.191,-1.109,-0.082,427.0,419.5,-7.5,-1.09,-1.058,-0.032,432.0,423.0,-9.0,-0.741,-0.58,-0.161,365.0,338.5,-26.5,1.508,2631.0,1.738,0.725,5.501,4.488,0.903,wing,2000-3000
2024-2026,2025.0,1626172,Kevon Looney,5386.0,5415.0,0.227,-1.17,0.483,-0.687,0.602,0.238,0.84,0.337,0.079,0.415,0.367,0.07,0.437,-0.803,0.552,-0.251,-0.833,0.562,-0.272,kevon looney,Kevon Looney,New Orleans Pelicans,-0.5,0.4,-0.1,-0.021,0.122,-0.143,224.0,191.5,-32.5,-0.468,-0.035,-0.433,301.0,207.5,-93.5,0.374,0.336,0.039,170.0,166.5,-3.5,6.732,2646.0,5.116,1.034,8.476,3.878,0.054,big,2000-3000
2024-2026,2025.0,203914,Gary Harris,5386.0,5394.0,0.227,-0.539,-0.199,-0.738,0.679,0.194,0.873,-0.168,0.602,0.434,-0.265,0.665,0.4,-0.805,0.466,-0.338,-0.707,0.403,-0.304,gary harris,Gary Harris,Milwaukee Bucks,-3.7,-0.1,-3.7,-0.037,-1.356,1.318,226.0,447.5,221.5,-0.365,-1.671,1.307,280.0,467.5,187.5,0.262,-0.122,0.384,185.0,243.0,58.0,0.024,2671.0,0.809,0.472,2.103,2.264,1.887,wing,2000-3000
2024-2026,2025.0,1642845,VJ Edgecombe,5403.0,5393.0,0.227,1.209,0.293,1.503,-0.351,0.208,-0.143,-0.078,0.508,0.429,0.296,0.668,0.964,1.506,0.962,2.467,1.131,0.801,1.932,vj edgecombe,VJ Edgecombe,Philadelphia 76ers,0.8,0.5,1.3,1.088,0.697,0.391,60.0,111.0,51.0,1.149,0.629,0.52,58.0,102.0,44.0,0.544,0.427,0.117,141.0,154.0,13.0,0.469,2626.0,1.673,0.535,4.126,4.318,2.043,wing,2000-3000
2024-2026,2025.0,1629216,Gabe Vincent,5411.0,5417.0,0.228,-0.837,-0.778,-1.615,0.957,0.299,1.255,0.261,0.701,0.961,0.184,0.509,0.693,-0.654,-0.269,-0.922,-0.577,-0.077,-0.654,gabe vincent,Gabe Vincent,Atlanta Hawks,-1.8,-0.5,-2.4,-0.213,-0.822,0.609,264.0,384.0,120.0,-0.257,-0.7,0.443,252.0,364.5,112.5,-0.079,-0.488,0.409,240.0,318.5,78.5,-1.026,2620.0,0.563,0.22,1.566,2.679,2.35,guard,2000-3000
2024-2026,2025.0,1631204,Marcus Sasser,5450.0,5426.0,0.229,-0.805,-0.991,-1.795,-0.796,-0.284,-1.08,-0.115,-0.373,-0.489,-0.487,-0.537,-1.025,-1.292,-1.528,-2.82,-0.92,-1.364,-2.284,marcus sasser,Marcus Sasser,Detroit Pistons,-1.5,0.3,-1.2,-1.033,-0.329,-0.704,406.0,280.0,-126.0,-0.54,-0.547,0.007,314.0,329.0,15.0,-0.993,0.244,-1.237,401.0,177.0,-224.0,-2.527,2617.0,0.495,0.275,2.71,6.108,2.641,guard,2000-3000
2024-2026,2025.0,1629013,Landry Shamet,5450.0,5445.0,0.229,-0.805,-0.823,-1.628,0.026,0.281,0.307,0.259,0.284,0.542,0.102,0.077,0.178,-0.703,-0.747,-1.45,-0.546,-0.54,-1.086,landry shamet,Landry Shamet,New York Knicks,-0.6,0.9,0.3,-0.43,0.287,-0.717,309.0,166.5,-142.5,-0.232,-0.086,-0.145,247.0,221.5,-25.5,-0.407,0.794,-1.201,296.0,92.0,-204.0,-0.584,2661.0,0.676,0.284,2.232,2.07,2.949,guard,2000-3000
2024-2026,2025.0,1642346,Ryan Dunn,5510.0,5528.0,0.231,-1.022,0.325,-0.697,0.015,-0.069,-0.055,0.159,0.778,0.937,0.028,1.006,1.035,-0.994,1.332,0.338,-0.864,1.103,0.24,ryan dunn,Ryan Dunn,Phoenix Suns,-0.8,1.1,0.4,0.236,0.328,-0.091,186.0,156.5,-29.5,-0.493,-0.189,-0.305,304.0,249.5,-54.5,0.759,0.977,-0.218,99.0,72.5,-26.5,3.089,2764.0,2.488,0.899,4.858,2.071,1.797,big,2000-3000
2024-2026,2025.0,1641796,Pelle Larsson,5558.0,5562.0,0.232,-0.9,-0.276,-1.175,0.343,-0.005,0.338,0.596,0.614,1.209,0.484,0.448,0.932,-0.416,0.173,-0.243,-0.304,0.338,0.034,pelle larsson,Pelle Larsson,Miami Heat,0.5,0.7,1.2,0.133,0.656,-0.523,201.0,115.5,-85.5,-0.033,0.476,-0.509,207.0,119.5,-87.5,0.216,0.61,-0.395,193.0,125.0,-68.0,0.049,2634.0,1.326,0.314,3.267,4.114,1.285,wing,2000-3000
2024-2026,2025.0,201569,Eric Gordon,5593.0,5599.0,0.234,0.685,-0.336,0.348,0.139,0.273,0.413,-0.046,0.048,0.002,0.145,-0.05,0.096,0.83,-0.386,0.444,0.639,-0.288,0.351,eric gordon,Eric Gordon,Memphis Grizzlies,-1.9,-1.3,-3.2,0.292,-1.15,1.443,173.0,426.0,253.0,0.744,-0.751,1.495,95.0,379.5,284.5,-0.229,-1.221,0.992,271.0,430.0,159.0,-1.022,2734.0,0.329,0.566,1.909,2.726,2.818,guard,2000-3000
2024-2026,2025.0,1629645,Kevin Porter Jr.,5597.0,5611.0,0.234,-0.449,0.532,0.083,-0.014,0.124,0.11,-0.306,0.839,0.533,-0.488,1.113,0.625,-0.937,1.646,0.709,-0.755,1.371,0.616,kevin porter,Kevin Porter Jr.,Milwaukee Bucks,-0.5,0.9,0.3,0.426,0.287,0.139,145.0,166.5,21.5,-0.404,-0.035,-0.369,288.0,207.5,-80.5,0.949,0.794,0.156,75.0,92.0,17.0,-1.055,2743.0,0.997,0.42,5.25,7.035,1.326,guard,2000-3000
2024-2026,2025.0,1628380,Zach Collins,5637.0,5614.0,0.235,-1.109,0.378,-0.731,-1.156,0.267,-0.89,-0.674,0.498,-0.177,-1.038,0.32,-0.718,-2.147,0.698,-1.448,-1.783,0.875,-0.908,zach collins,Zach Collins,Chicago Bulls,-1.7,-0.1,-1.8,-0.341,-0.576,0.235,288.0,332.0,44.0,-1.25,-0.649,-0.601,452.0,352.0,-100.0,0.597,-0.122,0.719,128.0,243.0,115.0,3.539,2694.0,3.154,1.136,6.388,4.276,1.323,big,2000-3000
2024-2026,2025.0,1626166,Cameron Payne,5680.0,5683.0,0.236,-0.342,-0.643,-0.985,-0.513,0.067,-0.446,0.13,0.316,0.446,0.019,0.243,0.262,-0.323,-0.4,-0.722,-0.211,-0.327,-0.539,cameron payne,Cameron Payne,Philadelphia 76ers,-1.2,0.3,-0.9,-0.155,-0.206,0.051,253.0,254.0,1.0,0.044,-0.393,0.437,192.0,296.5,104.5,-0.257,0.244,-0.501,276.0,177.0,-99.0,-2.4,2768.0,0.494,0.442,2.952,6.061,2.978,guard,2000-3000
2024-2026,2025.0,1631246,Vince Williams Jr.,5685.0,5696.0,0.237,-0.718,-0.105,-0.823,0.269,0.07,0.339,0.133,-0.163,-0.03,-0.166,-0.077,-0.243,-0.884,-0.182,-1.066,-0.586,-0.268,-0.853,vince williams,Vince Williams Jr.,Utah Jazz,-1.0,0.7,-0.3,-0.313,0.04,-0.354,280.0,206.0,-74.0,-0.265,-0.291,0.026,254.0,279.0,25.0,-0.214,0.61,-0.825,266.0,125.0,-141.0,0.546,2762.0,1.564,0.743,5.513,5.161,2.085,wing,2000-3000
2024-2026,2025.0,1627780,Gary Payton II,5691.0,5726.0,0.237,-0.495,0.759,0.263,0.128,0.006,0.134,0.691,0.491,1.182,0.829,1.006,1.835,0.334,1.764,2.098,0.195,1.249,1.445,gary payton,Gary Payton II,Golden State Warriors,1.1,0.2,1.3,0.843,0.697,0.146,84.0,111.0,27.0,0.379,0.783,-0.404,142.0,86.5,-55.5,0.863,0.153,0.71,89.0,191.5,102.5,2.654,2750.0,2.618,0.733,4.752,3.325,1.152,big,2000-3000
2024-2026,2025.0,1642263,Reed Sheppard,5695.0,5701.0,0.237,0.127,0.404,0.531,-0.745,-0.254,-0.999,-0.135,-1.095,-1.231,-0.051,-0.577,-0.628,0.076,-0.173,-0.097,-0.008,-0.691,-0.7,reed sheppard,Reed Sheppard,Houston Rockets,-1.0,-0.3,-1.3,-0.236,-0.37,0.134,268.0,286.5,18.5,0.211,-0.291,0.502,165.0,279.0,114.0,-0.515,-0.305,-0.21,320.0,280.0,-40.0,-1.148,2804.0,0.565,0.912,3.492,4.519,3.531,guard,2000-3000
2024-2026,2025.0,1642262,Cody Williams,5724.0,5758.0,0.238,-0.677,-0.354,-1.031,0.249,-0.111,0.138,-1.025,-0.197,-1.222,-1.155,-0.351,-1.506,-1.832,-0.705,-2.538,-1.702,-0.551,-2.253,cody williams,Cody Williams,Utah Jazz,-2.9,-1.5,-4.4,-1.018,-1.643,0.625,403.0,464.5,61.5,-1.183,-1.262,0.079,442.0,443.0,1.0,-0.416,-1.404,0.988,297.0,448.0,151.0,0.988,2685.0,1.18,0.563,2.99,2.628,0.845,wing,2000-3000
2024-2026,2025.0,1642345,Oso Ighodaro,5736.0,5749.0,0.238,-0.739,0.587,-0.152,1.054,0.223,1.277,0.281,1.003,1.284,0.205,1.176,1.38,-0.534,1.763,1.228,-0.458,1.59,1.132,oso ighodaro,Oso Ighodaro,Phoenix Suns,-0.6,1.6,1.0,0.685,0.574,0.111,108.0,124.0,16.0,-0.16,-0.086,-0.073,234.0,221.5,-12.5,1.105,1.434,-0.33,62.0,39.0,-23.0,3.696,2852.0,2.575,1.086,5.504,3.231,0.0,big,2000-3000
2024-2026,2025.0,1629111,Jock Landale,5741.0,5773.0,0.238,-0.764,0.205,-0.56,0.33,0.382,0.713,0.31,0.157,0.467,0.238,0.213,0.451,-0.526,0.417,-0.109,-0.454,0.361,-0.092,jock landale,Jock Landale,Atlanta Hawks,0.7,-1.2,-0.5,0.069,-0.042,0.111,211.0,222.0,11.0,-0.156,0.578,-0.734,231.0,108.0,-123.0,0.232,-1.129,1.361,190.0,418.0,228.0,4.811,2770.0,4.25,1.027,4.796,2.82,1.235,big,2000-3000
2024-2026,2025.0,1641842,Ronald Holland II,5805.0,5799.0,0.24,-0.39,0.262,-0.128,-0.42,-0.077,-0.496,-0.256,1.277,1.022,-0.393,1.557,1.163,-0.783,1.819,1.036,-0.646,1.539,0.894,ronald holland,Ronald Holland II,Detroit Pistons,-2.0,2.5,0.5,0.566,0.369,0.197,125.0,151.0,26.0,-0.314,-0.802,0.488,261.0,389.5,128.5,1.068,2.258,-1.19,65.0,11.0,-54.0,2.14,2811.0,1.575,0.564,5.251,2.267,1.101,big,2000-3000
2024-2026,2025.0,1631124,Julian Strawther,5829.0,5808.0,0.241,-0.812,-0.783,-1.596,-0.406,-0.314,-0.721,-0.479,0.507,0.028,-0.576,0.453,-0.124,-1.389,-0.331,-1.72,-1.291,-0.276,-1.568,julian strawther,Julian Strawther,Denver Nuggets,-1.8,-0.5,-2.3,-0.673,-0.781,0.108,347.0,378.0,31.0,-0.845,-0.7,-0.145,386.0,364.5,-21.5,-0.22,-0.488,0.268,268.0,318.5,50.5,-0.32,2794.0,0.438,0.374,3.646,2.461,2.487,guard,2000-3000
2024-2026,2025.0,1627824,Guerschon Yabusele,5855.0,5877.0,0.242,-0.402,-0.132,-0.534,0.304,0.081,0.385,0.011,-0.632,-0.621,-0.06,-0.942,-1.002,-0.462,-1.073,-1.536,-0.391,-0.764,-1.155,guerschon yabusele,Guerschon Yabusele,Chicago Bulls,-0.7,-1.2,-1.9,-0.465,-0.617,0.151,312.0,341.5,29.5,-0.104,-0.138,0.033,218.0,236.5,18.5,-0.566,-1.129,0.563,331.0,418.0,87.0,2.324,2897.0,2.361,0.497,5.455,2.622,2.15,big,2000-3000
2024-2026,2025.0,1628988,Aaron Holiday,5887.0,5902.0,0.243,-0.933,-0.838,-1.77,-0.202,0.568,0.366,0.227,1.076,1.303,0.023,0.939,0.962,-0.91,0.101,-0.808,-0.706,0.238,-0.467,aaron holiday,Aaron Holiday,Houston Rockets,-1.4,1.0,-0.5,-0.119,-0.042,-0.077,245.0,222.0,-23.0,-0.363,-0.495,0.132,278.0,318.5,40.5,0.145,0.885,-0.74,204.0,82.0,-122.0,-1.225,2841.0,0.621,0.279,2.661,3.586,2.826,guard,2000-3000
2024-2026,2025.0,1631107,Nikola Jović,5894.0,5894.0,0.243,-0.357,-0.543,-0.9,-0.081,-0.023,-0.104,-0.184,-0.132,-0.316,-0.145,-0.481,-0.626,-0.502,-1.024,-1.526,-0.541,-0.675,-1.216,nikola jovic,Nikola Jovic,Miami Heat,-1.8,0.9,-0.9,-0.496,-0.206,-0.29,318.0,254.0,-64.0,-0.227,-0.7,0.472,245.0,364.5,119.5,-0.504,0.794,-1.297,316.0,92.0,-224.0,0.226,2866.0,0.955,0.553,5.64,4.057,2.361,wing,2000-3000
2024-2026,2025.0,1630702,Jaden Hardy,5899.0,5879.0,0.243,-0.567,-1.276,-1.844,-0.858,0.153,-0.705,-0.391,-0.923,-1.315,-0.554,-1.265,-1.819,-1.121,-2.542,-3.663,-0.959,-2.2,-3.158,jaden hardy,Jaden Hardy,Washington Wizards,-1.1,-1.1,-2.2,-1.473,-0.74,-0.734,455.0,370.0,-85.0,-0.572,-0.342,-0.23,321.0,287.0,-34.0,-1.586,-1.038,-0.548,456.0,405.0,-51.0,-1.169,2797.0,0.566,0.193,3.372,3.192,3.359,guard,2000-3000
2024-2026,2025.0,1630194,Paul Reed,5912.0,5930.0,0.244,-1.281,0.378,-0.903,0.595,-0.528,0.067,0.738,1.615,2.353,0.496,1.761,2.258,-0.785,2.139,1.354,-0.543,1.993,1.45,paul reed,Paul Reed,Detroit Pistons,0.3,2.1,2.4,0.846,1.149,-0.303,83.0,59.5,-23.5,-0.229,0.374,-0.603,246.0,138.0,-108.0,1.391,1.892,-0.501,40.0,19.5,-20.5,6.894,2931.0,4.459,2.076,6.657,2.862,0.516,big,2000-3000
2024-2026,2025.0,1629006,Josh Okogie,5929.0,5935.0,0.244,-1.309,0.828,-0.481,0.948,0.352,1.3,0.657,0.099,0.756,0.505,0.597,1.102,-0.804,1.425,0.621,-0.652,0.927,0.275,josh okogie,Josh Okogie,Houston Rockets,-0.7,1.0,0.3,0.254,0.287,-0.032,183.0,166.5,-16.5,-0.319,-0.138,-0.182,264.0,236.5,-27.5,0.634,0.885,-0.251,119.0,82.0,-37.0,2.524,2951.0,2.44,0.72,3.257,2.025,1.501,big,2000-3000
2024-2026,2025.0,1641713,GG Jackson,5954.0,5945.0,0.245,-0.895,-0.825,-1.72,-0.669,-0.298,-0.967,0.051,-0.916,-0.865,-0.412,-1.325,-1.737,-1.307,-2.15,-3.457,-0.844,-1.741,-2.585,gg jackson,GG Jackson,Memphis Grizzlies,-0.2,-1.2,-1.3,-1.185,-0.37,-0.814,424.0,286.5,-137.5,-0.477,0.118,-0.595,302.0,179.5,-122.5,-1.26,-1.129,-0.131,434.0,418.0,-16.0,1.964,2869.0,1.619,0.916,4.944,2.121,2.484,wing,2000-3000
2024-2026,2025.0,1629723,John Konchar,5964.0,5984.0,0.245,-0.768,1.297,0.53,-0.971,-0.214,-1.184,-0.601,0.499,-0.102,-0.932,1.285,0.353,-1.7,2.582,0.882,-1.369,1.797,0.428,john konchar,John Konchar,Utah Jazz,-1.6,1.1,-0.4,0.331,-0.001,0.332,165.0,214.0,49.0,-0.909,-0.598,-0.312,401.0,341.5,-59.5,1.251,0.977,0.274,48.0,72.5,24.5,3.221,2849.0,2.312,1.302,5.876,3.412,1.125,big,2000-3000
2024-2026,2025.0,1630572,Sandro Mamukelashvili,5975.0,6009.0,0.246,-0.668,-0.194,-0.862,-0.14,0.247,0.107,0.412,1.193,1.605,0.347,1.09,1.437,-0.321,0.896,0.575,-0.256,0.999,0.743,sandro mamukelashvili,Sandro Mamukelashvili,Toronto Raptors,1.4,0.7,2.1,0.49,1.025,-0.536,138.0,75.5,-62.5,0.007,0.936,-0.929,199.0,72.5,-126.5,0.685,0.61,0.075,111.0,125.0,14.0,2.965,2885.0,2.683,0.873,6.414,3.095,2.421,big,2000-3000
2024-2026,2025.0,1630549,Day'Ron Sharpe,5991.0,5990.0,0.246,-1.018,0.245,-0.773,-0.282,0.538,0.256,0.155,0.997,1.152,-0.178,0.885,0.707,-1.196,1.129,-0.067,-0.863,1.242,0.378,dayron sharpe,Day'Ron Sharpe,Brooklyn Nets,0.2,1.8,1.9,0.306,0.943,-0.637,170.0,82.0,-88.0,-0.493,0.323,-0.816,303.0,144.5,-158.5,0.857,1.617,-0.76,90.0,28.0,-62.0,7.451,2987.0,5.797,1.35,7.846,3.869,0.289,big,2000-3000
2024-2026,2025.0,1631221,Collin Gillespie,6015.0,5993.0,0.247,0.007,0.312,0.319,-0.07,0.083,0.013,0.466,0.556,1.022,0.418,0.855,1.273,0.425,1.167,1.592,0.473,0.868,1.341,collin gillespie,Collin Gillespie,Phoenix Suns,1.3,1.1,2.4,0.79,1.149,-0.358,95.0,59.5,-35.5,0.607,0.885,-0.278,115.0,77.5,-37.5,0.592,0.977,-0.385,130.0,72.5,-57.5,-1.52,2965.0,1.36,0.255,3.812,5.779,3.473,guard,2000-3000
2024-2026,2025.0,1629674,Neemias Queta,6091.0,6058.0,0.249,-0.906,0.613,-0.293,0.055,-0.187,-0.132,1.199,2.062,3.261,1.064,2.183,3.247,0.158,2.796,2.954,0.293,2.675,2.969,neemias queta,Neemias Queta,Boston Celtics,2.0,2.6,4.6,1.609,2.052,-0.442,34.0,13.5,-20.5,0.459,1.243,-0.784,128.0,49.0,-79.0,1.875,2.35,-0.475,20.0,9.5,-10.5,7.215,3122.0,4.29,1.88,7.172,2.202,0.012,big,3000+
2024-2026,2025.0,1629750,Javonte Green,6120.0,6120.0,0.25,-0.713,0.92,0.207,0.797,-0.114,0.683,0.513,0.72,1.233,0.324,1.145,1.469,-0.389,2.065,1.676,-0.2,1.64,1.44,javonte green,Javonte Green,Detroit Pistons,-0.9,1.4,0.6,0.84,0.41,0.431,85.0,145.5,60.5,0.053,-0.24,0.293,191.0,264.5,73.5,1.14,1.251,-0.111,58.0,52.5,-5.5,2.439,2933.0,1.731,0.786,4.591,1.436,1.841,big,2000-3000
2024-2026,2025.0,1631119,Jaylin Williams,6163.0,6179.0,0.251,-0.75,0.297,-0.453,0.591,0.341,0.932,0.632,1.592,2.224,0.482,1.619,2.101,-0.268,1.916,1.648,-0.118,1.889,1.771,jaylin williams,Jaylin Williams,Oklahoma City Thunder,-1.2,2.8,1.5,1.007,0.779,0.228,69.0,101.0,32.0,0.121,-0.393,0.514,179.0,296.5,117.5,1.317,2.533,-1.216,44.0,7.0,-37.0,1.904,2961.0,1.41,1.191,8.973,4.717,2.578,wing,2000-3000
2024-2026,2025.0,1629026,Kenrich Williams,6211.0,6212.0,0.253,-0.793,-0.219,-1.011,0.938,-0.037,0.901,1.094,1.288,2.381,0.886,1.228,2.114,0.093,1.009,1.102,0.301,1.069,1.37,kenrich williams,Kenrich Williams,Oklahoma City Thunder,-1.3,0.1,-1.3,0.805,-0.37,1.175,92.0,286.5,194.5,0.466,-0.444,0.91,127.0,308.5,181.5,0.734,0.061,0.673,103.0,210.0,107.0,1.688,3014.0,2.21,0.287,5.399,3.213,2.054,wing,3000+
2024-2026,2025.0,1630551,Justin Champagnie,6222.0,6256.0,0.253,-1.102,0.467,-0.635,0.278,-0.429,-0.151,-0.101,-2.015,-2.115,-0.313,-1.767,-2.081,-1.416,-1.3,-2.716,-1.203,-1.548,-2.751,justin champagnie,Justin Champagnie,Washington Wizards,0.3,-0.6,-0.3,-1.268,0.04,-1.308,432.0,206.0,-226.0,-0.773,0.374,-1.147,369.0,138.0,-231.0,-1.123,-0.58,-0.543,419.0,338.5,-80.5,4.672,2952.0,3.366,1.11,6.244,1.988,1.707,big,2000-3000
2024-2026,2025.0,203482,Kelly Olynyk,6250.0,6208.0,0.254,0.217,0.949,1.166,-1.128,-0.191,-1.32,-0.365,-1.465,-1.83,-0.385,-1.203,-1.588,-0.168,-0.254,-0.422,-0.148,-0.516,-0.663,kelly olynyk,Kelly Olynyk,San Antonio Spurs,-0.9,-0.9,-1.8,-0.218,-0.576,0.358,265.0,332.0,67.0,0.096,-0.24,0.336,187.0,264.5,77.5,-0.39,-0.854,0.464,292.0,385.5,93.5,1.095,3015.0,2.316,0.621,5.958,6.257,1.254,wing,3000+
2024-2026,2025.0,1631109,Mark Williams,6343.0,6356.0,0.257,-0.457,0.563,0.106,-1.673,-0.239,-1.912,-0.578,-1.205,-1.783,-0.646,-1.435,-2.082,-1.104,-0.872,-1.976,-1.035,-0.641,-1.676,mark williams,Mark Williams,Phoenix Suns,-0.7,0.1,-0.6,-0.728,-0.083,-0.645,355.0,230.5,-124.5,-0.635,-0.138,-0.497,333.0,236.5,-96.5,-0.48,0.061,-0.541,310.0,210.0,-100.0,7.47,3092.0,4.576,1.502,8.325,2.201,0.012,big,3000+
2024-2026,2025.0,203935,Marcus Smart,6355.0,6358.0,0.257,-0.068,0.62,0.552,-0.422,0.693,0.271,-0.0,1.026,1.026,0.118,1.379,1.497,0.05,1.999,2.049,-0.068,1.646,1.578,marcus smart,Marcus Smart,Los Angeles Lakers,-0.7,2.3,1.6,0.91,0.82,0.09,77.0,94.0,17.0,0.162,-0.138,0.299,171.0,236.5,65.5,1.144,2.075,-0.931,57.0,14.0,-43.0,-1.145,3052.0,0.708,0.436,2.796,4.482,2.218,guard,3000+
2024-2026,2025.0,1631217,Moussa Diabaté,6374.0,6390.0,0.258,-0.719,0.497,-0.222,1.707,0.294,2.001,1.191,1.164,2.355,1.235,1.146,2.381,0.516,1.643,2.159,0.472,1.661,2.133,moussa diabate,Moussa Diabate,Charlotte Hornets,1.7,0.9,2.6,1.189,1.231,-0.042,51.0,52.0,1.0,0.607,1.089,-0.483,116.0,62.0,-54.0,1.155,0.794,0.361,55.0,92.0,37.0,7.565,3206.0,5.334,1.269,6.984,2.257,0.011,big,3000+
2024-2026,2025.0,203954,Joel Embiid,6396.0,6395.0,0.258,1.813,0.716,2.528,-0.249,0.918,0.669,0.021,0.799,0.82,0.659,1.151,1.81,2.472,1.867,4.338,1.833,1.515,3.348,joel embiid,Joel Embiid,Philadelphia 76ers,3.3,0.8,4.1,1.801,1.847,-0.046,26.0,19.0,-7.0,1.727,1.907,-0.18,27.0,25.0,-2.0,1.051,0.702,0.349,68.0,106.0,38.0,3.022,3081.0,2.407,1.519,7.852,5.305,1.519,big,3000+
2024-2026,2025.0,1641730,Noah Clowney,6410.0,6439.0,0.259,-0.592,-0.162,-0.754,-0.966,-0.059,-1.025,-0.882,0.194,-0.688,-1.116,0.089,-1.028,-1.708,-0.073,-1.781,-1.474,0.032,-1.442,noah clowney,Noah Clowney,Brooklyn Nets,-1.9,-0.6,-2.5,-0.61,-0.863,0.253,338.0,388.5,50.5,-0.996,-0.751,-0.245,421.0,379.5,-41.5,-0.001,-0.58,0.579,225.0,338.5,113.5,1.723,3197.0,1.363,0.923,4.662,1.869,2.567,wing,3000+
2024-2026,2025.0,1630692,Jordan Goodwin,6411.0,6394.0,0.259,-1.04,0.562,-0.478,-0.061,0.104,0.043,0.226,0.395,0.621,-0.239,0.821,0.582,-1.28,1.383,0.104,-0.815,0.958,0.143,jordan goodwin,Jordan Goodwin,Phoenix Suns,-0.2,1.5,1.3,0.188,0.697,-0.509,194.0,111.0,-83.0,-0.453,0.118,-0.571,296.0,179.5,-116.5,0.656,1.343,-0.687,117.0,45.5,-71.5,2.194,3177.0,2.992,0.487,5.008,3.943,2.04,big,3000+
2024-2026,2025.0,1630249,Vít Krejčí,6418.0,6430.0,0.259,-0.996,-0.321,-1.318,-0.572,0.067,-0.505,-0.021,-0.29,-0.311,-0.332,-0.247,-0.579,-1.328,-0.568,-1.896,-1.017,-0.611,-1.628,vit krejci,Vit Krejci,Portland Trail Blazers,-1.9,-0.4,-2.3,-0.704,-0.781,0.077,353.0,378.0,25.0,-0.62,-0.751,0.131,328.0,379.5,51.5,-0.458,-0.397,-0.061,305.0,298.5,-6.5,-0.529,3083.0,0.747,0.584,3.41,3.468,2.873,guard,3000+
2024-2026,2025.0,1629637,Jaxson Hayes,6518.0,6551.0,0.262,-1.449,0.433,-1.015,-0.862,-0.133,-0.995,-0.112,0.239,0.127,-0.208,0.217,0.008,-1.657,0.65,-1.007,-1.561,0.673,-0.888,jaxson hayes,Jaxson Hayes,Los Angeles Lakers,-0.5,0.3,-0.2,-0.331,0.081,-0.412,284.0,198.0,-86.0,-1.067,-0.035,-1.032,431.0,207.5,-223.5,0.453,0.244,0.209,158.0,177.0,19.0,5.127,3183.0,2.782,1.493,5.712,1.697,0.034,big,3000+
2024-2026,2025.0,1629312,Haywood Highsmith,6527.0,6540.0,0.262,-1.059,0.265,-0.794,0.035,0.077,0.112,-0.165,1.405,1.24,-0.184,1.503,1.319,-1.243,1.768,0.525,-1.224,1.67,0.446,haywood highsmith,Haywood Highsmith,Phoenix Suns,-1.7,0.5,-1.2,0.34,-0.329,0.67,164.0,280.0,116.0,-0.79,-0.649,-0.141,375.0,352.0,-23.0,1.161,0.427,0.734,54.0,154.0,100.0,1.605,3273.0,1.573,0.737,3.652,2.079,1.903,wing,3000+
2024-2026,2025.0,1642276,Kel'el Ware,6530.0,6540.0,0.262,-0.567,0.253,-0.314,-0.503,-0.938,-1.44,0.281,-0.47,-0.189,0.125,-0.551,-0.426,-0.442,-0.298,-0.74,-0.286,-0.217,-0.502,kelel ware,Kel'el Ware,Miami Heat,-0.1,0.1,0.0,-0.137,0.163,-0.3,248.0,185.0,-63.0,-0.018,0.169,-0.187,205.0,171.5,-33.5,-0.178,0.061,-0.239,260.0,210.0,-50.0,7.241,3129.0,3.831,1.783,9.595,1.335,1.461,big,3000+
2024-2026,2025.0,1641722,Jordan Hawkins,6564.0,6582.0,0.263,-1.033,-1.29,-2.323,-0.339,-0.542,-0.88,-0.575,-2.2,-2.775,-0.898,-2.563,-3.461,-1.932,-3.852,-5.784,-1.608,-3.49,-5.098,jordan hawkins,Jordan Hawkins,New Orleans Pelicans,-2.7,-1.7,-4.4,-2.449,-1.643,-0.806,475.0,464.5,-10.5,-1.106,-1.16,0.054,435.0,433.5,-1.5,-2.502,-1.587,-0.915,474.0,454.0,-20.0,0.166,3171.0,0.84,0.454,3.633,2.021,3.02,wing,3000+
2024-2026,2025.0,1630188,Jalen Smith,6582.0,6590.0,0.264,-1.089,-0.032,-1.122,0.194,-0.696,-0.501,1.263,1.239,2.503,0.983,1.026,2.009,-0.106,0.994,0.888,0.174,1.207,1.381,jalen smith,Jalen Smith,Chicago Bulls,1.1,0.3,1.5,0.811,0.779,0.032,90.0,101.0,11.0,0.361,0.783,-0.422,146.0,86.5,-59.5,0.833,0.244,0.588,94.0,177.0,83.0,5.395,3106.0,3.466,1.437,8.693,2.237,2.492,big,3000+
2024-2026,2025.0,1642259,Alex Sarr,6606.0,6623.0,0.265,0.047,1.446,1.492,0.51,0.455,0.965,-1.25,-0.285,-1.535,-1.095,0.018,-1.077,-1.048,1.464,0.416,-1.204,1.161,-0.043,alex sarr,Alex Sarr,Washington Wizards,-1.5,-0.1,-1.6,0.094,-0.494,0.588,206.0,309.5,103.5,-0.773,-0.547,-0.227,370.0,329.0,-41.0,0.8,-0.122,0.922,95.0,243.0,148.0,4.449,3122.0,2.641,2.26,6.469,3.356,1.787,big,3000+
2024-2026,2025.0,1631133,Jabari Walker,6648.0,6616.0,0.266,-0.907,-0.31,-1.218,-0.238,-0.581,-0.82,-0.341,-1.301,-1.643,-0.58,-1.432,-2.012,-1.487,-1.743,-3.23,-1.249,-1.612,-2.861,jabari walker,Jabari Walker,Philadelphia 76ers,-1.6,0.0,-1.6,-1.323,-0.494,-0.83,437.0,309.5,-127.5,-0.811,-0.598,-0.213,378.0,341.5,-36.5,-1.168,-0.03,-1.138,427.0,223.5,-203.5,4.495,3206.0,3.167,0.46,7.063,1.595,1.134,big,3000+
2024-2026,2025.0,1642274,Yves Missi,6671.0,6663.0,0.267,-0.846,0.461,-0.386,0.193,-0.374,-0.181,-0.453,-1.216,-1.669,-0.607,-1.243,-1.851,-1.454,-0.782,-2.236,-1.299,-0.755,-2.055,yves missi,Yves Missi,New Orleans Pelicans,-0.8,-0.6,-1.4,-0.918,-0.411,-0.507,383.0,292.0,-91.0,-0.852,-0.189,-0.664,391.0,249.5,-141.5,-0.56,-0.58,0.019,329.0,338.5,9.5,7.851,3255.0,4.844,2.201,6.061,2.024,0.0,big,3000+
2024-2026,2025.0,203083,Andre Drummond,6694.0,6722.0,0.267,-0.751,0.723,-0.028,-1.101,-1.329,-2.43,-0.416,0.056,-0.361,-0.45,0.363,-0.087,-1.201,1.086,-0.115,-1.167,0.779,-0.388,andre drummond,Andre Drummond,Philadelphia 76ers,-1.8,-0.1,-1.9,-0.08,-0.617,0.537,233.0,341.5,108.5,-0.743,-0.7,-0.043,361.0,364.5,3.5,0.529,-0.122,0.651,144.0,243.0,99.0,9.638,3333.0,6.2,1.242,10.542,1.631,0.378,big,3000+
2024-2026,2025.0,1642273,Kyshawn George,6724.0,6693.0,0.268,-0.076,0.616,0.54,0.12,0.114,0.235,-0.952,-0.343,-1.295,-0.829,-0.004,-0.832,-0.905,0.613,-0.292,-1.028,0.274,-0.754,kyshawn george,Kyshawn George,Washington Wizards,-1.2,0.2,-1.1,-0.264,-0.288,0.025,273.0,271.0,-2.0,-0.629,-0.393,-0.236,329.0,296.5,-32.5,0.17,0.153,0.017,201.0,191.5,-9.5,0.448,3191.0,1.038,1.049,4.941,4.321,2.403,wing,3000+
2024-2026,2025.0,1631157,Ryan Rollins,6727.0,6701.0,0.268,0.107,0.444,0.551,0.021,0.057,0.078,0.182,0.018,0.2,0.146,0.29,0.437,0.253,0.734,0.987,0.289,0.461,0.75,ryan rollins,Ryan Rollins,Milwaukee Bucks,0.0,0.4,0.4,0.493,0.328,0.166,136.0,156.5,20.5,0.456,0.22,0.235,129.0,163.5,34.5,0.303,0.336,-0.032,178.0,166.5,-11.5,-1.297,3269.0,0.848,0.562,4.207,5.859,2.599,guard,3000+
2024-2026,2025.0,1629048,Goga Bitadze,6740.0,6730.0,0.269,-1.067,0.884,-0.183,0.525,-0.654,-0.129,0.179,0.588,0.767,-0.018,0.839,0.821,-1.085,1.723,0.638,-0.888,1.472,0.584,goga bitadze,Goga Bitadze,Orlando Magic,0.2,1.1,1.4,0.41,0.738,-0.328,151.0,106.5,-44.5,-0.513,0.323,-0.836,310.0,144.5,-165.5,1.021,0.977,0.044,70.0,72.5,2.5,7.365,3363.0,4.421,2.473,7.022,3.211,0.075,big,3000+
2024-2026,2025.0,1629684,Grant Williams,6765.0,6774.0,0.269,-0.885,-0.036,-0.92,0.161,0.243,0.404,0.481,-0.967,-0.486,0.342,-1.171,-0.829,-0.543,-1.207,-1.75,-0.403,-1.003,-1.406,grant williams,Grant Williams,Charlotte Hornets,-0.7,0.6,-0.1,-0.592,0.122,-0.714,332.0,191.5,-140.5,-0.114,-0.138,0.023,220.0,236.5,16.5,-0.736,0.519,-1.255,362.0,142.0,-220.0,1.325,3318.0,1.627,0.759,4.253,2.897,2.224,wing,3000+
2024-2026,2025.0,1642347,Jamal Shead,6865.0,6837.0,0.272,-0.835,-0.631,-1.467,0.105,0.232,0.336,0.132,0.319,0.451,-0.117,0.168,0.051,-0.952,-0.464,-1.416,-0.703,-0.313,-1.016,jamal shead,Jamal Shead,Toronto Raptors,-0.9,1.2,0.3,-0.395,0.287,-0.682,299.0,166.5,-132.5,-0.361,-0.24,-0.121,277.0,264.5,-12.5,-0.246,1.068,-1.314,274.0,65.5,-208.5,-3.271,3311.0,0.609,0.272,2.196,8.263,1.696,guard,3000+
2024-2026,2025.0,1631117,Walker Kessler,6979.0,6981.0,0.276,-0.347,0.883,0.536,-0.364,-0.167,-0.531,-0.23,0.356,0.126,-0.2,0.363,0.163,-0.547,1.246,0.698,-0.577,1.239,0.662,walker kessler,Walker Kessler,Utah Jazz,-0.2,1.1,0.9,0.449,0.533,-0.084,144.0,128.5,-15.5,-0.257,0.118,-0.375,251.0,179.5,-71.5,0.855,0.977,-0.121,91.0,72.5,-18.5,9.558,3386.0,4.827,3.2,8.378,1.829,0.17,big,3000+
2024-2026,2025.0,1642271,Kyle Filipowski,7032.0,7025.0,0.277,-0.057,0.18,0.123,-0.275,-0.265,-0.54,-0.013,-1.084,-1.097,0.039,-1.234,-1.195,-0.017,-1.054,-1.072,-0.07,-0.904,-0.974,kyle filipowski,Kyle Filipowski,Utah Jazz,0.4,-0.7,-0.3,-0.374,0.04,-0.415,294.0,206.0,-88.0,0.16,0.425,-0.265,173.0,129.5,-43.5,-0.666,-0.671,0.005,353.0,358.0,5.0,3.344,3320.0,2.776,0.661,7.981,3.665,1.637,big,3000+
2024-2026,2025.0,1642270,Donovan Clingan,7052.0,7083.0,0.278,-0.299,1.573,1.273,0.26,-0.256,0.004,0.158,1.503,1.661,0.218,2.124,2.342,-0.081,3.696,3.615,-0.142,3.076,2.934,donovan clingan,Donovan Clingan,Portland Trail Blazers,1.9,1.4,3.4,1.592,1.559,0.033,35.0,33.0,-2.0,0.101,1.192,-1.091,185.0,52.5,-132.5,2.159,1.251,0.908,12.0,52.5,40.5,9.495,3419.0,5.939,2.527,9.003,2.517,1.032,big,3000+
2024-2026,2025.0,1630592,Jalen Wilson,7065.0,7100.0,0.278,-0.913,-0.808,-1.721,-0.309,-0.079,-0.389,-0.245,-0.76,-1.004,-0.676,-1.06,-1.736,-1.588,-1.868,-3.457,-1.157,-1.568,-2.725,jalen wilson,Jalen Wilson,Brooklyn Nets,-2.1,-1.2,-3.3,-1.255,-1.191,-0.064,431.0,432.5,1.5,-0.735,-0.853,0.118,356.0,397.0,41.0,-1.137,-1.129,-0.008,423.0,418.0,-5.0,0.635,3558.0,1.406,0.111,3.804,2.428,2.024,wing,3000+
2024-2026,2025.0,1631106,Tari Eason,7073.0,7076.0,0.278,-1.093,0.778,-0.315,0.393,-0.212,0.18,0.964,0.207,1.171,0.886,0.803,1.689,-0.207,1.581,1.374,-0.129,0.985,0.856,tari eason,Tari Eason,Houston Rockets,0.1,1.5,1.6,0.547,0.82,-0.274,130.0,94.0,-36.0,0.111,0.271,-0.16,183.0,153.5,-29.5,0.675,1.343,-0.668,114.0,45.5,-68.5,4.206,3452.0,3.108,1.012,6.184,2.086,1.815,big,3000+
2024-2026,2025.0,1642268,Isaiah Collier,7092.0,7095.0,0.279,-0.566,-0.32,-0.887,-0.345,-0.54,-0.885,-0.668,-1.89,-2.558,-0.743,-2.025,-2.768,-1.309,-2.346,-3.655,-1.234,-2.211,-3.445,isaiah collier,Isaiah Collier,Utah Jazz,-1.9,-2.2,-4.1,-1.618,-1.52,-0.098,461.0,458.0,-3.0,-0.799,-0.751,-0.048,376.0,379.5,3.5,-1.594,-2.045,0.451,457.0,470.0,13.0,-2.934,3356.0,0.569,0.386,3.561,9.322,0.74,guard,3000+
2024-2026,2025.0,1641783,Tristan da Silva,7127.0,7143.0,0.28,-0.593,-0.423,-1.016,0.0,0.084,0.084,-0.239,-0.024,-0.263,-0.402,-0.041,-0.443,-0.995,-0.464,-1.459,-0.832,-0.447,-1.279,tristan da silva,Tristan da Silva,Orlando Magic,-1.2,0.4,-0.8,-0.528,-0.165,-0.363,325.0,244.0,-81.0,-0.468,-0.393,-0.075,300.0,296.5,-3.5,-0.342,0.336,-0.677,285.0,166.5,-118.5,0.968,3531.0,1.336,0.438,4.058,2.416,2.039,wing,3000+
2024-2026,2025.0,1642258,Zaccharie Risacher,7152.0,7130.0,0.28,-0.236,-0.369,-0.604,-0.172,-0.41,-0.582,-0.397,0.044,-0.353,-0.479,0.004,-0.475,-0.715,-0.364,-1.079,-0.632,-0.325,-0.957,zaccharie risacher,Zaccharie Risacher,Atlanta Hawks,-1.3,-0.7,-2.0,-0.366,-0.658,0.292,293.0,348.0,55.0,-0.303,-0.444,0.141,259.0,308.5,49.5,-0.255,-0.671,0.416,275.0,358.0,83.0,1.826,3344.0,1.69,0.786,3.962,1.809,2.336,wing,3000+
2024-2026,2025.0,1630175,Cole Anthony,7176.0,7197.0,0.281,-0.748,-0.287,-1.035,-0.235,0.221,-0.015,-0.226,0.057,-0.169,-0.471,-0.106,-0.577,-1.219,-0.393,-1.612,-0.974,-0.23,-1.204,cole anthony,Cole Anthony,Phoenix Suns,-2.1,0.0,-2.1,-0.49,-0.699,0.209,317.0,359.0,42.0,-0.585,-0.853,0.269,324.0,397.0,73.0,-0.188,-0.03,-0.157,263.0,223.5,-39.5,-0.02,3579.0,1.267,0.805,4.788,5.512,1.931,wing,3000+
2024-2026,2025.0,1641767,Ben Sheppard,7244.0,7256.0,0.283,-0.867,-0.642,-1.509,0.21,-0.06,0.15,0.055,-0.703,-0.648,-0.142,-0.964,-1.106,-1.01,-1.605,-2.615,-0.813,-1.345,-2.157,ben sheppard,Ben Sheppard,Indiana Pacers,-1.1,-0.6,-1.7,-0.97,-0.535,-0.435,395.0,320.5,-74.5,-0.451,-0.342,-0.109,294.0,287.0,-7.0,-0.979,-0.58,-0.399,397.0,338.5,-58.5,0.265,3436.0,1.069,0.231,3.761,2.64,2.106,wing,3000+
2024-2026,2025.0,203078,Bradley Beal,7312.0,7322.0,0.285,0.607,0.016,0.623,0.069,-0.014,0.055,-0.455,0.154,-0.301,0.0,0.199,0.199,0.608,0.215,0.822,0.152,0.17,0.322,bradley beal,Bradley Beal,Los Angeles Clippers,-0.4,-1.1,-1.5,0.278,-0.452,0.73,181.0,299.0,118.0,0.343,0.016,0.327,150.0,195.0,45.0,0.096,-1.038,1.134,213.0,405.0,192.0,-0.771,3588.0,0.903,0.552,3.251,4.716,2.107,guard,3000+
2024-2026,2025.0,1641716,Jarace Walker,7376.0,7411.0,0.287,-0.077,-0.207,-0.284,-0.445,-0.307,-0.752,-1.091,-0.789,-1.88,-1.241,-0.886,-2.127,-1.318,-1.093,-2.411,-1.168,-0.996,-2.164,jarace walker,Jarace Walker,Indiana Pacers,-2.0,-0.8,-2.8,-0.973,-0.986,0.013,396.0,401.5,5.5,-0.744,-0.802,0.058,362.0,389.5,27.5,-0.731,-0.763,0.031,360.0,372.5,12.5,0.662,3487.0,0.888,0.64,6.163,3.531,2.375,wing,3000+
2024-2026,2025.0,1630208,Nick Richards,7466.0,7483.0,0.289,-1.45,0.655,-0.795,-1.012,-0.878,-1.891,-0.668,-2.001,-2.669,-1.005,-2.017,-3.022,-2.454,-1.362,-3.817,-2.118,-1.347,-3.465,nick richards,Nick Richards,Chicago Bulls,-2.5,-2.7,-5.2,-1.627,-1.971,0.344,462.0,473.0,11.0,-1.526,-1.058,-0.468,469.0,423.0,-46.0,-0.98,-2.502,1.522,398.0,474.0,76.0,7.279,3718.0,3.844,1.559,8.24,1.152,0.048,big,3000+
2024-2026,2025.0,203937,Kyle Anderson,7510.0,7477.0,0.29,-0.526,0.477,-0.05,-0.438,0.334,-0.105,-0.929,0.91,-0.019,-1.028,1.191,0.164,-1.554,1.668,0.114,-1.455,1.387,-0.068,kyle anderson,Kyle Anderson,Minnesota Timberwolves,-3.1,1.1,-2.0,0.081,-0.658,0.739,210.0,348.0,138.0,-0.98,-1.365,0.384,414.0,452.5,38.5,0.96,0.977,-0.017,73.0,72.5,-0.5,0.853,3639.0,1.533,1.049,4.689,5.955,0.396,wing,3000+
2024-2026,2025.0,1630560,Cam Thomas,7524.0,7476.0,0.291,0.228,-1.116,-0.889,1.062,-0.314,0.748,0.318,-1.888,-1.57,0.24,-2.474,-2.234,0.467,-3.59,-3.122,0.546,-3.004,-2.458,cam thomas,Cam Thomas,Milwaukee Bucks,0.9,-2.7,-1.9,-1.121,-0.617,-0.504,416.0,341.5,-74.5,0.667,0.68,-0.013,104.0,97.5,-6.5,-2.157,-2.502,0.345,471.0,474.0,3.0,-1.276,3735.0,0.52,0.212,3.027,3.798,2.545,guard,3000+
2024-2026,2025.0,1629599,Amir Coffey,7541.0,7532.0,0.291,-1.121,-0.747,-1.868,-0.435,-0.086,-0.521,-0.294,-1.224,-1.518,-0.376,-1.415,-1.791,-1.497,-2.162,-3.659,-1.415,-1.971,-3.386,amir coffey,Amir Coffey,Phoenix Suns,-2.7,-0.3,-3.0,-1.588,-1.068,-0.519,460.0,413.5,-46.5,-0.947,-1.16,0.213,409.0,433.5,24.5,-1.424,-0.305,-1.118,447.0,280.0,-167.0,0.259,3698.0,0.779,0.253,2.784,1.752,1.83,wing,3000+
2024-2026,2025.0,1628436,Luke Kornet,7545.0,7579.0,0.291,-0.708,0.551,-0.157,0.744,0.798,1.542,1.213,2.146,3.358,1.231,2.229,3.46,0.523,2.78,3.302,0.504,2.696,3.201,luke kornet,Luke Kornet,San Antonio Spurs,0.7,1.4,2.1,1.726,1.025,0.701,30.0,75.5,45.5,0.633,0.578,0.055,111.0,108.0,-3.0,1.89,1.251,0.639,18.0,52.5,34.5,6.695,3779.0,4.658,1.877,5.468,2.953,0.01,big,3000+
2024-2026,2025.0,1629731,Dean Wade,7560.0,7576.0,0.292,-0.664,0.07,-0.594,1.374,0.277,1.651,0.988,1.344,2.332,0.929,1.336,2.265,0.266,1.406,1.672,0.324,1.414,1.738,dean wade,Dean Wade,Cleveland Cavaliers,-0.3,1.3,1.1,0.99,0.615,0.375,73.0,120.0,47.0,0.484,0.067,0.417,123.0,186.5,63.5,0.98,1.16,-0.18,71.0,60.0,-11.0,1.809,3689.0,1.376,0.664,5.592,2.02,2.245,wing,3000+
2024-2026,2025.0,204001,Kristaps Porziņģis,7585.0,7550.0,0.292,0.442,0.939,1.381,-1.122,-0.218,-1.341,-0.019,0.758,0.739,0.436,1.205,1.641,0.878,2.144,3.022,0.423,1.697,2.12,kristaps porzingis,Kristaps Porzingis,Golden State Warriors,1.8,0.3,2.1,1.182,1.025,0.157,52.0,75.5,23.5,0.566,1.141,-0.575,118.0,57.5,-60.5,1.18,0.244,0.936,52.0,177.0,125.0,3.585,3667.0,2.013,2.081,6.43,2.778,2.621,big,3000+
2024-2026,2025.0,1630631,Jose Alvarado,7692.0,7677.0,0.295,-0.501,0.235,-0.266,-0.546,0.014,-0.531,0.355,0.77,1.125,0.123,1.013,1.135,-0.379,1.248,0.869,-0.146,1.005,0.859,jose alvarado,Jose Alvarado,New York Knicks,-0.5,0.8,0.4,0.548,0.328,0.22,129.0,156.5,27.5,0.097,-0.035,0.132,186.0,207.5,21.5,0.689,0.702,-0.013,110.0,106.0,-4.0,-1.901,3766.0,0.746,0.354,3.413,5.831,2.772,guard,3000+
2024-2026,2025.0,1631200,Kris Murray,7695.0,7697.0,0.295,-1.321,0.021,-1.3,0.814,0.283,1.097,-0.364,0.737,0.373,-0.783,0.942,0.159,-2.104,0.962,-1.141,-1.685,0.758,-0.927,kris murray,Kris Murray,Portland Trail Blazers,-2.2,1.7,-0.5,-0.351,-0.042,-0.309,292.0,222.0,-70.0,-1.17,-0.904,-0.265,441.0,404.0,-37.0,0.514,1.526,-1.012,147.0,33.5,-113.5,2.52,3725.0,2.426,0.58,3.489,2.213,1.063,big,3000+
2024-2026,2025.0,204456,T.J. McConnell,7723.0,7785.0,0.296,0.778,-0.07,0.709,-0.225,-0.815,-1.04,0.435,-0.432,0.003,0.527,-0.372,0.155,1.305,-0.441,0.863,1.213,-0.501,0.712,t j mcconnell,T.J. McConnell,Indiana Pacers,-0.8,-0.4,-1.3,0.474,-0.37,0.844,141.0,286.5,145.5,1.217,-0.189,1.405,54.0,249.5,195.5,-0.38,-0.397,0.016,291.0,298.5,7.5,-2.653,3674.0,0.999,0.382,3.978,10.073,0.48,guard,3000+
2024-2026,2025.0,1628997,Caleb Martin,7772.0,7780.0,0.298,-0.801,0.02,-0.781,0.227,-0.032,0.195,-0.882,0.807,-0.075,-0.919,0.757,-0.162,-1.72,0.777,-0.943,-1.683,0.827,-0.855,caleb martin,Caleb Martin,Dallas Mavericks,-3.7,0.7,-3.0,-0.315,-1.068,0.754,282.0,413.5,131.5,-1.168,-1.671,0.504,440.0,467.5,27.5,0.563,0.61,-0.048,134.0,125.0,-9.0,1.325,3835.0,1.455,0.629,4.187,2.995,1.295,wing,3000+
2024-2026,2025.0,1631093,Jaden Ivey,7832.0,7817.0,0.299,-0.169,-0.497,-0.666,-0.366,0.056,-0.31,-0.652,-0.302,-0.954,-0.838,-0.575,-1.413,-1.007,-1.072,-2.078,-0.821,-0.799,-1.62,jaden ivey,Jaden Ivey,Chicago Bulls,-2.3,-0.7,-3.1,-0.699,-1.109,0.41,350.0,419.5,69.5,-0.459,-0.956,0.497,298.0,411.5,113.5,-0.591,-0.671,0.08,333.0,358.0,25.0,-0.205,3789.0,1.425,0.627,3.126,4.589,2.252,guard,3000+
2024-2026,2025.0,1629622,Max Strus,7833.0,7834.0,0.299,-0.091,-0.177,-0.268,0.125,0.248,0.373,0.351,0.985,1.335,0.474,0.934,1.408,0.383,0.757,1.14,0.26,0.808,1.067,max strus,Max Strus,Cleveland Cavaliers,0.5,-0.4,0.1,0.653,0.204,0.448,113.0,179.5,66.5,0.432,0.476,-0.044,133.0,119.5,-13.5,0.549,-0.397,0.946,140.0,298.5,158.5,-0.393,3802.0,1.212,0.388,4.659,4.403,2.973,guard,3000+
2024-2026,2025.0,1630533,Ziaire Williams,7836.0,7859.0,0.299,-0.927,0.236,-0.691,-0.858,-0.159,-1.018,-1.31,0.373,-0.937,-1.746,0.511,-1.235,-2.673,0.747,-1.926,-2.237,0.609,-1.628,ziaire williams,Ziaire Williams,Brooklyn Nets,-2.3,0.9,-1.5,-0.703,-0.452,-0.251,351.0,299.0,-52.0,-1.624,-0.956,-0.669,473.0,411.5,-61.5,0.408,0.794,-0.385,167.0,92.0,-75.0,1.102,3863.0,1.174,0.541,4.427,2.041,2.302,wing,3000+
2024-2026,2025.0,1630167,Obi Toppin,7886.0,7885.0,0.301,-0.512,-0.42,-0.932,0.594,-0.104,0.49,1.498,-1.134,0.365,1.394,-1.376,0.018,0.882,-1.796,-0.915,0.986,-1.554,-0.568,obi toppin,Obi Toppin,Indiana Pacers,1.9,-0.9,1.1,-0.17,0.615,-0.785,256.0,120.0,-136.0,1.03,1.192,-0.162,71.0,52.5,-18.5,-1.128,-0.854,-0.273,422.0,385.5,-36.5,1.439,3701.0,1.498,0.7,5.739,3.025,2.422,wing,3000+
2024-2026,2025.0,1630241,Sam Merrill,7891.0,7882.0,0.301,-0.583,-0.751,-1.335,-1.153,0.552,-0.601,0.626,0.98,1.606,0.651,0.816,1.467,0.067,0.065,0.132,0.042,0.229,0.271,sam merrill,Sam Merrill,Cleveland Cavaliers,2.2,0.4,2.6,0.252,1.231,-0.979,184.0,52.0,-132.0,0.253,1.345,-1.093,162.0,42.0,-120.0,0.138,0.336,-0.198,207.0,166.5,-40.5,-1.272,3853.0,0.822,0.234,3.009,3.186,4.092,guard,3000+
2024-2026,2025.0,203114,Khris Middleton,7960.0,7942.0,0.303,0.89,-0.015,0.876,0.144,-0.002,0.142,-0.075,-1.255,-1.33,0.435,-1.209,-0.773,1.325,-1.223,0.102,0.815,-1.27,-0.455,khris middleton,Khris Middleton,Dallas Mavericks,-0.4,-1.5,-1.9,-0.113,-0.617,0.504,242.0,341.5,99.5,0.889,0.016,0.873,80.0,195.0,115.0,-0.926,-1.404,0.478,390.0,448.0,58.0,-0.957,3773.0,0.992,0.305,4.971,5.897,1.994,guard,3000+
2024-2026,2025.0,1630540,Miles McBride,7988.0,8012.0,0.303,-0.731,-0.776,-1.507,0.215,0.395,0.61,0.905,1.197,2.102,0.75,0.936,1.686,0.019,0.16,0.179,0.174,0.421,0.595,miles mcbride,Miles McBride,New York Knicks,1.5,1.3,2.7,0.415,1.272,-0.856,149.0,47.5,-101.5,0.361,0.987,-0.626,145.0,67.5,-77.5,0.275,1.16,-0.885,182.0,60.0,-122.0,-1.125,4005.0,0.917,0.297,2.328,3.658,3.02,guard,3000+
2024-2026,2025.0,1641824,Matas Buzelis,8041.0,8034.0,0.305,-0.009,0.235,0.226,-0.133,-0.271,-0.404,-0.657,0.037,-0.62,-0.651,0.134,-0.517,-0.66,0.369,-0.291,-0.666,0.272,-0.394,matas buzelis,Matas Buzelis,Chicago Bulls,-0.1,-0.4,-0.4,-0.082,-0.001,-0.082,235.0,214.0,-21.0,-0.33,0.169,-0.5,265.0,171.5,-93.5,0.169,-0.397,0.565,202.0,298.5,96.5,2.633,3762.0,1.263,1.828,5.684,2.268,2.574,big,3000+
2024-2026,2025.0,1641729,Brice Sensabaugh,8048.0,8020.0,0.305,0.009,-0.938,-0.929,-0.151,-0.096,-0.247,-0.466,-2.523,-2.988,-0.487,-3.015,-3.502,-0.478,-3.952,-4.431,-0.457,-3.46,-3.917,brice sensabaugh,Brice Sensabaugh,Utah Jazz,0.4,-1.8,-1.4,-1.855,-0.411,-1.444,472.0,292.0,-180.0,-0.158,0.425,-0.583,232.0,129.5,-102.5,-2.481,-1.678,-0.802,473.0,461.0,-12.0,-0.252,3782.0,1.085,0.247,4.084,2.932,3.36,guard,3000+
2024-2026,2025.0,203903,Jordan Clarkson,8086.0,8067.0,0.306,0.73,-1.372,-0.642,0.018,0.026,0.043,-0.204,0.536,0.332,-0.004,-0.08,-0.084,0.726,-1.452,-0.725,0.526,-0.836,-0.31,jordan clarkson,Jordan Clarkson,New York Knicks,-0.9,-1.2,-2.1,-0.04,-0.699,0.659,227.0,359.0,132.0,0.651,-0.24,0.891,107.0,264.5,157.5,-0.618,-1.129,0.511,338.0,418.0,80.0,-0.957,3929.0,1.246,0.22,2.721,4.682,2.245,guard,3000+
2024-2026,2025.0,1630228,Jonathan Kuminga,8145.0,8148.0,0.307,-0.069,-0.435,-0.505,-0.182,0.172,-0.01,-0.015,1.336,1.322,0.305,1.21,1.514,0.235,0.774,1.009,-0.084,0.901,0.817,jonathan kuminga,Jonathan Kuminga,Atlanta Hawks,-1.2,1.4,0.2,0.527,0.245,0.281,132.0,175.0,43.0,0.148,-0.393,0.542,177.0,296.5,119.5,0.615,1.251,-0.636,122.0,52.5,-69.5,1.922,3925.0,1.807,0.624,5.292,3.21,1.229,wing,3000+
2024-2026,2025.0,1642377,Jaylen Wells,8166.0,8160.0,0.308,0.315,-0.44,-0.124,0.09,0.016,0.106,0.968,0.348,1.316,0.954,-0.036,0.918,1.269,-0.475,0.794,1.283,-0.092,1.192,jaylen wells,Jaylen Wells,Memphis Grizzlies,0.8,-0.4,0.3,0.715,0.287,0.429,105.0,166.5,61.5,1.274,0.629,0.645,49.0,102.0,53.0,-0.089,-0.397,0.307,244.0,298.5,54.5,0.347,3864.0,1.379,0.158,3.168,2.292,2.488,wing,3000+
2024-2026,2025.0,1641711,Gradey Dick,8181.0,8169.0,0.308,-0.442,-0.823,-1.265,-0.546,-0.4,-0.946,-0.726,-2.122,-2.848,-0.972,-2.495,-3.467,-1.414,-3.318,-4.732,-1.168,-2.945,-4.113,gradey dick,Gradey Dick,Toronto Raptors,-1.9,0.2,-1.7,-1.954,-0.535,-1.419,473.0,320.5,-152.5,-0.744,-0.751,0.007,363.0,379.5,16.5,-2.115,0.153,-2.267,470.0,191.5,-278.5,0.257,3928.0,1.036,0.174,3.29,1.989,2.365,wing,3000+
2024-2026,2025.0,203991,Clint Capela,8290.0,8306.0,0.311,-0.495,0.428,-0.066,-0.443,-0.128,-0.571,-0.034,2.068,2.034,0.002,1.99,1.992,-0.493,2.418,1.925,-0.528,2.496,1.968,clint capela,Clint Capela,Houston Rockets,-0.8,1.6,0.8,1.106,0.492,0.614,58.0,134.0,76.0,-0.217,-0.189,-0.029,242.0,249.5,7.5,1.748,1.434,0.314,25.0,39.0,14.0,9.615,3989.0,6.038,2.004,8.312,1.832,0.009,big,3000+
2024-2026,2025.0,101108,Chris Paul,8303.0,8254.0,0.312,2.291,1.013,3.305,-1.097,-1.001,-2.099,-0.777,-1.598,-2.375,0.036,-0.97,-0.934,2.328,0.043,2.371,1.515,-0.585,0.93,chris paul,Chris Paul,Toronto Raptors,-1.4,-1.4,-2.8,0.584,-0.986,1.57,121.0,401.5,280.5,1.465,-0.495,1.96,37.0,318.5,281.5,-0.439,-1.312,0.873,301.0,441.0,140.0,-3.413,4052.0,0.506,0.249,4.371,9.338,2.026,guard,3000+
2024-2026,2025.0,1631110,Jeremy Sochan,8413.0,8395.0,0.314,-0.469,-0.133,-0.601,-0.318,0.205,-0.112,-0.876,-0.448,-1.325,-0.975,-0.719,-1.695,-1.444,-0.852,-2.296,-1.345,-0.581,-1.926,jeremy sochan,Jeremy Sochan,New York Knicks,-2.6,-0.1,-2.7,-0.853,-0.945,0.092,375.0,395.0,20.0,-0.89,-1.109,0.219,397.0,428.5,31.5,-0.437,-0.122,-0.315,299.0,243.0,-56.0,2.8,4026.0,2.692,0.662,5.669,3.729,0.975,big,3000+
2024-2026,2025.0,1627936,Alex Caruso,8466.0,8423.0,0.316,-0.416,1.339,0.923,-0.285,0.427,0.143,0.174,2.948,3.122,0.231,3.74,3.971,-0.185,5.079,4.895,-0.241,4.286,4.045,alex caruso,Alex Caruso,Oklahoma City Thunder,-0.7,3.5,2.8,2.151,1.313,0.838,15.0,43.5,28.5,0.019,-0.138,0.156,198.0,236.5,38.5,3.018,3.174,-0.155,3.0,2.5,-0.5,0.317,4101.0,1.124,1.027,4.029,4.337,2.186,wing,3000+
2024-2026,2025.0,201587,Nicolas Batum,8489.0,8494.0,0.316,0.521,0.933,1.454,1.352,-0.031,1.321,0.054,-0.232,-0.178,0.316,0.513,0.829,0.837,1.446,2.283,0.575,0.701,1.276,nicolas batum,Nicolas Batum,Los Angeles Clippers,-2.1,0.0,-2.1,0.758,-0.699,1.457,99.0,359.0,260.0,0.691,-0.853,1.544,97.0,397.0,300.0,0.473,-0.03,0.504,153.0,223.5,70.5,1.298,4184.0,1.205,0.835,4.388,2.375,2.177,wing,3000+
2024-2026,2025.0,1627751,Jakob Poeltl,8549.0,8537.0,0.318,-0.1,1.103,1.003,-0.085,-0.066,-0.151,0.266,1.963,2.229,0.282,2.208,2.49,0.182,3.311,3.493,0.166,3.066,3.232,jakob poeltl,Jakob Poeltl,Toronto Raptors,0.1,0.8,0.9,1.742,0.533,1.209,29.0,128.5,99.5,0.354,0.271,0.083,148.0,153.5,5.5,2.152,0.702,1.45,13.0,106.0,93.0,6.007,4157.0,3.888,1.55,7.361,3.274,0.009,big,3000+
2024-2026,2025.0,1631323,Simone Fontecchio,8573.0,8587.0,0.318,-0.354,-0.462,-0.816,0.106,-0.009,0.098,0.301,0.379,0.68,0.067,0.235,0.302,-0.287,-0.227,-0.514,-0.052,-0.084,-0.136,simone fontecchio,Simone Fontecchio,Miami Heat,0.1,-0.2,-0.1,0.047,0.122,-0.075,216.0,191.5,-24.5,0.175,0.271,-0.097,168.0,153.5,-14.5,-0.084,-0.214,0.13,242.0,264.0,22.0,0.881,4057.0,1.526,0.39,4.437,2.369,2.955,wing,3000+
2024-2026,2025.0,1630191,Isaiah Stewart,8622.0,8659.0,0.32,-1.254,0.62,-0.633,0.144,0.216,0.36,-0.202,-0.213,-0.414,-0.527,-0.052,-0.579,-1.78,0.568,-1.212,-1.455,0.408,-1.048,isaiah stewart,Isaiah Stewart,Detroit Pistons,-1.9,0.2,-1.8,-0.411,-0.576,0.164,304.0,332.0,28.0,-0.98,-0.751,-0.229,415.0,379.5,-35.5,0.265,0.153,0.112,184.0,191.5,7.5,4.83,4171.0,2.589,2.002,5.99,2.261,1.07,big,3000+
2024-2026,2025.0,1628379,Luke Kennard,8652.0,8688.0,0.32,-0.527,-0.673,-1.199,0.05,-0.036,0.015,1.019,-1.258,-0.239,0.728,-1.365,-0.637,0.201,-2.037,-1.836,0.493,-1.93,-1.438,luke kennard,Luke Kennard,Los Angeles Lakers,-0.5,-1.4,-1.8,-0.608,-0.576,-0.032,337.0,332.0,-5.0,0.623,-0.035,0.659,113.0,207.5,94.5,-1.395,-1.312,-0.082,444.0,441.0,-3.0,-1.585,4153.0,0.693,0.13,3.45,4.551,2.921,guard,3000+
2024-2026,2025.0,203992,Bogdan Bogdanović,8663.0,8651.0,0.321,0.031,-0.484,-0.453,-0.224,-0.008,-0.232,0.369,0.552,0.921,0.409,0.501,0.91,0.44,0.017,0.457,0.399,0.069,0.468,bogdan bogdanovic,Bogdan Bogdanovic,Los Angeles Clippers,-0.5,-0.3,-0.9,0.351,-0.206,0.557,161.0,254.0,93.0,0.546,-0.035,0.582,120.0,207.5,87.5,0.024,-0.305,0.33,223.0,280.0,57.0,-1.098,4200.0,0.711,0.343,3.489,3.806,3.24,guard,3000+
2024-2026,2025.0,203994,Jusuf Nurkić,8723.0,8691.0,0.322,0.078,1.15,1.228,0.139,1.126,1.265,-0.137,2.542,2.405,0.195,2.673,2.868,0.272,3.823,4.095,-0.059,3.692,3.633,jusuf nurkic,Jusuf Nurkic,Utah Jazz,-1.3,1.6,0.3,1.944,0.287,1.657,22.0,166.5,144.5,0.169,-0.444,0.613,170.0,308.5,138.5,2.597,1.434,1.162,5.0,39.0,34.0,5.002,4224.0,3.537,1.159,10.611,5.216,0.673,big,3000+
2024-2026,2025.0,1630163,LaMelo Ball,8727.0,8659.0,0.322,0.643,-0.169,0.474,1.163,-0.357,0.806,1.341,-0.177,1.164,1.571,-0.351,1.221,2.215,-0.52,1.695,1.984,-0.346,1.638,lamelo ball,LaMelo Ball,Charlotte Hornets,5.9,-0.9,5.0,0.94,2.216,-1.276,75.0,10.5,-64.5,1.852,3.237,-1.385,22.0,7.0,-15.0,-0.27,-0.854,0.584,277.0,385.5,108.5,-3.285,4231.0,1.2,0.289,4.688,8.815,4.433,guard,3000+
2024-2026,2025.0,1631222,Jake LaRavia,8728.0,8743.0,0.322,-0.666,0.532,-0.134,0.572,-0.002,0.57,0.811,-0.534,0.277,0.614,0.034,0.648,-0.052,0.566,0.514,0.145,-0.002,0.143,jake laravia,Jake LaRavia,Los Angeles Lakers,-0.4,-0.2,-0.6,0.188,-0.083,0.271,195.0,230.5,35.5,0.337,0.016,0.321,151.0,195.0,44.0,-0.026,-0.214,0.188,231.0,264.0,33.0,1.789,4223.0,2.191,0.622,3.887,3.077,1.628,wing,3000+
2024-2026,2025.0,202685,Jonas Valančiūnas,8737.0,8726.0,0.323,0.921,0.653,1.574,0.866,-0.286,0.58,0.423,0.985,1.409,0.733,1.205,1.937,1.654,1.858,3.511,1.344,1.638,2.983,jonas valanciunas,Jonas Valanciunas,Denver Nuggets,0.4,-1.3,-0.9,1.617,-0.206,1.823,32.0,254.0,222.0,1.325,0.425,0.9,43.0,129.5,86.5,1.139,-1.221,2.359,59.0,430.0,371.0,6.349,4321.0,4.007,1.258,9.964,3.458,0.442,big,3000+
2024-2026,2025.0,1627749,Dejounte Murray,8753.0,8748.0,0.323,0.745,0.263,1.008,-0.145,0.065,-0.079,0.264,-1.005,-0.741,0.374,-1.093,-0.719,1.119,-0.83,0.29,1.009,-0.742,0.268,dejounte murray,Dejounte Murray,New Orleans Pelicans,0.5,-0.5,0.0,0.25,0.163,0.087,185.0,185.0,0.0,1.049,0.476,0.573,67.0,119.5,52.5,-0.551,-0.488,-0.063,328.0,318.5,-9.5,-1.84,4184.0,0.714,0.336,5.231,7.047,2.34,guard,3000+
2024-2026,2025.0,1630182,Josh Green,8757.0,8741.0,0.323,-0.559,-0.217,-0.776,0.412,0.251,0.663,0.175,0.553,0.728,0.072,0.439,0.511,-0.487,0.223,-0.265,-0.384,0.336,-0.048,josh green,Josh Green,Charlotte Hornets,-1.0,0.9,-0.2,0.092,0.081,0.01,208.0,198.0,-10.0,-0.099,-0.291,0.192,217.0,279.0,62.0,0.214,0.794,-0.579,194.0,92.0,-102.0,0.274,4302.0,1.18,0.251,2.653,2.385,1.9,wing,3000+
2024-2026,2025.0,1642264,Stephon Castle,8759.0,8739.0,0.323,0.983,-0.265,0.719,0.792,0.085,0.877,0.279,0.278,0.557,0.794,0.162,0.956,1.777,-0.103,1.674,1.262,0.013,1.275,stephon castle,Stephon Castle,San Antonio Spurs,1.5,0.9,2.4,0.757,1.149,-0.391,100.0,59.5,-40.5,1.257,0.987,0.27,51.0,67.5,16.5,-0.015,0.794,-0.809,229.0,92.0,-137.0,-1.01,4198.0,1.604,0.352,4.048,7.152,1.509,guard,3000+
2024-2026,2025.0,1627827,Dorian Finney-Smith,8770.0,8788.0,0.323,-0.262,-0.085,-0.347,1.448,0.426,1.874,0.593,1.294,1.887,0.633,1.049,1.682,0.37,0.964,1.335,0.33,1.209,1.539,dorian finney smith,Dorian Finney-Smith,Houston Rockets,-1.6,0.6,-1.0,0.89,-0.247,1.137,78.0,262.5,184.5,0.49,-0.598,1.087,122.0,341.5,219.5,0.834,0.519,0.315,93.0,142.0,49.0,1.608,4371.0,1.845,0.552,3.566,1.919,2.248,wing,3000+
2024-2026,2025.0,201143,Al Horford,8822.0,8830.0,0.325,1.832,1.078,2.91,0.517,-0.063,0.454,-0.004,-0.739,-0.743,0.816,-0.271,0.545,2.648,0.806,3.455,1.829,0.339,2.167,al horford,Al Horford,Golden State Warriors,-0.5,-0.1,-0.6,1.206,-0.083,1.289,50.0,230.5,180.5,1.723,-0.035,1.759,29.0,207.5,178.5,0.216,-0.122,0.338,192.0,243.0,51.0,2.334,4372.0,1.688,1.35,6.554,3.392,2.437,big,3000+
2024-2026,2025.0,1630703,Scoot Henderson,8857.0,8823.0,0.326,0.168,-0.667,-0.499,0.331,0.087,0.418,-0.409,-1.29,-1.699,-0.44,-1.386,-1.826,-0.272,-2.053,-2.324,-0.241,-1.957,-2.197,scoot henderson,Scoot Henderson,Portland Trail Blazers,-1.0,-0.4,-1.4,-0.99,-0.411,-0.578,399.0,292.0,-107.0,0.019,-0.291,0.31,197.0,279.0,82.0,-1.413,-0.397,-1.017,446.0,298.5,-147.5,-1.925,4272.0,1.037,0.295,2.941,6.598,2.098,guard,3000+
2024-2026,2025.0,1629655,Daniel Gafford,8879.0,8869.0,0.326,-0.938,0.977,0.039,-0.343,-0.561,-0.904,0.256,1.067,1.323,0.212,1.195,1.408,-0.726,2.172,1.447,-0.682,2.044,1.363,daniel gafford,Daniel Gafford,Dallas Mavericks,0.4,0.2,0.6,0.801,0.41,0.392,93.0,145.5,52.5,-0.344,0.425,-0.769,269.0,129.5,-139.5,1.427,0.153,1.274,35.0,191.5,156.5,7.969,4235.0,4.148,2.754,7.14,2.151,0.0,big,3000+
2024-2026,2025.0,1630172,Patrick Williams,8932.0,8948.0,0.327,-0.683,-0.366,-1.049,-0.257,0.164,-0.093,-1.235,0.174,-1.06,-1.299,-0.07,-1.369,-1.981,-0.436,-2.418,-1.917,-0.192,-2.109,patrick williams,Patrick Williams,Chicago Bulls,-3.6,-0.2,-3.8,-0.945,-1.397,0.451,388.0,452.5,64.5,-1.361,-1.62,0.259,458.0,465.0,7.0,-0.16,-0.214,0.053,259.0,264.0,5.0,1.07,4224.0,1.176,0.776,4.091,2.514,2.131,wing,3000+
2024-2026,2025.0,1631165,Keon Ellis,8950.0,8955.0,0.328,-0.888,1.113,0.225,-0.153,-0.026,-0.178,0.513,-0.237,0.276,0.505,0.526,1.031,-0.382,1.639,1.257,-0.375,0.876,0.501,keon ellis,Keon Ellis,Cleveland Cavaliers,-0.6,0.9,0.3,0.368,0.287,0.081,159.0,166.5,7.5,-0.091,-0.086,-0.005,215.0,221.5,6.5,0.597,0.794,-0.196,127.0,92.0,-35.0,0.915,4399.0,1.064,1.129,2.791,2.267,2.455,wing,3000+
2024-2026,2025.0,1630541,Moses Moody,8955.0,8972.0,0.328,-0.744,-0.163,-0.907,-0.563,-0.074,-0.638,-0.21,1.263,1.053,-0.065,1.336,1.27,-0.809,1.172,0.363,-0.953,1.099,0.146,moses moody,Moses Moody,Golden State Warriors,0.5,1.8,2.3,0.189,1.108,-0.918,192.0,66.5,-125.5,-0.567,0.476,-1.043,320.0,119.5,-200.5,0.756,1.617,-0.861,100.0,28.0,-72.0,0.967,4354.0,1.389,0.736,3.448,2.075,2.886,wing,3000+
2024-2026,2025.0,1630534,Ochai Agbaji,9009.0,9030.0,0.329,-1.243,-0.326,-1.569,0.163,-0.032,0.131,-0.704,-0.24,-0.943,-1.167,-0.458,-1.625,-2.409,-0.784,-3.193,-1.946,-0.566,-2.512,ochai agbaji,Ochai Agbaji,Brooklyn Nets,-2.3,0.1,-2.2,-1.148,-0.74,-0.408,420.0,370.0,-50.0,-1.385,-0.956,-0.429,460.0,411.5,-48.5,-0.426,0.061,-0.487,298.0,210.0,-88.0,1.69,4358.0,1.495,0.752,3.453,1.883,1.627,wing,3000+
2024-2026,2025.0,1630180,Saddiq Bey,9015.0,8993.0,0.329,0.029,-0.582,-0.553,0.267,-0.086,0.18,0.623,-1.565,-0.942,0.796,-1.832,-1.036,0.825,-2.414,-1.589,0.652,-2.147,-1.495,saddiq bey,Saddiq Bey,New Orleans Pelicans,1.8,-0.9,0.9,-0.636,0.533,-1.169,342.0,128.5,-213.5,0.755,1.141,-0.386,93.0,57.5,-35.5,-1.548,-0.854,-0.694,455.0,385.5,-69.5,1.842,4306.0,2.408,0.15,4.373,2.291,2.207,wing,3000+
2024-2026,2025.0,1630598,Aaron Wiggins,9081.0,9109.0,0.331,-0.662,-0.328,-0.99,0.287,-0.02,0.267,1.184,0.411,1.596,0.959,0.433,1.392,0.297,0.105,0.402,0.523,0.083,0.606,aaron wiggins,Aaron Wiggins,Oklahoma City Thunder,-0.6,0.2,-0.3,0.421,0.04,0.38,148.0,206.0,58.0,0.648,-0.086,0.734,108.0,221.5,113.5,0.035,0.153,-0.118,221.0,191.5,-29.5,0.957,4389.0,1.493,0.533,4.085,2.699,2.362,wing,3000+
2024-2026,2025.0,1630173,Precious Achiuwa,9158.0,9221.0,0.333,-1.112,0.404,-0.708,-0.061,-0.452,-0.513,-0.449,0.372,-0.077,-0.678,0.453,-0.225,-1.789,0.856,-0.933,-1.561,0.775,-0.785,precious achiuwa,Precious Achiuwa,Sacramento Kings,-1.2,-0.1,-1.3,-0.279,-0.37,0.091,277.0,286.5,9.5,-1.067,-0.393,-0.674,430.0,296.5,-133.5,0.526,-0.122,0.648,145.0,243.0,98.0,5.751,4541.0,3.718,1.268,6.556,2.006,0.499,big,3000+
2024-2026,2025.0,1626156,D'Angelo Russell,9274.0,9270.0,0.336,0.372,-0.329,0.043,-0.126,0.13,0.004,0.03,0.276,0.305,0.336,0.255,0.591,0.708,-0.074,0.634,0.401,-0.053,0.348,dangelo russell,D'Angelo Russell,Washington Wizards,0.2,-0.1,0.1,0.291,0.204,0.086,175.0,179.5,4.5,0.548,0.323,0.225,119.0,144.5,25.5,-0.062,-0.122,0.06,237.0,243.0,6.0,-2.846,4458.0,0.452,0.493,3.254,7.131,3.004,guard,3000+
2024-2026,2025.0,1631260,AJ Green,9281.0,9284.0,0.336,-0.752,-0.736,-1.488,0.183,0.456,0.639,0.312,1.787,2.099,0.23,1.54,1.77,-0.522,0.804,0.282,-0.44,1.051,0.611,aj green,AJ Green,Milwaukee Bucks,0.7,-0.3,0.4,0.423,0.328,0.096,147.0,156.5,9.5,-0.145,0.578,-0.723,227.0,108.0,-119.0,0.722,-0.305,1.027,106.0,280.0,174.0,-1.06,4547.0,0.443,0.15,3.127,2.296,3.61,guard,3000+
2024-2026,2025.0,1630174,Aaron Nesmith,9320.0,9306.0,0.337,-0.825,-0.046,-0.871,0.524,-0.257,0.268,1.369,-1.004,0.365,1.184,-1.031,0.153,0.358,-1.077,-0.718,0.544,-1.05,-0.506,aaron nesmith,Aaron Nesmith,Indiana Pacers,0.7,-0.2,0.6,-0.139,0.41,-0.548,249.0,145.5,-103.5,0.666,0.578,0.087,105.0,108.0,3.0,-0.77,-0.214,-0.556,366.0,264.0,-102.0,1.044,4450.0,1.197,0.72,3.98,2.006,2.662,wing,3000+
2024-2026,2025.0,1630529,Herbert Jones,9322.0,9289.0,0.337,-0.628,1.305,0.676,0.43,0.569,1.0,0.576,1.478,2.054,0.637,1.955,2.592,0.008,3.26,3.269,-0.053,2.783,2.731,herbert jones,Herbert Jones,New Orleans Pelicans,-0.4,2.0,1.6,1.49,0.82,0.67,38.0,94.0,56.0,0.174,0.016,0.159,169.0,195.0,26.0,1.951,1.801,0.151,17.0,23.0,6.0,0.507,4559.0,1.129,0.774,3.135,3.309,1.706,wing,3000+
2024-2026,2025.0,1630583,Santi Aldama,9374.0,9428.0,0.338,-0.548,-0.282,-0.829,0.178,-0.221,-0.044,0.37,-0.583,-0.214,0.086,-0.847,-0.761,-0.462,-1.128,-1.59,-0.178,-0.865,-1.043,santi aldama,Santi Aldama,Memphis Grizzlies,0.3,-0.4,-0.1,-0.409,0.122,-0.531,303.0,191.5,-111.5,0.071,0.374,-0.303,189.0,138.0,-51.0,-0.638,-0.397,-0.242,345.0,298.5,-46.5,2.004,4476.0,1.874,0.917,6.611,3.635,2.381,big,3000+
2024-2026,2025.0,1628392,Isaiah Hartenstein,9412.0,9384.0,0.339,-0.473,1.417,0.944,0.375,0.486,0.861,1.213,1.962,3.174,1.199,2.535,3.734,0.726,3.952,4.678,0.739,3.379,4.118,isaiah hartenstein,Isaiah Hartenstein,Oklahoma City Thunder,1.2,2.4,3.7,2.188,1.682,0.505,13.0,27.0,14.0,0.826,0.834,-0.008,86.0,82.0,-4.0,2.374,2.167,0.207,8.0,12.0,4.0,6.14,4628.0,4.325,1.424,8.743,4.457,0.008,big,3000+
2024-2026,2025.0,1630171,Isaac Okoro,9524.0,9519.0,0.342,-0.801,-0.301,-1.103,0.476,0.157,0.633,0.578,0.391,0.97,0.447,0.198,0.644,-0.355,-0.103,-0.458,-0.223,0.09,-0.133,isaac okoro,Isaac Okoro,Chicago Bulls,-0.4,-0.5,-0.9,0.049,-0.206,0.255,214.0,254.0,40.0,0.034,0.016,0.018,193.0,195.0,2.0,0.04,-0.488,0.528,218.0,318.5,100.5,0.977,4644.0,1.434,0.612,2.512,2.326,1.651,wing,3000+
2024-2026,2025.0,1630591,Jalen Suggs,9525.0,9504.0,0.342,-0.482,1.149,0.666,-0.79,0.735,-0.055,-0.218,1.889,1.671,-0.301,2.37,2.069,-0.783,3.519,2.736,-0.701,3.038,2.337,jalen suggs,Jalen Suggs,Orlando Magic,-0.4,2.8,2.4,1.292,1.149,0.143,48.0,59.5,11.5,-0.359,0.016,-0.375,274.0,195.0,-79.0,2.132,2.533,-0.401,14.0,7.0,-7.0,-0.716,4600.0,0.837,0.939,3.78,5.056,2.747,guard,3000+
2024-2026,2025.0,1630198,Isaiah Joe,9557.0,9537.0,0.342,-0.621,-0.753,-1.374,-0.467,0.059,-0.408,1.195,0.323,1.518,1.019,0.078,1.097,0.399,-0.675,-0.277,0.574,-0.43,0.145,isaiah joe,Isaiah Joe,Oklahoma City Thunder,1.7,0.8,2.5,0.189,1.19,-1.001,193.0,54.5,-138.5,0.69,1.089,-0.399,98.0,62.0,-36.0,-0.329,0.702,-1.031,283.0,106.0,-177.0,-0.638,4556.0,0.838,0.332,3.564,2.465,4.109,guard,3000+
2024-2026,2025.0,203897,Zach LaVine,9677.0,9691.0,0.345,1.093,-0.554,0.539,-0.378,0.193,-0.185,-0.352,-1.864,-2.216,0.218,-2.269,-2.051,1.312,-2.823,-1.512,0.742,-2.419,-1.677,zach lavine,Zach LaVine,Sacramento Kings,0.1,-1.8,-1.6,-0.728,-0.494,-0.235,356.0,309.5,-46.5,0.828,0.271,0.557,85.0,153.5,68.5,-1.741,-1.678,-0.063,463.0,461.0,-2.0,-1.415,4708.0,0.291,0.229,3.93,3.8,3.036,guard,3000+
2024-2026,2025.0,203932,Aaron Gordon,9690.0,9677.0,0.346,0.258,-0.066,0.192,-0.51,0.674,0.165,0.724,0.71,1.434,1.237,0.525,1.762,1.495,0.459,1.954,0.982,0.644,1.626,aaron gordon,Aaron Gordon,Denver Nuggets,1.8,1.0,2.8,0.934,1.313,-0.379,76.0,43.5,-32.5,1.026,1.141,-0.114,72.0,57.5,-14.5,0.433,0.885,-0.452,164.0,82.0,-82.0,1.75,4746.0,2.314,0.523,4.718,3.937,1.335,wing,3000+
2024-2026,2025.0,1629611,Terance Mann,9697.0,9716.0,0.346,-1.025,-0.105,-1.131,0.749,0.046,0.795,0.339,-1.356,-1.017,0.331,-1.29,-0.959,-0.694,-1.396,-2.09,-0.687,-1.461,-2.148,terance mann,Terance Mann,Brooklyn Nets,-0.9,-0.9,-1.8,-0.965,-0.576,-0.39,393.0,332.0,-61.0,-0.348,-0.24,-0.108,270.0,264.5,-5.5,-1.062,-0.854,-0.207,410.0,385.5,-24.5,0.811,4822.0,1.68,0.336,3.195,3.21,1.396,wing,3000+
2024-2026,2025.0,1631212,Peyton Watson,9744.0,9717.0,0.347,-0.769,0.04,-0.729,0.315,-0.16,0.155,0.232,0.056,0.287,0.188,0.092,0.28,-0.581,0.133,-0.448,-0.537,0.096,-0.441,peyton watson,Peyton Watson,Denver Nuggets,-0.9,-0.1,-1.0,-0.106,-0.247,0.141,240.0,262.5,22.5,-0.225,-0.24,0.015,243.0,264.5,21.5,0.044,-0.122,0.166,217.0,243.0,26.0,2.732,4742.0,1.154,1.837,4.578,2.209,1.321,big,3000+
2024-2026,2025.0,1629631,De'Andre Hunter,9745.0,9731.0,0.347,-0.523,-0.691,-1.215,-0.406,-0.182,-0.588,0.794,-0.119,0.675,0.695,-0.574,0.121,0.172,-1.266,-1.094,0.271,-0.811,-0.54,deandre hunter,De'Andre Hunter,Sacramento Kings,-0.1,-0.8,-0.9,-0.156,-0.206,0.05,254.0,254.0,0.0,0.441,0.169,0.272,131.0,171.5,40.5,-0.6,-0.763,0.163,334.0,372.5,38.5,0.265,4601.0,0.822,0.274,4.382,2.105,2.731,wing,3000+
2024-2026,2025.0,1627747,Caris LeVert,9794.0,9807.0,0.348,-0.145,-0.192,-0.337,-0.011,0.012,0.001,0.262,0.146,0.408,0.225,0.274,0.499,0.08,0.082,0.162,0.117,-0.046,0.071,caris levert,Caris LeVert,Detroit Pistons,-1.8,0.2,-1.5,0.151,-0.452,0.604,199.0,299.0,100.0,0.314,-0.7,1.014,155.0,364.5,209.5,-0.057,0.153,-0.21,236.0,191.5,-44.5,-0.838,4703.0,0.788,0.827,3.804,5.511,2.097,guard,3000+
2024-2026,2025.0,201144,Mike Conley,9877.0,9900.0,0.35,1.547,0.765,2.312,-1.742,0.235,-1.507,-0.598,0.298,-0.3,-0.11,0.913,0.803,1.437,1.678,3.115,0.949,1.063,2.012,mike conley,Mike Conley,Minnesota Timberwolves,-0.6,0.0,-0.6,1.128,-0.083,1.211,55.0,230.5,175.5,0.999,-0.086,1.085,73.0,221.5,148.5,0.73,-0.03,0.761,104.0,223.5,119.5,-2.577,4939.0,0.634,0.328,2.959,6.742,2.639,guard,3000+
2024-2026,2025.0,1631101,Shaedon Sharpe,9917.0,9912.0,0.351,0.253,-0.765,-0.512,0.199,-0.021,0.178,-0.295,-0.915,-1.21,-0.263,-1.283,-1.546,-0.01,-2.048,-2.058,-0.042,-1.68,-1.722,shaedon sharpe,Shaedon Sharpe,Portland Trail Blazers,-0.2,-0.5,-0.7,-0.751,-0.124,-0.627,362.0,237.0,-125.0,0.183,0.118,0.065,166.0,179.5,13.5,-1.217,-0.488,-0.729,431.0,318.5,-112.5,0.158,4777.0,1.213,0.256,4.069,3.195,2.336,wing,3000+
2024-2026,2025.0,1628971,Bruce Brown,9922.0,9950.0,0.351,-0.79,-0.215,-1.005,0.11,-0.053,0.057,0.078,-1.454,-1.376,-0.177,-1.661,-1.838,-0.967,-1.876,-2.843,-0.711,-1.67,-2.381,bruce brown,Bruce Brown,Denver Nuggets,-2.2,-0.6,-2.8,-1.082,-0.986,-0.096,412.0,401.5,-10.5,-0.368,-0.904,0.536,281.0,404.0,123.0,-1.21,-0.58,-0.63,430.0,338.5,-91.5,0.915,4782.0,1.34,0.354,4.427,3.388,1.031,wing,3000+
2024-2026,2025.0,1641709,Ausar Thompson,9956.0,9931.0,0.352,-0.812,1.042,0.23,0.599,0.046,0.645,0.526,2.252,2.779,0.321,2.696,3.017,-0.49,3.738,3.248,-0.285,3.295,3.009,ausar thompson,Ausar Thompson,Detroit Pistons,0.5,3.4,3.9,1.63,1.764,-0.135,31.0,24.5,-6.5,-0.017,0.476,-0.493,204.0,119.5,-84.5,2.314,3.082,-0.768,9.0,4.0,-5.0,3.901,4814.0,2.916,1.256,5.482,3.604,0.284,big,3000+
2024-2026,2025.0,1628374,Lauri Markkanen,9961.0,9960.0,0.352,0.536,-0.364,0.172,0.162,0.379,0.542,0.926,1.599,2.524,1.124,1.033,2.157,1.66,0.669,2.329,1.462,1.235,2.696,lauri markkanen,Lauri Markkanen,Utah Jazz,3.7,0.8,4.5,1.472,2.011,-0.538,40.0,15.0,-25.0,1.421,2.112,-0.691,39.0,16.0,-23.0,0.852,0.702,0.15,92.0,106.0,14.0,1.956,4742.0,2.111,0.486,5.603,2.042,3.249,wing,3000+
2024-2026,2025.0,1626171,Bobby Portis,9975.0,9985.0,0.352,-0.209,-0.894,-1.102,0.285,-0.656,-0.371,0.141,-1.545,-1.404,0.24,-2.113,-1.874,0.031,-3.007,-2.976,-0.068,-2.438,-2.506,bobby portis,Bobby Portis,Milwaukee Bucks,-0.7,-1.4,-2.1,-1.145,-0.699,-0.446,419.0,359.0,-60.0,0.162,-0.138,0.299,172.0,236.5,64.5,-1.755,-1.312,-0.443,465.0,441.0,-24.0,3.355,4872.0,2.372,0.532,8.313,2.313,2.217,big,3000+
2024-2026,2025.0,1629028,Deandre Ayton,9995.0,10016.0,0.353,-0.451,0.731,0.281,-1.68,-0.188,-1.868,-0.983,-0.036,-1.019,-0.847,-0.153,-1.0,-1.297,0.578,-0.719,-1.434,0.695,-0.738,deandre ayton,Deandre Ayton,Los Angeles Lakers,-1.5,-0.6,-2.1,-0.256,-0.699,0.443,272.0,359.0,87.0,-0.963,-0.547,-0.416,411.0,329.0,-82.0,0.469,-0.58,1.049,155.0,338.5,183.5,6.234,4956.0,3.523,1.097,8.027,1.547,0.051,big,3000+
2024-2026,2025.0,1642267,Bub Carrington,9998.0,9999.0,0.353,0.369,-0.476,-0.108,-0.431,-0.113,-0.543,-1.843,-1.302,-3.146,-1.772,-1.423,-3.195,-1.404,-1.899,-3.302,-1.475,-1.779,-3.253,bub carrington,Bub Carrington,Washington Wizards,-2.5,-1.8,-4.3,-1.521,-1.602,0.081,458.0,460.5,2.5,-0.997,-1.058,0.061,422.0,423.0,1.0,-1.287,-1.678,0.392,436.0,461.0,25.0,-1.721,4728.0,0.503,0.289,4.195,5.673,2.338,guard,3000+
2024-2026,2025.0,1628989,Kevin Huerter,10005.0,9949.0,0.353,-0.42,-0.045,-0.465,0.666,-0.069,0.596,0.687,0.314,1.002,0.589,0.34,0.93,0.17,0.296,0.465,0.267,0.269,0.537,kevin huerter,Kevin Huerter,Detroit Pistons,0.6,0.8,1.4,0.386,0.738,-0.352,154.0,106.5,-47.5,0.438,0.527,-0.089,132.0,113.0,-19.0,0.167,0.702,-0.535,203.0,106.0,-97.0,-0.307,4794.0,0.766,0.593,4.258,3.755,2.666,guard,3000+
2024-2026,2025.0,202331,Paul George,10038.0,10015.0,0.354,2.049,1.282,3.331,-0.764,0.087,-0.678,-0.299,1.199,0.9,0.797,1.996,2.793,2.845,3.279,6.124,1.75,2.482,4.231,paul george,Paul George,Philadelphia 76ers,0.7,1.0,1.7,2.245,0.861,1.384,11.0,89.0,78.0,1.658,0.578,1.08,32.0,108.0,76.0,1.737,0.885,0.852,26.0,82.0,56.0,-0.663,4966.0,0.587,0.529,5.234,4.154,3.182,guard,3000+
2024-2026,2025.0,1630557,Corey Kispert,10052.0,10047.0,0.354,-0.707,-0.897,-1.604,-0.432,-0.041,-0.473,-0.679,-1.46,-2.139,-0.811,-1.781,-2.592,-1.519,-2.678,-4.197,-1.386,-2.357,-3.743,corey kispert,Corey Kispert,Atlanta Hawks,-0.7,-1.4,-2.1,-1.768,-0.699,-1.069,471.0,359.0,-112.0,-0.923,-0.138,-0.786,404.0,236.5,-167.5,-1.698,-1.312,-0.386,461.0,441.0,-20.0,-0.503,4751.0,0.705,0.296,3.372,2.66,2.963,guard,3000+
2024-2026,2025.0,1627741,Buddy Hield,10078.0,10018.0,0.354,0.112,-0.323,-0.211,-0.548,-0.205,-0.753,0.102,-0.465,-0.363,0.159,-0.537,-0.378,0.27,-0.86,-0.589,0.214,-0.788,-0.574,buddy hield,Buddy Hield,Atlanta Hawks,-0.7,-1.1,-1.8,-0.173,-0.576,0.403,257.0,332.0,75.0,0.394,-0.138,0.532,140.0,236.5,96.5,-0.584,-1.038,0.454,332.0,405.0,73.0,-0.393,4846.0,1.033,0.55,3.789,3.276,3.685,guard,3000+
2024-2026,2025.0,202710,Jimmy Butler III,10088.0,10047.0,0.355,2.345,0.251,2.597,-1.778,0.438,-1.34,0.438,0.65,1.088,1.328,0.763,2.091,3.674,1.014,4.688,2.784,0.901,3.685,jimmy butler,Jimmy Butler III,Golden State Warriors,3.5,0.9,4.4,1.97,1.97,0.0,21.0,16.0,-5.0,2.51,2.01,0.5,13.0,20.5,7.5,0.615,0.794,-0.178,123.0,92.0,-31.0,0.528,4974.0,2.302,0.311,3.669,5.653,0.897,wing,3000+
2024-2026,2025.0,1641710,Anthony Black,10127.0,10141.0,0.356,-0.096,0.176,0.079,-0.24,0.014,-0.225,-0.606,1.086,0.48,-0.634,1.302,0.668,-0.73,1.477,0.747,-0.702,1.262,0.56,anthony black,Anthony Black,Orlando Magic,-0.7,1.0,0.3,0.397,0.287,0.111,153.0,166.5,13.5,-0.36,-0.138,-0.223,276.0,236.5,-39.5,0.871,0.885,-0.014,88.0,82.0,-6.0,0.198,4957.0,0.959,0.828,3.493,4.118,1.445,wing,3000+
2024-2026,2025.0,1627752,Taurean Prince,10142.0,10125.0,0.356,-0.279,-0.089,-0.368,0.883,-0.35,0.534,0.04,-0.571,-0.531,0.346,-0.449,-0.103,0.067,-0.538,-0.471,-0.239,-0.66,-0.899,taurean prince,Taurean Prince,Milwaukee Bucks,-1.3,-1.4,-2.8,-0.337,-0.986,0.65,286.0,401.5,115.5,0.021,-0.444,0.465,196.0,308.5,112.5,-0.493,-1.312,0.82,314.0,441.0,127.0,-0.169,4890.0,0.434,0.412,3.968,2.356,2.569,guard,3000+
2024-2026,2025.0,1630200,Tre Jones,10201.0,10196.0,0.357,-0.448,-0.29,-0.738,-0.995,-0.346,-1.342,0.065,0.156,0.22,-0.207,-0.054,-0.261,-0.656,-0.343,-0.999,-0.384,-0.134,-0.518,tre jones,Tre Jones,Chicago Bulls,1.3,0.1,1.4,-0.145,0.738,-0.883,251.0,106.5,-144.5,-0.098,0.885,-0.983,216.0,77.5,-138.5,-0.12,0.061,-0.181,250.0,210.0,-40.0,-1.938,4793.0,0.954,0.225,3.62,7.661,0.931,guard,3000+
2024-2026,2025.0,1629661,Cameron Johnson,10233.0,10175.0,0.358,0.385,0.048,0.433,0.233,0.051,0.284,0.852,0.236,1.088,0.962,0.167,1.128,1.347,0.214,1.561,1.238,0.283,1.521,cameron johnson,Cameron Johnson,Denver Nuggets,2.3,0.0,2.3,0.881,1.108,-0.226,79.0,66.5,-12.5,1.237,1.396,-0.159,52.0,40.5,-11.5,0.177,-0.03,0.207,199.0,223.5,24.5,-0.116,5048.0,1.084,0.435,3.937,3.309,2.903,wing,3000+
2024-2026,2025.0,1628381,John Collins,10235.0,10211.0,0.358,-0.898,0.751,-0.147,-0.912,-0.559,-1.471,0.201,-1.059,-0.857,0.179,-0.794,-0.615,-0.719,-0.043,-0.762,-0.696,-0.308,-1.004,john collins,John Collins,Los Angeles Clippers,-0.6,-0.6,-1.1,-0.389,-0.288,-0.101,298.0,271.0,-27.0,-0.356,-0.086,-0.269,273.0,221.5,-51.5,-0.243,-0.58,0.337,273.0,338.5,65.5,4.149,4988.0,2.569,1.097,6.589,1.638,1.689,big,3000+
2024-2026,2025.0,1629627,Zion Williamson,10242.0,10240.0,0.358,0.415,-0.492,-0.077,-0.133,-0.047,-0.18,0.483,-0.999,-0.516,0.639,-1.337,-0.698,1.054,-1.829,-0.775,0.898,-1.491,-0.593,zion williamson,Zion Williamson,New Orleans Pelicans,1.9,0.0,1.9,-0.183,0.943,-1.126,259.0,82.0,-177.0,0.957,1.192,-0.235,77.0,52.5,-24.5,-1.083,-0.03,-1.052,413.0,223.5,-189.5,1.964,4906.0,2.37,0.792,4.784,5.21,0.073,wing,3000+
2024-2026,2025.0,1627884,Derrick Jones Jr.,10259.0,10251.0,0.359,-0.967,0.398,-0.57,0.381,-0.111,0.27,0.373,0.539,0.912,0.347,0.76,1.106,-0.621,1.157,0.536,-0.595,0.937,0.342,derrick jones,Derrick Jones Jr.,Los Angeles Clippers,-0.3,1.1,0.9,0.288,0.533,-0.245,178.0,128.5,-49.5,-0.272,0.067,-0.339,256.0,186.5,-69.5,0.641,0.977,-0.336,118.0,72.5,-45.5,2.282,5001.0,1.699,0.965,3.239,1.469,1.548,big,3000+
2024-2026,2025.0,1630573,Sam Hauser,10386.0,10346.0,0.361,-0.789,-0.42,-1.209,0.988,0.266,1.254,1.656,0.344,2.001,1.61,0.236,1.846,0.821,-0.183,0.638,0.867,-0.075,0.792,sam hauser,Sam Hauser,Boston Celtics,2.0,0.2,2.2,0.514,1.067,-0.552,134.0,71.5,-62.5,0.932,1.243,-0.311,79.0,49.0,-30.0,-0.078,0.153,-0.23,239.0,191.5,-47.5,0.332,5217.0,1.001,0.421,4.52,1.794,3.871,wing,3000+
2024-2026,2025.0,203924,Jerami Grant,10442.0,10468.0,0.363,0.945,0.157,1.102,-0.663,-0.194,-0.858,-0.739,-1.711,-2.449,-0.518,-1.615,-2.133,0.427,-1.457,-1.031,0.206,-1.553,-1.347,jerami grant,Jerami Grant,Portland Trail Blazers,-0.4,-1.2,-1.6,-0.562,-0.494,-0.069,329.0,309.5,-19.5,0.387,0.016,0.372,141.0,195.0,54.0,-1.127,-1.129,0.002,421.0,418.0,-3.0,0.247,5054.0,0.841,0.826,3.091,2.671,2.529,wing,3000+
2024-2026,2025.0,203076,Anthony Davis,10468.0,10451.0,0.363,1.797,1.981,3.778,-0.195,0.527,0.332,-0.263,1.15,0.886,0.464,1.719,2.183,2.261,3.7,5.961,1.534,3.13,4.664,anthony davis,Anthony Davis,Washington Wizards,1.1,0.9,2.1,2.463,1.025,1.437,10.0,75.5,65.5,1.481,0.783,0.698,35.0,86.5,51.5,2.198,0.794,1.404,11.0,92.0,81.0,6.27,5030.0,3.113,2.297,9.569,3.6,0.53,big,3000+
2024-2026,2025.0,1630193,Immanuel Quickley,10517.0,10533.0,0.364,0.359,-0.535,-0.176,-1.211,0.209,-1.002,0.193,0.904,1.097,0.37,0.703,1.073,0.729,0.168,0.897,0.553,0.369,0.921,immanuel quickley,Immanuel Quickley,Toronto Raptors,2.1,0.2,2.3,0.579,1.108,-0.528,122.0,66.5,-55.5,0.673,1.294,-0.621,103.0,45.0,-58.0,0.238,0.153,0.085,189.0,191.5,2.5,-2.634,5139.0,0.497,0.133,4.112,6.564,3.04,guard,3000+
2024-2026,2025.0,1629639,Tyler Herro,10525.0,10493.0,0.364,1.009,-0.745,0.264,-0.167,0.204,0.037,0.307,-0.634,-0.327,0.602,-1.095,-0.493,1.611,-1.84,-0.229,1.316,-1.379,-0.063,tyler herro,Tyler Herro,Miami Heat,1.3,-1.1,0.2,0.084,0.245,-0.161,209.0,175.0,-34.0,1.301,0.885,0.416,47.0,77.5,30.5,-1.003,-1.038,0.034,402.0,405.0,3.0,-1.726,5162.0,0.474,0.223,4.959,5.217,3.257,guard,3000+
2024-2026,2025.0,1626145,Tyus Jones,10549.0,10543.0,0.365,0.107,-0.637,-0.53,-1.9,-0.536,-2.437,-0.564,-1.722,-2.287,-0.4,-2.166,-2.566,-0.294,-2.803,-3.097,-0.458,-2.359,-2.817,tyus jones,Tyus Jones,Denver Nuggets,-0.9,-1.3,-2.2,-1.301,-0.74,-0.562,436.0,370.0,-66.0,-0.159,-0.24,0.08,233.0,264.5,31.5,-1.699,-1.221,-0.478,462.0,430.0,-32.0,-3.161,5086.0,0.51,0.205,2.683,7.595,2.208,guard,3000+
2024-2026,2025.0,1629014,Anfernee Simons,10571.0,10604.0,0.365,0.261,-1.252,-0.992,-0.908,-0.108,-1.016,-0.124,-0.337,-0.461,-0.191,-1.087,-1.278,0.07,-2.339,-2.269,0.136,-1.589,-1.453,anfernee simons,Anfernee Simons,Chicago Bulls,0.9,-1.3,-0.4,-0.615,-0.001,-0.614,340.0,214.0,-126.0,0.33,0.68,-0.351,153.0,97.5,-55.5,-1.153,-1.221,0.068,424.0,430.0,6.0,-2.402,5244.0,0.535,0.124,2.835,4.984,3.549,guard,3000+
2024-2026,2025.0,1630558,Davion Mitchell,10609.0,10601.0,0.366,-1.06,-0.369,-1.43,0.916,-0.05,0.866,0.713,0.358,1.071,0.341,0.12,0.461,-0.719,-0.249,-0.968,-0.347,-0.011,-0.359,davion mitchell,Davion Mitchell,Miami Heat,0.1,0.6,0.7,-0.065,0.451,-0.515,231.0,139.0,-92.0,-0.068,0.271,-0.34,211.0,153.5,-57.5,-0.032,0.519,-0.551,232.0,142.0,-90.0,-2.408,5124.0,0.604,0.211,2.543,6.674,1.623,guard,3000+
2024-2026,2025.0,1641706,Brandon Miller,10642.0,10629.0,0.367,0.326,-0.363,-0.037,0.266,0.156,0.421,-0.14,0.655,0.514,-0.102,0.412,0.309,0.224,0.049,0.273,0.186,0.292,0.478,brandon miller,Brandon Miller,Charlotte Hornets,1.3,1.3,2.6,0.356,1.231,-0.875,160.0,52.0,-108.0,0.371,0.885,-0.514,143.0,77.5,-65.5,0.183,1.16,-0.977,197.0,60.0,-137.0,0.015,5277.0,1.057,0.723,4.161,3.343,3.356,wing,3000+
2024-2026,2025.0,1627739,Kris Dunn,10677.0,10695.0,0.368,-0.5,1.19,0.69,0.33,-0.066,0.264,0.376,0.832,1.208,0.409,1.64,2.049,-0.091,2.83,2.739,-0.124,2.022,1.898,kris dunn,Kris Dunn,Los Angeles Clippers,-1.4,1.6,0.2,1.071,0.245,0.825,62.0,175.0,113.0,0.115,-0.495,0.611,181.0,318.5,137.5,1.411,1.434,-0.023,38.0,39.0,1.0,-0.43,5267.0,1.1,0.472,3.759,5.188,1.34,guard,3000+
2024-2026,2025.0,1627742,Brandon Ingram,10764.0,10734.0,0.37,0.386,-0.344,0.042,0.601,0.412,1.013,0.38,-0.077,0.303,0.514,-0.293,0.221,0.899,-0.637,0.262,0.766,-0.422,0.344,brandon ingram,Brandon Ingram,Toronto Raptors,-0.1,-0.5,-0.6,0.289,-0.083,0.372,176.0,230.5,54.5,0.848,0.169,0.679,83.0,171.5,88.5,-0.324,-0.488,0.165,282.0,318.5,36.5,-0.185,5301.0,0.835,0.72,4.964,5.025,1.793,guard,3000+
2024-2026,2025.0,1629656,Quentin Grimes,10782.0,10802.0,0.37,-0.306,-0.618,-0.924,-0.768,0.015,-0.753,-0.37,-0.123,-0.494,-0.398,-0.272,-0.67,-0.705,-0.89,-1.595,-0.677,-0.741,-1.418,quentin grimes,Quentin Grimes,Philadelphia 76ers,-0.4,0.1,-0.3,-0.598,0.04,-0.638,334.0,206.0,-128.0,-0.34,0.016,-0.355,267.0,195.0,-72.0,-0.551,0.061,-0.612,327.0,210.0,-117.0,-0.459,5252.0,0.823,0.391,3.955,3.688,2.536,guard,3000+
2024-2026,2025.0,1629018,Gary Trent Jr.,10804.0,10810.0,0.371,-0.729,-0.95,-1.679,-0.115,-0.689,-0.804,0.145,-2.195,-2.05,0.047,-2.659,-2.612,-0.682,-3.609,-4.291,-0.584,-3.145,-3.729,gary trent,Gary Trent Jr.,Milwaukee Bucks,-0.9,-1.8,-2.8,-1.76,-0.986,-0.774,470.0,401.5,-68.5,-0.263,-0.24,-0.023,253.0,264.5,11.5,-2.257,-1.678,-0.578,472.0,461.0,-11.0,-1.053,5262.0,0.363,0.116,2.531,1.95,3.291,guard,3000+
2024-2026,2025.0,1641731,Bilal Coulibaly,10888.0,10897.0,0.372,0.015,0.329,0.345,-0.142,0.013,-0.129,-1.475,-1.514,-2.988,-1.362,-1.466,-2.828,-1.347,-1.137,-2.483,-1.459,-1.184,-2.644,bilal coulibaly,Bilal Coulibaly,Washington Wizards,-1.9,-0.1,-2.1,-1.214,-0.699,-0.516,429.0,359.0,-70.0,-0.984,-0.751,-0.233,417.0,379.5,-37.5,-0.865,-0.122,-0.743,380.0,243.0,-137.0,1.498,5134.0,1.367,1.003,4.193,3.183,1.346,wing,3000+
2024-2026,2025.0,1629027,Trae Young,10934.0,10928.0,0.373,1.487,-0.997,0.491,0.048,-1.346,-1.299,0.841,-1.466,-0.626,1.124,-1.982,-0.858,2.611,-2.978,-0.367,2.328,-2.463,-0.135,trae young,Trae Young,Washington Wizards,4.5,-2.4,2.0,0.048,0.984,-0.936,215.0,79.0,-136.0,2.135,2.521,-0.386,16.0,10.5,-5.5,-1.773,-2.228,0.455,466.0,472.0,6.0,-5.451,5058.0,0.448,0.178,2.505,11.267,2.989,guard,3000+
2024-2026,2025.0,1630532,Franz Wagner,10962.0,10935.0,0.374,0.873,-0.406,0.468,0.314,0.144,0.457,0.467,2.846,3.313,0.62,2.723,3.343,1.493,2.317,3.811,1.341,2.44,3.781,franz wagner,Franz Wagner,Orlando Magic,2.4,1.7,4.1,2.018,1.847,0.172,20.0,19.0,-1.0,1.321,1.447,-0.126,44.0,38.0,-6.0,1.708,1.526,0.182,27.0,33.5,6.5,0.122,5382.0,1.144,0.401,4.876,4.455,1.645,wing,3000+
2024-2026,2025.0,1631096,Chet Holmgren,11026.0,11012.0,0.375,0.239,1.287,1.526,0.641,0.155,0.796,1.047,2.474,3.522,1.233,3.107,4.34,1.472,4.394,5.866,1.287,3.762,5.048,chet holmgren,Chet Holmgren,Oklahoma City Thunder,1.8,3.5,5.2,2.656,2.298,0.358,5.0,8.0,3.0,1.277,1.141,0.136,48.0,57.5,9.5,2.646,3.174,-0.528,4.0,2.5,-1.5,5.24,5287.0,2.09,2.669,8.26,2.574,1.777,big,3000+
2024-2026,2025.0,1628370,Malik Monk,11042.0,11009.0,0.376,-0.145,-0.68,-0.825,-0.068,0.119,0.051,0.318,-0.082,0.235,0.322,-0.342,-0.02,0.177,-1.022,-0.845,0.173,-0.763,-0.59,malik monk,Malik Monk,Sacramento Kings,0.7,-1.1,-0.5,-0.181,-0.042,-0.139,258.0,222.0,-36.0,0.36,0.578,-0.218,147.0,108.0,-39.0,-0.566,-1.038,0.472,330.0,405.0,75.0,-2.032,5291.0,0.497,0.687,3.409,6.239,2.796,guard,3000+
2024-2026,2025.0,1628976,Wendell Carter Jr.,11046.0,11037.0,0.376,-0.724,0.677,-0.046,0.073,-0.148,-0.075,-0.427,1.37,0.943,-0.383,1.512,1.129,-1.107,2.189,1.082,-1.151,2.047,0.897,wendell carter,Wendell Carter Jr.,Orlando Magic,-1.1,1.8,0.7,0.567,0.451,0.116,124.0,139.0,15.0,-0.73,-0.342,-0.388,352.0,287.0,-65.0,1.429,1.617,-0.188,34.0,28.0,-6.0,3.892,5455.0,2.805,0.779,6.764,2.528,1.142,big,3000+
2024-2026,2025.0,1631097,Bennedict Mathurin,11093.0,11102.0,0.377,-0.336,-0.702,-1.038,-0.11,0.048,-0.063,-0.016,-0.182,-0.198,-0.059,-0.527,-0.586,-0.396,-1.228,-1.624,-0.352,-0.884,-1.236,bennedict mathurin,Bennedict Mathurin,Los Angeles Clippers,-0.2,-0.3,-0.5,-0.506,-0.042,-0.464,320.0,222.0,-98.0,-0.072,0.118,-0.19,212.0,179.5,-32.5,-0.652,-0.305,-0.347,349.0,280.0,-69.0,1.169,5305.0,1.371,0.346,4.805,2.606,1.717,wing,3000+
2024-2026,2025.0,203110,Draymond Green,11095.0,11098.0,0.377,0.971,2.232,3.202,-0.343,0.678,0.336,-0.658,1.315,0.658,0.138,2.329,2.467,1.109,4.561,5.67,0.313,3.547,3.86,draymond green,Draymond Green,Golden State Warriors,-2.8,0.7,-2.1,2.058,-0.699,2.757,18.0,359.0,341.0,0.475,-1.211,1.687,125.0,438.5,313.5,2.494,0.61,1.883,6.0,125.0,119.0,0.137,5343.0,1.381,1.071,6.617,7.351,1.563,wing,3000+
2024-2026,2025.0,1631108,Max Christie,11120.0,11133.0,0.377,0.02,-0.315,-0.295,0.114,-0.411,-0.297,-0.801,-0.601,-1.402,-0.702,-0.722,-1.424,-0.682,-1.036,-1.718,-0.781,-0.915,-1.696,max christie,Max Christie,Dallas Mavericks,-1.9,-0.2,-2.1,-0.738,-0.699,-0.039,360.0,359.0,-1.0,-0.425,-0.751,0.326,291.0,379.5,88.5,-0.674,-0.214,-0.461,354.0,264.0,-90.0,0.027,5311.0,0.461,0.508,3.938,2.42,2.284,wing,3000+
2024-2026,2025.0,1629614,Andrew Nembhard,11170.0,11149.0,0.378,-0.448,-0.261,-0.709,-0.384,-0.189,-0.573,0.03,0.48,0.51,-0.091,0.226,0.134,-0.54,-0.035,-0.575,-0.418,0.219,-0.199,andrew nembhard,Andrew Nembhard,Indiana Pacers,1.1,-0.2,0.9,0.016,0.533,-0.517,221.0,128.5,-92.5,-0.127,0.783,-0.909,223.0,86.5,-136.5,0.131,-0.214,0.345,208.0,264.0,56.0,-2.433,5363.0,0.638,0.168,2.833,7.001,1.47,guard,3000+
2024-2026,2025.0,202695,Kawhi Leonard,11182.0,11173.0,0.379,2.819,0.985,3.804,1.204,0.407,1.611,0.968,0.974,1.942,2.132,1.829,3.961,4.951,2.814,7.765,3.786,1.959,5.746,kawhi leonard,Kawhi Leonard,Los Angeles Clippers,6.2,0.8,7.0,3.007,3.037,-0.03,4.0,6.0,2.0,3.335,3.39,-0.055,5.0,5.5,0.5,1.366,0.702,0.664,42.0,106.0,64.0,0.627,5596.0,1.222,0.663,5.52,3.821,2.509,wing,3000+
2024-2026,2025.0,1630230,Naji Marshall,11220.0,11274.0,0.379,-0.503,-0.166,-0.668,0.041,0.051,0.092,0.226,-0.803,-0.577,0.176,-0.861,-0.685,-0.327,-1.027,-1.354,-0.277,-0.969,-1.246,naji marshall,Naji Marshall,Dallas Mavericks,0.0,0.2,0.2,-0.511,0.245,-0.756,321.0,175.0,-146.0,-0.01,0.22,-0.231,203.0,163.5,-39.5,-0.712,0.153,-0.865,358.0,191.5,-166.5,0.531,5358.0,1.303,0.195,4.851,3.877,1.209,wing,3000+
2024-2026,2025.0,1628960,Grayson Allen,11280.0,11250.0,0.381,0.221,-0.082,0.138,-0.017,-0.076,-0.094,0.784,-1.751,-0.966,1.16,-1.635,-0.475,1.381,-1.718,-0.337,1.005,-1.833,-0.828,grayson allen,Grayson Allen,Phoenix Suns,2.7,-0.7,2.0,-0.301,0.984,-1.285,279.0,79.0,-200.0,1.045,1.601,-0.555,68.0,34.0,-34.0,-1.326,-0.671,-0.654,438.0,358.0,-80.0,-0.855,5526.0,0.775,0.502,3.42,3.642,3.342,guard,3000+
2024-2026,2025.0,1629628,RJ Barrett,11305.0,11301.0,0.381,0.179,-0.47,-0.29,0.461,0.35,0.811,0.823,0.342,1.164,0.826,-0.104,0.722,1.006,-0.574,0.432,1.002,-0.128,0.874,rj barrett,RJ Barrett,Toronto Raptors,1.2,-0.7,0.6,0.556,0.41,0.146,126.0,145.5,19.5,1.043,0.834,0.209,69.0,82.0,13.0,-0.115,-0.671,0.556,249.0,358.0,109.0,0.036,5430.0,1.12,0.385,5.383,4.614,1.943,wing,3000+
2024-2026,2025.0,1629673,Jordan Poole,11306.0,11300.0,0.381,0.345,-0.677,-0.332,-1.646,-0.145,-1.791,-1.24,-1.222,-2.462,-1.237,-1.642,-2.879,-0.892,-2.319,-3.211,-0.894,-1.9,-2.794,jordan poole,Jordan Poole,New Orleans Pelicans,-0.7,-1.4,-2.1,-1.29,-0.699,-0.591,435.0,359.0,-76.0,-0.519,-0.138,-0.381,312.0,236.5,-75.5,-1.373,-1.312,-0.061,441.0,441.0,0.0,-2.204,5285.0,0.49,0.456,2.861,5.211,3.508,guard,3000+
2024-2026,2025.0,1631114,Jalen Williams,11327.0,11313.0,0.382,0.272,0.054,0.326,-0.212,0.025,-0.187,0.376,0.989,1.365,0.487,1.169,1.656,0.76,1.223,1.983,0.648,1.043,1.691,jalen williams,Jalen Williams,Oklahoma City Thunder,1.7,1.0,2.7,0.967,1.272,-0.305,74.0,47.5,-26.5,0.751,1.089,-0.338,94.0,62.0,-32.0,0.716,0.885,-0.169,107.0,82.0,-25.0,-0.677,5401.0,0.82,0.667,4.532,5.712,1.666,guard,3000+
2024-2026,2025.0,1629012,Collin Sexton,11349.0,11353.0,0.382,0.302,-0.765,-0.464,-0.293,-0.43,-0.723,0.481,-0.419,0.062,0.491,-0.838,-0.347,0.793,-1.604,-0.811,0.783,-1.184,-0.402,collin sexton,Collin Sexton,Chicago Bulls,0.4,-1.0,-0.6,-0.086,-0.083,-0.003,237.0,230.5,-6.5,0.862,0.425,0.437,81.0,129.5,48.5,-0.865,-0.946,0.081,381.0,396.0,15.0,-1.726,5449.0,1.136,0.225,2.372,5.748,2.312,guard,3000+
2024-2026,2025.0,1630245,Ayo Dosunmu,11388.0,11403.0,0.383,-0.501,-0.465,-0.966,-0.17,0.051,-0.119,-0.497,-0.79,-1.287,-0.499,-1.025,-1.524,-1.0,-1.49,-2.49,-0.998,-1.255,-2.253,ayo dosunmu,Ayo Dosunmu,Minnesota Timberwolves,-0.5,-0.6,-1.1,-1.018,-0.288,-0.729,402.0,271.0,-131.0,-0.604,-0.035,-0.568,325.0,207.5,-117.5,-0.915,-0.58,-0.335,386.0,338.5,-47.5,-0.826,5491.0,0.833,0.472,3.193,4.583,1.993,guard,3000+
2024-2026,2025.0,1629636,Darius Garland,11392.0,11354.0,0.383,0.657,-0.55,0.107,0.106,-0.442,-0.336,0.865,-0.378,0.487,1.102,-0.579,0.523,1.759,-1.128,0.63,1.522,-0.928,0.594,darius garland,Darius Garland,Los Angeles Clippers,2.9,-0.8,2.2,0.415,1.067,-0.652,150.0,71.5,-78.5,1.471,1.703,-0.232,36.0,29.5,-6.5,-0.683,-0.763,0.08,357.0,372.5,15.5,-3.521,5542.0,0.617,0.169,2.455,7.665,3.027,guard,3000+
2024-2026,2025.0,1641705,Victor Wembanyama,11471.0,11441.0,0.385,1.299,1.155,2.454,0.367,0.813,1.18,0.037,4.12,4.156,0.547,4.275,4.822,1.846,5.431,7.277,1.335,5.275,6.611,victor wembanyama,Victor Wembanyama,San Antonio Spurs,4.0,4.6,8.6,3.442,3.694,-0.252,2.0,3.0,1.0,1.317,2.265,-0.948,45.0,13.0,-32.0,3.72,4.181,-0.461,1.0,1.0,0.0,6.616,5495.0,2.444,4.108,10.639,4.199,2.568,big,3000+
2024-2026,2025.0,201566,Russell Westbrook,11526.0,11544.0,0.386,1.728,0.655,2.383,-0.005,0.021,0.016,-1.052,-1.948,-3.0,-0.166,-1.543,-1.709,1.562,-0.888,0.674,0.675,-1.292,-0.617,russell westbrook,Russell Westbrook,Sacramento Kings,-1.1,-1.7,-2.8,-0.195,-0.986,0.791,261.0,401.5,140.5,0.774,-0.342,1.116,89.0,287.0,198.0,-0.942,-1.587,0.645,392.0,454.0,62.0,-0.772,5473.0,1.809,0.474,5.17,7.821,1.737,guard,3000+
2024-2026,2025.0,1629060,Rui Hachimura,11581.0,11604.0,0.387,-0.918,-0.485,-1.403,0.572,-0.154,0.418,0.839,0.296,1.135,0.978,-0.05,0.928,0.061,-0.535,-0.475,-0.079,-0.189,-0.268,rui hachimura,Rui Hachimura,Los Angeles Lakers,-0.7,-0.1,-0.8,-0.019,-0.165,0.146,223.0,244.0,21.0,0.153,-0.138,0.291,174.0,236.5,62.5,-0.159,-0.122,-0.037,258.0,243.0,-15.0,1.309,5618.0,1.141,0.461,4.082,1.416,2.025,wing,3000+
2024-2026,2025.0,1631170,Jaime Jaquez Jr.,11608.0,11646.0,0.387,-0.536,-0.849,-1.385,0.043,0.188,0.232,0.272,-0.068,0.204,0.148,-0.494,-0.346,-0.388,-1.343,-1.731,-0.264,-0.917,-1.181,jaime jaquez,Jaime Jaquez Jr.,Miami Heat,-0.4,-0.3,-0.7,-0.478,-0.124,-0.354,314.0,237.0,-77.0,0.001,0.016,-0.015,200.0,195.0,-5.0,-0.675,-0.305,-0.37,355.0,280.0,-75.0,0.661,5607.0,1.682,0.353,4.417,4.578,1.027,wing,3000+
2024-2026,2025.0,1626162,Kelly Oubre Jr.,11616.0,11624.0,0.388,-0.243,0.164,-0.079,-0.465,-0.512,-0.977,-0.086,-0.815,-0.901,0.096,-0.705,-0.609,-0.147,-0.541,-0.688,-0.328,-0.651,-0.98,kelly oubre,Kelly Oubre Jr.,Philadelphia 76ers,-0.7,-1.0,-1.6,-0.377,-0.494,0.116,295.0,309.5,14.5,-0.053,-0.138,0.085,210.0,236.5,26.5,-0.486,-0.946,0.459,312.0,396.0,84.0,1.954,5717.0,1.518,0.636,4.534,1.82,1.625,wing,3000+
2024-2026,2025.0,203484,Kentavious Caldwell-Pope,11623.0,11623.0,0.388,0.217,0.108,0.325,-0.405,0.183,-0.222,-0.16,1.192,1.032,0.066,1.208,1.274,0.283,1.316,1.599,0.056,1.301,1.357,kentavious caldwell pope,Kentavious Caldwell-Pope,Memphis Grizzlies,-1.3,0.5,-0.8,0.799,-0.165,0.964,94.0,244.0,150.0,0.264,-0.444,0.708,160.0,308.5,148.5,0.899,0.427,0.472,85.0,154.0,69.0,-0.376,5766.0,0.524,0.524,2.454,2.86,1.829,guard,3000+
2024-2026,2025.0,1641717,Cason Wallace,11660.0,11666.0,0.389,-0.004,0.653,0.649,-0.399,0.117,-0.282,0.247,1.22,1.467,0.274,1.637,1.911,0.27,2.29,2.56,0.243,1.874,2.116,cason wallace,Cason Wallace,Oklahoma City Thunder,0.1,2.8,2.9,1.181,1.354,-0.173,53.0,41.5,-11.5,0.418,0.271,0.146,137.0,153.5,16.5,1.306,2.533,-1.227,45.0,7.0,-38.0,0.453,5618.0,1.192,0.641,2.999,3.159,1.749,wing,3000+
2024-2026,2025.0,201950,Jrue Holiday,11721.0,11752.0,0.39,1.247,0.493,1.741,0.025,0.544,0.57,-0.122,1.362,1.239,0.661,1.842,2.503,1.908,2.335,4.243,1.125,1.855,2.98,jrue holiday,Jrue Holiday,Portland Trail Blazers,1.5,1.2,2.7,1.615,1.272,0.343,33.0,47.5,14.5,1.144,0.987,0.157,59.0,67.5,8.5,1.293,1.068,0.224,46.0,65.5,19.5,-0.551,5724.0,1.453,0.541,4.101,5.623,2.409,guard,3000+
2024-2026,2025.0,1629130,Duncan Robinson,11731.0,11698.0,0.39,-0.075,-0.578,-0.653,-0.212,0.622,0.411,0.383,0.226,0.61,0.476,0.087,0.562,0.401,-0.491,-0.09,0.308,-0.352,-0.043,duncan robinson,Duncan Robinson,Detroit Pistons,1.8,0.0,1.7,0.094,0.861,-0.767,207.0,89.0,-118.0,0.472,1.141,-0.669,126.0,57.5,-68.5,-0.274,-0.03,-0.243,279.0,223.5,-55.5,-1.559,5804.0,0.385,0.273,2.996,3.269,3.703,guard,3000+
2024-2026,2025.0,1627826,Ivica Zubac,11735.0,11741.0,0.39,-0.313,1.013,0.7,-1.804,0.379,-1.425,-0.242,1.547,1.305,0.296,2.013,2.309,-0.018,3.026,3.008,-0.556,2.56,2.004,ivica zubac,Ivica Zubac,Indiana Pacers,0.1,0.8,1.0,1.124,0.574,0.55,56.0,124.0,68.0,-0.24,0.271,-0.511,249.0,153.5,-95.5,1.793,0.702,1.091,22.0,106.0,84.0,6.818,5867.0,4.037,1.307,9.124,2.528,0.0,big,3000+
2024-2026,2025.0,1628369,Jayson Tatum,11748.0,11698.0,0.39,1.469,-0.439,1.03,-0.269,0.184,-0.085,0.678,0.201,0.879,1.486,-0.024,1.462,2.955,-0.463,2.491,2.147,-0.238,1.909,jayson tatum,Jayson Tatum,Boston Celtics,3.7,1.4,5.0,1.076,2.216,-1.14,61.0,10.5,-50.5,1.985,2.112,-0.127,19.0,16.0,-3.0,-0.193,1.251,-1.445,264.0,52.5,-211.5,-0.405,5793.0,0.764,0.522,7.836,5.469,3.269,guard,3000+
2024-2026,2025.0,1626181,Norman Powell,11813.0,11811.0,0.392,1.045,-0.719,0.325,-0.548,-0.144,-0.692,0.36,1.112,1.472,0.957,0.766,1.723,2.002,0.047,2.048,1.405,0.392,1.797,norman powell,Norman Powell,Miami Heat,1.5,0.2,1.7,1.02,0.861,0.159,68.0,89.0,21.0,1.374,0.987,0.387,41.0,67.5,26.5,0.254,0.153,0.102,186.0,191.5,5.5,-0.718,5668.0,0.375,0.286,3.36,2.223,3.188,guard,3000+
2024-2026,2025.0,1631128,Christian Braun,11814.0,11829.0,0.392,-0.497,-0.172,-0.669,0.553,0.059,0.611,1.01,0.861,1.871,1.32,0.912,2.231,0.823,0.74,1.562,0.512,0.69,1.202,christian braun,Christian Braun,Denver Nuggets,0.9,0.7,1.6,0.721,0.82,-0.1,104.0,94.0,-10.0,0.64,0.68,-0.041,110.0,97.5,-12.5,0.465,0.61,-0.145,157.0,125.0,-32.0,1.396,5731.0,1.495,0.528,4.328,2.871,1.225,wing,3000+
2024-2026,2025.0,1630577,Julian Champagnie,11818.0,11867.0,0.392,-0.587,-0.334,-0.921,0.641,-0.151,0.49,0.842,1.154,1.995,0.909,1.002,1.911,0.322,0.668,0.99,0.255,0.82,1.074,julian champagnie,Julian Champagnie,San Antonio Spurs,1.3,0.5,1.8,0.656,0.902,-0.246,112.0,85.5,-26.5,0.427,0.885,-0.458,134.0,77.5,-56.5,0.558,0.427,0.13,135.0,154.0,19.0,1.156,5673.0,1.161,0.73,5.166,2.164,3.008,wing,3000+
2024-2026,2025.0,1629651,Nic Claxton,11820.0,11853.0,0.392,-0.382,0.957,0.575,-1.001,-0.241,-1.241,-1.764,0.421,-1.343,-2.012,0.527,-1.485,-2.393,1.483,-0.91,-2.146,1.378,-0.768,nic claxton,Nic Claxton,Brooklyn Nets,-1.0,-0.1,-1.1,-0.271,-0.288,0.018,275.0,271.0,-4.0,-1.549,-0.291,-1.258,471.0,279.0,-192.0,0.954,-0.122,1.076,74.0,243.0,169.0,5.553,5920.0,3.15,1.964,7.182,3.387,0.055,big,3000+
2024-2026,2025.0,1631105,Jalen Duren,11951.0,11920.0,0.394,0.093,1.11,1.203,-0.14,-0.031,-0.171,0.634,-0.372,0.262,0.751,-0.206,0.545,0.844,0.904,1.748,0.728,0.738,1.465,jalen duren,Jalen Duren,Detroit Pistons,3.5,0.4,3.9,0.853,1.764,-0.911,81.0,24.5,-56.5,0.817,2.01,-1.193,87.0,20.5,-66.5,0.499,0.336,0.164,148.0,166.5,18.5,7.074,5790.0,4.564,1.212,9.445,3.072,0.0,big,3000+
2024-2026,2025.0,1630596,Evan Mobley,11993.0,11946.0,0.395,0.042,1.112,1.154,-0.728,0.531,-0.197,0.511,1.716,2.227,0.781,2.171,2.952,0.823,3.283,4.106,0.553,2.828,3.381,evan mobley,Evan Mobley,Cleveland Cavaliers,1.9,1.7,3.6,1.817,1.641,0.176,25.0,28.5,3.5,0.673,1.192,-0.519,102.0,52.5,-49.5,1.983,1.526,0.457,16.0,33.5,17.5,4.584,5780.0,2.684,1.856,7.985,3.862,1.053,big,3000+
2024-2026,2025.0,202691,Klay Thompson,12015.0,11972.0,0.396,1.454,-0.538,0.915,-0.649,-0.059,-0.707,-0.911,-0.878,-1.789,-0.231,-1.147,-1.378,1.223,-1.686,-0.462,0.543,-1.417,-0.874,klay thompson,Klay Thompson,Dallas Mavericks,-0.9,-0.6,-1.5,-0.324,-0.452,0.129,283.0,299.0,16.0,0.665,-0.24,0.904,106.0,264.5,158.5,-1.03,-0.58,-0.45,404.0,338.5,-65.5,-0.846,5749.0,0.607,0.545,3.419,2.611,4.296,guard,3000+
2024-2026,2025.0,1629023,P.J. Washington,12056.0,12058.0,0.396,-0.392,0.535,0.143,0.056,-0.308,-0.252,-0.422,0.343,-0.079,-0.368,0.556,0.188,-0.76,1.092,0.332,-0.814,0.879,0.065,p j washington,P.J. Washington,Dallas Mavericks,-1.0,0.6,-0.5,0.148,-0.042,0.19,200.0,222.0,22.0,-0.453,-0.291,-0.162,295.0,279.0,-16.0,0.6,0.519,0.081,125.0,142.0,17.0,2.64,5785.0,1.562,1.114,6.198,2.303,1.861,big,3000+
2024-2026,2025.0,1627734,Domantas Sabonis,12162.0,12112.0,0.399,0.906,-0.05,0.856,-0.991,0.277,-0.714,0.209,1.354,1.564,0.499,0.949,1.448,1.405,0.9,2.304,1.115,1.305,2.42,domantas sabonis,Domantas Sabonis,Sacramento Kings,1.4,-0.3,1.1,1.333,0.615,0.718,46.0,120.0,74.0,1.136,0.936,0.2,60.0,72.5,12.5,0.902,-0.305,1.207,83.0,280.0,197.0,3.523,5923.0,3.799,0.474,10.229,7.136,0.626,big,3000+
2024-2026,2025.0,203952,Andrew Wiggins,12172.0,12171.0,0.399,0.507,0.277,0.785,-0.069,0.143,0.074,-0.266,-0.306,-0.572,0.138,-0.277,-0.139,0.645,0.0,0.645,0.241,-0.028,0.213,andrew wiggins,Andrew Wiggins,Miami Heat,-0.8,-0.3,-1.0,0.223,-0.247,0.47,188.0,262.5,74.5,0.416,-0.189,0.605,138.0,249.5,111.5,-0.044,-0.305,0.261,235.0,280.0,45.0,1.736,5827.0,1.928,0.989,3.75,2.836,2.218,wing,3000+
2024-2026,2025.0,1628991,Jaren Jackson Jr.,12196.0,12107.0,0.399,0.06,0.927,0.988,-0.95,-0.201,-1.152,-0.512,2.07,1.559,-0.68,2.367,1.687,-0.62,3.295,2.675,-0.451,2.998,2.546,jaren jackson,Jaren Jackson Jr.,Utah Jazz,-0.2,1.7,1.5,1.397,0.779,0.618,42.0,101.0,59.0,-0.154,0.118,-0.272,229.0,179.5,-49.5,2.104,1.526,0.578,15.0,33.5,18.5,2.615,5783.0,1.357,1.793,5.204,2.465,2.16,big,3000+
2024-2026,2025.0,1630552,Jalen Johnson,12202.0,12186.0,0.399,0.522,0.259,0.781,-0.559,0.435,-0.124,-0.235,0.886,0.651,-0.015,0.826,0.811,0.507,1.085,1.592,0.287,1.145,1.432,jalen johnson,Jalen Johnson,Atlanta Hawks,1.1,0.8,1.9,0.836,0.943,-0.107,87.0,82.0,-5.0,0.454,0.783,-0.329,130.0,86.5,-43.5,0.788,0.702,0.086,97.0,106.0,9.0,1.179,5709.0,1.494,0.719,8.513,5.991,1.482,wing,3000+
2024-2026,2025.0,1629640,Keldon Johnson,12215.0,12172.0,0.4,-0.417,-1.067,-1.484,-0.379,0.018,-0.361,-0.227,-0.659,-0.886,-0.305,-1.277,-1.582,-0.722,-2.344,-3.066,-0.644,-1.725,-2.369,keldon johnson,Keldon Johnson,San Antonio Spurs,0.7,-0.1,0.6,-1.076,0.41,-1.486,411.0,145.5,-265.5,-0.312,0.578,-0.891,260.0,108.0,-152.0,-1.249,-0.122,-1.127,433.0,243.0,-190.0,1.928,5780.0,2.143,0.33,5.257,2.684,1.949,wing,3000+
2024-2026,2025.0,203507,Giannis Antetokounmpo,12224.0,12179.0,0.4,1.974,0.844,2.818,0.707,-0.052,0.655,1.519,0.461,1.98,2.424,0.733,3.158,4.399,1.577,5.976,3.494,1.305,4.799,giannis antetokounmpo,Giannis Antetokounmpo,Milwaukee Bucks,7.1,1.1,8.2,2.53,3.53,-1.0,9.0,4.0,-5.0,3.094,3.85,-0.756,8.0,3.0,-5.0,0.902,0.977,-0.075,82.0,72.5,-9.5,3.106,5903.0,2.689,1.104,9.453,6.739,0.384,big,3000+
2024-2026,2025.0,1630530,Trey Murphy III,12242.0,12227.0,0.4,0.52,-0.062,0.457,-1.584,-0.168,-1.752,-0.452,0.151,-0.301,-0.255,0.116,-0.139,0.265,0.054,0.318,0.068,0.089,0.156,trey murphy,Trey Murphy III,New Orleans Pelicans,2.1,-0.6,1.5,0.195,0.779,-0.585,190.0,101.0,-89.0,0.274,1.294,-1.02,159.0,45.0,-114.0,0.039,-0.58,0.618,220.0,338.5,118.5,-0.138,5889.0,0.929,0.556,4.725,3.436,3.307,guard,3000+
2024-2026,2025.0,1631099,Keegan Murray,12289.0,12246.0,0.401,-0.695,0.135,-0.56,0.561,-0.163,0.398,0.141,1.644,1.784,0.19,1.533,1.723,-0.505,1.668,1.164,-0.554,1.779,1.225,keegan murray,Keegan Murray,Sacramento Kings,-0.5,1.0,0.5,0.732,0.369,0.363,102.0,151.0,49.0,-0.238,-0.035,-0.203,248.0,207.5,-40.5,1.238,0.885,0.353,49.0,82.0,33.0,2.379,5992.0,1.712,0.985,4.65,1.658,2.211,big,3000+
2024-2026,2025.0,1630168,Onyeka Okongwu,12315.0,12261.0,0.402,-0.48,0.739,0.26,-0.154,-0.097,-0.251,0.642,0.551,1.192,0.612,0.686,1.298,0.133,1.425,1.558,0.162,1.29,1.452,onyeka okongwu,Onyeka Okongwu,Atlanta Hawks,0.5,0.8,1.3,0.846,0.697,0.149,82.0,111.0,29.0,0.351,0.476,-0.125,149.0,119.5,-29.5,0.891,0.702,0.189,86.0,106.0,20.0,4.48,5765.0,3.154,1.293,6.825,2.954,1.343,big,3000+
2024-2026,2025.0,1641764,Brandin Podziemski,12345.0,12368.0,0.402,0.092,-0.278,-0.186,-0.615,-0.017,-0.632,-0.075,0.794,0.719,0.192,0.881,1.073,0.284,0.603,0.887,0.017,0.516,0.533,brandin podziemski,Brandin Podziemski,Golden State Warriors,0.1,1.6,1.8,0.384,0.902,-0.518,156.0,85.5,-70.5,0.232,0.271,-0.04,163.0,153.5,-9.5,0.342,1.434,-1.093,174.0,39.0,-135.0,0.18,6022.0,1.524,0.251,5.476,4.765,2.14,wing,3000+
2024-2026,2025.0,1626220,Royce O'Neale,12345.0,12328.0,0.402,0.335,0.394,0.729,-0.109,-0.02,-0.129,-0.437,0.056,-0.381,-0.139,0.232,0.093,0.195,0.626,0.821,-0.102,0.45,0.348,royce oneale,Royce O'Neale,Phoenix Suns,-1.2,-0.7,-2.0,0.291,-0.658,0.949,174.0,348.0,174.0,0.134,-0.393,0.527,178.0,296.5,118.5,0.295,-0.671,0.966,179.0,358.0,179.0,0.27,6007.0,1.031,0.653,5.55,3.536,3.278,wing,3000+
2024-2026,2025.0,1641718,Keyonte George,12355.0,12377.0,0.402,1.416,-1.185,0.232,-0.269,-0.228,-0.497,-0.758,-2.381,-3.14,-0.354,-3.232,-3.587,1.062,-4.417,-3.355,0.658,-3.566,-2.908,keyonte george,Keyonte George,Utah Jazz,1.0,-2.7,-1.7,-1.347,-0.535,-0.813,438.0,320.5,-117.5,0.76,0.732,0.028,92.0,92.5,0.5,-2.556,-2.502,-0.054,475.0,474.0,-1.0,-2.609,5917.0,0.389,0.183,3.644,6.334,2.768,guard,3000+
2024-2026,2025.0,1630581,Josh Giddey,12386.0,12389.0,0.403,0.82,0.103,0.923,0.576,0.08,0.656,0.32,-1.112,-0.792,0.638,-1.191,-0.553,1.458,-1.088,0.37,1.139,-1.009,0.131,josh giddey,Josh Giddey,Chicago Bulls,0.5,-0.6,-0.2,0.181,0.081,0.1,196.0,198.0,2.0,1.156,0.476,0.68,57.0,119.5,62.5,-0.74,-0.58,-0.161,364.0,338.5,-25.5,-0.12,5859.0,1.874,0.713,7.515,8.498,1.782,wing,3000+
2024-2026,2025.0,1630224,Jalen Green,12543.0,12538.0,0.406,1.098,-0.834,0.264,0.506,-0.03,0.477,-0.317,-0.649,-0.966,-0.001,-1.078,-1.078,1.098,-1.912,-0.814,0.781,-1.483,-0.702,jalen green,Jalen Green,Phoenix Suns,-0.2,-0.2,-0.4,-0.237,-0.001,-0.236,269.0,214.0,-55.0,0.861,0.118,0.743,82.0,179.5,97.5,-1.077,-0.214,-0.863,411.0,264.0,-147.0,-0.736,6127.0,0.599,0.37,4.783,3.901,2.973,guard,3000+
2024-2026,2025.0,201939,Stephen Curry,12604.0,12544.0,0.407,3.359,0.178,3.538,0.378,0.029,0.408,0.919,-1.597,-0.678,2.138,-1.393,0.746,5.497,-1.214,4.283,4.279,-1.419,2.86,stephen curry,Stephen Curry,Golden State Warriors,6.2,-1.2,5.0,1.555,2.216,-0.661,36.0,10.5,-25.5,3.741,3.39,0.35,3.0,5.5,2.5,-1.031,-1.129,0.098,405.0,418.0,13.0,-2.794,6000.0,0.564,0.45,4.2,6.018,5.148,guard,3000+
2024-2026,2025.0,1628398,Kyle Kuzma,12651.0,12617.0,0.408,0.443,-0.414,0.029,-0.52,0.243,-0.276,-1.392,-1.238,-2.63,-1.27,-1.628,-2.898,-0.827,-2.042,-2.87,-0.949,-1.653,-2.602,kyle kuzma,Kyle Kuzma,Milwaukee Bucks,-2.4,-1.1,-3.5,-1.193,-1.274,0.08,428.0,440.5,12.5,-0.564,-1.007,0.443,318.0,418.0,100.0,-1.197,-1.038,-0.16,429.0,405.0,-24.0,0.676,6026.0,1.034,0.574,5.819,3.776,1.971,wing,3000+
2024-2026,2025.0,1629675,Naz Reid,12697.0,12702.0,0.409,-0.45,-0.186,-0.636,-0.024,0.029,0.005,0.084,1.487,1.572,0.088,1.493,1.581,-0.363,1.307,0.944,-0.366,1.301,0.935,naz reid,Naz Reid,Minnesota Timberwolves,-0.7,1.3,0.6,0.586,0.41,0.177,120.0,145.5,25.5,-0.084,-0.138,0.054,214.0,236.5,22.5,0.9,1.16,-0.26,84.0,60.0,-24.0,2.241,6178.0,1.486,1.299,6.556,2.663,2.949,big,3000+
2024-2026,2025.0,1626167,Myles Turner,12743.0,12724.0,0.41,0.168,1.297,1.465,-0.185,-0.07,-0.255,0.336,0.676,1.012,0.534,1.041,1.575,0.702,2.338,3.04,0.504,1.973,2.477,myles turner,Myles Turner,Milwaukee Bucks,-0.9,0.1,-0.8,1.362,-0.165,1.527,44.0,244.0,200.0,0.633,-0.24,0.873,112.0,264.5,152.5,1.376,0.061,1.315,41.0,210.0,169.0,4.016,6163.0,1.624,2.354,6.449,1.834,2.448,big,3000+
2024-2026,2025.0,203471,Dennis Schröder,12812.0,12829.0,0.411,0.273,-0.507,-0.234,-0.433,-0.07,-0.503,-0.171,-1.283,-1.455,-0.035,-1.421,-1.456,0.238,-1.928,-1.69,0.102,-1.79,-1.689,dennis schroder,Dennis Schroder,Cleveland Cavaliers,-1.3,-0.8,-2.1,-0.734,-0.699,-0.035,358.0,359.0,1.0,0.301,-0.444,0.746,156.0,308.5,152.5,-1.295,-0.763,-0.532,437.0,372.5,-64.5,-2.599,6291.0,0.567,0.229,3.039,7.056,1.946,guard,3000+
2024-2026,2025.0,1629652,Luguentz Dort,12823.0,12822.0,0.411,-0.695,0.504,-0.191,0.064,-0.1,-0.037,1.255,0.058,1.313,1.253,0.176,1.428,0.558,0.679,1.237,0.56,0.562,1.122,luguentz dort,Luguentz Dort,Oklahoma City Thunder,-0.6,0.2,-0.4,0.68,-0.001,0.681,110.0,214.0,104.0,0.679,-0.086,0.765,101.0,221.5,120.5,0.375,0.153,0.222,169.0,191.5,22.5,1.019,6173.0,1.277,0.659,3.517,1.825,2.648,wing,3000+
2024-2026,2025.0,1628386,Jarrett Allen,12882.0,12903.0,0.412,0.582,0.972,1.554,-0.435,-0.065,-0.499,1.382,1.031,2.412,1.656,1.052,2.709,2.238,2.024,4.262,1.964,2.003,3.966,jarrett allen,Jarrett Allen,Cleveland Cavaliers,2.4,1.5,3.9,2.111,1.764,0.347,17.0,24.5,7.5,1.834,1.447,0.387,23.0,38.0,15.0,1.397,1.343,0.054,39.0,45.5,6.5,5.833,6259.0,3.468,1.156,8.524,2.692,0.006,big,3000+
2024-2026,2025.0,1628415,Dillon Brooks,12928.0,12886.0,0.413,0.239,-0.186,0.053,0.014,0.048,0.061,-0.191,1.095,0.903,0.047,0.841,0.887,0.286,0.654,0.94,0.048,0.908,0.956,dillon brooks,Dillon Brooks,Phoenix Suns,0.0,0.4,0.3,0.597,0.287,0.31,118.0,166.5,48.5,0.257,0.22,0.037,161.0,163.5,2.5,0.62,0.336,0.285,121.0,166.5,45.5,0.117,6317.0,0.975,0.199,3.151,1.972,2.542,wing,3000+
2024-2026,2025.0,203468,CJ McCollum,12964.0,12909.0,0.414,1.661,-0.288,1.373,0.266,0.187,0.453,0.104,-0.606,-0.502,0.633,-0.667,-0.034,2.294,-0.955,1.339,1.766,-0.894,0.871,cj mccollum,CJ McCollum,Atlanta Hawks,1.8,-0.3,1.5,0.554,0.779,-0.225,127.0,101.0,-26.0,1.671,1.141,0.531,31.0,57.5,26.5,-0.659,-0.305,-0.354,352.0,280.0,-72.0,-1.311,6254.0,0.823,0.576,3.494,4.749,3.46,guard,3000+
2024-2026,2025.0,1630170,Devin Vassell,13105.0,13084.0,0.417,0.415,-0.303,0.112,-0.166,-0.181,-0.346,0.043,-0.541,-0.498,0.309,-0.933,-0.625,0.723,-1.237,-0.513,0.458,-0.844,-0.386,devin vassell,Devin Vassell,San Antonio Spurs,0.8,-0.1,0.7,-0.078,0.451,-0.529,232.0,139.0,-93.0,0.595,0.629,-0.035,117.0,102.0,-15.0,-0.623,-0.122,-0.501,343.0,243.0,-100.0,-0.706,6275.0,0.574,0.465,3.93,3.597,2.811,guard,3000+
2024-2026,2025.0,202699,Tobias Harris,13168.0,13183.0,0.418,0.885,0.411,1.296,0.708,0.047,0.755,0.842,1.174,2.016,1.198,1.361,2.559,2.083,1.772,3.855,1.727,1.585,3.312,tobias harris,Tobias Harris,Detroit Pistons,1.1,1.2,2.3,1.782,1.108,0.675,27.0,66.5,39.5,1.639,0.783,0.857,34.0,86.5,52.5,1.101,1.068,0.033,63.0,65.5,2.5,1.444,6427.0,1.12,0.723,5.646,3.002,1.479,wing,3000+
2024-2026,2025.0,1628978,Donte DiVincenzo,13176.0,13201.0,0.418,0.423,-0.091,0.332,-0.568,-0.175,-0.743,0.477,0.365,0.843,0.756,0.39,1.146,1.179,0.3,1.479,0.9,0.275,1.175,donte divincenzo,Donte DiVincenzo,Minnesota Timberwolves,0.6,0.7,1.2,0.707,0.656,0.051,106.0,115.5,9.5,0.959,0.527,0.432,76.0,113.0,37.0,0.171,0.61,-0.44,200.0,125.0,-75.0,-1.106,6465.0,0.902,0.484,3.892,4.199,3.903,guard,3000+
2024-2026,2025.0,1630202,Payton Pritchard,13187.0,13106.0,0.418,0.172,-0.931,-0.758,0.463,0.253,0.717,1.943,0.052,1.995,2.017,-0.123,1.894,2.189,-1.053,1.136,2.115,-0.879,1.236,payton pritchard,Payton Pritchard,Boston Celtics,3.4,-0.3,3.1,0.738,1.436,-0.698,101.0,39.0,-62.0,1.959,1.959,0.001,21.0,22.5,1.5,-0.648,-0.305,-0.343,347.0,280.0,-67.0,-1.436,6659.0,1.303,0.162,3.476,5.233,3.319,guard,3000+
2024-2026,2025.0,203944,Julius Randle,13275.0,13276.0,0.42,1.117,-0.246,0.87,0.09,0.18,0.271,0.742,-0.483,0.259,1.298,-0.774,0.524,2.415,-1.02,1.394,1.859,-0.729,1.129,julius randle,Julius Randle,Minnesota Timberwolves,1.4,-0.8,0.7,0.684,0.451,0.233,109.0,139.0,30.0,1.748,0.936,0.812,26.0,72.5,46.5,-0.542,-0.763,0.221,326.0,372.5,46.5,0.829,6467.0,2.088,0.256,5.94,5.288,1.631,wing,3000+
2024-2026,2025.0,203501,Tim Hardaway Jr.,13288.0,13310.0,0.42,0.304,-0.957,-0.653,0.158,-0.209,-0.051,0.375,-1.102,-0.727,0.611,-1.583,-0.972,0.914,-2.54,-1.625,0.679,-2.058,-1.38,tim hardaway,Tim Hardaway Jr.,Denver Nuggets,-0.3,-1.4,-1.7,-0.578,-0.535,-0.044,331.0,320.5,-10.5,0.777,0.067,0.71,88.0,186.5,98.5,-1.485,-1.312,-0.173,450.0,441.0,-9.0,-0.958,6403.0,0.32,0.129,3.295,2.08,3.39,guard,3000+
2024-2026,2025.0,1641708,Amen Thompson,13378.0,13390.0,0.422,-0.051,0.638,0.587,-0.094,0.351,0.258,0.81,0.71,1.52,0.946,1.217,2.163,0.896,1.855,2.751,0.76,1.348,2.107,amen thompson,Amen Thompson,Houston Rockets,2.1,2.1,4.2,1.176,1.888,-0.712,54.0,17.0,-37.0,0.843,1.294,-0.451,84.0,45.0,-39.0,0.932,1.892,-0.96,79.0,19.5,-59.5,3.325,6566.0,3.153,0.959,5.549,4.649,0.318,big,3000+
2024-2026,2025.0,1628384,OG Anunoby,13396.0,13377.0,0.422,0.121,0.544,0.665,0.003,-0.072,-0.069,1.042,2.141,3.182,1.294,2.29,3.584,1.416,2.834,4.249,1.163,2.684,3.847,og anunoby,OG Anunoby,New York Knicks,0.9,1.5,2.4,2.052,1.149,0.903,19.0,59.5,40.5,1.175,0.68,0.495,56.0,97.5,41.5,1.881,1.343,0.539,19.0,45.5,26.5,1.109,6637.0,1.242,0.808,3.732,2.256,2.332,wing,3000+
2024-2026,2025.0,1630217,Desmond Bane,13512.0,13453.0,0.424,0.5,-0.063,0.437,0.263,0.133,0.396,0.54,0.078,0.618,0.588,-0.008,0.58,1.089,-0.071,1.017,1.04,0.015,1.055,desmond bane,Desmond Bane,Orlando Magic,3.1,0.1,3.2,0.647,1.477,-0.83,114.0,36.5,-77.5,1.074,1.805,-0.731,65.0,27.0,-38.0,-0.014,0.061,-0.075,228.0,210.0,-18.0,-0.839,6403.0,1.102,0.489,4.189,5.268,2.631,guard,3000+
2024-2026,2025.0,201572,Brook Lopez,13516.0,13535.0,0.424,1.133,1.278,2.411,0.395,0.172,0.567,-0.619,0.925,0.306,0.288,1.488,1.776,1.421,2.766,4.187,0.514,2.202,2.716,brook lopez,Brook Lopez,Los Angeles Clippers,-0.9,0.5,-0.4,1.483,-0.001,1.483,39.0,214.0,175.0,0.641,-0.24,0.881,109.0,264.5,155.5,1.539,0.427,1.112,29.0,154.0,125.0,3.27,6593.0,1.513,2.315,4.401,2.004,2.19,big,3000+
2024-2026,2025.0,203084,Harrison Barnes,13583.0,13532.0,0.425,0.73,-0.584,0.147,0.437,-0.124,0.314,0.314,-0.13,0.184,0.777,-0.565,0.211,1.507,-1.149,0.358,1.045,-0.714,0.331,harrison barnes,Harrison Barnes,San Antonio Spurs,0.5,-1.3,-0.8,0.282,-0.165,0.447,180.0,244.0,64.0,1.078,0.476,0.602,64.0,119.5,55.5,-0.531,-1.221,0.689,323.0,430.0,107.0,0.32,6598.0,1.233,0.207,2.979,2.09,2.423,wing,3000+
2024-2026,2025.0,1630700,Dyson Daniels,13585.0,13576.0,0.425,-0.176,0.732,0.556,0.802,0.194,0.995,1.23,1.45,2.68,1.14,1.684,2.825,0.965,2.417,3.381,1.054,2.182,3.236,dyson daniels,Dyson Daniels,Atlanta Hawks,1.6,2.6,4.1,1.744,1.847,-0.102,28.0,19.0,-9.0,1.085,1.038,0.047,63.0,64.0,1.0,1.525,2.35,-0.825,32.0,9.5,-22.5,1.12,6457.0,2.063,0.619,4.655,5.274,0.803,wing,3000+
2024-2026,2025.0,1629632,Coby White,13601.0,13595.0,0.426,0.647,-0.67,-0.023,0.307,0.223,0.529,0.688,-0.33,0.359,1.046,-0.634,0.412,1.693,-1.304,0.389,1.335,-1.0,0.335,coby white,Coby White,Charlotte Hornets,2.7,-0.7,2.0,0.285,0.984,-0.7,179.0,79.0,-100.0,1.317,1.601,-0.284,46.0,34.0,-12.0,-0.734,-0.671,-0.063,361.0,358.0,-3.0,-1.883,6578.0,0.471,0.213,3.913,5.117,2.955,guard,3000+
2024-2026,2025.0,1628378,Donovan Mitchell,13605.0,13534.0,0.426,1.696,-0.114,1.582,-0.124,-0.052,-0.175,1.156,1.476,2.631,1.68,1.443,3.123,3.376,1.329,4.705,2.851,1.362,4.213,donovan mitchell,Donovan Mitchell,Cleveland Cavaliers,4.9,0.4,5.3,2.236,2.339,-0.103,12.0,7.0,-5.0,2.565,2.725,-0.16,12.0,9.0,-3.0,0.942,0.336,0.607,77.0,166.5,89.5,-1.926,6515.0,0.845,0.37,4.227,5.995,3.531,guard,3000+
2024-2026,2025.0,1629638,Nickeil Alexander-Walker,13745.0,13738.0,0.428,-0.17,-0.42,-0.59,0.5,0.268,0.768,1.048,0.832,1.88,1.082,0.827,1.91,0.912,0.408,1.32,0.878,0.412,1.29,nickeil alexander walker,Nickeil Alexander-Walker,Atlanta Hawks,1.0,0.7,1.6,0.765,0.82,-0.055,98.0,94.0,-4.0,0.941,0.732,0.209,78.0,92.5,14.5,0.268,0.61,-0.342,183.0,125.0,-58.0,-0.758,6602.0,0.769,0.643,3.048,3.888,2.852,guard,3000+
2024-2026,2025.0,1630578,Alperen Sengun,13821.0,13786.0,0.43,0.47,0.41,0.88,0.433,0.185,0.617,0.525,0.459,0.983,0.842,0.435,1.277,1.312,0.845,2.156,0.994,0.869,1.863,alperen sengun,Alperen Sengun,Houston Rockets,1.3,-0.2,1.1,1.053,0.615,0.438,64.0,120.0,56.0,1.036,0.885,0.151,70.0,77.5,7.5,0.592,-0.214,0.806,129.0,264.0,135.0,3.409,6847.0,3.47,0.967,7.124,5.936,0.494,big,3000+
2024-2026,2025.0,1631095,Jabari Smith Jr.,13846.0,13822.0,0.43,-0.172,-0.178,-0.351,0.447,-0.255,0.191,0.045,0.708,0.753,0.254,0.658,0.912,0.081,0.48,0.561,-0.127,0.529,0.402,jabari smith,Jabari Smith Jr.,Houston Rockets,0.4,0.8,1.2,0.318,0.656,-0.338,168.0,115.5,-52.5,0.113,0.425,-0.312,182.0,129.5,-52.5,0.352,0.702,-0.35,173.0,106.0,-67.0,2.923,6841.0,1.852,0.91,6.273,1.705,2.173,big,3000+
2024-2026,2025.0,1630595,Cade Cunningham,13858.0,13853.0,0.43,1.174,-0.498,0.676,1.172,-0.014,1.158,0.656,0.408,1.064,0.823,0.191,1.014,1.997,-0.306,1.69,1.83,-0.09,1.74,cade cunningham,Cade Cunningham,Detroit Pistons,3.3,0.7,4.0,0.991,1.805,-0.814,72.0,21.5,-50.5,1.724,1.907,-0.183,28.0,25.0,-3.0,-0.088,0.61,-0.699,243.0,125.0,-118.0,-2.581,6699.0,0.779,0.693,4.853,9.329,2.112,guard,3000+
2024-2026,2025.0,1629029,Luka Dončić,13875.0,13823.0,0.431,2.187,-0.58,1.606,-0.6,-0.645,-1.245,1.823,1.371,3.194,2.517,0.934,3.452,4.704,0.354,5.058,4.009,0.791,4.8,luka doncic,Luka Doncic,Los Angeles Lakers,7.3,0.7,8.0,2.531,3.448,-0.917,8.0,5.0,-3.0,3.519,3.952,-0.434,4.0,2.0,-2.0,0.537,0.61,-0.073,143.0,125.0,-18.0,-2.312,6683.0,0.754,0.501,7.601,8.613,3.852,guard,3000+
2024-2026,2025.0,1630166,Deni Avdija,13883.0,13904.0,0.431,0.576,-0.141,0.436,0.821,0.173,0.994,0.866,0.034,0.901,0.987,-0.14,0.846,1.563,-0.281,1.282,1.443,-0.106,1.337,deni avdija,Deni Avdija,Portland Trail Blazers,2.8,-0.6,2.2,0.788,1.067,-0.278,96.0,71.5,-24.5,1.405,1.652,-0.246,40.0,31.5,-8.5,-0.1,-0.58,0.48,246.0,338.5,92.5,0.624,6621.0,1.457,0.609,6.786,5.486,1.838,wing,3000+
2024-2026,2025.0,1626157,Karl-Anthony Towns,13884.0,13771.0,0.431,0.653,0.11,0.763,0.867,-0.31,0.558,1.225,0.375,1.601,1.633,0.152,1.785,2.286,0.262,2.548,1.878,0.485,2.363,karl anthony towns,Karl-Anthony Towns,New York Knicks,3.3,0.1,3.4,1.305,1.559,-0.254,47.0,33.0,-14.0,1.764,1.907,-0.143,25.0,25.0,0.0,0.32,0.061,0.259,176.0,210.0,34.0,3.832,6864.0,2.827,0.687,9.362,3.341,2.051,big,3000+
2024-2026,2025.0,202696,Nikola Vučević,13887.0,13893.0,0.431,1.161,0.522,1.684,-0.37,0.165,-0.205,-0.503,-0.432,-0.935,0.043,-0.591,-0.548,1.204,-0.068,1.136,0.659,0.09,0.749,nikola vucevic,Nikola Vucevic,Boston Celtics,-0.1,-0.4,-0.6,0.493,-0.083,0.576,137.0,230.5,93.5,0.76,0.169,0.591,91.0,171.5,80.5,0.04,-0.397,0.436,219.0,298.5,79.5,3.458,6705.0,2.754,0.821,8.376,3.882,1.723,big,3000+
2024-2026,2025.0,1629008,Michael Porter Jr.,13907.0,13911.0,0.431,0.571,-0.153,0.418,-0.02,-0.061,-0.082,0.665,-0.689,-0.024,1.168,-0.807,0.36,1.738,-0.96,0.778,1.236,-0.842,0.394,michael porter,Michael Porter Jr.,Brooklyn Nets,3.7,-1.2,2.5,0.314,1.19,-0.876,169.0,54.5,-114.5,1.235,2.112,-0.877,53.0,16.0,-37.0,-0.622,-1.129,0.507,341.0,418.0,77.0,1.611,6852.0,1.644,0.546,6.089,2.338,3.095,wing,3000+
2024-2026,2025.0,1631094,Paolo Banchero,14016.0,14023.0,0.433,1.564,-0.259,1.306,0.724,0.452,1.176,-0.536,-0.917,-1.453,-0.211,-1.233,-1.444,1.353,-1.491,-0.138,1.028,-1.176,-0.147,paolo banchero,Paolo Banchero,Orlando Magic,0.8,-0.3,0.5,0.042,0.369,-0.327,217.0,151.0,-66.0,1.064,0.629,0.435,66.0,102.0,36.0,-0.859,-0.305,-0.554,378.0,280.0,-98.0,0.476,6878.0,1.141,0.602,6.726,5.354,1.518,wing,3000+
2024-2026,2025.0,1627759,Jaylen Brown,14116.0,14065.0,0.435,0.904,-0.363,0.542,0.487,-0.1,0.387,0.91,-0.694,0.215,1.491,-0.928,0.563,2.396,-1.29,1.105,1.814,-1.057,0.757,jaylen brown,Jaylen Brown,Boston Celtics,2.0,-0.5,1.4,0.497,0.738,-0.241,135.0,106.5,-28.5,1.711,1.243,0.469,30.0,49.0,19.0,-0.775,-0.488,-0.286,367.0,318.5,-48.5,0.104,6944.0,1.281,0.43,5.184,4.661,2.079,wing,3000+
2024-2026,2025.0,1627750,Jamal Murray,14166.0,14129.0,0.436,1.246,-0.173,1.073,0.869,-0.055,0.813,2.04,-1.735,0.305,2.696,-1.772,0.925,3.942,-1.945,1.997,3.286,-1.909,1.377,jamal murray,Jamal Murray,Denver Nuggets,4.3,-1.9,2.4,0.809,1.149,-0.34,91.0,59.5,-31.5,2.923,2.419,0.505,10.0,12.0,2.0,-1.379,-1.77,0.391,442.0,467.0,25.0,-2.311,6936.0,0.618,0.524,3.706,6.862,2.834,guard,3000+
2024-2026,2025.0,1628970,Miles Bridges,14233.0,14254.0,0.437,0.691,-0.291,0.4,-0.149,0.372,0.223,-0.77,-0.536,-1.307,-0.667,-1.073,-1.74,0.024,-1.364,-1.34,-0.079,-0.827,-0.906,miles bridges,Miles Bridges,Charlotte Hornets,0.4,-0.6,-0.3,-0.34,0.04,-0.38,287.0,206.0,-81.0,0.153,0.425,-0.272,176.0,129.5,-46.5,-0.612,-0.58,-0.032,337.0,338.5,1.5,0.794,7001.0,1.121,0.576,6.263,3.728,2.293,wing,3000+
2024-2026,2025.0,2544,LeBron James,14259.0,14280.0,0.437,4.214,0.433,4.647,-0.193,0.143,-0.05,-0.628,0.075,-0.553,0.795,0.298,1.093,5.008,0.731,5.74,3.585,0.508,4.093,lebron james,LeBron James,Los Angeles Lakers,2.1,-0.3,1.8,2.175,0.902,1.273,14.0,85.5,71.5,3.17,1.294,1.876,7.0,45.0,38.0,0.336,-0.305,0.642,175.0,280.0,105.0,-1.475,6943.0,0.913,0.581,6.492,8.275,1.944,guard,3000+
2024-2026,2025.0,1630567,Scottie Barnes,14282.0,14339.0,0.438,0.807,1.047,1.854,0.034,0.484,0.518,-0.324,0.474,0.15,-0.175,0.847,0.672,0.632,1.893,2.526,0.483,1.52,2.003,scottie barnes,Scottie Barnes,Toronto Raptors,1.4,2.1,3.5,1.124,1.6,-0.476,57.0,30.5,-26.5,0.616,0.936,-0.32,114.0,72.5,-41.5,1.055,1.892,-0.837,67.0,19.5,-47.5,1.664,6913.0,2.078,1.39,6.233,6.327,1.276,wing,3000+
2024-2026,2025.0,1630183,Jaden McDaniels,14303.0,14290.0,0.438,-0.757,0.678,-0.078,0.187,-0.093,0.094,0.032,0.2,0.232,0.235,0.469,0.704,-0.522,1.147,0.625,-0.725,0.878,0.153,jaden mcdaniels,Jaden McDaniels,Minnesota Timberwolves,0.0,1.1,1.1,0.193,0.615,-0.422,191.0,120.0,-71.0,-0.379,0.22,-0.6,282.0,163.5,-118.5,0.599,0.977,-0.377,126.0,72.5,-53.5,1.666,7041.0,1.334,0.966,3.799,2.367,1.478,wing,3000+
2024-2026,2025.0,1630559,Austin Reaves,14327.0,14327.0,0.438,0.563,-0.443,0.12,-0.155,0.045,-0.11,0.625,0.286,0.911,1.248,-0.01,1.237,1.811,-0.453,1.358,1.188,-0.157,1.031,austin reaves,Austin Reaves,Los Angeles Lakers,3.0,0.4,3.4,0.635,1.559,-0.925,117.0,33.0,-84.0,1.196,1.754,-0.558,55.0,28.0,-27.0,-0.135,0.336,-0.471,254.0,166.5,-87.5,-1.636,6938.0,0.784,0.348,3.995,5.972,2.449,guard,3000+
2024-2026,2025.0,1641739,Toumani Camara,14477.0,14489.0,0.441,-0.379,0.628,0.249,0.693,0.286,0.979,-0.016,1.566,1.551,-0.029,1.808,1.778,-0.408,2.436,2.027,-0.395,2.194,1.8,toumani camara,Toumani Camara,Portland Trail Blazers,0.4,1.4,1.8,1.021,0.902,0.119,67.0,85.5,18.5,-0.107,0.425,-0.532,219.0,129.5,-89.5,1.533,1.251,0.282,30.0,52.5,22.5,2.024,7020.0,2.262,0.605,3.964,2.374,2.113,big,3000+
2024-2026,2025.0,1630178,Tyrese Maxey,14775.0,14743.0,0.446,1.205,-0.266,0.938,-0.198,-0.257,-0.455,0.543,-1.12,-0.577,1.078,-1.149,-0.071,2.283,-1.415,0.868,1.748,-1.387,0.362,tyrese maxey,Tyrese Maxey,Philadelphia 76ers,3.8,0.1,4.0,0.298,1.805,-1.508,172.0,21.5,-150.5,1.657,2.163,-0.506,33.0,14.0,-19.0,-1.009,0.061,-1.07,403.0,210.0,-193.0,-2.307,7250.0,0.372,0.541,3.213,6.013,2.945,guard,3000+
2024-2026,2025.0,203497,Rudy Gobert,14826.0,14857.0,0.447,0.168,1.625,1.793,-0.782,-0.112,-0.894,-0.299,3.338,3.04,0.072,4.27,4.342,0.24,5.895,6.135,-0.13,4.963,4.833,rudy gobert,Rudy Gobert,Minnesota Timberwolves,-0.3,3.0,2.7,2.547,1.272,1.276,6.0,47.5,41.5,0.111,0.067,0.044,184.0,186.5,2.5,3.499,2.716,0.783,2.0,5.0,3.0,7.816,7358.0,4.154,1.908,8.758,1.747,0.0,big,3000+
2024-2026,2025.0,1628368,De'Aaron Fox,14913.0,14888.0,0.448,0.805,0.126,0.931,0.481,0.041,0.522,1.351,1.154,2.505,1.659,1.107,2.766,2.464,1.233,3.697,2.156,1.28,3.435,deaaron fox,De'Aaron Fox,San Antonio Spurs,2.9,0.7,3.6,1.844,1.641,0.203,24.0,28.5,4.5,1.993,1.703,0.29,18.0,29.5,11.5,0.884,0.61,0.274,87.0,125.0,38.0,-1.772,7133.0,0.823,0.379,3.76,6.334,2.337,guard,3000+
2024-2026,2025.0,1627783,Pascal Siakam,15106.0,15112.0,0.451,1.003,-0.016,0.987,0.11,0.152,0.261,0.483,0.857,1.34,0.751,0.695,1.446,1.754,0.679,2.433,1.486,0.841,2.327,pascal siakam,Pascal Siakam,Indiana Pacers,2.5,0.7,3.2,1.286,1.477,-0.191,49.0,36.5,-12.5,1.441,1.498,-0.058,38.0,36.0,-2.0,0.573,0.61,-0.038,133.0,125.0,-8.0,1.251,7271.0,1.787,0.456,5.719,4.164,1.565,wing,3000+
2024-2026,2025.0,1626164,Devin Booker,15149.0,15109.0,0.452,1.188,-0.726,0.462,0.403,0.118,0.521,0.938,0.354,1.292,1.535,0.015,1.549,2.723,-0.711,2.012,2.126,-0.372,1.754,devin booker,Devin Booker,Phoenix Suns,5.2,-0.1,5.0,0.998,2.216,-1.218,71.0,10.5,-60.5,1.968,2.879,-0.911,20.0,8.0,-12.0,-0.288,-0.122,-0.166,280.0,243.0,-37.0,-2.095,7388.0,0.877,0.302,3.318,6.759,2.227,guard,3000+
2024-2026,2025.0,1628389,Bam Adebayo,15164.0,15160.0,0.452,0.724,0.616,1.34,-0.492,0.816,0.324,-0.157,2.798,2.641,0.126,2.568,2.694,0.849,3.185,4.034,0.566,3.415,3.981,bam adebayo,Bam Adebayo,Miami Heat,1.5,2.0,3.5,2.119,1.6,0.519,16.0,30.5,14.5,0.684,0.987,-0.303,100.0,67.5,-32.5,2.4,1.801,0.599,7.0,23.0,16.0,3.218,7457.0,2.38,0.811,8.328,4.089,1.067,big,3000+
2024-2026,2025.0,1628404,Josh Hart,15187.0,15178.0,0.453,0.066,0.257,0.323,0.447,-0.349,0.098,0.994,0.45,1.444,1.207,0.464,1.671,1.273,0.721,1.994,1.06,0.707,1.767,josh hart,Josh Hart,New York Knicks,0.3,0.4,0.7,1.005,0.451,0.554,70.0,139.0,69.0,1.09,0.374,0.717,62.0,138.0,76.0,0.478,0.336,0.142,151.0,166.5,15.5,1.174,7598.0,1.81,0.317,7.183,5.217,1.251,wing,3000+
2024-2026,2025.0,1628401,Derrick White,15236.0,15172.0,0.454,0.962,0.925,1.888,0.894,0.323,1.217,1.258,1.663,2.921,1.886,1.986,3.872,2.849,2.911,5.76,2.221,2.588,4.809,derrick white,Derrick White,Boston Celtics,2.3,2.3,4.6,2.536,2.052,0.484,7.0,13.5,6.5,2.046,1.396,0.65,17.0,40.5,23.5,1.813,2.075,-0.262,21.0,14.0,-7.0,-0.662,7574.0,0.97,1.26,3.736,5.476,3.185,guard,3000+
2024-2026,2025.0,1628973,Jalen Brunson,15325.0,15242.0,0.455,1.409,-0.798,0.611,0.367,-0.357,0.009,1.652,-0.463,1.189,2.059,-0.928,1.131,3.468,-1.726,1.741,3.061,-1.261,1.8,jalen brunson,Jalen Brunson,New York Knicks,4.5,-1.3,3.2,1.021,1.477,-0.456,66.0,36.5,-29.5,2.738,2.521,0.217,11.0,10.5,-0.5,-0.919,-1.221,0.301,388.0,430.0,42.0,-3.109,7625.0,0.477,0.137,2.885,7.068,2.634,guard,3000+
2024-2026,2025.0,201935,James Harden,15551.0,15526.0,0.459,3.111,0.6,3.711,0.066,-0.908,-0.842,0.357,-1.44,-1.082,1.638,-0.821,0.817,4.749,-0.221,4.528,3.468,-0.84,2.629,james harden,James Harden,Cleveland Cavaliers,3.6,-1.4,2.2,1.438,1.067,0.372,41.0,71.5,30.5,3.073,2.061,1.013,9.0,18.5,9.5,-0.62,-1.312,0.692,340.0,441.0,101.0,-2.827,7702.0,0.603,0.654,4.824,8.684,2.973,guard,3000+
2024-2026,2025.0,1628983,Shai Gilgeous-Alexander,15651.0,15606.0,0.46,1.53,0.038,1.568,0.682,0.322,1.004,2.778,1.554,4.333,3.061,1.741,4.801,4.591,1.779,6.37,4.308,1.592,5.901,shai gilgeous alexander,Shai Gilgeous-Alexander,Oklahoma City Thunder,6.7,2.1,8.7,3.085,3.735,-0.65,3.0,2.0,-1.0,3.765,3.646,0.119,2.0,4.0,2.0,1.106,1.892,-0.786,61.0,19.5,-41.5,-1.01,7411.0,0.826,0.952,4.45,6.796,1.812,guard,3000+
2024-2026,2025.0,203999,Nikola Jokić,15777.0,15711.0,0.462,2.468,0.939,3.408,1.374,0.168,1.542,2.974,0.731,3.705,3.979,0.856,4.834,6.447,1.795,8.242,5.443,1.671,7.113,nikola jokic,Nikola Jokic,Denver Nuggets,8.5,1.6,10.1,3.695,4.31,-0.615,1.0,1.0,0.0,4.699,4.566,0.133,1.0,1.0,0.0,1.162,1.434,-0.273,53.0,39.0,-14.0,1.017,7577.0,2.922,0.789,9.925,10.077,1.582,wing,3000+
2024-2026,2025.0,1630162,Anthony Edwards,15912.0,15918.0,0.464,1.714,-0.4,1.313,0.506,-0.24,0.266,0.656,-0.931,-0.274,1.278,-1.079,0.199,2.991,-1.48,1.512,2.37,-1.331,1.039,anthony edwards,Anthony Edwards,Minnesota Timberwolves,2.7,-0.3,2.4,0.638,1.149,-0.51,116.0,59.5,-56.5,2.169,1.601,0.568,14.0,34.0,20.0,-0.969,-0.305,-0.664,394.0,280.0,-114.0,-0.834,7777.0,0.69,0.657,4.782,4.583,3.31,guard,3000+
2024-2026,2025.0,201142,Kevin Durant,16111.0,16110.0,0.467,3.155,1.002,4.157,1.412,0.036,1.447,0.461,-1.137,-0.675,1.626,-0.505,1.121,4.782,0.497,5.279,3.617,-0.135,3.482,kevin durant,Kevin Durant,Houston Rockets,3.4,-0.5,2.9,1.868,1.354,0.514,23.0,41.5,18.5,3.196,1.959,1.237,6.0,22.5,16.5,-0.12,-0.488,0.368,251.0,318.5,67.5,-0.051,7899.0,0.479,1.089,5.423,4.617,2.343,wing,3000+
2024-2026,2025.0,201942,DeMar DeRozan,16596.0,16579.0,0.475,2.37,-0.054,2.316,-0.359,-0.348,-0.707,-0.422,-1.278,-1.701,0.509,-1.344,-0.835,2.879,-1.398,1.481,1.947,-1.332,0.615,demar derozan,DeMar DeRozan,Sacramento Kings,1.0,-2.3,-1.2,0.425,-0.329,0.755,146.0,280.0,134.0,1.821,0.732,1.089,24.0,92.5,68.5,-0.97,-2.136,1.166,395.0,471.0,76.0,-0.762,8173.0,0.564,0.44,3.242,4.753,0.907,guard,3000+
2024-2026,2025.0,1628969,Mikal Bridges,17319.0,17331.0,0.486,0.462,-0.115,0.348,-0.038,0.177,0.139,0.46,1.133,1.594,0.693,0.861,1.553,1.155,0.746,1.901,0.923,1.019,1.941,mikal bridges,Mikal Bridges,New York Knicks,1.5,0.7,2.3,1.093,1.108,-0.015,59.0,66.5,7.5,0.977,0.987,-0.01,75.0,67.5,-7.5,0.699,0.61,0.088,108.0,125.0,17.0,-0.419,8589.0,0.914,0.566,3.039,3.81,2.263,guard,3000+
